DATA CARTA;REGIÃO;MASSA DE AR;DESCRIÇÃO;ESTAÇÃO;;;;;;;;;;;;;;;;;;;;;
2021-01-01 00:00:00;Norte;mEc;Região localizada sobre a bacia amazônica, caracterizada por altas temperaturas e elevada umidade, mantendo as características térmicas e higrométricas da massa equatorial continen;Verão;;;;;;;;;;;;;;;;;;;;;
2021-01-01 00:00:00;Nordeste;mTa;Predominância de escoamento vindo do oceano sobre o setor delimitado, sob influência da circulação anticiclônica do Atlântico Sul, caracterizando a mTa como massa dominante.;Verão;;;;;;;;;;;;;;;;;;;;;
2021-01-01 00:00:00;Litoral;mEa;A região delimitada no litoral nordeste encontra-se sob o domínio da massa de ar quente e úmida de origem oceânica, característica da mEa nesta época do ano.;Verão;;;;;;;;;;;;;;;;;;;;;
2021-01-01 00:00:00;Centro;mTc;Região do interior do continente, caracterizada por baixas pressões relativas e ausência de influência direta de sistemas frontais ou umidade oceânica, favorecendo o predomínio da ;Verão;;;;;;;;;;;;;;;;;;;;;
2021-01-01 00:00:00;Sul;mPa;A região delimitada encontra-se sob influência imediata do avanço de uma massa de ar frio e úmido após a passagem de sistema frontal, caracterizando a atuação da mPa.;Verão;;;;;;;;;;;;;;;;;;;;;
2021-01-02 00:00:00;Norte;mEc;Regiao localizada intrinsicamente na bacia amazonica, caracterizada pelo dominio de alta umidade e temperaturas elevadas, configurando o predominio da massa equatorial continental.;Verão;;;;;;;;;;;;;;;;;;;;;
2021-01-02 00:00:00;Nordeste;mTa;Regiao sob incidencia de fluxo de transporte maritimo de ar quente e umido, caracteristico da circulacao periferica da alta pressao subtropical do Atlantico Sul sobre o Nordeste.;Verão;;;;;;;;;;;;;;;;;;;;;
2021-01-02 00:00:00;Litoral;mEa;A região delimitada no litoral norte/nordeste encontra-se sob influência da massa Equatorial Atlântica, caracterizada pelo fluxo quente e úmido de baixas latitudes.;Verão;;;;;;;;;;;;;;;;;;;;;
2021-01-02 00:00:00;Centro;mTc;A região apresenta baixas pressões relativas e temperaturas elevadas, características típicas da Massa Tropical Continental, que atua predominantemente sobre o interior do continen;Verão;;;;;;;;;;;;;;;;;;;;;
2021-01-02 00:00:00;Sul;mPa;A região delimitada encontra-se sob influência de uma massa de ar frio e úmido (mPa) pós-frontal, caracterizada pela queda nas temperaturas e transporte de umidade em baixos níveis;Verão;;;;;;;;;;;;;;;;;;;;;
2021-01-03 00:00:00;Norte;mEc;A região demarcada encontra-se sobre a bacia amazônica, caracterizada por altas temperaturas e elevada umidade, evidenciando o domínio da Massa Equatorial Continental (mEc).;Verão;;;;;;;;;;;;;;;;;;;;;
2021-01-03 00:00:00;Nordeste;mTa;Regiao sob influencia do escoamento de leste-nordeste oriundo do oceano, caracterizando o dominio da massa Tropical Atlantica no setor estudado.;Verão;;;;;;;;;;;;;;;;;;;;;
2021-01-03 00:00:00;Litoral;mTa;Regiao sob fluxo de leste/sudeste associado a ASAS, mantendo as caracteristicas de estabilidade, calor e umidade da Massa Tropical Atlantica no setor.;Verão;;;;;;;;;;;;;;;;;;;;;
2021-01-03 00:00:00;Centro;mTc;A região delimitada abrange o centro do continente, caracterizada por baixas pressões térmicas e ausência de influência direta de sistemas marítimos, configurando a massa tropical ;Verão;;;;;;;;;;;;;;;;;;;;;
2021-01-03 00:00:00;Sul;mTa;A região delimitada encontra-se sob influência da circulação da ASAS, caracterizando o predomínio de ar quente e úmido transportado do oceano para o continente, típicos da mTa.;Verão;;;;;;;;;;;;;;;;;;;;;
2021-01-04 00:00:00;Norte;mEc;Regiao central e norte da Amazonia sob influencia de massa de ar quente e umida de origem equatorial continental, estabelecida sobre a bacia amazonica.;Verão;;;;;;;;;;;;;;;;;;;;;
2021-01-04 00:00:00;Nordeste;mTa;Região sob influência direta do fluxo de leste da alta pressão subtropical do Atlântico Sul, caracterizando o predomínio de ar quente e úmido tipicamente tropical marítimo.;Verão;;;;;;;;;;;;;;;;;;;;;
2021-01-04 00:00:00;Litoral;mTa;A área encontra-se sob influência do fluxo zonal marítimo quente e úmido, característico da Massa Tropical Atlântica, mantendo condições estáveis na faixa litorânea.;Verão;;;;;;;;;;;;;;;;;;;;;
2021-01-04 00:00:00;Centro;mTc;A região central delimitada apresenta baixas pressões e temperaturas elevadas, características da termodinâmica da Depressão do Chaco sob domínio da massa Tropical Continental (mTc;Verão;;;;;;;;;;;;;;;;;;;;;
2021-01-04 00:00:00;Sul;mPa;A região encontra-se sob influência imediata da retaguarda de um sistema frontal, caracterizada pelo ingresso de ar frio e seco, típico da atuação da Massa Polar Atlântica.;Verão;;;;;;;;;;;;;;;;;;;;;
2021-01-05 00:00:00;Norte;mEc;A região delimitada sobre a bacia amazônica apresenta características típicas de uma massa de ar quente e úmida, predominante na época do verão, sem influência extra-regional.;Verão;;;;;;;;;;;;;;;;;;;;;
2021-01-05 00:00:00;Nordeste;mTa;A região encontra-se sob influência do escoamento marítimo de leste, característico da transferência de umidade e calor da massa Tropical Atlântica para o interior do Nordeste.;Verão;;;;;;;;;;;;;;;;;;;;;
2021-01-05 00:00:00;Litoral;mTa;A região delimitada encontra-se sob influência do escoamento do quadrante leste/sudeste associado à circulação periférica de alta pressão, caracterizando o predomínio da mTa.;Verão;;;;;;;;;;;;;;;;;;;;;
2021-01-05 00:00:00;Centro;mTa;Região sob influência direta do escoamento de leste/nordeste proveniente do Atlântico, apresentando características de temperatura e umidade típicas da Massa Tropical Atlântica.;Verão;;;;;;;;;;;;;;;;;;;;;
2021-01-05 00:00:00;Sul;mPa;Região sob influência direta do avanço de massa polar, caracterizada por gradiente de pressão pós-frontal e redução térmica característica do avanço de ar frio e seco sobre o Sul.;Verão;;;;;;;;;;;;;;;;;;;;;
2021-01-06 00:00:00;Norte;mEc;A região demarcada encontra-se sobre a bacia amazônica, caracterizada pela predominância da massa equatorial continental, quente e úmida, típica da região equatorial no verão.;Verão;;;;;;;;;;;;;;;;;;;;;
2021-01-06 00:00:00;Nordeste;mTa;A região encontra-se sob influência do fluxo de leste/sudeste proveniente do Atlântico, caracterizando a predominância da Massa Tropical Atlântica com transporte de umidade.;Verão;;;;;;;;;;;;;;;;;;;;;
2021-01-06 00:00:00;Litoral;mTa;A regiao apresenta caracteristicas de escoamento maritimo sob influencia do Anticiclone subtropical, mantendo o transporte de umidade e estabilidade tipicos da mTa no litoral.;Verão;;;;;;;;;;;;;;;;;;;;;
2021-01-06 00:00:00;Centro;mTc;A região central encontra-se sob domínio de uma massa de ar quente e seca, caracterizada por altas temperaturas e baixa umidade, típica da atuação da mTc na Depressão do Chaco.;Verão;;;;;;;;;;;;;;;;;;;;;
2021-01-06 00:00:00;Sul;mTa;A região delimitada está sob a influência do fluxo marítimo da ASAS, caracterizando o domínio da massa tropical atlântica, com umidade e temperaturas elevadas.;Verão;;;;;;;;;;;;;;;;;;;;;
2021-01-07 00:00:00;Norte;mEc;A região delimitada abrange a bacia amazônica, onde predomina o ar quente e úmido característico da Massa Equatorial Continental, mantendo estabilidade térmica no setor continental;Verão;;;;;;;;;;;;;;;;;;;;;
2021-01-07 00:00:00;Nordeste;mTa;Predominio da massa Tropical Atlantica na regiao do Nordeste, caracterizada pelo transporte de umidade do oceano para o continente sob influencia do escoamento zonal no setor.;Verão;;;;;;;;;;;;;;;;;;;;;
2021-01-07 00:00:00;Litoral;mTa;A região delimitada está sob o domínio do fluxo marítimo de sudeste/leste, característico da circulação da ASAS, que transporta ar quente e úmido sobre o litoral brasileiro.;Verão;;;;;;;;;;;;;;;;;;;;;
2021-01-07 00:00:00;Centro;mTa;Regiao sob influencia do fluxo quente e umido proveniente do Atlantico Sul, caracterizado por estabilidade termica e umidade elevada sob dominio da circulacao anticiclonica.;Verão;;;;;;;;;;;;;;;;;;;;;
2021-01-07 00:00:00;Sul;mPa;A região delimitada encontra-se na retaguarda de uma frente fria que se desloca pelo oceano, caracterizando o ingresso e domínio da massa de ar polar (mPa) sobre o setor.;Verão;;;;;;;;;;;;;;;;;;;;;
2021-01-08 00:00:00;Norte;mEc;A região delimitada abrange a bacia amazônica e áreas continentais adjacentes, onde predomina a circulação quente e úmida característica da massa Equatorial Continental.;Verão;;;;;;;;;;;;;;;;;;;;;
2021-01-08 00:00:00;Nordeste;mTa;A região demarcada encontra-se sob o fluxo do escoamento zonal e regime de ventos alísios influenciado pela periferia da ASAS, caracterizando a predominância da massa Tropical Atlâ;Verão;;;;;;;;;;;;;;;;;;;;;
2021-01-08 00:00:00;Litoral;mTa;A regiao delimitada esta sob influencia direta do fluxo zonal de leste associado a ASAS, caracterizando o dominio da Massa Tropical Atlantica (mTa) no litoral leste brasileiro.;Verão;;;;;;;;;;;;;;;;;;;;;
2021-01-08 00:00:00;Centro;mTa;Regiao sob incidencia de escoamento vindo do Atlantico Sul, sob dominio da circulacao anticiclonica, caracterizando a estabilidade e umidade tipicas da massa Tropical Atlantica.;Verão;;;;;;;;;;;;;;;;;;;;;
2021-01-08 00:00:00;Sul;mPa;Região sob influência direta de massa de ar frio e seco, avançando após a passagem de sistema frontal, evidenciada pela advecção de traçado isobárico característico pós-frontal.;Verão;;;;;;;;;;;;;;;;;;;;;
2021-01-09 00:00:00;Norte;mEc;A região apresenta as características térmicas e de umidade típicas da massa Equatorial Continental, predominante sobre a bacia amazônica e sem influência de sistemas frontais pola;Verão;;;;;;;;;;;;;;;;;;;;;
2021-01-09 00:00:00;Nordeste;mTa;Regiao sob influencia do escoamento do anticiclone subtropical, caracterizando a predominancia de caracteristicas de massa tropical atlantica, quente e umida sobre o setor.;Verão;;;;;;;;;;;;;;;;;;;;;
2021-01-09 00:00:00;Litoral;mTa;Regiao sob influencia direta do escoamento maritimo associado ao fluxo da ASAS, caracterizando a presenca de massa de ar tropical quente e umida predominante no litoral leste.;Verão;;;;;;;;;;;;;;;;;;;;;
2021-01-09 00:00:00;Centro;mEc;Regiao central do Brasil sob influencia de massa quente e umida caracteristica da Amazonia, apresentando valores termicos elevados e instabilidade termodinamica predominante.;Verão;;;;;;;;;;;;;;;;;;;;;
2021-01-09 00:00:00;Sul;mPa;A região encontra-se submetida ao fluxo de sul/sudeste induzido pela passagem e posterior deslocamento de um sistema frontal, caracterizando a atuação da mPa (Massa Polar Atlântica;Verão;;;;;;;;;;;;;;;;;;;;;
2021-01-10 00:00:00;Norte;mEc;A regiao delimitada esta sob influencia direta da massa equatorial continental, caracterizada por ser quente e umida, predominante sobre a bacia Amazonica sem interferencia de sist;Verão;;;;;;;;;;;;;;;;;;;;;
2021-01-10 00:00:00;Nordeste;mTa;Regiao sob incidencia de fluxo de transporte de umidade proveniente do oceano, caracteristico da circulacao periferica da alta subtropical, predominando a massa Tropical Atlantica.;Verão;;;;;;;;;;;;;;;;;;;;;
2021-01-10 00:00:00;Litoral;mTa;A região delimitada está sob influência do fluxo marítimo quente e úmido característico da mTa, mantido pelo escoamento persistente do setor oceânico.;Verão;;;;;;;;;;;;;;;;;;;;;
2021-01-10 00:00:00;Centro;mTc;Região sob influência da Depressão do Chaco, caracterizada por temperaturas elevadas e baixos níveis relativos de umidade, evidenciado pelo posicionamento continental e térmico.;Verão;;;;;;;;;;;;;;;;;;;;;
2021-01-10 00:00:00;Sul;mPa;A região apresenta o avanço de uma massa polar após a passagem de uma frente fria, caracterizada pelos gradientes de pressão e temperaturas mais amenas no setor austral.;Verão;;;;;;;;;;;;;;;;;;;;;
2021-01-11 00:00:00;Norte;mEc;Região sob influência equatorial continental, caracterizada por temperaturas elevadas e alta umidade sobre a bacia amazônica, sem influência de sistemas extratropicais ou massa pol;Verão;;;;;;;;;;;;;;;;;;;;;
2021-01-11 00:00:00;Nordeste;mTa;Região sob influência direta do fluxo de ar quente e úmido vindo do Oceano Atlântico, característico da circulação da massa tropical atlântica na área delimitada.;Verão;;;;;;;;;;;;;;;;;;;;;
2021-01-11 00:00:00;Litoral;mTa;Região sob influência direta do escoamento marítimo de leste/sudeste, apresentando características de temperatura e umidade típicas da massa tropical atlântica.;Verão;;;;;;;;;;;;;;;;;;;;;
2021-01-11 00:00:00;Centro;mTa;A regiao encontra-se sob influencia da circulacao periferica da alta pressao subtropical, caracterizando o dominio da Massa Tropical Atlantica, com caracteristicas quentes e umidas;Verão;;;;;;;;;;;;;;;;;;;;;
2021-01-11 00:00:00;Sul;mTa;A região delimitada encontra-se sob influência da circulação anticiclônica marítima, com escoamento de umidade do oceano para o continente, caracterizando o predomínio da mTa.;Verão;;;;;;;;;;;;;;;;;;;;;
2021-01-12 00:00:00;Norte;mEc;Região central e amazônica sob influência de ar quente e úmido, característico da Massa Equatorial Continental, sem a presença de sistemas frontais atuando no setor.;Verão;;;;;;;;;;;;;;;;;;;;;
2021-01-12 00:00:00;Nordeste;mTa;A região sob o retângulo vermelho encontra-se sob influência direta da circulação marítima da Alta Subtropical, caracterizada pelo transporte de ar quente e úmido vindo do Atlântic;Verão;;;;;;;;;;;;;;;;;;;;;
2021-01-12 00:00:00;Litoral;mTa;A região delimitada situa-se sob influência da circulação da Alta Subtropical do Atlântico Sul, caracterizando o predomínio da Massa Tropical Atlântica (mTa), quente e úmida.;Verão;;;;;;;;;;;;;;;;;;;;;
2021-01-12 00:00:00;Centro;mTc;Região central do continente sob influência de núcleo de baixa pressão térmica, com termômetros elevados e ar seco, característicos da mTc sobre a Depressão do Chaco.;Verão;;;;;;;;;;;;;;;;;;;;;
2021-01-12 00:00:00;Sul;mPa;A regiao apresenta caracteristicas de pos-frontal, com adveccao de ar frio e umido impulsionada pelo avanco de sistema frontal posicionado a sul, caracterizando a atuacao da mPa.;Verão;;;;;;;;;;;;;;;;;;;;;
2021-01-13 00:00:00;Norte;mEc;A região delimitada abrange a bacia amazônica e áreas centrais adjacentes, onde predomina uma massa de ar quente e úmida de origem continental, sem influência de sistemas extratrop;Verão;;;;;;;;;;;;;;;;;;;;;
2021-01-13 00:00:00;Nordeste;mTa;A região do Nordeste encontra-se sob influência da circulação da alta pressão subtropical do Atlântico Sul, caracterizando a predominância da massa Tropical Atlântica.;Verão;;;;;;;;;;;;;;;;;;;;;
2021-01-13 00:00:00;Litoral;mTa;Região sob influência direta do escoamento marítimo provindo do Atlântico Tropical, caracterizando-se por ar quente e úmido típico da massa tropical marítima.;Verão;;;;;;;;;;;;;;;;;;;;;
2021-01-13 00:00:00;Centro;mTc;A região central encontra-se sob influência de subsidência e aquecimento adiabático, característico da Massa Tropical Continental, típica da depressão do Chaco e centro do país.;Verão;;;;;;;;;;;;;;;;;;;;;
2021-01-13 00:00:00;Sul;mPa;A região delimitada encontra-se sob influência imediata da retaguarda de um sistema frontal, caracterizando o avanço e domínio da Massa Polar Atlântica sobre o setor.;Verão;;;;;;;;;;;;;;;;;;;;;
2021-01-14 00:00:00;Norte;mEc;A região delimitada abrange a bacia amazônica e áreas centrais, caracterizada por baixos gradientes de pressão e umidade elevada, típicas da instabilidade da massa equatorial conti;Verão;;;;;;;;;;;;;;;;;;;;;
2021-01-14 00:00:00;Nordeste;mTa;Predominio da massa Tropical Atlantica, evidenciado pelo posicionamento do sistema de alta pressao que transporta umidade do oceano para a regiao Nordeste brasileira.;Verão;;;;;;;;;;;;;;;;;;;;;
2021-01-14 00:00:00;Litoral;mEa;A região delimitada no litoral do Nordeste encontra-se sob influência da Massa Equatorial Atlântica, caracterizada por altas temperaturas e umidade, típica da porção norte-nordeste;Verão;;;;;;;;;;;;;;;;;;;;;
2021-01-14 00:00:00;Centro;mTc;A regiao delimitada encontra-se sobre o continente, caracterizada por altas temperaturas e baixa umidade relativa, sobre a Depressao do Chaco, condizente com a mTc.;Verão;;;;;;;;;;;;;;;;;;;;;
2021-01-14 00:00:00;Sul;mPa;A região apresenta características típicas de pós-frontal, com gradiente de pressão e umidade favoráveis à influência da massa de ar polar que avança sobre o Sul brasileiro.;Verão;;;;;;;;;;;;;;;;;;;;;
2021-01-15 00:00:00;Norte;mEc;Região situada na bacia Amazônica sob influência de ar quente e úmido, característico do domínio da Massa Equatorial Continental, sem atuação de frentes frias no setor.;Verão;;;;;;;;;;;;;;;;;;;;;
2021-01-15 00:00:00;Nordeste;mTa;Região sob influência direta do fluxo de leste da circulação periférica do sistema de alta pressão subtropical, caracterizando o predomínio da Massa Tropical Atlântica (mTa).;Verão;;;;;;;;;;;;;;;;;;;;;
2021-01-15 00:00:00;Litoral;mTa;Região sob influência direta do escoamento marítimo do Atlântico Sul, caracterizado por ar quente e úmido transportado pelos ventos de leste/nordeste.;Verão;;;;;;;;;;;;;;;;;;;;;
2021-01-15 00:00:00;Centro;mTa;Predominância da Massa Tropical Atlântica, caracterizada pelo fluxo de ar quente e úmido transportado do Atlântico sul para o interior do continente na região central observada.;Verão;;;;;;;;;;;;;;;;;;;;;
2021-01-15 00:00:00;Sul;mPa;A região apresenta características de subsidência e queda nas temperaturas logo após a passagem de sistema frontal, evidenciando o domínio da Massa Polar Atlântica.;Verão;;;;;;;;;;;;;;;;;;;;;
2021-01-16 00:00:00;Norte;mEc;A regiao delimitada esta sob influencia direta da Massa Equatorial Continental, caracterizada por alto conteudo de umidade e temperaturas elevadas tipicas da Amazonia.;Verão;;;;;;;;;;;;;;;;;;;;;
2021-01-16 00:00:00;Nordeste;mTa;Predominância da Massa Tropical Atlântica, caracterizada pelo fluxo de leste/sudeste associado à circulação marítima que atua sobre o litoral e interior do Nordeste brasileiro.;Verão;;;;;;;;;;;;;;;;;;;;;
2021-01-16 00:00:00;Litoral;mTa;A regiao delimitada encontra-se sob a influencia direta da circulacao oceanica de leste/sudeste, condizente com a predominancia de caracteristicas da massa Tropical Atlantica.;Verão;;;;;;;;;;;;;;;;;;;;;
2021-01-16 00:00:00;Centro;mTa;A região apresenta características de baixos gradientes de pressão e umidade elevada, mantendo o domínio da Massa Tropical Atlântica sobre as áreas central e sudeste do Brasil.;Verão;;;;;;;;;;;;;;;;;;;;;
2021-01-16 00:00:00;Sul;mTa;A região delimitada está sob o domínio do fluxo marítimo do Atlântico Sul, caracterizado por altas pressões que transportam ar quente e úmido para o continente, configurando a mTa.;Verão;;;;;;;;;;;;;;;;;;;;;
2021-01-17 00:00:00;Norte;mEc;A regiao apresenta predominancia de massa quente e umida sobre a bacia Amazonica, caracteristica da mEc, sem presenca de sistemas frontais ou influencias de alta pressao oceanica.;Verão;;;;;;;;;;;;;;;;;;;;;
2021-01-17 00:00:00;Nordeste;mTa;Predominio da mTa no setor, caracterizada pela circulacao sob influencia da Alta Subtropical do Atlantico Sul, mantendo condicoes de estabilidade e umidade na regiao costeira e int;Verão;;;;;;;;;;;;;;;;;;;;;
2021-01-17 00:00:00;Litoral;mTa;Regiao sob influencia do fluxo marítimo do Atlantico Sul, caracterizado por ar quente e umido associado ao dominio da circulacao anticiclonica subtropical sobre o litoral oriental.;Verão;;;;;;;;;;;;;;;;;;;;;
2021-01-17 00:00:00;Centro;mTc;A região demarcada encontra-se no interior do continente sob o domínio da depressão térmica do Chaco, caracterizando a atuação da Massa Tropical Continental, quente e seca.;Verão;;;;;;;;;;;;;;;;;;;;;
2021-01-17 00:00:00;Sul;mPa;A regiao delimitada encontra-se sob a influencia direta do fluxo pos-frontal, caracterizado por temperaturas mais amenas e circulacao ciclonica associada ao sistema polar.;Verão;;;;;;;;;;;;;;;;;;;;;
2021-01-18 00:00:00;Norte;mEc;Regiao central da Amazonia sem influencia de sistemas frontais, caracterizada pela predominancia de ar quente e umido de origem continental sobre a bacia amazonica.;Verão;;;;;;;;;;;;;;;;;;;;;
2021-01-18 00:00:00;Nordeste;mTa;Dominio da circulacao maritima associada ao escoamento de leste/sudeste, transportando ar quente e umido do Oceano Atlantico para o setor leste da regiao Nordeste.;Verão;;;;;;;;;;;;;;;;;;;;;
2021-01-18 00:00:00;Litoral;mTa;Região sob influência direta da circulação marítima da alta pressão subtropical, caracterizando o transporte de ar quente e úmido sobre o litoral do Nordeste brasileiro.;Verão;;;;;;;;;;;;;;;;;;;;;
2021-01-18 00:00:00;Centro;mPa;A região delimitada encontra-se sob influência do avanço de uma massa de ar frio e úmido, caracterizada pelo gradiente de pressão atrás da frente fria que ingressa no sudeste.;Verão;;;;;;;;;;;;;;;;;;;;;
2021-01-18 00:00:00;Sul;mPa;A regiao delimitada encontra-se sob a influência direta do avanço de uma massa de ar pós-frontal, caracterizada por fluxo de sul, transporte de ar polar e queda de temperatura.;Verão;;;;;;;;;;;;;;;;;;;;;
2021-01-19 00:00:00;Norte;mEc;Regiao posicionada sobre a bacia Amazonica, caracterizada pelo dominio de ar quente e umido contido no interior do continente, sem influencia de sistemas frontais ou massas oceanic;Verão;;;;;;;;;;;;;;;;;;;;;
2021-01-19 00:00:00;Nordeste;mTa;Região sob influência direta do fluxo de ar quente e úmido proveniente do Atlântico, característico da circulação de alta pressão sobre o oceano que domina o setor leste/nordeste.;Verão;;;;;;;;;;;;;;;;;;;;;
2021-01-19 00:00:00;Litoral;mTa;A área delimitada encontra-se sob influência do fluxo de circulação marítima da alta pressão, caracterizando a atuação da mTa, que transporta umidade do oceano para o leste do Bras;Verão;;;;;;;;;;;;;;;;;;;;;
2021-01-19 00:00:00;Centro;mPa;A região encontra-se submetida ao avanço de uma frente fria, com penetração de características de uma massa de ar mais fria e instável na retaguarda do sistema frontal.;Verão;;;;;;;;;;;;;;;;;;;;;
2021-01-19 00:00:00;Sul;mPa;A região delimitada no setor Sul encontra-se sob influência de subsidência e advecção de ar frio e seco, característicos do pós-frontal da frente fria atuando ao norte da área.;Verão;;;;;;;;;;;;;;;;;;;;;
2021-01-20 00:00:00;Norte;mEc;A regiao delimitada esta situada sobre a bacia amazonica, sob influencia de uma massa de ar quente e umida caracteristica de origem continental (mEc).;Verão;;;;;;;;;;;;;;;;;;;;;
2021-01-20 00:00:00;Nordeste;mTa;Predominio da massa tropical atlantica na regiao nordeste, caracterizada por fluxos de leste e temperaturas elevadas integradas ao regime da circulacao de alta pressao oceanica.;Verão;;;;;;;;;;;;;;;;;;;;;
2021-01-20 00:00:00;Litoral;mTa;A regiao delimitada esta sob influencia da circulacao periferica da alta pressao do Atlantico Sul, caracterizando a predominancia da massa Tropical Atlantica quente e umida.;Verão;;;;;;;;;;;;;;;;;;;;;
2021-01-20 00:00:00;Centro;mTa;A região delimitada encontra-se sob influência de um gradiente de pressão característico da circulação oceânica, predominando as características da massa Tropical Atlântica.;Verão;;;;;;;;;;;;;;;;;;;;;
2021-01-20 00:00:00;Sul;mTa;A região encontra-se sob influência do fluxo equatorial e oceânico, característico da Massa Tropical Atlântica, devido à ausência de incursão polar na área delimitada.;Verão;;;;;;;;;;;;;;;;;;;;;
2021-01-21 00:00:00;Norte;mEc;A região delimitada abrange a bacia amazônica e áreas adjacentes, onde o posicionamento geográfico e os dados sinóticos confirmam o predomínio da Massa Equatorial Continental.;Verão;;;;;;;;;;;;;;;;;;;;;
2021-01-21 00:00:00;Nordeste;mTa;A região encontra-se sob influência de um campo de alta pressão, caracterizando a atuação da massa Tropical Atlântica, que traz ar quente e umidade para o setor costeiro e interior;Verão;;;;;;;;;;;;;;;;;;;;;
2021-01-21 00:00:00;Litoral;mTa;A área delimitada situa-se sob influência direta do escoamento marítimo associado à alta pressão do Atlântico Sul, caracterizando o domínio da massa Tropical Atlântica (mTa).;Verão;;;;;;;;;;;;;;;;;;;;;
2021-01-21 00:00:00;Centro;mTa;A região encontra-se sob influência da circulação da ASAS, apresentando características de ar quente e úmido, típicas da massa tropical atlântica que domina o setor central do país;Verão;;;;;;;;;;;;;;;;;;;;;
2021-01-21 00:00:00;Sul;mPa;A região apresenta a presença de gradientes pós-frontais claros, com avanço de ar mais frio e denso sobre o Sul, configurando a predominância da Massa Polar Atlântica.;Verão;;;;;;;;;;;;;;;;;;;;;
2021-01-22 00:00:00;Norte;mEc;A região delimitada abrange a bacia amazônica e áreas centrais do continente, onde a massa de ar quente e úmida de origem continental predomina sem influência de sistemas frontais.;Verão;;;;;;;;;;;;;;;;;;;;;
2021-01-22 00:00:00;Nordeste;mTa;Predominancia de fluxos de leste influenciados pela circulacao maritima do Atlantico Sul, caracterizando a atuacao da massa de ar quente e umida sobre o setor.;Verão;;;;;;;;;;;;;;;;;;;;;
2021-01-22 00:00:00;Litoral;mTa;A região delimitada está sob a influência do fluxo marítimo da alta pressão do Atlântico Sul, caracterizando o predomínio da Massa Tropical Atlântica (mTa), quente e úmida.;Verão;;;;;;;;;;;;;;;;;;;;;
2021-01-22 00:00:00;Centro;mPa;A região encontra-se logo atrás de uma frente fria que avança pelo Sudeste, evidenciada pelo gradiente de pressão e mudança no fluxo, caracterizando a incursão da massa polar atlân;Verão;;;;;;;;;;;;;;;;;;;;;
2021-01-22 00:00:00;Sul;mPa;A região delimitada encontra-se sob influência de massa de ar pós-frontal, com gradiente de pressão e ventos do quadrante sul indicando a penetração da mPa sobre o Sul do Brasil.;Verão;;;;;;;;;;;;;;;;;;;;;
2021-01-23 00:00:00;Norte;mEc;A região delimitada abrange a bacia amazônica e adjacências, sob influência direta da massa de ar quente e úmida de origem continental, predominante no setor norte do país.;Verão;;;;;;;;;;;;;;;;;;;;;
2021-01-23 00:00:00;Nordeste;mTa;A regiao encontra-se sob influencia da circulacao periferica da alta pressao do Atlantico, caracterizando o dominio da Massa Tropical Atlantica, quente e umida.;Verão;;;;;;;;;;;;;;;;;;;;;
2021-01-23 00:00:00;Litoral;mEa;A região delimitada no litoral nordeste encontra-se sob influência da Massa Equatorial Atlântica, caracterizada pelo ar quente e úmido predominante nas baixas latitudes oceânicas.;Verão;;;;;;;;;;;;;;;;;;;;;
2021-01-23 00:00:00;Centro;mTc;A região central encontra-se sob influência de subsidência e aquecimento advectivo característico da massa tropical continental, mantendo estabilidade térmica no interior do contin;Verão;;;;;;;;;;;;;;;;;;;;;
2021-01-23 00:00:00;Sul;mTa;A região delimitada encontra-se sob influência da circulação anticiclônica oceânica, caracterizando o predomínio de ar quente e úmido transportado do Atlântico.;Verão;;;;;;;;;;;;;;;;;;;;;
2021-01-24 00:00:00;Norte;mEc;Regiao central do continente sob dominio da massa equatorial continental, caracterizada por temperaturas elevadas e alta umidade sobre a bacia amazonica, sem influencia de sistemas;Verão;;;;;;;;;;;;;;;;;;;;;
2021-01-24 00:00:00;Nordeste;mTa;Predominância da Massa Tropical Atlântica, caracterizada pelo transporte de umidade e calor vindo do oceano, influenciando o padrão de tempo estável na porção oriental da região.;Verão;;;;;;;;;;;;;;;;;;;;;
2021-01-24 00:00:00;Litoral;mTa;Regiao sob influencia do escoamento de leste-nordeste oriundo do anticiclone subtropical, configurando o dominio da Massa Tropical Atlantica (mTa) no litoral leste brasileiro.;Verão;;;;;;;;;;;;;;;;;;;;;
2021-01-24 00:00:00;Centro;mTc;A região central do Brasil está sob influência de massa de ar quente e seca, caracterizada por baixos gradientes de pressão, típica da mTc posiciada sobre o interior do continente.;Verão;;;;;;;;;;;;;;;;;;;;;
2021-01-24 00:00:00;Sul;mTa;A regiao delimitada esta sob influencia direta do escoamento oceanico de leste/nordeste associado ao anticiclone, caracterizando a predominancia de ar quente e umido da mTa.;Verão;;;;;;;;;;;;;;;;;;;;;
2021-01-25 00:00:00;Norte;mEc;A região delimitada encontra-se sobre a bacia amazônica, caracterizada pela predominância da Massa Equatorial Continental, que apresenta elevadas temperaturas e umidade abundante.;Verão;;;;;;;;;;;;;;;;;;;;;
2021-01-25 00:00:00;Nordeste;mTa;A região encontra-se sob influência do fluxo de leste/sudeste proveniente do Atlântico Sul, caracterizando o predomínio da massa tropical marítima sobre o setor nordestino.;Verão;;;;;;;;;;;;;;;;;;;;;
2021-01-25 00:00:00;Litoral;mTa;O setor delimitado encontra-se sob domínio do escoamento de leste do anticiclone subtropical, caracterizado pela atuação da massa de ar Tropical Atlântica (mTa) quente e úmida.;Verão;;;;;;;;;;;;;;;;;;;;;
2021-01-25 00:00:00;Centro;mTc;Região central do continente sob influência da depressão térmica, caracterizando a atuação da massa tropical continental com ar quente e seco.;Verão;;;;;;;;;;;;;;;;;;;;;
2021-01-25 00:00:00;Sul;mPa;Região situada na retaguarda da frente fria, caracterizada pela incursão de ar mais frio e denso sobre o Sul do Brasil, estabelecendo o domínio da Massa Polar Atlântica.;Verão;;;;;;;;;;;;;;;;;;;;;
2021-01-26 00:00:00;Norte;mEc;Regiao central da Amazonia sob influencia de massa de ar quente e umidade elevada, caracteristica da mEc, mantendo estabilidade termica e umidade sem influencia de sistemas frontai;Verão;;;;;;;;;;;;;;;;;;;;;
2021-01-26 00:00:00;Nordeste;mTa;A região encontra-se sob influência do fluxo equatorial marítimo característico da mTa, transportando umidade do Atlântico Tropical para o interior do Nordeste brasileiro.;Verão;;;;;;;;;;;;;;;;;;;;;
2021-01-26 00:00:00;Litoral;mEa;A região delimitada no litoral nordeste encontra-se sob influência da Massa Equatorial Atlântica, caracterizada pelo fluxo de ar quente e úmido predominante nesta latitude.;Verão;;;;;;;;;;;;;;;;;;;;;
2021-01-26 00:00:00;Centro;mTc;Região do Chaco e interior do continente sob influência de massa quente e seca, caracterizada por baixos gradientes de pressão sem presença de sistemas dinâmicos frontais neste set;Verão;;;;;;;;;;;;;;;;;;;;;
2021-01-26 00:00:00;Sul;mTa;A região encontra-se sob influência do fluxo de circulação marítima da ASAS, caracterizando o transporte de ar quente e úmido sobre o continente, típico de uma massa Tropical Atlân;Verão;;;;;;;;;;;;;;;;;;;;;
2021-01-27 00:00:00;Norte;mEc;Região central da Bacia Amazônica, caracterizada por baixos gradientes de pressão e condições de umidade e calor típicas da massa continental equatorial.;Verão;;;;;;;;;;;;;;;;;;;;;
2021-01-27 00:00:00;Nordeste;mTa;A região delimitada está sob forte influência da circulação do escoamento de leste, característico da atuação e transporte da Massa Tropical Atlântica sobre o Nordeste.;Verão;;;;;;;;;;;;;;;;;;;;;
2021-01-27 00:00:00;Litoral;mTa;A regiao delimitada esta sob o regime de circulacao maritima do Atlantico Sul, caracterizando a predominancia da massa tropical caracterizada por ar quente e umido.;Verão;;;;;;;;;;;;;;;;;;;;;
2021-01-27 00:00:00;Centro;mTa;A região apresenta características de instabilidade tropical e fluxo marítimo úmido, sob domínio da circulação do sistema de alta pressão adjacente, configurando a mTa.;Verão;;;;;;;;;;;;;;;;;;;;;
2021-01-27 00:00:00;Sul;mPa;A regiao delimitada encontra-se sob a influencia da massa de ar pos-frontal, caracterizada pelo avanco de ar frio e seco apos a passagem de sistema frontal frio pelo Sudeste.;Verão;;;;;;;;;;;;;;;;;;;;;
2021-01-28 00:00:00;Norte;mEc;Regiao central sobre a Bacia Amazonica caracterizada por alta pluviosidade e temperaturas elevadas, mantendo as caracteristicas fisicas da Massa Equatorial Continental.;Verão;;;;;;;;;;;;;;;;;;;;;
2021-01-28 00:00:00;Nordeste;mTa;Predominância da Massa Tropical Atlântica, caracterizada pelo fluxo marítimo quente e úmido que ingressa na região nordestina, mantendo estabilidade térmica sob influência do gradi;Verão;;;;;;;;;;;;;;;;;;;;;
2021-01-28 00:00:00;Litoral;mTa;Regiao sob influencia direta do escoamento do Atlantico Sul, caracterizada pela predominancia da circulacao anticiclonica maritima, configurando um ambiente de ar quente e umido.;Verão;;;;;;;;;;;;;;;;;;;;;
2021-01-28 00:00:00;Centro;mEc;Região sob domínio de correntes de ar quente e úmido provenientes da porção continental tropical e equatorial, caracterizando a atuação da massa equatorial continental.;Verão;;;;;;;;;;;;;;;;;;;;;
2021-01-28 00:00:00;Sul;mPa;A região delimitada está sob a influência do escoamento pós-frontal, com o avanço da massa de ar polar seguindo a trajetória da frente fria incidente sobre a porção sul do país.;Verão;;;;;;;;;;;;;;;;;;;;;
2021-01-29 00:00:00;Norte;mEc;Regiao sobre a bacia Amazonica apresentando caracteristicas tecnicas de ar quente e umido, sem influencia de sistemas frontais, consolidando o dominio da Massa Equatorial Continent;Verão;;;;;;;;;;;;;;;;;;;;;
2021-01-29 00:00:00;Nordeste;mTa;Predominio da massa Tropical Atlantica na regiao costeira e interior do Nordeste, sob influencia do fluxo de este/sudeste oriundo do anticiclone subtropical do Atlantico Sul.;Verão;;;;;;;;;;;;;;;;;;;;;
2021-01-29 00:00:00;Litoral;mTa;O litoral nordestino encontra-se sob domínio do fluxo dos ventos alísios marítimos, caracterizando a influência da Massa Tropical Atlântica, quente e úmida, na região.;Verão;;;;;;;;;;;;;;;;;;;;;
2021-01-29 00:00:00;Centro;mEc;A região central encontra-se sob domínio de massa de ar quente e úmida de origem continental, típica da expansão da umidade amazônica sobre o interior do Brasil no período de verão;Verão;;;;;;;;;;;;;;;;;;;;;
2021-01-29 00:00:00;Sul;mTa;A região delimitada está sob o domínio do fluxo marítimo da circulação anticiclônica do Atlântico Sul, caracterizando predominância da massa de ar Tropical Atlântica.;Verão;;;;;;;;;;;;;;;;;;;;;
2021-01-30 00:00:00;Norte;mEc;A região demarcada encontra-se sobre a bacia amazônica, onde predomina uma massa de ar quente e úmida de origem continental, característica da mEc, sem influência de fluxos polares;Verão;;;;;;;;;;;;;;;;;;;;;
2021-01-30 00:00:00;Nordeste;mTa;Regiao sob efeito da circulacao do anticiclone subtropical, configurando o predomino da massa tropical atlantica, caracterizada pelo transporte de umidade do oceano para o continen;Verão;;;;;;;;;;;;;;;;;;;;;
2021-01-30 00:00:00;Litoral;mEa;A região delimitada no setor norte-nordeste do litoral está sob influência da massa Equatorial Atlântica, caracterizada pelo fluxo de ar quente e úmido vindo do oceano tropical.;Verão;;;;;;;;;;;;;;;;;;;;;
2021-01-30 00:00:00;Centro;mTa;A região encontra-se sob influência da circulação da ASAS, apresentando características de temperatura e umidade típicas da massa Tropical Atlântica em atuação sobre o continente.;Verão;;;;;;;;;;;;;;;;;;;;;
2021-01-30 00:00:00;Sul;mPa;Na regiao delimitada, observa-se o avanco de uma massa de ar mais fria (mPa) na retaguarda da frente fria, caracterizada pelos valores de temperatura e pressao reduzida na area.;Verão;;;;;;;;;;;;;;;;;;;;;
2021-01-31 00:00:00;Norte;mEc;Regiao central da Amazonia sob dominio de ar quente e umido, caracteristico da massa equatorial continental, sem influencia direta de outros sistemas sinoticos em superficie.;Verão;;;;;;;;;;;;;;;;;;;;;
2021-01-31 00:00:00;Nordeste;mTa;Região sob influência direta do fluxo zonal marítimo de leste, caracterizado pela estabilidade e umidade transportada pela circulação oceânica predominante no setor.;Verão;;;;;;;;;;;;;;;;;;;;;
2021-01-31 00:00:00;Litoral;mTa;Regiao sob influencia do escoamento do setor oeste da alta subtropical, caracterizando predominio da massa tropical atlantica, quente e umida sobre o litoral leste brasileiro.;Verão;;;;;;;;;;;;;;;;;;;;;
2021-01-31 00:00:00;Centro;mEc;A região demarcada encontra-se sob domínio de uma massa de ar quente e úmida, característica da circulação amazônica que se estende pelo Centro-Oeste sem influência frontal direta.;Verão;;;;;;;;;;;;;;;;;;;;;
2021-01-31 00:00:00;Sul;mTa;A região demarcada apresenta domínio de baixas latitudes com umidade oceânica predominante, caracterizando a influência da Massa Tropical Atlântica sobre o setor.;Verão;;;;;;;;;;;;;;;;;;;;;
2021-02-01 00:00:00;Norte;mEc;A região demarcada encontra-se sobre a bacia amazônica, caracterizada por altas temperaturas e elevada umidade, sob domínio da Massa Equatorial Continental sem influências polares.;Verão;;;;;;;;;;;;;;;;;;;;;
2021-02-01 00:00:00;Nordeste;mTa;A região delimitada sob influência da circulação do Anticiclone subtropical do Atlântico Sul, apresentando características de massa de ar quente e úmida marítima.;Verão;;;;;;;;;;;;;;;;;;;;;
2021-02-01 00:00:00;Litoral;mTa;Região sob influência direta da circulação marítima da Alta Subtropical do Atlântico Sul, caracterizando o domínio da massa de ar Tropical Atlântica no setor leste do Brasil.;Verão;;;;;;;;;;;;;;;;;;;;;
2021-02-01 00:00:00;Centro;mTc;Região central do continente sob influência de massa quente e seca, caracterizada por valores de temperatura elevados e umidade relativamente baixa pré-frontal.;Verão;;;;;;;;;;;;;;;;;;;;;
2021-02-01 00:00:00;Sul;mPa;A região delimitada encontra-se atrás de um sistema frontal em deslocamento para o oceano, caracterizando o ingresso e prevalência de ar frio e úmido da massa polar atlântica.;Verão;;;;;;;;;;;;;;;;;;;;;
2021-02-02 00:00:00;Norte;mEc;A região delimitada abrange a bacia amazônica, onde predomina a Massa Equatorial Continental, caracterizada por ser quente e úmida, típica da região equatorial continental.;Verão;;;;;;;;;;;;;;;;;;;;;
2021-02-02 00:00:00;Nordeste;mTa;A região sob análise está sob influência do escoamento marítimo de leste/sudeste, transportando ar quente e úmido característico da massa tropical atlântica pela costa do Nordeste.;Verão;;;;;;;;;;;;;;;;;;;;;
2021-02-02 00:00:00;Litoral;mEa;A região delimitada no setor norte/nordeste é dominada pela massa Equatorial Atlântica, caracterizada pelo ar quente e úmido transportado pelos ventos alísios sobre o litoral.;Verão;;;;;;;;;;;;;;;;;;;;;
2021-02-02 00:00:00;Centro;mPa;A região encontra-se logo atrás do deslocamento de uma frente fria, caracterizando o ingresso e predomínio de características da massa de ar polar atlântica no setor.;Verão;;;;;;;;;;;;;;;;;;;;;
2021-02-02 00:00:00;Sul;mPa;A região encontra-se submetida ao fluxo pós-frontal sul/sudeste, com queda de pressão e predominância de ar frio e úmido característico do ingresso de uma Massa Polar Atlântica.;Verão;;;;;;;;;;;;;;;;;;;;;
2021-02-03 00:00:00;Norte;mEc;A região delimitada sobre a bacia amazônica caracteriza-se por correntes de ar quente e úmido típicas da Massa Equatorial Continental, apresentando estabilidade térmica e alta umid;Verão;;;;;;;;;;;;;;;;;;;;;
2021-02-03 00:00:00;Nordeste;mTa;Predominância de circulação de fluxo marítimo associado aos ventos alísios sobre a região nordeste, caracterizando a atuação da massa tropical atlântica no setor.;Verão;;;;;;;;;;;;;;;;;;;;;
2021-02-03 00:00:00;Litoral;mTa;Regiao sob influencia predominante do fluxo de leste do Atlantico Sul, apresentando caracteristicas de estabilidade e umidade tipicas da massa tropical maritima.;Verão;;;;;;;;;;;;;;;;;;;;;
2021-02-03 00:00:00;Centro;mEc;A região apresenta características de instabilidade e umidade elevadas, condicionadas pelo transporte de umidade amazônica em um ambiente de baixas pressões relativas.;Verão;;;;;;;;;;;;;;;;;;;;;
2021-02-03 00:00:00;Sul;mPa;A região delimitada sofre influência da mPa, caracterizada pelo ingresso de ar frio e úmido após a passagem de uma frente fria, evidenciada pela orientação das isóbaras no setor.;Verão;;;;;;;;;;;;;;;;;;;;;
2021-02-04 00:00:00;Norte;mEc;A região delimitada localiza-se sobre a bacia amazônica, onde predomina ar quente e úmido de origem continental, característico da Massa Equatorial Continental (mEc).;Verão;;;;;;;;;;;;;;;;;;;;;
2021-02-04 00:00:00;Nordeste;mTa;Região sob influência direta da circulação marítima da Alta do Atlântico Sul, caracterizando o predomínio de ar quente e úmido de origem tropical sobre o setor leste do Nordeste.;Verão;;;;;;;;;;;;;;;;;;;;;
2021-02-04 00:00:00;Litoral;mEa;A região delimitada no litoral nordeste encontra-se sob influência da Massa Equatorial Atlântica, caracterizada pelo fluxo de ar quente e úmido predominante nos baixos níveis.;Verão;;;;;;;;;;;;;;;;;;;;;
2021-02-04 00:00:00;Centro;mEc;A região delimitada compreende o interior central do continente, onde a massa de ar Equatorial Continental (mEc) prevalece com características quentes e úmidas sobre o Centro-Oeste;Verão;;;;;;;;;;;;;;;;;;;;;
2021-02-04 00:00:00;Sul;mPa;A região destacada apresenta o ingresso de uma massa de ar frio e seco, caracterizada pela retaguarda de um sistema frontal que avança sobre a Região Sul do Brasil.;Verão;;;;;;;;;;;;;;;;;;;;;
2021-02-05 00:00:00;Norte;mEc;Regiao sobre a bacia amazonica, caracterizada pelo dominio de ar tropical quente e umido de origem continental, tipico da circulacao interna do continente nesta epoca do ano.;Verão;;;;;;;;;;;;;;;;;;;;;
2021-02-05 00:00:00;Nordeste;mTa;Predominancia da mTa sobre a regiao, caracterizada pelo fluxo de ar maritimo quente e umido associado ao gradiente de pressao oceanico que atua no setor leste do Nordeste.;Verão;;;;;;;;;;;;;;;;;;;;;
2021-02-05 00:00:00;Litoral;mTa;A região apresenta influência do escoamento marítimo de leste, característico da circulação da alta pressão subtropical do Atlântico Sul, definindo a predominância da mTa.;Verão;;;;;;;;;;;;;;;;;;;;;
2021-02-05 00:00:00;Centro;mTa;A região encontra-se sob influência da circulação da alta pressão subtropical do Atlântico Sul, caracterizando o domínio da massa Tropical Atlântica com transporte de umidade.;Verão;;;;;;;;;;;;;;;;;;;;;
2021-02-05 00:00:00;Sul;mPa;A regiao delimitada encontra-se sob a influência direta do avanço de uma massa de ar frio e seco, posicionada na retaguarda do sistema frontal que atua sobre o oceano.;Verão;;;;;;;;;;;;;;;;;;;;;
2021-02-06 00:00:00;Norte;mEc;Região sob domínio da Massa Equatorial Continental, caracterizada por ser quente e úmida, com estabelecimento de fluxo térmico típico da bacia amazônica.;Verão;;;;;;;;;;;;;;;;;;;;;
2021-02-06 00:00:00;Nordeste;mTa;Area dominada por circulacao subtropical associada ao transporte de umidade do oceano, caracterizando a influencia predominante da massa Tropical Atlantica sobre a regiao.;Verão;;;;;;;;;;;;;;;;;;;;;
2021-02-06 00:00:00;Litoral;mTa;A região delimitada está sob a influência direta do escoamento marítimo oriundo do oceano Atlântico, configurando a predominância da Massa Tropical Atlântica (mTa) no setor costeir;Verão;;;;;;;;;;;;;;;;;;;;;
2021-02-06 00:00:00;Centro;mPa;A região delimitada encontra-se na retaguarda de um sistema frontal, sob influência direta de um centro de alta pressão, caracterizando a intrusão de ar polar (mPa) no Sudeste.;Verão;;;;;;;;;;;;;;;;;;;;;
2021-02-06 00:00:00;Sul;mPa;A região delimitada localiza-se na retaguarda de um sistema frontal, caracterizando a incursão e o domínio de uma massa de ar frio e seco de origem polar (mPa).;Verão;;;;;;;;;;;;;;;;;;;;;
2021-02-07 00:00:00;Norte;mEc;Região central da Bacia Amazônica sob influência de ar quente e úmido, característico da massa equatorial continental, mantendo estabilidade térmica típica do setor durante o perío;Verão;;;;;;;;;;;;;;;;;;;;;
2021-02-07 00:00:00;Nordeste;mTa;A região delimitada está sob influência do escoamento marítimo associado ao sistema de alta pressão sobre o Atlântico Sul, caracterizando o predomínio da massa Tropical Atlântica.;Verão;;;;;;;;;;;;;;;;;;;;;
2021-02-07 00:00:00;Litoral;mEa;A região delimitada no litoral nordeste encontra-se sob o domínio da massa Equatorial Atlântica, caracterizada pelo ar quente e úmido típico de baixas latitudes.;Verão;;;;;;;;;;;;;;;;;;;;;
2021-02-07 00:00:00;Centro;mPa;A região delimitada encontra-se sob influência do avanço de uma massa de ar polar, posicionada no setor pós-frontal do sistema analisado, caracterizando o ingresso de ar frio e úmi;Verão;;;;;;;;;;;;;;;;;;;;;
2021-02-07 00:00:00;Sul;mTa;Regiao sob influencia do escoamento da alta subtropical do Atlantico Sul, caracterizando a predominancia de ar quente e umido sobre o setor.;Verão;;;;;;;;;;;;;;;;;;;;;
2021-02-08 00:00:00;Norte;mEc;Região central da Bacia Amazônica sob domínio da Massa Equatorial Continental, caracterizada por alta umidade e temperaturas elevadas, sem influência de sistemas frontais.;Verão;;;;;;;;;;;;;;;;;;;;;
2021-02-08 00:00:00;Nordeste;mTa;Predominancia de escoamento vindo do oceano, caracterizado pela circulacao maritima quente e umida que ingressa no litoral e interior do Nordeste brasileiro.;Verão;;;;;;;;;;;;;;;;;;;;;
2021-02-08 00:00:00;Litoral;mTa;A região delimitada está sob o domínio do fluxo marítimo da alta pressão subtropical, caracterizando a atuação da massa Tropical Atlântica com seu padrão de umidade e calor oceânic;Verão;;;;;;;;;;;;;;;;;;;;;
2021-02-08 00:00:00;Centro;mPa;A região delimitada encontra-se no setor pós-frontal, sob influência de uma massa de ar frio e seco que avança sobre o Centro-Oeste e Sudeste, caracterizada pelo fluxo de quadrante;Verão;;;;;;;;;;;;;;;;;;;;;
2021-02-08 00:00:00;Sul;mPa;A região delimitada localiza-se na retaguarda de um sistema frontal, sob forte influência do avanço de ar frio, seco e estável característico da mPa.;Verão;;;;;;;;;;;;;;;;;;;;;
2021-02-09 00:00:00;Norte;mEc;Região situada sobre a bacia amazônica, caracterizada por altas temperaturas e umidade, sem influência direta de sistemas frontais ou circulação de alta pressão oceânica.;Verão;;;;;;;;;;;;;;;;;;;;;
2021-02-09 00:00:00;Nordeste;mTa;A região do Nordeste delimitada encontra-se sob influência do escoamento marítimo quente e úmido vindo do Atlântico Tropical, característico da massa Tropical Atlântica.;Verão;;;;;;;;;;;;;;;;;;;;;
2021-02-09 00:00:00;Litoral;mTa;Regiao sob influencia do escoamento quente e umido associado a circulacao maritima do Atlantico Sul, caracterizando a predominancia da massa Tropical Atlantica no litoral.;Verão;;;;;;;;;;;;;;;;;;;;;
2021-02-09 00:00:00;Centro;mTa;A região delimitada está sob forte influência do fluxo marítimo do quadrante leste-nordeste oriundo do Atlântico Sul, caracterizando a predominância da massa Tropical Atlântica.;Verão;;;;;;;;;;;;;;;;;;;;;
2021-02-09 00:00:00;Sul;mPa;A região delimitada encontra-se sob a influência direta do avanço da massa de ar pós-frontal, caracterizada por temperaturas mais baixas e estabilidade, típica da mPa.;Verão;;;;;;;;;;;;;;;;;;;;;
2021-02-10 00:00:00;Norte;mEc;A regiao delimitada esta sob influencia da circulacao amazonica equatorial, caracterizando a mEc como a massa dominante devido a sua origem continental, calor e umidade.;Verão;;;;;;;;;;;;;;;;;;;;;
2021-02-10 00:00:00;Nordeste;mTa;Região sob influência direta do escoamento marítimo de leste/sudeste associado ao gradiente de pressão periférico da ASAS, caracterizando o transporte de ar tropical marítimo (mTa);Verão;;;;;;;;;;;;;;;;;;;;;
2021-02-10 00:00:00;Litoral;mEa;A região delimitada no setor norte/nordeste do litoral brasileiro encontra-se sob influência da Massa Equatorial Atlântica, caracterizada pelo fluxo quente e úmido dominante.;Verão;;;;;;;;;;;;;;;;;;;;;
2021-02-10 00:00:00;Centro;mPa;Região situada a retaguarda de frente fria em deslocamento para o oceano, caracterizada pelo ingresso de ar mais frio e denso típico da mPa sobre o setor centro-sul do Brasil.;Verão;;;;;;;;;;;;;;;;;;;;;
2021-02-10 00:00:00;Sul;mPa;A região delimitada encontra-se no setor pós-frontal, sob influência direta do avanço de uma massa de ar frio e úmido de origem polar.;Verão;;;;;;;;;;;;;;;;;;;;;
2021-02-11 00:00:00;Norte;mEc;Regiao central e norte do continente sob influencia da Massa Equatorial Continental, caracterizada por temperaturas estaveis e alta umidade, sem interferencia de sistemas frontais.;Verão;;;;;;;;;;;;;;;;;;;;;
2021-02-11 00:00:00;Nordeste;mTa;Predominio da massa Tropical Atlantica na regiao demarcada, caracterizada por valores de pressao e temperatura integrados ao fluxo do anticiclone subtropical sobre o oceano.;Verão;;;;;;;;;;;;;;;;;;;;;
2021-02-11 00:00:00;Litoral;mTa;Regiao sob influencia da circulacao periferica da alta pressao subtropical, caracterizando o transporte de umidade e calor caracteristico da Massa Tropical Atlantica no litoral.;Verão;;;;;;;;;;;;;;;;;;;;;
2021-02-11 00:00:00;Centro;mTa;Regiao sob influencia do escoamento oceanico do padrao de alta pressao, com caracteristicas termodinamicas de uma massa de ar quente e umida predominante na regiao central.;Verão;;;;;;;;;;;;;;;;;;;;;
2021-02-11 00:00:00;Sul;mPa;A região delimitada encontra-se na retaguarda de um sistema frontal, caracterizada pela incursão de ar mais frio e denso, típico do domínio da Massa Polar Atlântica.;Verão;;;;;;;;;;;;;;;;;;;;;
2021-02-12 00:00:00;Norte;mEc;A região delimitada abrange a bacia amazônica, onde predomina a Massa Equatorial Continental, caracterizada por ser quente e úmida, típica destas latitudes equatoriais.;Verão;;;;;;;;;;;;;;;;;;;;;
2021-02-12 00:00:00;Nordeste;mTa;A região apresenta características de estabilidade associadas ao escoamento marítimo quente e úmido sob influência do fluxo da periferia da alta subtropical do Atlântico Sul.;Verão;;;;;;;;;;;;;;;;;;;;;
2021-02-12 00:00:00;Litoral;mEa;A região delimitada no setor leste do Nordeste encontra-se sob influência da massa Equatorial Atlântica, caracterizada pelo fluxo quente e úmido predominante nesta parte da costa.;Verão;;;;;;;;;;;;;;;;;;;;;
2021-02-12 00:00:00;Centro;mTa;Região sob influência direta da circulação marítima da ASAS, caracterizada pelo transporte de umidade e calor vindo do Atlântico para o interior do continente.;Verão;;;;;;;;;;;;;;;;;;;;;
2021-02-12 00:00:00;Sul;mPa;A região destacada encontra-se sob influência de uma massa de ar pós-frontal, com gradiente de pressão e padrões térmicos característicos do avanço de uma Massa Polar Atlântica.;Verão;;;;;;;;;;;;;;;;;;;;;
2021-02-13 00:00:00;Norte;mEc;A região delimitada abrange a bacia amazônica, onde predomina uma massa de ar quente e úmida de origem continental, característica da mEc durante o verão.;Verão;;;;;;;;;;;;;;;;;;;;;
2021-02-13 00:00:00;Nordeste;mTa;A região é dominada pelo fluxo marítimo de sudeste do gradiente da Alta Subtropical do Atlântico Sul, caracterizando a atuação persistente da massa Tropical Atlântica.;Verão;;;;;;;;;;;;;;;;;;;;;
2021-02-13 00:00:00;Litoral;mEa;A região delimitada no litoral nordeste encontra-se sob influência predominante do escoamento marítimo quente e úmido da massa Equatorial Atlântica.;Verão;;;;;;;;;;;;;;;;;;;;;
2021-02-13 00:00:00;Centro;mTa;A região encontra-se sob influência da circulação anticiclônica do Atlântico, apresentando características térmicas e de umidade típicas da massa tropical marítima.;Verão;;;;;;;;;;;;;;;;;;;;;
2021-02-13 00:00:00;Sul;mPa;A região delimitada sofre influência direta da incursão de massa de ar frio e úmido após a passagem de uma linha de instabilidade, caracterizando o avanço da mPa pelo setor.;Verão;;;;;;;;;;;;;;;;;;;;;
2021-02-14 00:00:00;Norte;mEc;Região localizada no interior da bacia amazônica, caracterizada pela presença de ar quente e úmido de origem continental, sem influência de sistemas frontais ou marítimos no setor.;Verão;;;;;;;;;;;;;;;;;;;;;
2021-02-14 00:00:00;Nordeste;mTa;A região destacada está sob influência do fluxo equatorial e persistente de umidade marítima, sendo caracterizada pela dominância da Massa Tropical Atlântica (mTa) sobre o setor.;Verão;;;;;;;;;;;;;;;;;;;;;
2021-02-14 00:00:00;Litoral;mTa;A região delimitada está sob o domínio do fluxo marítimo do Atlântico Sul, caracterizando a atuação da massa Tropical Atlântica com suas propriedades quentes e úmidas.;Verão;;;;;;;;;;;;;;;;;;;;;
2021-02-14 00:00:00;Centro;mTa;A região encontra-se sob o fluxo do escoamento marítimo integrado à circulação da alta pressão subtropical, caracterizando o predomínio da Massa Tropical Atlântica (mTa).;Verão;;;;;;;;;;;;;;;;;;;;;
2021-02-14 00:00:00;Sul;mTa;Região sob forte influência da circulação anticiclônica marítima, apresentando características térmicas e de umidade típicas da massa Tropical Atlântica predominante no setor.;Verão;;;;;;;;;;;;;;;;;;;;;
2021-02-15 00:00:00;Norte;mEc;A região delimitada abrange a bacia amazônica e áreas contíguas, onde, na ausência de sistemas frontais, predomina a Massa Equatorial Continental, caracterizada por calor e alta um;Verão;;;;;;;;;;;;;;;;;;;;;
2021-02-15 00:00:00;Nordeste;mTa;A região delimitada está sob a influência predominante do escoamento marítimo de leste, característico da massa tropical atlântica, transportando calor e umidade para o setor.;Verão;;;;;;;;;;;;;;;;;;;;;
2021-02-15 00:00:00;Litoral;mEa;A região delimitada no litoral nordeste encontra-se sob influência predominante da Massa Equatorial Atlântica, caracterizada pelo ar quente e úmido transportado pelos alísios.;Verão;;;;;;;;;;;;;;;;;;;;;
2021-02-15 00:00:00;Centro;mEc;A região central encontra-se sob domínio da Massa Equatorial Continental, caracterizada pela umidade e temperaturas elevadas típicas do padrão sazonal sobre a América do Sul.;Verão;;;;;;;;;;;;;;;;;;;;;
2021-02-15 00:00:00;Sul;mPa;A região apresenta a incursão de ar mais frio e denso na retaguarda da frente fria, caracterizando a atuação da massa polar atlântica sobre o setor delimitado.;Verão;;;;;;;;;;;;;;;;;;;;;
2021-02-16 00:00:00;Norte;mEc;Regiao predominantemente ocupada pela massa de ar quente e umida de origem equatorial continental, caracteristica da bacia amazonica e do interior do pais sem influencia frontal.;Verão;;;;;;;;;;;;;;;;;;;;;
2021-02-16 00:00:00;Nordeste;mTa;Predominância da Massa Tropical Atlântica, caracterizada pelo fluxo de ar quente e úmido vindo do Oceano Atlântico, influenciando o transporte de umidade para o setor leste da regi;Verão;;;;;;;;;;;;;;;;;;;;;
2021-02-16 00:00:00;Litoral;mTa;Região sob influência direta do fluxo de leste/sudeste associado ao sistema de alta pressão oceânico, caracterizando o domínio da massa Tropical Atlântica no setor leste.;Verão;;;;;;;;;;;;;;;;;;;;;
2021-02-16 00:00:00;Centro;mEc;A região apresenta características típicas de umidade e nebulosidade persistentes sobre o interior do continente, sob influência da circulação da Massa Equatorial Continental.;Verão;;;;;;;;;;;;;;;;;;;;;
2021-02-16 00:00:00;Sul;mTa;A região encontra-se sob influência do fluxo equatorial/tropical transportado pelo sistema de alta pressão oceânica, caracterizando a predominância da massa Tropical Atlântica (mTa;Verão;;;;;;;;;;;;;;;;;;;;;
2021-02-17 00:00:00;Norte;mEc;Região localizada sobre a bacia amazônica, caracterizada por altas temperaturas e umidade elevada, típicas da massa de ar Equatorial Continental que domina o setor no período.;Verão;;;;;;;;;;;;;;;;;;;;;
2021-02-17 00:00:00;Nordeste;mTa;A região encontra-se sob influência da circulação da ASAS, que transporta ar quente e úmido do oceano para o continente, configurando o domínio da massa Tropical Atlântica.;Verão;;;;;;;;;;;;;;;;;;;;;
2021-02-17 00:00:00;Litoral;mTa;A regiao delimitada esta sob influencia direta do fluxo zonal de leste associado a alta pressao subtropical, caracterizando o dominio da massa Tropical Atlantica quente e umida.;Verão;;;;;;;;;;;;;;;;;;;;;
2021-02-17 00:00:00;Centro;mTc;A região central encontra-se sob domínio de uma massa de ar quente e seca, típica da atuação da massa Tropical Continental sobre o centro-oeste do continente.;Verão;;;;;;;;;;;;;;;;;;;;;
2021-02-17 00:00:00;Sul;mPa;A região apresenta o avanço e a estabilização de uma massa de ar frio e úmido após a passagem de uma frente fria, caracterizada pelos valores de temperatura mais amenos observados.;Verão;;;;;;;;;;;;;;;;;;;;;
2021-02-18 00:00:00;Norte;mEc;Regiao central da Amazonia brasileira caracterizada pela predominancia de ar quente e umido, sem influencia frontal ou de alta pressao oceanica.;Verão;;;;;;;;;;;;;;;;;;;;;
2021-02-18 00:00:00;Nordeste;mTa;A região encontra-se sob influência do fluxo latitudinal marítimo de leste, característico da massa de ar tropical atlântica, que mantém condições quentes e úmidas sobre o setor.;Verão;;;;;;;;;;;;;;;;;;;;;
2021-02-18 00:00:00;Litoral;mTa;Predominio da subsidencia e gradiente de pressao associado ao anticiclone subtropical, caracterizando a circulacao de leste/sudeste da massa tropical atlantica na costa leste.;Verão;;;;;;;;;;;;;;;;;;;;;
2021-02-18 00:00:00;Centro;mTa;A região apresenta características de baixas latitudes com umidade oceânica predominante, sob influência da circulação da ASAS, configurando o domínio da mTa.;Verão;;;;;;;;;;;;;;;;;;;;;
2021-02-18 00:00:00;Sul;mPa;A região encontra-se submetida ao fluxo de circulação de sul a sudeste, característico do avanço e pós-frontal de uma massa de ar frio e úmido de origem polar.;Verão;;;;;;;;;;;;;;;;;;;;;
2021-02-19 00:00:00;Norte;mEc;A região delimitada abrange a bacia amazônica, onde a Massa Equatorial Continental estabelece seu domínio devido às características de alta umidade e temperaturas elevadas.;Verão;;;;;;;;;;;;;;;;;;;;;
2021-02-19 00:00:00;Nordeste;mTa;A região delimitada está sob forte influência do escoamento marítimo de leste/sudeste, característico do transporte de umidade da mTa vinda do Atlântico sul.;Verão;;;;;;;;;;;;;;;;;;;;;
2021-02-19 00:00:00;Litoral;mTa;Regiao sob influencia do escoamento marítimo de leste/sudeste associado ao gradiente de pressão do Atlântico Sul, transportando ar quente e úmido para o litoral leste brasileiro.;Verão;;;;;;;;;;;;;;;;;;;;;
2021-02-19 00:00:00;Centro;mPa;A região delimitada encontra-se atrás de um sistema frontal, caracterizando a entrada e o domínio da massa de ar polar atlântica, que traz ar mais frio e seco para o setor.;Verão;;;;;;;;;;;;;;;;;;;;;
2021-02-19 00:00:00;Sul;mPa;Regiao sob influencia de adveccao fria pos-frontal, evidenciada pelos valores de temperatura e ponto de orvalho reduzidos e circulacao ciclonica associada ao escoamento da mPa.;Verão;;;;;;;;;;;;;;;;;;;;;
2021-02-20 00:00:00;Norte;mEc;Região central da Amazônia sob condições estáveis de umidade e calor, caracterizando o domínio da massa Equatorial Continental, com ausência de sistemas frontais atuantes no setor.;Verão;;;;;;;;;;;;;;;;;;;;;
2021-02-20 00:00:00;Nordeste;mTa;A região delimitada está sob a influência do escoamento marítimo de leste/sudeste associado à circulação da ASAS, caracterizando o predomínio da Massa Tropical Atlântica.;Verão;;;;;;;;;;;;;;;;;;;;;
2021-02-20 00:00:00;Litoral;mTa;Região litorânea sob influência direta do fluxo de leste/sudeste, com características de estabilidade e umidade típicas da massa tropical atlântica que predomina na costa brasileir;Verão;;;;;;;;;;;;;;;;;;;;;
2021-02-20 00:00:00;Centro;mTc;Região do Chaco e interior do continente sob influência de ar quente e seco, característico da massa tropical continental deslocada para o interior do país.;Verão;;;;;;;;;;;;;;;;;;;;;
2021-02-20 00:00:00;Sul;mPa;A regiao delimitada esta sob influencia direta de uma massa de ar frio e seco, caracterizada pela subsidencia de ar pos-frontal, apresentando quedas nas temperaturas e umidade rela;Verão;;;;;;;;;;;;;;;;;;;;;
2021-02-21 00:00:00;Norte;mEc;A região delimitada abrange a bacia amazônica e áreas contíguas, onde predomina uma massa de ar quente e úmida de origem continental, característica da mEc, sem influência polar.;Verão;;;;;;;;;;;;;;;;;;;;;
2021-02-21 00:00:00;Nordeste;mTa;A região delimitada está sob forte influência do escoamento marítimo associado ao sistema de alta pressão do Atlântico Sul, caracterizando a predominância da massa Tropical Atlânti;Verão;;;;;;;;;;;;;;;;;;;;;
2021-02-21 00:00:00;Litoral;mTa;A área delimitada encontra-se sob influência do escoamento marítimo quente e úmido característico da Massa Tropical Atlântica, mantendo condições típicas do setor na costa leste.;Verão;;;;;;;;;;;;;;;;;;;;;
2021-02-21 00:00:00;Centro;mPa;A região do retângulo está posicionada à retaguarda de uma frente fria, caracterizando a incursão e o domínio de ar frio e denso de origem polar no setor.;Verão;;;;;;;;;;;;;;;;;;;;;
2021-02-21 00:00:00;Sul;mPa;A região delimitada encontra-se na retaguarda de um sistema frontal, caracterizando a incursão e o domínio de ar frio e seco de origem polar (mPa) sobre o setor sul brasileiro.;Verão;;;;;;;;;;;;;;;;;;;;;
2021-02-22 00:00:00;Norte;mEc;A região delimitada encontra-se sobre a bacia amazônica, caracterizada por um ambiente de alta umidade, calor e ausência de sistemas frontais ativos, definindo o domínio da mEc.;Verão;;;;;;;;;;;;;;;;;;;;;
2021-02-22 00:00:00;Nordeste;mTa;A regiao delimitada esta sob influencia direta do fluxo zonal leste associado ao centro de alta pressao do Atlantico Sul, caracterizando o dominio da Massa Tropical Atlantica (mTa);Verão;;;;;;;;;;;;;;;;;;;;;
2021-02-22 00:00:00;Litoral;mTa;A regiao delimitada esta sob influencia direta do fluxo maritimo oriundo do oceano Atlantico, caracterizando a predominancia da massa Tropical Atlantica em todo o litoral leste.;Verão;;;;;;;;;;;;;;;;;;;;;
2021-02-22 00:00:00;Centro;mTa;A região encontra-se sob influência do fluxo de circulação marítima da borda oeste da ASAS, caracterizando o predomínio de ar quente e úmido de origem oceânica (mTa).;Verão;;;;;;;;;;;;;;;;;;;;;
2021-02-22 00:00:00;Sul;mTa;A região delimitada está sob a influência do escoamento marítimo associado ao centro de alta pressão no oceano, caracterizando o predomínio da Massa Tropical Atlântica (mTa).;Verão;;;;;;;;;;;;;;;;;;;;;
2021-02-23 00:00:00;Norte;mEc;Massa Equatorial Continental, caracterizada por ser quente e úmida, predominante sobre a região central e amazônica, mantendo condições típicas de instabilidade tropical.;Verão;;;;;;;;;;;;;;;;;;;;;
2021-02-23 00:00:00;Nordeste;mEa;Região sob influência direta do fluxo de leste marítimo, caracterizando a Massa Equatorial Atlântica, quente e úmida, atuando sobre o litoral do Nordeste brasileiro.;Verão;;;;;;;;;;;;;;;;;;;;;
2021-02-23 00:00:00;Litoral;mTa;Regiao sob dominio da circulacao de alta pressao do Atlantico Sul, apresentando caracteristicas de massa quente e umida caracteristica da mTa sobre o litoral do Nordeste brasileiro;Verão;;;;;;;;;;;;;;;;;;;;;
2021-02-23 00:00:00;Centro;mTa;A região delimitada está sob influência do escoamento oceânico zonal que transporta umidade do Atlântico para o continente, caracterizando o domínio da massa Tropical Atlântica.;Verão;;;;;;;;;;;;;;;;;;;;;
2021-02-23 00:00:00;Sul;mPa;A região apresenta características de subsidência e estabilidade pós-frontal, com valores de temperatura e ponto de orvalho consistentes com o avanço da massa de ar polar pelo Cone;Verão;;;;;;;;;;;;;;;;;;;;;
2021-02-24 00:00:00;Norte;mEc;Região central da Bacia Amazônica sob domínio da Massa Equatorial Continental, caracterizada por alta umidade e temperaturas elevadas típicas do ar equatorial continental.;Verão;;;;;;;;;;;;;;;;;;;;;
2021-02-24 00:00:00;Nordeste;mTa;A região encontra-se sob influência da circulação marítima quente e úmida típica da Massa Tropical Atlântica, refletindo o transporte de umidade do oceano para o continente.;Verão;;;;;;;;;;;;;;;;;;;;;
2021-02-24 00:00:00;Litoral;mEa;A região delimitada no litoral nordeste encontra-se sob o domínio da massa Equatorial Atlântica, caracterizada pelo fluxo de ar quente e úmido vindo de baixas latitudes oceânicas.;Verão;;;;;;;;;;;;;;;;;;;;;
2021-02-24 00:00:00;Centro;mTa;A região encontra-se sob influência da circulação anticiclônica do Atlântico Sul, caracterizando o predomínio de ar quente e úmido de origem marítima (mTa).;Verão;;;;;;;;;;;;;;;;;;;;;
2021-02-24 00:00:00;Sul;mPa;A região destacada encontra-se no setor pós-frontal, sob influência de advecção fria e instabilidade associada ao avanço de uma frente fria, caracterizando o predomínio da mPa.;Verão;;;;;;;;;;;;;;;;;;;;;
2021-02-27 00:00:00;Norte;mEc;Regiao central da Amazonia sem influencia de sistemas frontais, caracterizando o dominio da Massa Equatorial Continental, quente e umida, sobre a bacia amazonica.;Verão;;;;;;;;;;;;;;;;;;;;;
2021-02-27 00:00:00;Nordeste;mTa;Regiao sob influencia do escoamento leste/sudeste associado ao gradiente de pressao da alta subtropical, caracterizando o dominio da massa Tropical Atlantica com umidade e calor.;Verão;;;;;;;;;;;;;;;;;;;;;
2021-02-27 00:00:00;Litoral;mTa;A região encontra-se sob influência do fluxo equatorial e tropical sobre o oceano, caracterizando a predominância de ar quente e úmido típico da massa Tropical Atlântica (mTa).;Verão;;;;;;;;;;;;;;;;;;;;;
2021-02-27 00:00:00;Centro;mTa;Area sob influencia da circulacao periferica da ASAS, caracterizada por transporte de umidade do oceano para o continente, mantendo condicoes de estabilidade e temperatura elevada.;Verão;;;;;;;;;;;;;;;;;;;;;
2021-02-27 00:00:00;Sul;mPa;A região apresenta o avanço de uma massa de ar pós-frontal, caracterizada por valores térmicos e de ponto de orvalho reduzidos, configurando a advecção de mPa sobre o Sul/Sudeste.;Verão;;;;;;;;;;;;;;;;;;;;;
2021-03-01 00:00:00;Norte;mEc;A regiao apresenta predominancia de circulacao continental na Amazonica quente e umida, caracterizando a influencia da Massa Equatorial Continental sobre o setor.;Verão;;;;;;;;;;;;;;;;;;;;;
2021-03-01 00:00:00;Nordeste;mTa;Regiao sob clara influencia do fluxo marítimo da circulação da ASAS, caracterizando o predomínio de ar tropical quente e úmido sobre o Nordeste brasileiro.;Verão;;;;;;;;;;;;;;;;;;;;;
2021-03-01 00:00:00;Litoral;mEa;A região delimitada no setor norte/nordeste encontra-se sob influência da Massa Equatorial Atlântica, caracterizada por altas temperaturas e elevada umidade em baixas latitudes.;Verão;;;;;;;;;;;;;;;;;;;;;
2021-03-01 00:00:00;Centro;mTa;Regiao sob influencia do escoamento marítimo vindo do Atlântico, caracterizada por ventos de setor leste/nordeste que transportam ar quente e úmido para o interior do continente.;Verão;;;;;;;;;;;;;;;;;;;;;
2021-03-01 00:00:00;Sul;mTa;A região encontra-se sob influência do fluxo equatorial/tropical marítimo associado ao centro de alta pressão oceânica, caracterizando o domínio da massa Tropical Atlântica.;Verão;;;;;;;;;;;;;;;;;;;;;
2021-03-02 00:00:00;Norte;mEc;A região delimitada abrange a bacia amazônica, onde predomina uma massa de ar quente e úmida de origem continental, característica da mEc, apresentando baixos gradientes de pressão;Verão;;;;;;;;;;;;;;;;;;;;;
2021-03-02 00:00:00;Nordeste;mTa;A região encontra-se sob influência do fluxo equatorial e persistência da circulação marítima, caracterizando o domínio da massa Tropical Atlântica com transporte de umidade.;Verão;;;;;;;;;;;;;;;;;;;;;
2021-03-02 00:00:00;Litoral;mTa;A região encontra-se sob influência do fluxo de leste/nordeste da circulação marítima, característica da Massa Tropical Atlântica, garantindo umidade e aquecimento na costa.;Verão;;;;;;;;;;;;;;;;;;;;;
2021-03-02 00:00:00;Centro;mTa;Regiao central sob influencia do escoamento de leste-nordeste oriundo do Atlantico, caracterizando predominio da massa tropical atlantica na area delimitada.;Verão;;;;;;;;;;;;;;;;;;;;;
2021-03-02 00:00:00;Sul;mPa;A região delimitada encontra-se na retaguarda de um sistema frontal, caracterizada pela entrada e predomínio da massa de ar polar, evidenciada pelos valores térmicos mais amenos.;Verão;;;;;;;;;;;;;;;;;;;;;
2021-03-03 00:00:00;Norte;mEc;A regiao delimitada esta sob influencia direta da circulacao amazonica. Caracteriza-se por elevadas taxas de umidade e temperaturas tropicais constantes, sem subsidencia externa.;Verão;;;;;;;;;;;;;;;;;;;;;
2021-03-03 00:00:00;Nordeste;mTa;A região do Nordeste delimitada encontra-se sob influência do fluxo de ventos de leste provenientes do oceano, caracterizando o domínio da massa Tropical Atlântica (mTa).;Verão;;;;;;;;;;;;;;;;;;;;;
2021-03-03 00:00:00;Litoral;mTa;A área delimitada encontra-se sob influência de um sistema de alta pressão no oceano, caracterizando o predomínio de ar quente e úmido típico da massa Tropical Atlântica.;Verão;;;;;;;;;;;;;;;;;;;;;
2021-03-03 00:00:00;Centro;mTa;A região encontra-se sob influência do fluxo equatorial/tropical marítimo estabilizado, com características de ar quente e úmido predominantes na circulação do Atlântico Sul.;Verão;;;;;;;;;;;;;;;;;;;;;
2021-03-03 00:00:00;Sul;mTa;A região delimitada encontra-se sob influência do escoamento marítimo associado ao sistema de alta pressão oceânica, caracterizando o predomínio da massa Tropical Atlântica.;Verão;;;;;;;;;;;;;;;;;;;;;
2021-03-04 00:00:00;Norte;mEc;A região delimitada compreende a bacia amazônica, onde predomina a Massa Equatorial Continental, caracterizada por ser quente e úmida, típica da região equatorial sem influência de;Verão;;;;;;;;;;;;;;;;;;;;;
2021-03-04 00:00:00;Nordeste;mTa;A região delimitada está sob forte influência do escoamento marítimo oriundo do Atlântico Tropical, caracterizando o predomínio da Massa Tropical Atlântica (mTa).;Verão;;;;;;;;;;;;;;;;;;;;;
2021-03-04 00:00:00;Litoral;mTa;A regiao delimitada esta sob influencia direta do escoamento maritimo associado ao sistema de alta pressao do Atlantico Sul, caracterizando o dominio da Massa Tropical Atlantica.;Verão;;;;;;;;;;;;;;;;;;;;;
2021-03-04 00:00:00;Centro;mPa;A região apresenta o avanço de uma frente fria vinda do oceano, caracterizando a atuação da mPa na retaguarda do sistema frontal sobre o setor.;Verão;;;;;;;;;;;;;;;;;;;;;
2021-03-04 00:00:00;Sul;mPa;A região delimitada situa-se no setor pós-frontal, com gradiente de temperatura e pressao característicos do avanço da mPa sobre o Sul e Sudeste do Brasil.;Verão;;;;;;;;;;;;;;;;;;;;;
2021-03-06 00:00:00;Norte;mEc;Região situada no interior do continente amazônico, caracterizando-se pela influência direta da massa equatorial continental, marcada por instabilidade e alta umidade.;Verão;;;;;;;;;;;;;;;;;;;;;
2021-03-06 00:00:00;Nordeste;mTa;Predominio da massa Tropical Atlantica na regiao devido ao fluxo de ar quente e umido originado sobre o oceano, influenciando o litoral e o interior do Nordeste brasileiro.;Verão;;;;;;;;;;;;;;;;;;;;;
2021-03-06 00:00:00;Litoral;mTa;Regiao sob influencia do escoamento do anticiclone subtropical, caracterizada por ar quente e umido transportado do Oceano Atlantico para o setor costeiro brasileiro.;Verão;;;;;;;;;;;;;;;;;;;;;
2021-03-06 00:00:00;Centro;mPa;A região demarcada encontra-se no setor pós-frontal da frente fria, caracterizando o ingresso de ar mais frio e dente da mPa sobre o Sudeste e Centro-Oeste do país.;Verão;;;;;;;;;;;;;;;;;;;;;
2021-03-06 00:00:00;Sul;mPa;A regiao delimitada esta sob influencia de uma massa de ar frio e seco, caracteristica de um avanco pos-frontal, evidenciado pelas isotermas e valores de pressao caracteristicos da;Verão;;;;;;;;;;;;;;;;;;;;;
2021-03-07 00:00:00;Norte;mEc;Região central da Bacia Amazônica caracterizada por subsidência e termodinâmica local, sob domínio da massa de ar quente e úmida de origem continental, sem influência de sistemas f;Verão;;;;;;;;;;;;;;;;;;;;;
2021-03-07 00:00:00;Nordeste;mTa;A região encontra-se sob influência do escoamento marítimo associado ao sistema de alta pressão oceânico, caracterizando o predomínio da massa Tropical Atlântica (mTa).;Verão;;;;;;;;;;;;;;;;;;;;;
2021-03-07 00:00:00;Litoral;mTa;A área delimitada encontra-se sob domínio do fluxo marítimo persistente associado ao gradiente de pressão do Atlântico Sul, caracterizando a atuação da Massa Tropical Atlântica.;Verão;;;;;;;;;;;;;;;;;;;;;
2021-03-07 00:00:00;Centro;mPa;A região delimitada encontra-se na retaguarda de um sistema frontal, caracterizando a incursão da massa polar atlântica, que traz ar mais frio e seco para a porção central do Brasi;Verão;;;;;;;;;;;;;;;;;;;;;
2021-03-07 00:00:00;Sul;mPa;A região apresenta características de baixas temperaturas e pressão em elevação, indicando o avanço de uma massa de ar frio e úmido após a passagem de um sistema frontal.;Verão;;;;;;;;;;;;;;;;;;;;;
2021-03-08 00:00:00;Norte;mEc;A região delimitada abrange a bacia amazônica e áreas continentais adjacentes, caracterizadas por altas temperaturas e elevada umidade, típicas da atuação da Massa Equatorial Conti;Verão;;;;;;;;;;;;;;;;;;;;;
2021-03-08 00:00:00;Nordeste;mEa;Região sob influência direta do escoamento marítimo tropical pelo Atlântico, caracterizando a atuação da massa Equatorial Atlântica (mEa) com alta umidade no litoral e interior.;Verão;;;;;;;;;;;;;;;;;;;;;
2021-03-08 00:00:00;Litoral;mTa;A regiao delimitada esta sob o dominio do fluxo de leste da alta pressao subtropical do Atlantico Sul, caracterizando a atuacao predominante da Massa Tropical Atlantica.;Verão;;;;;;;;;;;;;;;;;;;;;
2021-03-08 00:00:00;Centro;mTc;A região demarcada encontra-se sob domínio de uma massa de ar quente e seca, característica da subsidência e aquecimento continental na depressão do Chaco.;Verão;;;;;;;;;;;;;;;;;;;;;
2021-03-08 00:00:00;Sul;mPa;A região delimitada encontra-se sob a influência direta do transporte de ar frio e úmido após a passagem de sistema frontal, caracterizando o avanço de massa de ar polar.;Verão;;;;;;;;;;;;;;;;;;;;;
2021-03-09 00:00:00;Norte;mEc;A região delimitada abrange a bacia amazônica, onde a Massa Equatorial Continental estabelece condições de calor e alta umidade, predominando sobre a área sem a influência de siste;Verão;;;;;;;;;;;;;;;;;;;;;
2021-03-09 00:00:00;Nordeste;mTa;Predomínio de fluxo marítimo oriundo do Atlântico Sul, caracterizando uma massa de ar quente e úmida que adentra o litoral nordestino sob influência do gradiente de pressão regiona;Verão;;;;;;;;;;;;;;;;;;;;;
2021-03-09 00:00:00;Litoral;mTa;Area sob influencia do escoamento oceanico, caracterizada por caracteristicas tropicais maritimas quentes e umidas, dominadas pela circulacao de alta pressao no Atlantico Sul.;Verão;;;;;;;;;;;;;;;;;;;;;
2021-03-09 00:00:00;Centro;mPa;A região delimitada encontra-se sob influência de um avanço de massa polar, caracterizado pelo escoamento de sul/sudeste nos campos de pressão logo atrás do sistema frontal.;Verão;;;;;;;;;;;;;;;;;;;;;
2021-03-09 00:00:00;Sul;mPa;A região delimitada sofre a influência direta do avanço de uma massa de ar frio, caracterizando a retaguarda de um sistema frontal que atua sobre o setor.;Verão;;;;;;;;;;;;;;;;;;;;;
2021-03-10 00:00:00;Norte;mEc;Regiao localizada sobre a bacia Amazonica, caracterizada pela predominancia de umidade e calor tipicos da configuracao da massa equatorial continental.;Verão;;;;;;;;;;;;;;;;;;;;;
2021-03-10 00:00:00;Nordeste;mTa;Região sob influência direta do fluxo de leste/sudeste associado ao transporte marítimo, caracterizando a predominância da Massa Tropical Atlântica no setor delimitado.;Verão;;;;;;;;;;;;;;;;;;;;;
2021-03-10 00:00:00;Litoral;mTa;Area sob influencia do fluxo maritimo do Atlantico Sul, apresentando caracteristicas de estabilidade e umidade tipicas da massa Tropical Atlantica no setor costeiro do Nordeste.;Verão;;;;;;;;;;;;;;;;;;;;;
2021-03-10 00:00:00;Centro;mPa;Regiao sob clara influencia de uma massa de ar frio e seco (mPa), situada no setor de retaguarda da frente fria que desloca-se pelo centro-sul do Brasil.;Verão;;;;;;;;;;;;;;;;;;;;;
2021-03-10 00:00:00;Sul;mPa;A região delimitada encontra-se sob influência de massa de ar frio e seco, posicionada nitidamente no setor posterior (retaguarda) do sistema frontal que avança pelo litoral.;Verão;;;;;;;;;;;;;;;;;;;;;
2021-03-11 00:00:00;Norte;mEc;A região delimitada abrange a bacia amazônica e áreas adjacentes, onde predomina o ar quente e úmido característico da Massa Equatorial Continental.;Verão;;;;;;;;;;;;;;;;;;;;;
2021-03-11 00:00:00;Nordeste;mEa;A região delimitada no setor leste do Nordeste apresenta influência predominante da Massa Equatorial Atlântica, devido à sua posição latitudinal e fluxo de leste/nordeste.;Verão;;;;;;;;;;;;;;;;;;;;;
2021-03-11 00:00:00;Litoral;mTa;Região sob influência direta da circulação marítima da Alta Subtropical do Atlântico Sul, caracterizando o domínio da massa Tropical Atlântica, quente e úmida.;Verão;;;;;;;;;;;;;;;;;;;;;
2021-03-11 00:00:00;Centro;mTa;A região encontra-se sob influência do fluxo equatorial/tropical marítimo estabilizado, característico do domínio da massa tropical atlântica que predomina nesta porção do interior;Verão;;;;;;;;;;;;;;;;;;;;;
2021-03-11 00:00:00;Sul;mPa;Regiao sob clara influencia de uma massa de ar frio e seco, posicionada estavelmente a retaguarda de um sistema frontal que avanca sobre o Sudeste brasileiro.;Verão;;;;;;;;;;;;;;;;;;;;;
2021-03-12 00:00:00;Norte;mEc;A região delimitada abrange a bacia amazônica e áreas continentais adjacentes, onde a massa de ar quente e úmida de origem continental predomina sem influência direta de sistemas f;Verão;;;;;;;;;;;;;;;;;;;;;
2021-03-12 00:00:00;Nordeste;mTa;Regiao sob influencia predominante da circulacao anticiclone do Atlantico Sul, transportando umidade e calor para o setor oriental do Nordeste brasileiro.;Verão;;;;;;;;;;;;;;;;;;;;;
2021-03-12 00:00:00;Litoral;mTa;A região delimitada encontra-se sob a influência do escoamento marítimo quente e úmido característico da Massa Tropical Atlântica, preservando as características térmicas do oceano;Verão;;;;;;;;;;;;;;;;;;;;;
2021-03-12 00:00:00;Centro;mPa;A região demarcada apresenta-se sob a influência direta do avanço da massa de ar polar, posicionada no quadrante posterior à frente fria que atua sobre o Sudeste brasileiro.;Verão;;;;;;;;;;;;;;;;;;;;;
2021-03-12 00:00:00;Sul;mPa;A região delimitada situa-se na retaguarda de sistema frontal, com fluxo de brisas com características térmicas inferiores e gradiente bárico condizente com a incursão da mPa.;Verão;;;;;;;;;;;;;;;;;;;;;
2021-03-13 00:00:00;Norte;mEc;Regiao central da Amazonia sem influencia de sistemas frontais, caracterizada por altas temperaturas e disponibilidade de umidade, predominando a massa equatorial continental.;Verão;;;;;;;;;;;;;;;;;;;;;
2021-03-13 00:00:00;Nordeste;mTa;Predominancia de escoamento vindo do oceano sobre o setor, caracterizando a influencia da massa Tropical Atlantica sobre o Nordeste brasileiro na area delimitada.;Verão;;;;;;;;;;;;;;;;;;;;;
2021-03-13 00:00:00;Litoral;mEa;A região delimitada no litoral nordestino encontra-se sob influência da massa Equatorial Atlântica, caracterizada pelo fluxo de ar quente e úmido predominante nas baixas latitudes ;Verão;;;;;;;;;;;;;;;;;;;;;
2021-03-13 00:00:00;Centro;mTa;A região central encontra-se sob sobriedade do fluxo oceânico, com umidade e temperaturas elevadas características da mTa, transportada pelo posicionamento da ASAS.;Verão;;;;;;;;;;;;;;;;;;;;;
2021-03-13 00:00:00;Sul;mPa;A região delimitada situa-se no setor de retaguarda da frente fria (pós-frontal), evidenciando o avanço e a predominância da massa de ar Polar Atlântica sobre o setor.;Verão;;;;;;;;;;;;;;;;;;;;;
2021-03-15 00:00:00;Norte;mEc;Regiao central da Amazonia influenciada por massa quente e umida caracteristica de origem continental, mantendo estabilidade termica e elevada umidade sobre a Bacia Amazonica.;Verão;;;;;;;;;;;;;;;;;;;;;
2021-03-15 00:00:00;Nordeste;mEa;Regiao sob predominio da Massa Equatorial Atlantica, caracterizada por fluxos quentes e umidos que atuam sobre o Nordeste, favoraveis a instabilidade e alta umidade.;Verão;;;;;;;;;;;;;;;;;;;;;
2021-03-15 00:00:00;Litoral;mTa;A região encontra-se sob o domínio das altas pressões do Atlântico Sul, caracterizando a atuação da massa Tropical Atlântica (mTa), quente e úmida.;Verão;;;;;;;;;;;;;;;;;;;;;
2021-03-15 00:00:00;Centro;mTa;A região encontra-se sob o domínio das circulações anticiclônicas do Atlântico Sul, caracterizando a predominância da Massa Tropical Atlântica com escoamento quente e úmido.;Verão;;;;;;;;;;;;;;;;;;;;;
2021-03-15 00:00:00;Sul;mTa;A região demarcada encontra-se sob influência de um centro de alta pressão, caracterizando o domínio da massa Tropical Atlântica com fluxo de umidade do oceano para o continente.;Verão;;;;;;;;;;;;;;;;;;;;;
2021-03-16 00:00:00;Norte;mEc;Região central da Amazônia sob influência de massa quente e úmida, sem presença de sistemas frontais ativos, caracterizando o domínio termodinâmico da massa Equatorial Continental.;Verão;;;;;;;;;;;;;;;;;;;;;
2021-03-16 00:00:00;Nordeste;mEa;A região delimitada no Nordeste encontra-se sob influência predominante da Massa Equatorial Atlântica, caracterizada pelo fluxo de ar quente e úmido vindo do oceano equatorial.;Verão;;;;;;;;;;;;;;;;;;;;;
2021-03-16 00:00:00;Litoral;mTa;A região delimitada encontra-se sob o domínio da circulação marítima da alta pressão atlântica, caracterizando a atuação da massa de ar Tropical Atlântica (mTa).;Verão;;;;;;;;;;;;;;;;;;;;;
2021-03-16 00:00:00;Centro;mTa;A região central encontra-se sob influência do escoamento subsidente e umidade da ASAS, caracterizando o predomínio e estabilidade térmica típicos da Massa Tropical Atlântica.;Verão;;;;;;;;;;;;;;;;;;;;;
2021-03-16 00:00:00;Sul;mTa;Região sob influência da circulação do escoamento marítimo de leste/nordeste associado ao gradiente de pressão periférico da ASAS, configurando a predominância de ar quente e úmido;Verão;;;;;;;;;;;;;;;;;;;;;
2021-03-17 00:00:00;Norte;mEc;Regiao situada sobre a bacia Amazonica, caracterizada por altas temperaturas e elevada umidade, sob influencia de calor latente sem interferencia direta de frentes frias.;Verão;;;;;;;;;;;;;;;;;;;;;
2021-03-17 00:00:00;Nordeste;mTa;A região demarcada encontra-se sob influência imediata do escoamento de leste/sudeste proveniente do Atlântico Tropical, caracterizando o domínio da massa Tropical Atlântica.;Verão;;;;;;;;;;;;;;;;;;;;;
2021-03-17 00:00:00;Litoral;mTa;Regiao sob clara influencia do transporte de umidade do oceano para o continente, mantendo características térmicas e de umidade típicas da massa tropical atlântica.;Verão;;;;;;;;;;;;;;;;;;;;;
2021-03-17 00:00:00;Centro;mTa;Região sob influência direta da circulação periférica da Alta Subtropical do Atlântico Sul, caracterizando o domínio de ar quente e úmido de origem marítima no Centro-Oeste brasile;Verão;;;;;;;;;;;;;;;;;;;;;
2021-03-17 00:00:00;Sul;mPa;A regiao delimitada esta sob a influencia direta da circulacao pos-frontal, caracterizada por temperaturas amenas e avanco de massa de ar de origem polar sobre o Sul/Sudeste.;Verão;;;;;;;;;;;;;;;;;;;;;
2021-03-18 00:00:00;Norte;mEc;Predominio da massa de ar originada na regiao amazonica, caracterizada pelo ar quente e instavel que domina o centro-norte do continente na ausencia de sistemas frontais.;Verão;;;;;;;;;;;;;;;;;;;;;
2021-03-18 00:00:00;Nordeste;mTa;Regiao sob fluxo predominante de leste/sudeste associado ao escoamento em baixos niveis do Atlantico Sul, caracterizando a atuacao da massa tropical no setor.;Verão;;;;;;;;;;;;;;;;;;;;;
2021-03-18 00:00:00;Litoral;mTa;O litoral indicado encontra-se sob domínio da circulação marítima da Alta Subtropical do Atlântico Sul, caracterizando a presença da Massa Tropical Atlântica (mTa), quente e úmida.;Verão;;;;;;;;;;;;;;;;;;;;;
2021-03-18 00:00:00;Centro;mTa;Regiao sob influencia do escoamento da alta subtropical do Atlantico Sul, caracterizada pela predominancia de ar quente e umido em grande parte do interior e costa do pais.;Verão;;;;;;;;;;;;;;;;;;;;;
2021-03-18 00:00:00;Sul;mPa;A região delimitada encontra-se na retaguarda de uma frente fria, caracterizada pela incursão de ar mais frio e denso proveniente do quadrante sul, indicando o avanço da mPa.;Verão;;;;;;;;;;;;;;;;;;;;;
2021-03-19 00:00:00;Norte;mEc;Regiao situada no nucleo da Amazonia, apresentando caracteristicas tipicas de massa de ar quente e umida de origem continental, sem influencia de sistemas frontais extra-tropicais.;Verão;;;;;;;;;;;;;;;;;;;;;
2021-03-19 00:00:00;Nordeste;mTa;Região sob influência direta do fluxo de leste/sudeste proveniente do Atlântico Tropical, caracterizando a predominância da massa quente e úmida mTa sobre o setor.;Verão;;;;;;;;;;;;;;;;;;;;;
2021-03-19 00:00:00;Litoral;mTa;A região delimitada está sob a influência direta do escoamento marítimo quente e úmido transportado pela circulação periférica do sistema de alta pressão oceânico predominante.;Verão;;;;;;;;;;;;;;;;;;;;;
2021-03-19 00:00:00;Centro;mTa;A região encontra-se sob influência da circulação anticiclônica do Atlântico Sul, caracterizando a predominância da massa Tropical Atlântica com escoamento de leste/sudeste.;Verão;;;;;;;;;;;;;;;;;;;;;
2021-03-19 00:00:00;Sul;mPa;A região sob o retângulo vermelho encontra-se sob influência de um sistema frontal com fluxo de ar frio e úmido característico de uma Massa Polar Atlântica avançando sobre o sudest;Verão;;;;;;;;;;;;;;;;;;;;;
2021-03-20 00:00:00;Norte;mEc;Região central da Bacia Amazônica sob influência da massa de ar quente e úmida de origem continental, mantendo características de estabilidade térmica dentro dos limites do retângu;Outono;;;;;;;;;;;;;;;;;;;;;
2021-03-20 00:00:00;Nordeste;mEa;A região delimitada no Nordeste encontra-se sob influência imediata do fluxo marítimo equatorial, característico da massa Equatorial Atlântica, devido à sua posição latitudinal.;Outono;;;;;;;;;;;;;;;;;;;;;
2021-03-20 00:00:00;Litoral;mEa;A região delimitada no litoral norte/nordeste encontra-se sob influência predominante da massa equatorial atlântica, caracterizada por seu fluxo quente e úmido na costa.;Outono;;;;;;;;;;;;;;;;;;;;;
2021-03-20 00:00:00;Centro;mTa;A regiao encontra-se sob a influencia direta do escoamento zonal e meridional associado ao fluxo quente e umido proveniente do Atlantico Sul, caracterizando a predominancia da mTa.;Outono;;;;;;;;;;;;;;;;;;;;;
2021-03-20 00:00:00;Sul;mPa;A região delimitada encontra-se após a passagem de uma frente fria, com o avanço de um centro de alta pressão (massa de ar polar), caracterizando o predomínio de ar frio e instável;Outono;;;;;;;;;;;;;;;;;;;;;
2021-03-21 00:00:00;Norte;mEc;A região delimitada abrange a bacia amazônica, onde a massa de ar quente e úmida de origem continental predomina sem influência de sistemas frontais externos.;Outono;;;;;;;;;;;;;;;;;;;;;
2021-03-21 00:00:00;Nordeste;mTa;A região do Nordeste delimitada encontra-se sob influência predominante do escoamento de leste do Atlântico, caracterizando a atuação da Massa Tropical Atlântica.;Outono;;;;;;;;;;;;;;;;;;;;;
2021-03-21 00:00:00;Litoral;mTa;O setor delimitado encontra-se sob efeito do fluxo marítimo da alta pressão do Atlântico, apresentando características de massa quente e úmida típica de sua área de atuação.;Outono;;;;;;;;;;;;;;;;;;;;;
2021-03-21 00:00:00;Centro;mTa;A área apresenta influência do escoamento marítimo vindo do Atlântico, caracterizando a predominância da Massa Tropical Atlântica sobre o interior do Brasil central.;Outono;;;;;;;;;;;;;;;;;;;;;
2021-03-21 00:00:00;Sul;mPa;A região delimitada encontra-se sob a influência direta do avanço de uma massa de ar frio e úmido após a passagem de sistema frontal, evidenciado pelos gradientes de pressão e vent;Outono;;;;;;;;;;;;;;;;;;;;;
2021-03-22 00:00:00;Norte;mEc;A região delimitada compreende a bacia amazônica e áreas centrais do continente, onde a massa equatorial continental apresenta domínio de características quentes e úmidas.;Outono;;;;;;;;;;;;;;;;;;;;;
2021-03-22 00:00:00;Nordeste;mTa;A regiao encontra-se sob o fluxo do escoamento de leste-sudeste proveniente do Atlantico Sul, sob dominio da circulacao da alta subtropical, caracterizando a atuacao da mTa.;Outono;;;;;;;;;;;;;;;;;;;;;
2021-03-22 00:00:00;Litoral;mTa;Regiao sob influencia do fluxo marítimo da alta subtropical, caracterizando o domínio da massa Tropical Atlântica com transporte de umidade em direção ao litoral.;Outono;;;;;;;;;;;;;;;;;;;;;
2021-03-22 00:00:00;Centro;mPa;A região delimitada encontra-se após a passagem de um sistema frontal (linha azul com triângulos), caracterizando o avanço de uma massa de ar frio e úmida sobre o setor.;Outono;;;;;;;;;;;;;;;;;;;;;
2021-03-22 00:00:00;Sul;mPa;Observa-se o avanço de uma massa de ar frio logo após a passagem da frente fria no setor, caracterizando a mPa atuando sobre a Região Sul do Brasil.;Outono;;;;;;;;;;;;;;;;;;;;;
2021-03-23 00:00:00;Norte;mEc;A região delimitada abrange a bacia amazônica, caracterizada pela presença de ar quente e úmido de origem continental, sob regime de calmaria, definindo o domínio da mEc.;Outono;;;;;;;;;;;;;;;;;;;;;
2021-03-23 00:00:00;Nordeste;mTa;Região sob influência direta do escoamento marítimo de leste/sudeste associado à célula de alta pressão do Atlântico, configurando a predominância da massa de ar Tropical Atlântica;Outono;;;;;;;;;;;;;;;;;;;;;
2021-03-23 00:00:00;Litoral;mTa;A regiao delimitada esta sob influencia direta do fluxo maritimo oriundo do oceano Atlantico, caracterizando-se pela atuacao da massa de ar Tropical Atlantica, quente e umida.;Outono;;;;;;;;;;;;;;;;;;;;;
2021-03-23 00:00:00;Centro;mTa;A regiao encontra-se sob o dominio do fluxo instavel de umidade do oceano e circulacao de alta pressao, caracterizando a predominancia da Massa Tropical Atlantica (mTa) no setor.;Outono;;;;;;;;;;;;;;;;;;;;;
2021-03-23 00:00:00;Sul;mPa;A região delimitada localiza-se na retaguarda de um sistema frontal, sob a influência direta do avanço de uma massa de ar frio e úmido de origem polar.;Outono;;;;;;;;;;;;;;;;;;;;;
2021-03-24 00:00:00;Norte;mEc;Regiao central e norte da Amazonia, apresentando caracteristicas tipicas de origem continental, quente e umida, sem interferencia de sistemas frontais ou circulatorios externos.;Outono;;;;;;;;;;;;;;;;;;;;;
2021-03-24 00:00:00;Nordeste;mTa;A região encontra-se sob influência do fluxo equatorial/tropical do Atlântico, predominantemente quente e úmido, característico da atuação da Massa Tropical Atlântica.;Outono;;;;;;;;;;;;;;;;;;;;;
2021-03-24 00:00:00;Litoral;mTa;A regiao delimitada esta sob influencia direta do fluxo zonal do quadrante leste, caracteristico da massa Tropical Atlantica, com predominancia de umidade e temperaturas elevadas.;Outono;;;;;;;;;;;;;;;;;;;;;
2021-03-24 00:00:00;Centro;mTc;A regiao delimitada esta sob influencia da Depressao do Chaco, caracterizando-se por ar quente e seco, tipico da Massa Tropical Continental que domina o interior do continente.;Outono;;;;;;;;;;;;;;;;;;;;;
2021-03-24 00:00:00;Sul;mTa;A região encontra-se sob o fluxo do gradiente de pressão periférico da Alta do Atlântico Sul, caracterizando a predominância e o transporte de umidade da Massa Tropical Atlântica.;Outono;;;;;;;;;;;;;;;;;;;;;
2021-03-25 00:00:00;Norte;mEc;A região delimitada abrange a bacia amazônica, onde a Massa Equatorial Continental prevalece devido às características de alta umidade, calor e ausência de sistemas frontais.;Outono;;;;;;;;;;;;;;;;;;;;;
2021-03-25 00:00:00;Nordeste;mTa;A região sob análise é influenciada predominantemente por características da mTa, caracterizada por escoamento marítimo quente e úmido sobre o Nordeste brasileiro.;Outono;;;;;;;;;;;;;;;;;;;;;
2021-03-25 00:00:00;Litoral;mEa;A região delimitada no litoral nordeste encontra-se sob a influência direta da Massa Equatorial Atlântica, caracterizada pelo fluxo de ar quente e úmido vindo do oceano.;Outono;;;;;;;;;;;;;;;;;;;;;
2021-03-25 00:00:00;Centro;mTa;A regiao delimitada esta sob influencia direta do fluxo subtropical de umidade proveniente do oceano, caracterizando a predominancia da massa Tropical Atlantica.;Outono;;;;;;;;;;;;;;;;;;;;;
2021-03-25 00:00:00;Sul;mTa;Regiao sob influencia do escoamento oceanico pre-frontal, caracterizada por transporte de umidade e calor do Atlantico Sul, predominando sob os gradientes de pressao da ASAS.;Outono;;;;;;;;;;;;;;;;;;;;;
2021-03-26 00:00:00;Norte;mEc;Regiao situada sobre a bacia Amazonica, caracterizada pelo dominio de massa quente e umida de origem continental, tipica da circulacao tropical interna sem influencia de sistemas f;Outono;;;;;;;;;;;;;;;;;;;;;
2021-03-26 00:00:00;Nordeste;mTa;A região encontra-se sob influência do fluxo de leste marítimo associado ao campo de alta pressão, caracterizando o domínio da massa tropical atlântica quente e úmida.;Outono;;;;;;;;;;;;;;;;;;;;;
2021-03-26 00:00:00;Litoral;mTa;A região delimitada está sob influência do fluxo da circulação marítima da Alta Subtropical do Atlântico Sul, caracterizando a predominância da Massa Tropical Atlântica.;Outono;;;;;;;;;;;;;;;;;;;;;
2021-03-26 00:00:00;Centro;mTa;A região delimitada encontra-se sob domínio de uma área de alta pressão associada à circulação marítima, caracterizando o predomínio da massa Tropical Atlântica (mTa).;Outono;;;;;;;;;;;;;;;;;;;;;
2021-03-26 00:00:00;Sul;mPa;A região delimitada encontra-se na retaguarda de uma frente fria e sob influxo de advecção de ar frio e úmido, caracterizando a atuação da massa de ar polar.;Outono;;;;;;;;;;;;;;;;;;;;;
2021-03-27 00:00:00;Norte;mEc;A região delimitada abrange a bacia amazônica. A ausência de sistemas frontais e o posicionamento continental confirmam o predomínio da Massa Equatorial Continental, quente e úmida;Outono;;;;;;;;;;;;;;;;;;;;;
2021-03-27 00:00:00;Nordeste;mTa;A região do Nordeste delimitada encontra-se sob influência direta do escoamento marítimo, sendo dominada pelas características térmicas e de umidade da Massa Tropical Atlântica (mT;Outono;;;;;;;;;;;;;;;;;;;;;
2021-03-27 00:00:00;Litoral;mTa;A região delimitada está sob forte influência do fluxo marítimo de sudeste associado ao escoamento da alta pressão subtropical do Atlântico Sul, caracterizando o predomínio de mTa.;Outono;;;;;;;;;;;;;;;;;;;;;
2021-03-27 00:00:00;Centro;mTa;Regiao sob influencia do escoamento oceanico, caracterizando a predominancia de massa quente e umida de origem maritima sobre o setor central do Brasil.;Outono;;;;;;;;;;;;;;;;;;;;;
2021-03-27 00:00:00;Sul;mPa;Região situada na retaguarda de um sistema frontal, com gradiente de pressão característico da incursão de ar polar sob regime de alta pressão.;Outono;;;;;;;;;;;;;;;;;;;;;
2021-03-28 00:00:00;Norte;mEc;A regiao delimitada esta sob influencia da Massa Equatorial Continental, caracterizada por ar quente e umido, predominante sobre a bacia Amazonica na ausencia de sistemas frontais.;Outono;;;;;;;;;;;;;;;;;;;;;
2021-03-28 00:00:00;Nordeste;mTa;Predominância de escoamento marítimo quente e úmido sobre a costa e interior do Nordeste, sob influência do fluxo de leste da alta pressão subtropical do Atlântico Sul.;Outono;;;;;;;;;;;;;;;;;;;;;
2021-03-28 00:00:00;Litoral;mTa;A regiao delimitada esta sob o dominio do fluxo de leste/sudeste associado a ASAS, caracterizando o transporte de ar quente e umido tipico da Massa Tropical Atlantica.;Outono;;;;;;;;;;;;;;;;;;;;;
2021-03-28 00:00:00;Centro;mTc;Região situada no interior do continente (Depressão do Chaco e centro-oeste do Brasil), caracterizada por ar quente e seco sob regime de subsidência sem influência de sistemas fron;Outono;;;;;;;;;;;;;;;;;;;;;
2021-03-28 00:00:00;Sul;mPa;A região delimitada encontra-se na retaguarda de um sistema frontal, sendo influenciada pela incursão de ar mais frio e seco de origem polar.;Outono;;;;;;;;;;;;;;;;;;;;;
2021-03-29 00:00:00;Norte;mEc;Regiao central e norte do pais sob influencia da Massa Equatorial Continental, caracterizada por ar quente e umido tipico da bacia amazonica.;Outono;;;;;;;;;;;;;;;;;;;;;
2021-03-29 00:00:00;Nordeste;mTa;Predominância da circulação marítima nos baixos níveis, com transporte de umidade do oceano para o continente, sob influência da gradiente de alta pressão do Atlântico Sul.;Outono;;;;;;;;;;;;;;;;;;;;;
2021-03-29 00:00:00;Litoral;mTa;Região sob influência direta da circulação marítima da ASAS, caracterizada por transporte de umidade do oceano para o leste do Nordeste brasileiro.;Outono;;;;;;;;;;;;;;;;;;;;;
2021-03-29 00:00:00;Centro;mPa;Regiao sob incidencia de ar frio e seco, caracterizando a retaguarda de um sistema frontal que avanca pelo interior do continente.;Outono;;;;;;;;;;;;;;;;;;;;;
2021-03-29 00:00:00;Sul;mPa;A região encontra-se sob efeito de circulação pós-frontal, com advecção de umidade e ar mais frio evidente pelas temperaturas em declínio na área delimitada.;Outono;;;;;;;;;;;;;;;;;;;;;
2021-03-30 00:00:00;Norte;mEc;Região situada sobre a bacia amazônica, caracterizada por altas temperaturas e elevada umidade, sob predomínio da massa de ar quente e úmida de origem continental.;Outono;;;;;;;;;;;;;;;;;;;;;
2021-03-30 00:00:00;Nordeste;mTa;Regiao sob influencia predominante da circulacao de leste/sudeste, condizente com a trajetoria da massa tropical atlantica que transporta umidade para o setor leste do Nordeste.;Outono;;;;;;;;;;;;;;;;;;;;;
2021-03-30 00:00:00;Litoral;mTa;A regiao delimitada esta sob influencia direta do escoamento maritimo associado ao sistema de alta pressao do Atlantico Sul, caracterizando a predominancia de massa Tropical Atlant;Outono;;;;;;;;;;;;;;;;;;;;;
2021-03-30 00:00:00;Centro;mTa;Regiao sob influencia fluxos do Atlantico Sul. Caracterizada por temperaturas elevadas e alta umidade, predominando fora da zona de influencia direta da massa polar ao sul.;Outono;;;;;;;;;;;;;;;;;;;;;
2021-03-30 00:00:00;Sul;mPa;A regiao delimitada encontra-se na retaguarda de um sistema frontal, caracterizada pelo ingresso de ar frio e seco, consolidando o domínio da Massa Polar Atlântica.;Outono;;;;;;;;;;;;;;;;;;;;;
2021-03-31 00:00:00;Norte;mEc;Região central dos valores de pressão observado, caracterizado por ar quente e úmido típico da bacia amazônica, sem influência de sistemas extratropicais ou de subsidência oceânica;Outono;;;;;;;;;;;;;;;;;;;;;
2021-03-31 00:00:00;Nordeste;mTa;A região encontra-se sob influência do fluxo de leste/sudeste proveniente do Atlântico Sul, caracterizando o domínio da massa Tropical Atlântica com ar quente e úmido.;Outono;;;;;;;;;;;;;;;;;;;;;
2021-03-31 00:00:00;Litoral;mTa;Regiao sob influencia do fluxo marítimo da alta pressão do Atlântico, caracterizando a predominância de ar quente e úmido com transporte de umidade constante para o litoral.;Outono;;;;;;;;;;;;;;;;;;;;;
2021-03-31 00:00:00;Centro;mTa;A região encontra-se sob influência do fluxo de circulação marítima da Alta Subtropical do Atlântico Sul, caracterizando a predominância da Massa Tropical Atlântica (mTa).;Outono;;;;;;;;;;;;;;;;;;;;;
2021-03-31 00:00:00;Sul;mPa;A região delimitada situa-se sob o fluxo pós-frontal, com gradiente de pressão indicando o domínio de ar frio e seco característico da Massa Polar Atlântica.;Outono;;;;;;;;;;;;;;;;;;;;;
2021-04-01 00:00:00;Norte;mEc;A região delimitada ocupa a porção central e norte do território brasileiro, caracterizada por baixas pressões e alta umidade, típicas da influência da Massa Equatorial Continental;Outono;;;;;;;;;;;;;;;;;;;;;
2021-04-01 00:00:00;Nordeste;mTa;A região encontra-se sob influência do fluxo de leste/sudeste proveniente do Atlântico, característico da massa tropical atlântica, que predomina sobre o setor leste do Nordeste.;Outono;;;;;;;;;;;;;;;;;;;;;
2021-04-01 00:00:00;Litoral;mTa;A região é dominada pelo fluxo marítimo característico da massa Tropical Atlântica, apresentando umidade elevada e temperatura típica de regiões costeiras sob influência oceânica.;Outono;;;;;;;;;;;;;;;;;;;;;
2021-04-01 00:00:00;Centro;mTa;Região dominada por circulação anticiclônica oceânica que impulsiona o fluxo de nordeste sobre o Centro-Oeste e Sudeste, caracterizando o predomínio da massa tropical marítima.;Outono;;;;;;;;;;;;;;;;;;;;;
2021-04-01 00:00:00;Sul;mPa;Prevalencia de ar frio e seco apos a passagem de sistema frontal, com vetores de vento indicando subsidencia e adveccao de ar poliar na regiao sul do retangulo.;Outono;;;;;;;;;;;;;;;;;;;;;
2021-04-02 00:00:00;Norte;mEc;A região amazônica, delimitada pelo retângulo, apresenta características de instabilidade e umidade elevadas, sob domínio da Massa Equatorial Continental.;Outono;;;;;;;;;;;;;;;;;;;;;
2021-04-02 00:00:00;Nordeste;mTa;A região encontra-se sob influência do fluxo de leste/sudeste proveniente do Atlântico, caracterizando o domínio da massa Tropical Atlântica com características quentes e úmidas.;Outono;;;;;;;;;;;;;;;;;;;;;
2021-04-02 00:00:00;Litoral;mTa;A região delimitada no litoral do Sudeste/Nordeste encontra-se sob domínio do escoamento marítimo associado à circulação anticiclônica, caracterizando a atuação da massa Tropical A;Outono;;;;;;;;;;;;;;;;;;;;;
2021-04-02 00:00:00;Centro;mPa;A região demarcada encontra-se atrás de um sistema frontal frio com escoamento de quadrante sul, caracterizando o avanço e domínio da massa de ar polar sobre o setor.;Outono;;;;;;;;;;;;;;;;;;;;;
2021-04-02 00:00:00;Sul;mPa;A região apresenta declínio térmico e advecção fria, característicos da mPa que ingressa no continente após a passagem do sistema frontal identificado na carta sinótica.;Outono;;;;;;;;;;;;;;;;;;;;;
2021-04-03 00:00:00;Norte;mEc;Região centrada na Bacia Amazônica, onde predomina a Massa Equatorial Continental, caracterizada por ser quente e úmida, típica da atuação do calor tropical e umidade continental.;Outono;;;;;;;;;;;;;;;;;;;;;
2021-04-03 00:00:00;Nordeste;mEa;Regiao sob incidencia de fluxo de baixos niveis do Atlantico equatorial, caracterizando a atuacao da massa de ar quente e umida sobre o setor norte/nordeste do Brasil.;Outono;;;;;;;;;;;;;;;;;;;;;
2021-04-03 00:00:00;Litoral;mTa;Zona sob influência direta do gradiente de pressão periférico da ASAS (Atlântico Sul), caracterizada por características de massa tropical marítima estável ao longo da costa leste.;Outono;;;;;;;;;;;;;;;;;;;;;
2021-04-03 00:00:00;Centro;mTa;A região encontra-se sob o fluxo do escoamento marítimo integrado ao gradiente de pressão periférico à ASAS, configurando o predomínio da massa tropical atlântica no setor.;Outono;;;;;;;;;;;;;;;;;;;;;
2021-04-03 00:00:00;Sul;mPa;Região sob influência de massa de ar frio e seco, caracterizada pela subsidência pós-frontal e valores térmicos reduzidos observados nas estações meteorológicas do setor.;Outono;;;;;;;;;;;;;;;;;;;;;
2021-04-04 00:00:00;Norte;mEc;A região demarcada encontra-se sobre a bacia amazônica, caracterizada por altas temperaturas e elevada umidade, indicando o domínio da Massa Equatorial Continental.;Outono;;;;;;;;;;;;;;;;;;;;;
2021-04-04 00:00:00;Nordeste;mTa;A região encontra-se sob influência do fluxo de leste estabelecido pelo gradiente de pressão do Atlântico Sul, caracterizando o predomínio de características da mTa.;Outono;;;;;;;;;;;;;;;;;;;;;
2021-04-04 00:00:00;Litoral;mTa;Região sob influência direta do escoamento marítimo induzido pela ASAS, caracterizando transporte de umidade e ar quente sobre o setor costeiro do Nordeste.;Outono;;;;;;;;;;;;;;;;;;;;;
2021-04-04 00:00:00;Centro;mTa;Regiao sob influencia do escoamento instavel de leste/nordeste da massa tropical atlantica, caracterizada por temperaturas amenas a elevadas e umidade transportada do oceano.;Outono;;;;;;;;;;;;;;;;;;;;;
2021-04-04 00:00:00;Sul;mPa;A região apresenta o avanço e a estabilização de uma massa de ar frio e seco (mPa) na retaguarda de um sistema frontal, caracterizada pelos gradientes de temperatura e pressão.;Outono;;;;;;;;;;;;;;;;;;;;;
2021-04-05 00:00:00;Norte;mEc;A região delimitada compreende a bacia Amazônica, onde se verifica a presença predominante da massa de ar quente e úmida de origem continental, característica da mEc nesta época.;Outono;;;;;;;;;;;;;;;;;;;;;
2021-04-05 00:00:00;Nordeste;mTa;A região encontra-se sob influência da circulação da alta pressão do Atlântico Sul, caracterizando a predominância da massa Tropical Atlântica, instável e quente.;Outono;;;;;;;;;;;;;;;;;;;;;
2021-04-05 00:00:00;Litoral;mTa;A área está sob influência direta do escoamento marítimo persistente associado ao anticiclone do Atlântico Sul, caracterizando a predominância da Massa Tropical Atlântica.;Outono;;;;;;;;;;;;;;;;;;;;;
2021-04-05 00:00:00;Centro;mTa;Região sob influência direta do fluxo de leste/nordeste da circulação marítima, caracterizando o predomínio de ar quente e úmido transportado do oceano para o continente.;Outono;;;;;;;;;;;;;;;;;;;;;
2021-04-05 00:00:00;Sul;mTa;A região delimitada localiza-se sob o domínio do escoamento da alta pressão subtropical do Atlântico Sul, caracterizando a predominância de ar quente e úmido da mTa.;Outono;;;;;;;;;;;;;;;;;;;;;
2021-04-06 00:00:00;Norte;mEc;A regiao delimitada esta sob influencia direta da massa de ar quente e umida caracteristica da bacia amazonica, em situacao de estabilidade atmosferica tipica do ramo continental.;Outono;;;;;;;;;;;;;;;;;;;;;
2021-04-06 00:00:00;Nordeste;mTa;Regiao sob predominio da circulacao periferica da alta pressao do Atlantico Sul, caracterizando o transporte de umidade e estabilidade tipicos da massa Tropical Atlantica.;Outono;;;;;;;;;;;;;;;;;;;;;
2021-04-06 00:00:00;Litoral;mTa;A região delimitada encontra-se sob a influência do escoamento de leste/sudeste associado à célula de alta pressão, caracterizando a predominância da Massa Tropical Atlântica.;Outono;;;;;;;;;;;;;;;;;;;;;
2021-04-06 00:00:00;Centro;mPa;A região demarcada apresenta um resfriamento notável com o avanço de ventos do quadrante sul/sudoeste, caracterizando a penetração e o domínio da massa polar após a frente fria.;Outono;;;;;;;;;;;;;;;;;;;;;
2021-04-06 00:00:00;Sul;mPa;A região encontra-se sob influência de uma massa de ar pós-frontal (retaguarda da frente fria), caracterizada por um gradiente de pressão que favorece o ingresso da mPa.;Outono;;;;;;;;;;;;;;;;;;;;;
2021-04-07 00:00:00;Norte;mEc;A região delimitada abrange a bacia amazônica e adjacências, sob domínio de ar quente e úmido de origem continental, característico da atuação da Massa Equatorial Continental.;Outono;;;;;;;;;;;;;;;;;;;;;
2021-04-07 00:00:00;Nordeste;mTa;Região delimitada sob influência do escoamento marítimo de leste, caracterizado pela atuação da massa de ar tropical atlântica, garantindo umidade e aquecimento na costa e interior;Outono;;;;;;;;;;;;;;;;;;;;;
2021-04-07 00:00:00;Litoral;mEa;A região delimitada no litoral nordeste encontra-se sob influência da Massa Equatorial Atlântica, caracterizada pelo fluxo de ar quente e úmido predominante nesta latitude.;Outono;;;;;;;;;;;;;;;;;;;;;
2021-04-07 00:00:00;Centro;mTa;A região encontra-se sob influência da circulação da alta pressão do Atlântico Sul, caracterizando o predomínio de ar quente e úmido transportado do oceano para o continente.;Outono;;;;;;;;;;;;;;;;;;;;;
2021-04-07 00:00:00;Sul;mPa;A região apresenta declínio de temperaturas e ventos do quadrante sul após a passagem de uma frente fria, caracterizando o avanço e predomínio da massa de ar polar ativa.;Outono;;;;;;;;;;;;;;;;;;;;;
2021-04-08 00:00:00;Norte;mEc;Regiao posicionada sobre a bacia Amazonica, apresentando caracteristicas termicas elevadas e umidade elevada, sem influencia de sistemas frontais, predominando a Massa Equatorial C;Outono;;;;;;;;;;;;;;;;;;;;;
2021-04-08 00:00:00;Nordeste;mTa;Predominância de escoamento marítimo quente e úmido sob influência direta do gradiente de pressão periférico da ASAS, estabelecendo a mTa sobre o litoral e interior do Nordeste.;Outono;;;;;;;;;;;;;;;;;;;;;
2021-04-08 00:00:00;Litoral;mTa;A região delimitada está sob influência do escoamento marítimo associado ao sistema de alta pressão no oceano, caracterizando o predomínio de ar quente e úmido de origem tropical.;Outono;;;;;;;;;;;;;;;;;;;;;
2021-04-08 00:00:00;Centro;mTa;A região encontra-se sob o domínio da circulação anticiclônica do Atlântico Sul, caracterizando a predominância da Massa Tropical Atlântica com escoamento de leste/nordeste.;Outono;;;;;;;;;;;;;;;;;;;;;
2021-04-08 00:00:00;Sul;mPa;Regiao sob incidencia de fluxo de sul/sudeste, com temperaturas mais baixas e ventos predominantemente do quadrante sul apos a passagem de sistema frontal, caracterizando a mPa.;Outono;;;;;;;;;;;;;;;;;;;;;
2021-04-09 00:00:00;Norte;mEc;Regiao central da Amazonia sem influencias frontais, predominando ar quente e umido caracteristico da Massa Equatorial Continental sobre o continente.;Outono;;;;;;;;;;;;;;;;;;;;;
2021-04-09 00:00:00;Nordeste;mTa;Predominio da massa de ar Tropical Atlantica na região, caracterizada por fluxos de leste influenciados pelo campo de alta pressao oceânico que se estende sobre o litoral e interio;Outono;;;;;;;;;;;;;;;;;;;;;
2021-04-09 00:00:00;Litoral;mTa;Regiao sob influencia do escoamento do anticiclone subtropical, configurando fluxo de leste/sudeste caracteristico da Massa Tropical Atlantica, com adveccao de calor e umidade.;Outono;;;;;;;;;;;;;;;;;;;;;
2021-04-09 00:00:00;Centro;mTa;Regiao sob influencia do fluxo quente e umido proveniente do oceano, caracteristico da circulacao de alta pressao que predomina sobre o continente no setor.;Outono;;;;;;;;;;;;;;;;;;;;;
2021-04-09 00:00:00;Sul;mPa;A região delimitada situa-se sob influência de massa de ar pós-frontal, com advecção fria e umidade associada ao deslocamento de uma frente fria sobre o setor Sudeste/Sul.;Outono;;;;;;;;;;;;;;;;;;;;;
2021-04-10 00:00:00;Norte;mEc;A região demarcada encontra-se sobre a bacia amazônica. A característica térmica e de umidade observada é consistente com a massa de ar Equatorial Continental.;Outono;;;;;;;;;;;;;;;;;;;;;
2021-04-10 00:00:00;Nordeste;mTa;A região encontra-se sob influência direta do fluxo marítimo dos ventos alísios, característico da circulação da Alta do Atlântico Sul, predominando a massa Tropical Atlântica.;Outono;;;;;;;;;;;;;;;;;;;;;
2021-04-10 00:00:00;Litoral;mTa;Região sob influência direta da circulação marítima da alta pressão subtropical. A estabilidade termodinâmica e umidade característica definem a predominância da Massa Tropical Atl;Outono;;;;;;;;;;;;;;;;;;;;;
2021-04-10 00:00:00;Centro;mTa;Região sob influência da circulação anticiclônica do Atlântico Sul, caracterizando a predominância de uma massa de ar quente e úmida sobre o Centro-Oeste brasileiro.;Outono;;;;;;;;;;;;;;;;;;;;;
2021-04-10 00:00:00;Sul;mPa;A região demarcada encontra-se na retaguarda de um sistema frontal, caracterizada pela incursão de ar frio e seco de origem polar com gradiente de pressão instalado.;Outono;;;;;;;;;;;;;;;;;;;;;
2021-04-11 00:00:00;Norte;mEc;A região delimitada abrange a bacia amazônica, onde predomina a Massa Equatorial Continental, caracterizada pela alta instabilidade e elevada umidade típica do interior do continen;Outono;;;;;;;;;;;;;;;;;;;;;
2021-04-11 00:00:00;Nordeste;mTa;A região encontra-se sob influência predominante do escoamento marítimo associado à alta subtropical do Atlântico, caracterizando a atuação da massa Tropical Atlântica.;Outono;;;;;;;;;;;;;;;;;;;;;
2021-04-11 00:00:00;Litoral;mTa;A região destaca-se sob influência do fluxo marítimo de leste, caracterizado pelo transporte de umidade e calor oceânico condizente com a Massa Tropical Atlântica (mTa).;Outono;;;;;;;;;;;;;;;;;;;;;
2021-04-11 00:00:00;Centro;mTa;A região destacada está sob influência da circulação da alta pressão do Atlântico Sul, caracterizando o predomínio de características de Massa Tropical Atlântica (mTa).;Outono;;;;;;;;;;;;;;;;;;;;;
2021-04-11 00:00:00;Sul;mPa;A região delimitada apresenta características de ar frio e seco, situando-se na retaguarda de uma frente fria oceânica em deslocamento, configurando a incursão da massa polar atlân;Outono;;;;;;;;;;;;;;;;;;;;;
2021-04-12 00:00:00;Norte;mEc;A região delimitada abrange a bacia amazônica e adjacências, sob domínio característico da Massa Equatorial Continental, que apresenta elevadas temperaturas e alta umidade.;Outono;;;;;;;;;;;;;;;;;;;;;
2021-04-12 00:00:00;Nordeste;mTa;A região encontra-se sob influência direta do escoamento marítimo associado ao Anticiclone Subtropical do Atlântico Sul, caracterizando a predominância da Massa Tropical Atlântica.;Outono;;;;;;;;;;;;;;;;;;;;;
2021-04-12 00:00:00;Litoral;mTa;A região delimitada pelo retângulo vermelho está sob a influência do escoamento marítimo provindo do Atlântico Sul, caracterizando a predominância da Massa Tropical Atlântica.;Outono;;;;;;;;;;;;;;;;;;;;;
2021-04-12 00:00:00;Centro;mTa;Regiao sob incidencia do fluxo do anticiclone subtropical do Atlantico Sul, caracterizando a predominancia de caracteristicas da massa Tropical Atlantica quente e umida.;Outono;;;;;;;;;;;;;;;;;;;;;
2021-04-12 00:00:00;Sul;mPa;A região delimitada situa-se na retaguarda de um sistema frontal (linha azul com triângulos), caracterizada pelo ingresso de ar frio e úmido com ventos do quadrante sul.;Outono;;;;;;;;;;;;;;;;;;;;;
2021-04-13 00:00:00;Norte;mEc;Região central da Bacia Amazônica sob domínio característico da Massa Equatorial Continental, apresentando umidade elevada e temperaturas típicas de ambiente tropical continental.;Outono;;;;;;;;;;;;;;;;;;;;;
2021-04-13 00:00:00;Nordeste;mTa;Predominio de circulacao de leste/sudeste associada ao transporte de umidade do Atlantico Sul, caracterizando a atuacao estavel da Massa Tropical Atlantica sobre a regiao.;Outono;;;;;;;;;;;;;;;;;;;;;
2021-04-13 00:00:00;Litoral;mTa;A região delimitada encontra-se sob o domínio do fluxo marítimo do quadrante leste/sudeste, mantendo características de ar tropical quente e úmido sobre o litoral.;Outono;;;;;;;;;;;;;;;;;;;;;
2021-04-13 00:00:00;Centro;mTa;A região apresenta características de estabilidade e circulação marítima, sob influência da atuação da ASAS, configurando o predomínio da massa de ar Tropical Atlântica (mTa).;Outono;;;;;;;;;;;;;;;;;;;;;
2021-04-13 00:00:00;Sul;mPa;A região apresenta o avanço de um sistema pós-frontal, com gradiente de pressão e registros de temperaturas mais amenas típicos da mPa atuando sobre o Sul do Brasil.;Outono;;;;;;;;;;;;;;;;;;;;;
2021-04-14 00:00:00;Norte;mEc;Região centrada na Bacia Amazônica, caracterizada pela presença de ar quente e úmido de origem continental, sem influência de sistemas extratropicais ou avanço de massas polares.;Outono;;;;;;;;;;;;;;;;;;;;;
2021-04-14 00:00:00;Nordeste;mTa;Predominância de escoamento marítimo quente e úmido vindo do Atlântico, caracterizando a influência da Massa Tropical Atlântica sobre a região do Nordeste brasileiro.;Outono;;;;;;;;;;;;;;;;;;;;;
2021-04-14 00:00:00;Litoral;mTa;A região delimitada encontra-se sob domínio da circulação marítima da alta pressão, caracterizando a atuação da massa Tropical Atlântica com características quentes e úmidas.;Outono;;;;;;;;;;;;;;;;;;;;;
2021-04-14 00:00:00;Centro;mPa;A região central encontra-se sob efeito direto do avanço da massa de ar polar, evidenciado pela queda dos valores de temperatura e ponto de orvalho atrás da frente fria.;Outono;;;;;;;;;;;;;;;;;;;;;
2021-04-14 00:00:00;Sul;mPa;A região delimitada encontra-se sob efeito de advecção fria logo após a passagem de uma frente fria, caracterizada pela queda nas temperaturas e estabilidade pós-frontal.;Outono;;;;;;;;;;;;;;;;;;;;;
2021-04-15 00:00:00;Norte;mEc;A região delimitada sobre a bacia amazônica caracteriza-se pela predominância de ar quente e úmido de origem equatorial continental, mantendo estabilidade térmica inerente à massa ;Outono;;;;;;;;;;;;;;;;;;;;;
2021-04-15 00:00:00;Nordeste;mTa;Região sob influência direta do escoamento marítimo de leste/sudeste associado à célula de alta pressão do Atlântico Sul, caracterizando a predominância da massa Tropical Atlântica;Outono;;;;;;;;;;;;;;;;;;;;;
2021-04-15 00:00:00;Litoral;mTa;A região delimitada está sob forte influência do fluxo marítimo da circulação anticiclônica oceânica, caracterizando o predomínio da massa Tropical Atlântica (mTa).;Outono;;;;;;;;;;;;;;;;;;;;;
2021-04-15 00:00:00;Centro;mTa;A região delimitada encontra-se sob influência da circulação da alta subtropical, caracterizando o predomínio de ar quente e úmido transportado do oceano para o continente.;Outono;;;;;;;;;;;;;;;;;;;;;
2021-04-15 00:00:00;Sul;mPa;A região delimitada encontra-se sob efeito da incursão de ar frio e seco após a passagem de sistema frontal, caracterizando o predomínio da Massa Polar Atlântica sobre o setor.;Outono;;;;;;;;;;;;;;;;;;;;;
2021-04-16 00:00:00;Norte;mEc;A região delimitada abrange a bacia amazônica, onde o escoamento está sob domínio da Massa Equatorial Continental, caracterizada por elevados índices de umidade e calor.;Outono;;;;;;;;;;;;;;;;;;;;;
2021-04-16 00:00:00;Nordeste;mTa;A região sob análise é dominada pela circulação periférica da alta subtropical, caracterizando a atuação da massa de ar Tropical Atlântica, quente e úmida, sobre o setor nordestino;Outono;;;;;;;;;;;;;;;;;;;;;
2021-04-16 00:00:00;Litoral;mTa;A regiao do retangulo esta sob influencia do escoamento do setor oeste da alta subtropical, caracterizando a predominancia da massa Tropical Atlantica quente e umida.;Outono;;;;;;;;;;;;;;;;;;;;;
2021-04-16 00:00:00;Centro;mTa;A região sob o retângulo está situada sob a influência do escoamento anticlônico oceânico, caracterizando a predominância da Massa Tropical Atlântica com ar quente e úmido.;Outono;;;;;;;;;;;;;;;;;;;;;
2021-04-16 00:00:00;Sul;mPa;A regiao delimitada esta sob influencia de uma massa de ar frio e seco (mPa), posicionada a retaguarda de um sistema frontal que avanca pelo setor Sul e Sudeste do Brasil.;Outono;;;;;;;;;;;;;;;;;;;;;
2021-04-17 00:00:00;Norte;mEc;A regiao delimitada esta inteiramente sobre a bacia amazonica, caracterizada pelo dominio da massa Equatorial Continental, que apresenta elevadas temperaturas e alta umidade.;Outono;;;;;;;;;;;;;;;;;;;;;
2021-04-17 00:00:00;Nordeste;mTa;Predominio de umidade e calor trazidos pelo fluxo de leste do Atlantico Sul, caracterizando a influencia da massa Tropical Atlantica sobre a regiao delimitada.;Outono;;;;;;;;;;;;;;;;;;;;;
2021-04-17 00:00:00;Litoral;mEa;A região delimitada no litoral nordeste encontra-se sob influência equatorial direta, caracterizada por temperaturas elevadas e alta umidade, sendo dominada pela mEa.;Outono;;;;;;;;;;;;;;;;;;;;;
2021-04-17 00:00:00;Centro;mTa;A região encontra-se sob influência da circulação da ASAS no Atlântico Sul, estabelecendo um fluxo de ar marítimo morno e úmido característico da massa Tropical Atlântica.;Outono;;;;;;;;;;;;;;;;;;;;;
2021-04-17 00:00:00;Sul;mPa;A região delimitada encontra-se sob influência de massa de ar frio e úmido após a passagem de um sistema frontal, caracterizando a atuação da mPa no setor.;Outono;;;;;;;;;;;;;;;;;;;;;
2021-04-18 00:00:00;Norte;mEc;Região localizada sobre a bacia amazônica, caracterizada por altas temperaturas e elevada umidade, sob influência direta e predominante da Massa Equatorial Continental.;Outono;;;;;;;;;;;;;;;;;;;;;
2021-04-18 00:00:00;Nordeste;mTa;Predomínio de massa tropical atlântica. A região é influenciada pelo fluxo de leste transportando ar quente e úmido vindo do oceano, característico da circulação de base da ASAS.;Outono;;;;;;;;;;;;;;;;;;;;;
2021-04-18 00:00:00;Litoral;mTa;A região do litoral leste está sob influência do escoamento marítimo provindo da circulação do sistema de alta pressão, caracterizando a predominância da massa Tropical Atlântica.;Outono;;;;;;;;;;;;;;;;;;;;;
2021-04-18 00:00:00;Centro;mPa;A regiao delimitada encontra-se sob a influência direta do avanço de uma massa de ar pós-frontal, caracterizada pela advecção de um ar mais frio e denso sobre o Sudeste/Centro-Oest;Outono;;;;;;;;;;;;;;;;;;;;;
2021-04-18 00:00:00;Sul;mPa;A região apresenta o avanço de uma massa de ar fria e estável, caracterizada por temperaturas amenas e declínio acentuado após a passagem do sistema frontal (B).;Outono;;;;;;;;;;;;;;;;;;;;;
2021-04-19 00:00:00;Norte;mEc;A regiao delimitada esta sob influencia direta da circulacao continental amazonica, apresentando caracteristicas tipicas de uma massa de ar quente e umida predominante na regiao No;Outono;;;;;;;;;;;;;;;;;;;;;
2021-04-19 00:00:00;Nordeste;mTa;Predomínio da Massa Tropical Atlântica, caracterizada pelo transporte de umidade e calor sob regime de circulação anticiclônica sobre a região Nordeste.;Outono;;;;;;;;;;;;;;;;;;;;;
2021-04-19 00:00:00;Litoral;mTa;Regiao sob clara influencia do escoamento marítimo associado aos ventos alísios e subsidencia do sistema de alta pressao, transportando ar tropical umido para o litoral.;Outono;;;;;;;;;;;;;;;;;;;;;
2021-04-19 00:00:00;Centro;mTc;A região delimitada situa-se no interior do continente, sob influência da depressão térmica do Chaco, caracterizando-se por ar quente e seco com baixos teores de umidade.;Outono;;;;;;;;;;;;;;;;;;;;;
2021-04-19 00:00:00;Sul;mPa;A região sob o retângulo vermelho encontra-se na retaguarda de um sistema frontal, caracterizada pela entrada de ar frio e seco, consolidando o domínio da mPa sobre o setor.;Outono;;;;;;;;;;;;;;;;;;;;;
2021-04-20 00:00:00;Norte;mEc;A região delimitada está situada sobre a bacia amazônica e sob influência de condições atmosféricas estáveis, caracterizando o domínio da massa equatorial continental (mEc).;Outono;;;;;;;;;;;;;;;;;;;;;
2021-04-20 00:00:00;Nordeste;mTa;A região encontra-se sob influência direta do fluxo de leste da circulação marítima, caracterizando o predomínio da Massa Tropical Atlântica na porção leste do Nordeste brasileiro.;Outono;;;;;;;;;;;;;;;;;;;;;
2021-04-20 00:00:00;Litoral;mTa;A região delimitada está sob influência do fluxo equatorial/tropical marítimo associado ao gradiente de pressão do Atlântico Sul, caracterizando a atuação da mTa no litoral.;Outono;;;;;;;;;;;;;;;;;;;;;
2021-04-20 00:00:00;Centro;mTa;A região encontra-se sob influência da circulação anticiclônica do Atlântico Sul, caracterizando o predomínio de ar quente e úmido transportado pela Massa Tropical Atlântica (mTa).;Outono;;;;;;;;;;;;;;;;;;;;;
2021-04-20 00:00:00;Sul;mPa;A região apresenta a incursão de ar frio e seco após a passagem de sistema frontal, evidenciado pela análise do campo de pressão e pela trajetória do escoamento na retaguarda.;Outono;;;;;;;;;;;;;;;;;;;;;
2021-04-21 00:00:00;Norte;mEc;A região delimitada abrange a bacia amazônica, onde predomina a Massa Equatorial Continental, caracterizada por ar quente e alta umidade, sem influência de sistemas extratropicais.;Outono;;;;;;;;;;;;;;;;;;;;;
2021-04-21 00:00:00;Nordeste;mTa;Regiao sob influencia do escoamento marítimo de leste, característico da massa Tropical Atlântica, que transporta umidade do oceano para o leste do Nordeste brasileiro.;Outono;;;;;;;;;;;;;;;;;;;;;
2021-04-21 00:00:00;Litoral;mTa;A regiao delimitada esta sob o regime de circulacao do anticiclonico oceanico, caracterizando a predominancia da massa Tropical Atlantica (mTa) com caracteristicas quentes e umidas;Outono;;;;;;;;;;;;;;;;;;;;;
2021-04-21 00:00:00;Centro;mPa;A região delimitada encontra-se sob influência de massa de ar frio e seco (mPa), evidenciada pelo escoamento pós-frontal e valores de temperatura e ponto de orvalho em declínio.;Outono;;;;;;;;;;;;;;;;;;;;;
2021-04-21 00:00:00;Sul;mPa;A região apresenta transporte predominante de sul com redução das temperaturas e valores de pressão elevados, característicos da incursão de massa de ar frio pós-frontal.;Outono;;;;;;;;;;;;;;;;;;;;;
2021-04-22 00:00:00;Norte;mEc;Região central no interior da bacia amazônica, caracterizada por altas temperaturas e elevada umidade, evidenciando a persistência e o predomínio da Massa Equatorial Continental.;Outono;;;;;;;;;;;;;;;;;;;;;
2021-04-22 00:00:00;Nordeste;mTa;Predominância da Massa Tropical Atlântica, caracterizada pelo escoamento de leste/sudeste, transportando ar quente e úmido sobre a região sob influência da circulação da ASAS.;Outono;;;;;;;;;;;;;;;;;;;;;
2021-04-22 00:00:00;Litoral;mTa;A região delimitada está sob forte influência do escoamento marítimo tropical, característico do domínio da Massa Tropical Atlântica que circula o setor costeiro brasileiro.;Outono;;;;;;;;;;;;;;;;;;;;;
2021-04-22 00:00:00;Centro;mTa;A região destacada está sob a influência do escoamento da alta pressão subtropical do Atlântico Sul, caracterizando o predomínio de ar quente e úmido de origem marítima.;Outono;;;;;;;;;;;;;;;;;;;;;
2021-04-22 00:00:00;Sul;mPa;A região apresenta o avanço de uma massa de ar frio e seco na retaguarda da frente fria, caracterizando a presença da mPa sobre o setor sul, com queda de valores de temperatura.;Outono;;;;;;;;;;;;;;;;;;;;;
2021-04-23 00:00:00;Norte;mEc;Regiao central e norte da Amazonia, caracterizada por temperaturas estaveis e elevada umidade, sob influencia direta da massa de ar Equatorial Continental.;Outono;;;;;;;;;;;;;;;;;;;;;
2021-04-23 00:00:00;Nordeste;mTa;Região sob influência direta do escoamento marítimo tropical, caracterizada por temperaturas elevadas e umidade oriunda do Atlântico Sul, mantendo o domínio de ar quente e úmido.;Outono;;;;;;;;;;;;;;;;;;;;;
2021-04-23 00:00:00;Litoral;mTa;Região sob influência direta da circulação marítima da massa tropical atlântica, caracterizada pelo transporte de umidade em direção ao setor leste do continente.;Outono;;;;;;;;;;;;;;;;;;;;;
2021-04-23 00:00:00;Centro;mPa;A região apresenta o avanço de uma massa polar após passagem de sistema frontal, evidenciado pelas temperaturas mais baixas e gradientes de pressão característicos na área.;Outono;;;;;;;;;;;;;;;;;;;;;
2021-04-23 00:00:00;Sul;mPa;A região delimitada está sob forte influência de uma massa de ar frio e seco, avançando após a passagem de sistema frontal, caracterizando o predomínio da mPa no setor.;Outono;;;;;;;;;;;;;;;;;;;;;
2021-04-24 00:00:00;Norte;mEc;A região demarcada encontra-se sobre a bacia amazônica, caracterizada pela presença de ar quente e úmido de origem continental, sem influência direta de sistemas frontais.;Outono;;;;;;;;;;;;;;;;;;;;;
2021-04-24 00:00:00;Nordeste;mTa;A região encontra-se sob influência do escoamento marítimo de leste/sudeste associado à circulação da alta pressão subtropcial do Atlântico Sul, caracterizando a mTa.;Outono;;;;;;;;;;;;;;;;;;;;;
2021-04-24 00:00:00;Litoral;mEa;Região sob influência da Massa Equatorial Atlântica, caracterizada pelo escoamento de leste/nordeste quente e úmido que predomina na faixa litorânea do Nordeste brasileiro.;Outono;;;;;;;;;;;;;;;;;;;;;
2021-04-24 00:00:00;Centro;mPa;A regiao delimitada encontra-se sob a influencia da subsidencia de uma massa de ar frio, pos-frontal, caracterizada por baixos valores de temperatura e ponto de orvalho.;Outono;;;;;;;;;;;;;;;;;;;;;
2021-04-24 00:00:00;Sul;mPa;A região delimitada está sob influência da massa de ar polar associada ao sistema frontal que avança pelo setor, caracterizada pela nítida queda de temperatura e umidade.;Outono;;;;;;;;;;;;;;;;;;;;;
2021-04-25 00:00:00;Norte;mEc;Predominância de massa de ar quente e úmida sobre a bacia amazônica, caracterizada pela estabilidade térmica e origem continental, sem influência de sistemas extratropicais.;Outono;;;;;;;;;;;;;;;;;;;;;
2021-04-25 00:00:00;Nordeste;mTa;Predomínio de circulação marítima de leste/sudeste, transportando ar quente e úmido vindo do Oceano Atlântico para a região Nordeste, caracterizando a influência da mTa.;Outono;;;;;;;;;;;;;;;;;;;;;
2021-04-25 00:00:00;Litoral;mTa;A área delimitada encontra-se sob o fluxo do quadrante leste/nordeste associado à circulação marítima, caracterizando o domínio da massa tropical atlântica no litoral.;Outono;;;;;;;;;;;;;;;;;;;;;
2021-04-25 00:00:00;Centro;mTa;Região sob influência da circulação da ASAS, caracterizada por transporte de umidade e estabilidade, predominando características da Massa Tropical Atlântica no setor central.;Outono;;;;;;;;;;;;;;;;;;;;;
2021-04-25 00:00:00;Sul;mPa;A regiao delimitada esta sob influencia direta da massa de ar polar, evidenciada pela posicao do anticlone migratorio a retaguarda da frente fria que avanca pela costa.;Outono;;;;;;;;;;;;;;;;;;;;;
2021-04-26 00:00:00;Norte;mEc;A região delimitada abrange a bacia amazônica, onde a massa de ar quente e úmida de origem continental predomina sob condições de estabilidade térmica local.;Outono;;;;;;;;;;;;;;;;;;;;;
2021-04-26 00:00:00;Nordeste;mTa;A região do retângulo é dominada pelo fluxo de leste do Atlântico, trazendo ar quente e úmido característico da massa Tropical Atlântica (mTa) para o litoral e interior do Nordeste;Outono;;;;;;;;;;;;;;;;;;;;;
2021-04-26 00:00:00;Litoral;mTa;Regiao sob clara influencia do fluxo marítimo da ASAS, apresentando características de massa de ar quente e úmida típica da circulação equatorial/tropical atlântica.;Outono;;;;;;;;;;;;;;;;;;;;;
2021-04-26 00:00:00;Centro;mPa;A região demarcada apresenta a presença de ar frio e seco, característico do pós-frontal, com valores térmicos reduzidos e gradiente de alta pressão associado ao avanço da mPa.;Outono;;;;;;;;;;;;;;;;;;;;;
2021-04-26 00:00:00;Sul;mPa;A região delimitada encontra-se sob influência de uma massa de ar frio e seco, caracterizada pelos valores de temperatura reduzidos logo atrás da passagem de um sistema frontal.;Outono;;;;;;;;;;;;;;;;;;;;;
2021-04-27 00:00:00;Norte;mEc;A região delimitada abrange a bacia amazônica e áreas continentais adjacentes, caracterizadas por valores de temperatura e umidade elevados, típicos da massa Equatorial Continental;Outono;;;;;;;;;;;;;;;;;;;;;
2021-04-27 00:00:00;Nordeste;mTa;A região apresenta características de instabilidade térmica sob influência do fluxo marítimo, sendo dominada pela massa Tropical Atlântica (mTa) que permeia o setor costeiro e inte;Outono;;;;;;;;;;;;;;;;;;;;;
2021-04-27 00:00:00;Litoral;mEa;A região delimitada no setor leste do Nordeste encontra-se sob influência da Massa Equatorial Atlântica, caracterizada pelo transporte de umidade em baixas latitudes e ambiente que;Outono;;;;;;;;;;;;;;;;;;;;;
2021-04-27 00:00:00;Centro;mPa;A região delimitada encontra-se sob a influência direta do avanço de uma massa polar após a passagem de uma frente fria, evidenciada pelas temperaturas mais baixas no setor.;Outono;;;;;;;;;;;;;;;;;;;;;
2021-04-27 00:00:00;Sul;mPa;A região apresenta temperaturas reduzidas e ventos de setor sul/sudoeste, caracterizando a retaguarda de um sistema frontal em deslocamento sobre o Sul do Brasil.;Outono;;;;;;;;;;;;;;;;;;;;;
2021-04-28 00:00:00;Norte;mEc;Região continental amazônica sob regime de ar quente e úmido característico da Massa Equatorial Continental, sem influência de sistemas frontais ou circulação oceânica.;Outono;;;;;;;;;;;;;;;;;;;;;
2021-04-28 00:00:00;Nordeste;mTa;A região sob análise é dominada por características térmicas e de umidade típicas da massa tropical atlântica, fluindo do oceano para o continente sob regime de brisas.;Outono;;;;;;;;;;;;;;;;;;;;;
2021-04-28 00:00:00;Litoral;mTa;Regiao sob influencia do fluxo marítimo do Atlantico Sul, caracterizado por massas de ar quentes e umidas que dominam o setor costeiro oriental.;Outono;;;;;;;;;;;;;;;;;;;;;
2021-04-28 00:00:00;Centro;mTa;A região apresenta características de estabilidade e fluxo associado à circulação da alta pressão sobre o Atlântico, predominando a massa quente e úmida marítima.;Outono;;;;;;;;;;;;;;;;;;;;;
2021-04-28 00:00:00;Sul;mPa;A região apresenta o avanço e a subssuência de uma massa de ar fria e estável pós-frontal, caracterizada por valores de temperatura e umidade reduzidos no setor meridional.;Outono;;;;;;;;;;;;;;;;;;;;;
2021-04-29 00:00:00;Norte;mEc;A região delimitada compreende a bacia Amazônica, onde predomina uma massa de ar quente e úmida de origem continental, característica da estabilidade sazonal da mEc sobre o setor N;Outono;;;;;;;;;;;;;;;;;;;;;
2021-04-29 00:00:00;Nordeste;mTa;Predominância da massa Tropical Atlântica, caracterizada pelo fluxo marítimo quente e úmido que ingressa da costa leste para o interior da região Nordeste no setor observado.;Outono;;;;;;;;;;;;;;;;;;;;;
2021-04-29 00:00:00;Litoral;mPa;A região delimitada encontra-se sob influência imediata da retaguarda de um sistema frontal, caracterizada pela incursão de ar frio e seco da mPa avançando pelo litoral oriental.;Outono;;;;;;;;;;;;;;;;;;;;;
2021-04-29 00:00:00;Centro;mTa;Região central sob o domínio do escoamento oceânico periférico à ASAS, caracterizando o transporte de umidade e estabilidade térmica típicos da Massa Tropical Atlântica.;Outono;;;;;;;;;;;;;;;;;;;;;
2021-04-29 00:00:00;Sul;mPa;A região encontra-se sob domínio de um centro de alta pressão pós-frontal, com valores de temperatura reduzidos característicos da incursão da massa de ar polar.;Outono;;;;;;;;;;;;;;;;;;;;;
2021-04-30 00:00:00;Norte;mEc;A região delimitada compreende a bacia amazônica. A ausência de sistemas frontais e o posicionamento geográfico confirmam o predomínio de ar quente e úmido de origem continental.;Outono;;;;;;;;;;;;;;;;;;;;;
2021-04-30 00:00:00;Nordeste;mTa;A região do Nordeste delimitada encontra-se sob influência direta do escoamento marítimo tropical, característico da circulação da alta pressão do Atlântico, definindo a mTa.;Outono;;;;;;;;;;;;;;;;;;;;;
2021-04-30 00:00:00;Litoral;mTa;A região delimitada está sob influência do fluxo predominante relacionado ao sistema de alta pressão no oceano, caracterizando uma massa de ar quente e úmida mTa.;Outono;;;;;;;;;;;;;;;;;;;;;
2021-04-30 00:00:00;Centro;mPa;A região demarcada encontra-se sob a influência direta do avanço de uma massa de ar frio e seco (pós-frontal), evidenciado pelas baixas temperaturas e umidade no setor central.;Outono;;;;;;;;;;;;;;;;;;;;;
2021-04-30 00:00:00;Sul;mPa;A regiao delimitada encontra-se sob efeito da retaguarda de um sistema frontal, caracterizada pelo ingresso de ar frio e seco, indicando o dominio da mPa no setor.;Outono;;;;;;;;;;;;;;;;;;;;;
2021-05-01 00:00:00;Norte;mEc;Região central da Bacia Amazônica sob influência da Massa Equatorial Continental, caracterizada por alto teor de umidade e instabilidade inerente à bacia amazônica.;Outono;;;;;;;;;;;;;;;;;;;;;
2021-05-01 00:00:00;Nordeste;mTa;Predominância da Massa Tropical Atlântica, devido à estabilidade e influência do escoamento marítimo de leste registrado na região delimitada sobre o Nordeste brasileiro.;Outono;;;;;;;;;;;;;;;;;;;;;
2021-05-01 00:00:00;Litoral;mTa;A região delimitada encontra-se sob influência do fluxo marítimo da circulação da alta subtropical, caracterizando o predomínio da Massa Tropical Atlântica (mTa) no litoral leste.;Outono;;;;;;;;;;;;;;;;;;;;;
2021-05-01 00:00:00;Centro;mTa;Area sob influencia da circulacao de alta pressao associada a ASAS, apresentando caracteristicas de estabilidade e predominancia de umidade tropical sobre a regiao central.;Outono;;;;;;;;;;;;;;;;;;;;;
2021-05-01 00:00:00;Sul;mPa;A região delimitada encontra-se sob a influência direta de uma massa de ar frio e seco (mPa), evidenciada pelo gradiente de pressão e pela retaguarda de um sistema frontal no setor;Outono;;;;;;;;;;;;;;;;;;;;;
2021-05-02 00:00:00;Norte;mEc;A região delimitada abrange a bacia amazônica e áreas adjacentes, onde a massa de ar Equatorial Continental, quente e úmida, é predominante sem influência de sistemas frontais.;Outono;;;;;;;;;;;;;;;;;;;;;
2021-05-02 00:00:00;Nordeste;mTa;A região encontra-se sob influência do fluxo de leste/sudeste proveniente do Atlântico, característico da massa tropical marítima que predomina sobre o setor leste do Nordeste.;Outono;;;;;;;;;;;;;;;;;;;;;
2021-05-02 00:00:00;Litoral;mTa;Regiao sob influencia direta do fluxo maritimo leste/sudeste associado a circulacao do anticiclone sobre o Atlantico Sul, caracterizando predominio de massa Tropical Atlantica.;Outono;;;;;;;;;;;;;;;;;;;;;
2021-05-02 00:00:00;Centro;mPa;A região delimitada encontra-se na retaguarda de sistema frontal, com gradiente de pressão e escoamento característico de subsidência e avanço de ar frio característico da mPa.;Outono;;;;;;;;;;;;;;;;;;;;;
2021-05-02 00:00:00;Sul;mPa;A região delimitada encontra-se na retaguarda de um sistema frontal, sob influência direta do ingresso de ar frio e seco, característico da Massa Polar Atlântica.;Outono;;;;;;;;;;;;;;;;;;;;;
2021-05-03 00:00:00;Norte;mEc;A região delimitada sobre a Amazônia apresenta condições típicas de calor e umidade, sem influência de sistemas frontais, caracterizando o domínio da massa Equatorial Continental.;Outono;;;;;;;;;;;;;;;;;;;;;
2021-05-03 00:00:00;Nordeste;mTa;A região encontra-se sob influência do fluxo zonal marítimo predominante do Atlântico Tropical, caracterizando uma massa de ar quente e úmida que domina a costa e o interior do NE.;Outono;;;;;;;;;;;;;;;;;;;;;
2021-05-03 00:00:00;Litoral;mEa;A região delimitada no setor leste do Nordeste está sob influência da massa Equatorial Atlântica, caracterizada por características quentes e úmidas em baixas latitudes.;Outono;;;;;;;;;;;;;;;;;;;;;
2021-05-03 00:00:00;Centro;mTc;A região destacada está sob influência da massa de ar quente e seca continental, caracterizada pela baixa umidade e gradientes térmicos típicos da Depressão do Chaco.;Outono;;;;;;;;;;;;;;;;;;;;;
2021-05-03 00:00:00;Sul;mPa;A região delimitada encontra-se sob influência de um sistema frontal com gradiente térmico e fluxo de sul, caracterizando o avanço e predominância da massa de ar polar atlântica.;Outono;;;;;;;;;;;;;;;;;;;;;
2021-05-04 00:00:00;Norte;mEc;Regiao situada sobre o dominio da Amazonia, apresentando caracteristicas de massa de ar quente e umida de origem continental, sem influencia de sistemas frontais ou massas polares.;Outono;;;;;;;;;;;;;;;;;;;;;
2021-05-04 00:00:00;Nordeste;mTa;A região encontra-se sob influência predominante do fluxo de leste/sudeste associado à circulação marítima, caracterizando a atuação da Massa Tropical Atlântica no setor.;Outono;;;;;;;;;;;;;;;;;;;;;
2021-05-04 00:00:00;Litoral;mTa;A região delimitada está sob a influência do fluxo marítimo da alta pressão subtropical do Atlântico Sul, caracterizando a predominância de ar quente e úmido (mTa).;Outono;;;;;;;;;;;;;;;;;;;;;
2021-05-04 00:00:00;Centro;mPa;A região apresenta características típicas de pós-frontal, com declínio térmico e fluxo de ar frio e úmido ocupando o setor após a passagem de um sistema frontal.;Outono;;;;;;;;;;;;;;;;;;;;;
2021-05-04 00:00:00;Sul;mPa;A região apresenta características típicas de pós-frontal, com temperaturas mais baixas e declínio acentuado devido ao avanço da massa de ar polar pela retaguarda da frente fria.;Outono;;;;;;;;;;;;;;;;;;;;;
2021-05-05 00:00:00;Norte;mEc;A região delimitada abrange a bacia amazônica, onde predomina a Massa Equatorial Continental, caracterizada por ser quente e úmida, típica destas latitudes durante todo o ano.;Outono;;;;;;;;;;;;;;;;;;;;;
2021-05-05 00:00:00;Nordeste;mTa;Dominio da subsidencia e influencia do escoamento marítimo de leste vindo do Atlântico Tropical, caracterizando o transporte de umidade sob condições de elevada temperatura.;Outono;;;;;;;;;;;;;;;;;;;;;
2021-05-05 00:00:00;Litoral;mTa;A região delimitada está sob influência do escoamento oceânico predominante em baixos níveis, característico da massa de ar Tropical Atlântica, que mantém o transporte de umidade e;Outono;;;;;;;;;;;;;;;;;;;;;
2021-05-05 00:00:00;Centro;mTa;A região delimitada está sob a influência do escoamento subsidente anticiclônico do Atlântico Sul, caracterizando a predominância da massa de ar Tropical Atlântica (mTa).;Outono;;;;;;;;;;;;;;;;;;;;;
2021-05-05 00:00:00;Sul;mPa;A região delimitada encontra-se sob a influência direta do avanço de uma massa de ar frio e seco, caracterizando o pós-frontal de um sistema de baixa pressão no Atlântico Sul.;Outono;;;;;;;;;;;;;;;;;;;;;
2021-05-06 00:00:00;Norte;mEc;Região central da Bacia Amazônica, caracterizada por baixas pressões e estabilidade térmica típica da massa Equatorial Continental, sem influência direta de sistemas frontais.;Outono;;;;;;;;;;;;;;;;;;;;;
2021-05-06 00:00:00;Nordeste;mTa;A região demarcada apresenta domínio do escoamento marítimo de leste, caracterizando a influência da Massa Tropical Atlântica, que transporta umidade para o setor costeiro e interi;Outono;;;;;;;;;;;;;;;;;;;;;
2021-05-06 00:00:00;Litoral;mTa;A região demarcada encontra-se sob influência do domínio da alta pressão subtropical do Atlântico Sul, caracterizando a atuação da massa de ar tropical marítima.;Outono;;;;;;;;;;;;;;;;;;;;;
2021-05-06 00:00:00;Centro;mTa;Região dominada pelo centro de alta pressão do Atlântico Sul, caracterizando a atuação da massa de ar Tropical Atlântica com escoamento de leste sobre o interior continental.;Outono;;;;;;;;;;;;;;;;;;;;;
2021-05-06 00:00:00;Sul;mPa;A região delimitada encontra-se sob influência de massa de ar frio e seco, caracterizada pela retaguarda de sistema frontal que avançou pelo Sul e Sudeste do Brasil.;Outono;;;;;;;;;;;;;;;;;;;;;
2021-05-07 00:00:00;Norte;mEc;Regiao central da Amazonia sob influencia consolidada da massa equatorial continental, caracterizada pelo ar quente e umido sem presenca de sistemas frontais.;Outono;;;;;;;;;;;;;;;;;;;;;
2021-05-07 00:00:00;Nordeste;mTa;Região sob influência direta da circulação marítima do Atlântico Sul, caracterizando o predomínio de ar quente e úmido transportado por ventos alísios sobre o Nordeste brasileiro.;Outono;;;;;;;;;;;;;;;;;;;;;
2021-05-07 00:00:00;Litoral;mTa;A regiao delimitada encontra-se sob a influencia direta do escoamento marítimo de leste, característico da Massa Tropical Atlântica, mantendo estabilidade e umidade no litoral.;Outono;;;;;;;;;;;;;;;;;;;;;
2021-05-07 00:00:00;Centro;mPa;A região delimitada encontra-se na retaguarda de um sistema frontal, caracterizada pela incursão de ar frio e seco, indicando o avanço e predomínio da massa de ar polar.;Outono;;;;;;;;;;;;;;;;;;;;;
2021-05-07 00:00:00;Sul;mPa;A região apresenta declínio térmico acentuado e ventos do quadrante sul, caracterizando o ingresso de uma massa de ar frio e úmido após a passagem de sistema frontal.;Outono;;;;;;;;;;;;;;;;;;;;;
2021-05-08 00:00:00;Norte;mEc;Região sob influência da Massa Equatorial Continental, caracterizada pela predominância de ar quente e úmido no interior do continente, sem interferência direta de sistemas polares;Outono;;;;;;;;;;;;;;;;;;;;;
2021-05-08 00:00:00;Nordeste;mTa;Região sob influência direta do fluxo de leste da circulação marítima, transportando umidade do Atlântico Tropical para o litoral e interior do Nordeste brasileiro.;Outono;;;;;;;;;;;;;;;;;;;;;
2021-05-08 00:00:00;Litoral;mTa;A regiao delimitada esta sob influencia direta do fluxo zonal do Atlantico Sul, com caracteristicas termicas e de umidade tipicas da massa tropical maritima, mantendo estabilidade ;Outono;;;;;;;;;;;;;;;;;;;;;
2021-05-08 00:00:00;Centro;mPa;A região encontra-se submetida ao fluxo pós-frontal impulsionado pelo sistema em deslocamento, caracterizado por redução térmica e circulação de sul, típicos da mPa.;Outono;;;;;;;;;;;;;;;;;;;;;
2021-05-08 00:00:00;Sul;mPa;A região delimitada encontra-se no setor pós-frontal, sob a influência direta de uma massa de ar frio e seco, caracterizada por temperaturas reduzidas e ventos do quadrante sul.;Outono;;;;;;;;;;;;;;;;;;;;;
2021-05-09 00:00:00;Norte;mEc;Região central da Amazônia sob condições de baixas pressões relativas e alta umidade, características da Massa Equatorial Continental, sem influência de sistemas frontais.;Outono;;;;;;;;;;;;;;;;;;;;;
2021-05-09 00:00:00;Nordeste;mTa;Predomínio de fluxo marítimo de sudeste associado à circulação da ASAS, transportando umidade e mantendo características quentes e úmidas típicas da mTa sobre o setor delimitado.;Outono;;;;;;;;;;;;;;;;;;;;;
2021-05-09 00:00:00;Litoral;mTa;A região delimitada encontra-se sob domínio do fluxo marítimo estabelecido pela circulação da Alta Subtropical do Atlântico Sul, caracterizando a atuação da massa Tropical Atlântic;Outono;;;;;;;;;;;;;;;;;;;;;
2021-05-09 00:00:00;Centro;mPa;A região delimitada encontra-se sob a influência direta do avanço de uma massa de ar pós-frontal, caracterizada por temperaturas reduzidas e gradiente bárico favorável à mPa.;Outono;;;;;;;;;;;;;;;;;;;;;
2021-05-09 00:00:00;Sul;mPa;Região sob influência de pós-frontal, com advecção de ar frio e seco, evidenciada pelos valores de temperatura e ponto de orvalho reduzidos na retaguarda da frente fria.;Outono;;;;;;;;;;;;;;;;;;;;;
2021-05-10 00:00:00;Norte;mEc;Regiao central e norte do continente sob influencia direta da massa equatorial continental, caracterizada por baixos gradientes de pressao e estabilidade atmosferica local.;Outono;;;;;;;;;;;;;;;;;;;;;
2021-05-10 00:00:00;Nordeste;mEa;A região delimitada no Nordeste encontra-se sob influência predominante da massa Equatorial Atlântica, caracterizada pelo fluxo de ar quente e úmido vindo do oceano.;Outono;;;;;;;;;;;;;;;;;;;;;
2021-05-10 00:00:00;Litoral;mTa;A região delimitada está sob forte influência do transporte de umidade e calor oceânicos, caracterizando o predomínio da Massa Tropical Atlântica ao longo da costa leste brasileira;Outono;;;;;;;;;;;;;;;;;;;;;
2021-05-10 00:00:00;Centro;mPa;A região encontra-se sob influência de massa polar, evidenciada pelos valores de temperatura do ponto de orvalho em declínio e pelo posicionamento pós-frontal no setor sudeste.;Outono;;;;;;;;;;;;;;;;;;;;;
2021-05-10 00:00:00;Sul;mPa;A região delimitada situa-se na retaguarda da frente fria, caracterizada por temperaturas reduzidas e ventos do quadrante sul, indicando incursão e domínio de massa de ar frio.;Outono;;;;;;;;;;;;;;;;;;;;;
2021-05-11 00:00:00;Norte;mEc;Regiao centralizada na bacia amazonica, caracterizada pelo dominio de ar quente e umido de origem continental, sem influencia direta de sistemas frontais ou massas oceanicas.;Outono;;;;;;;;;;;;;;;;;;;;;
2021-05-11 00:00:00;Nordeste;mTa;A região demarcada apresenta domínio de umidade e circulação associada ao fluxo marítimo do Atlântico, configurando a predominância da Massa Tropical Atlântica (mTa) sobre o setor.;Outono;;;;;;;;;;;;;;;;;;;;;
2021-05-11 00:00:00;Litoral;mTa;A região delimitada está sob influência do escoamento marítimo de leste/sudeste associado à célula de alta pressão do Atlântico Sul, caracterizando a predominância da mTa.;Outono;;;;;;;;;;;;;;;;;;;;;
2021-05-11 00:00:00;Centro;mPa;Regional sob influência da mPa, caracterizada pelo ingresso de ar frio e seco após a passagem de sistema frontal, evidenciado pelas temperaturas mais baixas no setor.;Outono;;;;;;;;;;;;;;;;;;;;;
2021-05-11 00:00:00;Sul;mPa;A região sob o retângulo vermelho encontra-se posicionada na retaguarda de uma frente fria, caracterizada pela incursão de ar polar frio e estável na retaguarda do sistema.;Outono;;;;;;;;;;;;;;;;;;;;;
2021-05-12 00:00:00;Norte;mEc;A região apresenta características de baixas pressões térmicas típicas da bacia amazônica, com predominância de ar quente e úmido de origem continental, sem influência de sistemas ;Outono;;;;;;;;;;;;;;;;;;;;;
2021-05-12 00:00:00;Nordeste;mTa;A região delimitada está sob forte influência do escoamento marítimo originado pela alta pressão subtropical, caracterizando o predomínio de ar quente e úmido da massa Tropical Atl;Outono;;;;;;;;;;;;;;;;;;;;;
2021-05-12 00:00:00;Litoral;mTa;A regiao delimitada esta sob influencia direta do escoamento de leste/sudeste associado ao centro de alta pressao do Atlantico Sul, caracterizando a predominancia da massa Tropical;Outono;;;;;;;;;;;;;;;;;;;;;
2021-05-12 00:00:00;Centro;mPa;Regiao sob influencia de massa de ar frio e seco (mPa), caracterizada por valores de temperatura e ponto de orvalho em declinio apos a passagem de sistema frontal pelo setor.;Outono;;;;;;;;;;;;;;;;;;;;;
2021-05-12 00:00:00;Sul;mPa;A região delimitada encontra-se sob a influência direta do avanço da Massa Polar Atlântica, caracterizada pela subsidência pós-frontal e redução das temperaturas no Sul do Brasil.;Outono;;;;;;;;;;;;;;;;;;;;;
2021-05-13 00:00:00;Norte;mEc;Região central da Bacia Amazônica sob influência de ar quente e úmido, característico do comportamento continental e estagnação da circulação no setor.;Outono;;;;;;;;;;;;;;;;;;;;;
2021-05-13 00:00:00;Nordeste;mTa;A região delimitada está sob forte influência do escoamento marítimo de leste, característico da atuação da Massa Tropical Atlântica, que predomina sobre o litoral e interior do se;Outono;;;;;;;;;;;;;;;;;;;;;
2021-05-13 00:00:00;Litoral;mTa;A regiao delimitada esta sob influencia da circulacao periferica da alta pressao subtropical, caracterizando o dominio da Massa Tropical Atlantica, com fluxo quente e umido constan;Outono;;;;;;;;;;;;;;;;;;;;;
2021-05-13 00:00:00;Centro;mPa;A região apresenta a passagem de uma frente fria, com a irrupção da massa polar atlântica (mPa) na retaguarda, caracterizada por queda de temperatura e mudança na direção dos vento;Outono;;;;;;;;;;;;;;;;;;;;;
2021-05-13 00:00:00;Sul;mPa;A região delimitada encontra-se sob a influência de um centro de alta pressão pós-frontal, caracterizando a atuação da Massa Polar Atlântica com temperaturas mais amenas/frias.;Outono;;;;;;;;;;;;;;;;;;;;;
2021-05-14 00:00:00;Norte;mEc;A região delimitada abrange a bacia amazônica, caracterizada pela predominância da massa equatorial continental, quente e úmida, típica desta época do ano e local geográfico.;Outono;;;;;;;;;;;;;;;;;;;;;
2021-05-14 00:00:00;Nordeste;mEa;A região delimitada está sob forte influência da Massa Equatorial Atlântica, devido à sua localização geográfica no extremo norte do país e proximidade com o fluxo marítimo tropica;Outono;;;;;;;;;;;;;;;;;;;;;
2021-05-14 00:00:00;Litoral;mTa;A região delimitada no litoral nordestino encontra-se sob domínio da periferia da alta pressão do Atlântico, sendo influenciada pelo fluxo constante de características tropicais úm;Outono;;;;;;;;;;;;;;;;;;;;;
2021-05-14 00:00:00;Centro;mPa;A regiao delimitada encontra-se na retaguarda da frente fria disposta sobre o Sudeste/Centro-Oeste, caracterizando a irrupcao e o dominio da massa de ar polar (mPa) no setor.;Outono;;;;;;;;;;;;;;;;;;;;;
2021-05-14 00:00:00;Sul;mPa;A região delimitada situa-se na retaguarda de um sistema frontal, sob a nítida influência da massa de ar polar associada ao anticiclone que ingressa no continente pelo Sul.;Outono;;;;;;;;;;;;;;;;;;;;;
2021-05-15 00:00:00;Norte;mEc;Região central da Bacia Amazônica sob influência da massa Equatorial Continental, caracterizada pela predominância de ar quente e úmido, sem presença de sistemas frontais atuantes.;Outono;;;;;;;;;;;;;;;;;;;;;
2021-05-15 00:00:00;Nordeste;mTa;A região do Nordeste delimitada encontra-se sob influência do fluxo de sudeste remanescente da circulação marítima, caracterizando a predominância da massa Tropical Atlântica (mTa);Outono;;;;;;;;;;;;;;;;;;;;;
2021-05-15 00:00:00;Litoral;mTa;A região delimitada está sob influência do escoamento marítimo típico da periferia da alta subtropical, caracterizando a predominância da massa Tropical Atlântica (mTa).;Outono;;;;;;;;;;;;;;;;;;;;;
2021-05-15 00:00:00;Centro;mPa;A regiao delimitada encontra-se sob a influência direta do avanco de uma massa de ar frio e seco, caracterizada pelo resfriamento pos-frontal com predominancia de ventos do quadran;Outono;;;;;;;;;;;;;;;;;;;;;
2021-05-15 00:00:00;Sul;mPa;A região delimitada encontra-se sob o efeito da retaguarda de um sistema frontal, caracterizada por temperaturas reduzidas e circulação anticiclônica típica da Massa Polar Atlântic;Outono;;;;;;;;;;;;;;;;;;;;;
2021-05-16 00:00:00;Norte;mEc;A região mapeada encontra-se sobre a bacia amazônica, caracterizada pelo domínio da massa quente e úmida de origem continental, mantendo as condições típicas de instabilidade da ár;Outono;;;;;;;;;;;;;;;;;;;;;
2021-05-16 00:00:00;Nordeste;mTa;Dominio do fluxo de leste-sudeste sobre o leste da regiao Nordeste, caracterizando a atuacao da massa de ar quente e umida de origem tropical atlantica na faixa costeira.;Outono;;;;;;;;;;;;;;;;;;;;;
2021-05-16 00:00:00;Litoral;mTa;Região sob influência direta da circulação marítima da Alta do Atlântico Sul, caracterizando a presença da massa tropical atlântica quente e úmida sobre o litoral leste brasileiro.;Outono;;;;;;;;;;;;;;;;;;;;;
2021-05-16 00:00:00;Centro;mPa;A região apresenta características típicas de pós-frontal, com temperaturas mais amenas e regime de escoamento condizente com o avanço da mPa sobre o interior do continente.;Outono;;;;;;;;;;;;;;;;;;;;;
2021-05-16 00:00:00;Sul;mTa;A região delimitada está sob influência direta do centro de alta pressão (ASAS) bem configurado sobre o oceano, caracterizando o domínio da massa Tropical Atlântica (mTa).;Outono;;;;;;;;;;;;;;;;;;;;;
2021-05-17 00:00:00;Norte;mEc;A região delimitada compreende a bacia amazônica e áreas continentais adjacentes, onde predomina a massa equatorial continental, caracterizada por ser quente e úmida.;Outono;;;;;;;;;;;;;;;;;;;;;
2021-05-17 00:00:00;Nordeste;mEa;A região apresenta influência predominante da massa Equatorial Atlântica, caracterizada pelo fluxo úmido e quente vindo do Atlântico equatorial, na proximidade da linha costeira.;Outono;;;;;;;;;;;;;;;;;;;;;
2021-05-17 00:00:00;Litoral;mTa;Região sob influência direta da circulação marítima da alta pressão, transportando umidade e ar quente característicos da massa tropical atlântica ao longo da costa leste.;Outono;;;;;;;;;;;;;;;;;;;;;
2021-05-17 00:00:00;Centro;mPa;A região delimitada apresenta temperaturas reduzidas e ventos do quadrante sul/sudeste, caracterizando a atuação da massa de ar polar após a passagem de sistema frontal.;Outono;;;;;;;;;;;;;;;;;;;;;
2021-05-17 00:00:00;Sul;mPa;A região delimitada encontra-se sob influência do avanço de uma massa de ar frio e seco, posicionada na retaguarda da frente fria, caracterizando o domínio da mPa no setor Sul/Sude;Outono;;;;;;;;;;;;;;;;;;;;;
2021-05-18 00:00:00;Norte;mEc;Regiao continental norte sem influencia frontal, caracterizada por condicoes tipicas da massa de ar equatorial, quente e umida, predominante na Bacia Amazonica.;Outono;;;;;;;;;;;;;;;;;;;;;
2021-05-18 00:00:00;Nordeste;mTa;A região delimitada está sob forte influência do escoamento marítimo vindo do Atlântico Sul, caracterizando o domínio da massa Tropical Atlântica com transporte de umidade para o s;Outono;;;;;;;;;;;;;;;;;;;;;
2021-05-18 00:00:00;Litoral;mEa;A região delimitada no setor leste do Nordeste apresenta características de umidade e temperatura condizentes com a atuação predominante da Massa Equatorial Atlântica.;Outono;;;;;;;;;;;;;;;;;;;;;
2021-05-18 00:00:00;Centro;mPa;A região apresenta características de subsidência e resfriamento pós-frontal, estando sob influência direta da massa de ar polar que avança pelo interior do continente.;Outono;;;;;;;;;;;;;;;;;;;;;
2021-05-18 00:00:00;Sul;mPa;A região apresenta características de massa polar com temperaturas reduzidas e gradiente de pressão indicativo de subsidência retaguarda ao sistema frontal, caracterizando a mPa.;Outono;;;;;;;;;;;;;;;;;;;;;
2021-05-19 00:00:00;Norte;mEc;Regiao central da Amazonia sem influencia de sistemas frontais, caracterizada por estabilidade termica e umidade predominante da massa Equatorial Continental.;Outono;;;;;;;;;;;;;;;;;;;;;
2021-05-19 00:00:00;Nordeste;mEa;A regiao delimitada esta sob influencia direta do escoamento maritimo de nordeste, caracteristico da Massa Equatorial Atlantica, mantendo elevadas temperaturas e umidade no setor.;Outono;;;;;;;;;;;;;;;;;;;;;
2021-05-19 00:00:00;Litoral;mTa;A região delimitada está sob a influência direta do escoamento marítimo sob domínio do anticiclone subtropical, sendo caracterizada como massa de ar Tropical Atlântica.;Outono;;;;;;;;;;;;;;;;;;;;;
2021-05-19 00:00:00;Centro;mPa;A região está sob influência direta de uma massa de ar frio e seco (mPa), evidenciada pelo avanço do sistema frontal ao sul e pelas temperaturas reduzidas nas estações de superfíci;Outono;;;;;;;;;;;;;;;;;;;;;
2021-05-19 00:00:00;Sul;mPa;A região delimitada situa-se na retaguarda de um sistema frontal, caracterizada por temperaturas mais baixas e declínio de pressão, evidenciando o ingresso da massa de ar polar.;Outono;;;;;;;;;;;;;;;;;;;;;
2021-05-20 00:00:00;Norte;mEc;Região central da Bacia Amazônica sob domínio de elevadas temperaturas e altos teores de umidade, característicos da massa de ar Equatorial Continental.;Outono;;;;;;;;;;;;;;;;;;;;;
2021-05-20 00:00:00;Nordeste;mTa;A região encontra-se sob influência direta da circulação marítima do Atlântico Sul, caracterizando a predominância da Massa Tropical Atlântica com transporte de umidade e calor.;Outono;;;;;;;;;;;;;;;;;;;;;
2021-05-20 00:00:00;Litoral;mTa;Regiao sob influencia do escoamento maritimo da alta subtropical, caracterizando fluxo de ar quente e umido vindo do Oceano Atlantico para o litoral oriental brasileiro.;Outono;;;;;;;;;;;;;;;;;;;;;
2021-05-20 00:00:00;Centro;mPa;A regiao delimitada encontra-se sob a influência direta do avanço de uma massa de ar frio e seco, posicionada nitidamente no setor de retaguarda de um sistema frontal.;Outono;;;;;;;;;;;;;;;;;;;;;
2021-05-20 00:00:00;Sul;mPa;A região delimitada apresenta queda de temperatura e padrões de escoamento característicos de subsidência e afluxo de ar frio, estando sob influência nítida do setor pós-frontal da;Outono;;;;;;;;;;;;;;;;;;;;;
2021-05-21 00:00:00;Norte;mEc;A regiao delimitada esta sob influencia direta da massa de ar quente e umida de origem equatorial continental, caracteristica da bacia amazonica, sem interferencia de sistemas fron;Outono;;;;;;;;;;;;;;;;;;;;;
2021-05-21 00:00:00;Nordeste;mTa;A região encontra-se sob influência do escoamento do quadrante leste, característico da circulação da alta pressão subtropical, configurando o domínio da Massa Tropical Atlântica.;Outono;;;;;;;;;;;;;;;;;;;;;
2021-05-21 00:00:00;Litoral;mTa;A região delimitada está sob influência do escoamento marítimo quente e úmido característico da Massa Tropical Atlântica, sustentado pelo gradiente de pressão regional.;Outono;;;;;;;;;;;;;;;;;;;;;
2021-05-21 00:00:00;Centro;mTa;A região encontra-se sob influência do escoamento circulatória do anticiclone subtropical do Atlântico Sul, caracterizando o domínio da massa Tropical Atlântica com ar quente e úmi;Outono;;;;;;;;;;;;;;;;;;;;;
2021-05-21 00:00:00;Sul;mPa;A região delimitada encontra-se na retaguarda do sistema frontal, sob a influência direta do avanço de uma massa de ar frio e seco, caracterizando a mPa.;Outono;;;;;;;;;;;;;;;;;;;;;
2021-05-22 00:00:00;Norte;mEc;A regiao delimitada esta sob influencia da Massa Equatorial Continental, caracterizada por temperaturas elevadas e alta umidade, sendo a massa predominante na bacia amazonica.;Outono;;;;;;;;;;;;;;;;;;;;;
2021-05-22 00:00:00;Nordeste;mTa;Predominio da massa Tropical Atlantica na regiao do Nordeste, caracterizada pelo transporte de umidade e calor originado pela circulacao maritima sob influencia da ASAS.;Outono;;;;;;;;;;;;;;;;;;;;;
2021-05-22 00:00:00;Litoral;mTa;Regiao sob dominio da circulacao maritima associada ao fluxo predominante do Atlantico Sul, caracterizando a presenca de massa de ar quente e umida sobre o litoral nordestino.;Outono;;;;;;;;;;;;;;;;;;;;;
2021-05-22 00:00:00;Centro;mPa;A regiao delimitada esta sob influencia de adveccao de ar frio e seco apos a passagem de um sistema frontal, caracterizando o dominio da Massa Polar Atlantica no setor.;Outono;;;;;;;;;;;;;;;;;;;;;
2021-05-22 00:00:00;Sul;mPa;A regiao delimitada esta sob influencia de uma massa polar apos a passagem de sistema frontal, caracterizada pelo escoamento de quadrante sul e reducao das temperaturas locais.;Outono;;;;;;;;;;;;;;;;;;;;;
2021-05-23 00:00:00;Norte;mEc;A região delimitada abrange a bacia amazônica, onde predomina a Massa Equatorial Continental (mEc), caracterizada por ar quente e úmido, sem influência de sistemas frontais.;Outono;;;;;;;;;;;;;;;;;;;;;
2021-05-23 00:00:00;Nordeste;mTa;Região sob influência direta do fluxo de leste da circulação marítima, com características de massa tropical marítima estável sobre o setor nordestino.;Outono;;;;;;;;;;;;;;;;;;;;;
2021-05-23 00:00:00;Litoral;mTa;A regiao delimitada esta sob influencia direta do fluxo marítimo da alta subtropical, caracterizando a predominancia da massa Tropical Atlantica (mTa).;Outono;;;;;;;;;;;;;;;;;;;;;
2021-05-23 00:00:00;Centro;mPa;A região destacada apresenta o ingresso de valores de temperatura e ponto de orvalho mais baixos, caracterizando o avanço claro da massa de ar pós-frontal.;Outono;;;;;;;;;;;;;;;;;;;;;
2021-05-23 00:00:00;Sul;mPa;A região delimitada encontra-se na retaguarda de uma frente fria, sob influência direta do ingresso de ar frio e úmido característico da mPa, apresentando temperaturas em declínio.;Outono;;;;;;;;;;;;;;;;;;;;;
2021-05-24 00:00:00;Norte;mEc;A região delimitada abrange a bacia amazônica, onde o ar quente e úmido é característico da massa Equatorial Continental, estabelecida na ausência de sistemas frontais ativos.;Outono;;;;;;;;;;;;;;;;;;;;;
2021-05-24 00:00:00;Nordeste;mTa;A região encontra-se sob influência predominante do fluxo de leste/sudeste associado à circulação marítima, caracterizando o transporte da Massa Tropical Atlântica na área demarcad;Outono;;;;;;;;;;;;;;;;;;;;;
2021-05-24 00:00:00;Litoral;mTa;A regiao delimitada esta sob influencia da circulacao do anticiclone subtropical, apresentando caracteristicas maritimas tropicais quentes e umidas, tipicas da massa Tropical Atlan;Outono;;;;;;;;;;;;;;;;;;;;;
2021-05-24 00:00:00;Centro;mPa;A regiao delimitada encontra-se sob a influencia imediata da retaguarda de um sistema frontal, caracterizando a presenca da Massa Polar Atlantica em avanco pelo continente.;Outono;;;;;;;;;;;;;;;;;;;;;
2021-05-24 00:00:00;Sul;mPa;A região apresenta valores baixos de temperatura e ponto de orvalho, característicos do ingresso de uma massa de ar frio e seco após a passagem de sistema frontal pelo Sul.;Outono;;;;;;;;;;;;;;;;;;;;;
2021-05-25 00:00:00;Norte;mEc;A região delimitada está sob influência da massa Equatorial Continental, caracterizada como quente e úmida, predominando sobre a bacia amazônica ao norte do sistema frontal.;Outono;;;;;;;;;;;;;;;;;;;;;
2021-05-25 00:00:00;Nordeste;mTa;A região delimitada está sob o domínio do escoamento marítimo de leste, característico da massa Tropical Atlântica, que mantém condições de umidade e temperaturas elevadas no setor;Outono;;;;;;;;;;;;;;;;;;;;;
2021-05-25 00:00:00;Litoral;mPa;A regiao delimitada encontra-se sob a influência direta do avanço da massa de ar pós-frontal, caracterizada pelo resfriamento e deslocamento do sistema frontal para o oceano.;Outono;;;;;;;;;;;;;;;;;;;;;
2021-05-25 00:00:00;Centro;mPa;A região delimitada encontra-se na retaguarda de uma frente fria e sob influência de alta pressão, caracterizando o ingresso e domínio da massa de ar polar (mPa).;Outono;;;;;;;;;;;;;;;;;;;;;
2021-05-25 00:00:00;Sul;mPa;A região delimitada encontra-se na retaguarda de uma frente fria, caracterizada pela advecção de ar frio e valores de temperatura em declínio, confirmando o predomínio da mPa.;Outono;;;;;;;;;;;;;;;;;;;;;
2021-05-26 00:00:00;Norte;mEc;A região delimitada situa-se sobre a bacia amazônica, onde a massa de ar quente e úmida de origem continental predomina, mantendo características térmicas estáveis e elevada umidad;Outono;;;;;;;;;;;;;;;;;;;;;
2021-05-26 00:00:00;Nordeste;mTa;A região encontra-se sob a influência do escoamento zonal do fluxo de leste, característico da circulação periférica da Alta Subtropical, estabelecendo o predomínio da massa mTa.;Outono;;;;;;;;;;;;;;;;;;;;;
2021-05-26 00:00:00;Litoral;mTa;A regiao delimitada encontra-se sob a influencia direta do escoamento de leste/sudeste associado a ASAS, configurando o dominio da Massa Tropical Atlantica (mTa) no setor costeiro.;Outono;;;;;;;;;;;;;;;;;;;;;
2021-05-26 00:00:00;Centro;mPa;A região sob o retângulo exibe queda nas temperaturas e a estabilização característica pós-passagem da frente fria, indicando a predominância da massa polar atlântica.;Outono;;;;;;;;;;;;;;;;;;;;;
2021-05-26 00:00:00;Sul;mPa;A região delimitada encontra-se sob influência de massa de ar frio e úmido após a passagem de uma frente fria, caracterizada pelos valores térmicos reduzidos e gradiente de pressão;Outono;;;;;;;;;;;;;;;;;;;;;
2021-05-27 00:00:00;Norte;mEc;Regiao central da Amazonia brasileira caracterizada pela predominancia de ar quente e umido, tipico da Massa Equatorial Continental sem influencia de sistemas frontais.;Outono;;;;;;;;;;;;;;;;;;;;;
2021-05-27 00:00:00;Nordeste;mTa;A região encontra-se sob o fluxo do escoamento de leste do Atlântico, sendo dominada pela massa de ar quente e úmida originada sobre o oceano, característica da mTa.;Outono;;;;;;;;;;;;;;;;;;;;;
2021-05-27 00:00:00;Litoral;mTa;A região sob análise está sob influência do escoamento marítimo quente e úmido, característico da circulação da alta subtropical sobre o Atlântico Sul, definindo a mTa.;Outono;;;;;;;;;;;;;;;;;;;;;
2021-05-27 00:00:00;Centro;mPa;A região encontra-se situada na retaguarda de um sistema frontal, caracterizada pela incursão de ar frio e seco, típico de uma massa polar atlântica em deslocamento.;Outono;;;;;;;;;;;;;;;;;;;;;
2021-05-27 00:00:00;Sul;mPa;A regiao delimitada esta sob influencia direta de uma massa de ar frio e seco, caracterizada por baixas temperaturas e pelo escoamento pós-frontal do sistema de alta pressao.;Outono;;;;;;;;;;;;;;;;;;;;;
2021-05-28 00:00:00;Norte;mEc;A região delimitada compreende a bacia amazônica e adjacências, sob domínio característico da massa equatorial continental, quente e úmida, sem influência de sistemas frontais.;Outono;;;;;;;;;;;;;;;;;;;;;
2021-05-28 00:00:00;Nordeste;mTa;Região sob influência direta do fluxo de leste/sudeste proveniente do Atlântico Tropical, caracterizando o predomínio da Massa Tropical Atlântica com temperaturas elevadas.;Outono;;;;;;;;;;;;;;;;;;;;;
2021-05-28 00:00:00;Litoral;mTa;A região delimitada encontra-se sob a influência do escoamento marítimo persistente da Alta do Atlântico Sul, caracterizando a atuação da Massa Tropical Atlântica.;Outono;;;;;;;;;;;;;;;;;;;;;
2021-05-28 00:00:00;Centro;mTa;Regiao sob influencia das subsidencias associadas ao sistema de alta pressao do Atlantico Sul, apresentando caracteristicas de massa de ar quente e umida.;Outono;;;;;;;;;;;;;;;;;;;;;
2021-05-28 00:00:00;Sul;mPa;A região delimitada encontra-se sob a influência direta de uma massa de ar frio e úmido após a passagem de sistema frontal, evidenciado pelas isotermas de menor valor e ventos meri;Outono;;;;;;;;;;;;;;;;;;;;;
2021-05-29 00:00:00;Norte;mEc;Regiao sobre a bacia Amazonica com ausencia de sistemas frontais, caracterizada pela predominancia de ar quente e umido de origem continental.;Outono;;;;;;;;;;;;;;;;;;;;;
2021-05-29 00:00:00;Nordeste;mTa;A região delimitada está sob a influência do fluxo marítimo da massa Tropical Atlântica, caracterizada pelo transporte de umidade do oceano para o continente sob regime de alta pre;Outono;;;;;;;;;;;;;;;;;;;;;
2021-05-29 00:00:00;Litoral;mTa;A região sob o retângulo está sob a influência predominante do fluxo de ventos de leste/sudeste associado à circulação marítima, caracterizando o domínio da massa Tropical Atlântic;Outono;;;;;;;;;;;;;;;;;;;;;
2021-05-29 00:00:00;Centro;mTa;A região encontra-se sob o fluxo do escoamento marítimo associado à circulação anticiclônica do Atlântico Sul, caracterizando o domínio da massa tropical atlântica.;Outono;;;;;;;;;;;;;;;;;;;;;
2021-05-29 00:00:00;Sul;mPa;A região delimitada encontra-se sob a influência direta do escoamento de uma massa de ar frio e úmido, posicionada na retaguarda do sistema frontal que avança pelo setor sul do paí;Outono;;;;;;;;;;;;;;;;;;;;;
2021-05-30 00:00:00;Norte;mEc;A regiao delimitada esta inserida sobre a bacia amazonica, apresentando caracteristicas tipicas de origem continental, quente e umida, sem influencia direta de sistemas polares.;Outono;;;;;;;;;;;;;;;;;;;;;
2021-05-30 00:00:00;Nordeste;mTa;Regiao sob influencia predominante do escoamento de leste/sudeste associado ao anticiclone subtropical, conferindo carateristicas de massa tropical atlantica na area.;Outono;;;;;;;;;;;;;;;;;;;;;
2021-05-30 00:00:00;Litoral;mEa;Região sob influência da Massa Equatorial Atlântica, caracterizada pelo transporte de umidade e ar quente sobre o litoral norte e nordeste do Brasil.;Outono;;;;;;;;;;;;;;;;;;;;;
2021-05-30 00:00:00;Centro;mPa;A regiao delimitada encontra-se sob a influência direta do avanço da massa de ar pós-frontal, caracterizada pelo resfriamento e deslocamento do sistema de alta pressão para o conti;Outono;;;;;;;;;;;;;;;;;;;;;
2021-05-30 00:00:00;Sul;mPa;A região apresenta características de subsidência e temperaturas mais amenas, situando-se claramente na retaguarda de um sistema frontal, sob influência direta da massa polar atlân;Outono;;;;;;;;;;;;;;;;;;;;;
2021-05-31 00:00:00;Norte;mEc;A região delimitada está situada sobre a bacia amazônica, caracterizando o domínio termodinâmico da massa equatorial continental, que mantém elevadas temperaturas e umidade no seto;Outono;;;;;;;;;;;;;;;;;;;;;
2021-05-31 00:00:00;Nordeste;mTa;A região esta sob influencia do fluxo marítimo da alta pressão do Atlantico, caracterizando a predominancia da massa Tropical Atlantica no setor costeiro e interior do Nordeste.;Outono;;;;;;;;;;;;;;;;;;;;;
2021-05-31 00:00:00;Litoral;mEa;Região sob influência predominante da Massa Equatorial Atlântica, caracterizada pelo transporte de umidade e calor do oceano para o setor costeiro do Nordeste.;Outono;;;;;;;;;;;;;;;;;;;;;
2021-05-31 00:00:00;Centro;mPa;A região destacada encontra-se no setor pós-frontal, sob a influência direta do avanço de uma massa de ar frio e seco, caracterizando a atuação da mPa.;Outono;;;;;;;;;;;;;;;;;;;;;
2021-05-31 00:00:00;Sul;mPa;A região delimitada encontra-se sob a influência direta do núcleo de alta pressão pós-frontal, caracterizando o ingresso de ar frio e seco típico da massa polar atlântica.;Outono;;;;;;;;;;;;;;;;;;;;;
2021-06-01 00:00:00;Norte;mEc;A regiao delimitada sobre a Amazonia apresenta caracteristicas de calor e umidade, sob influencia predominante da Massa Equatorial Continental, sem a interferencia de sistemas fron;Outono;;;;;;;;;;;;;;;;;;;;;
2021-06-01 00:00:00;Nordeste;mTa;A região sob o retângulo está sob influência do escoamento marítimo oriundo do Atlântico Sul, caracterizando o predomínio da massa Tropical Atlântica (mTa) quente e úmida.;Outono;;;;;;;;;;;;;;;;;;;;;
2021-06-01 00:00:00;Litoral;mTa;A regiao delimitada esta sob influencia direta do fluxo marítimo da alta subtropical, caracterizando a predominancia da Massa Tropical Atlantica (mTa) com ar quente e umido.;Outono;;;;;;;;;;;;;;;;;;;;;
2021-06-01 00:00:00;Centro;mPa;Regiao sob atuacao de massa de ar frio, evidenciada pelos valores de temperatura e ponto de orvalho em declinio pos-passagem de sistema frontal no setor central do continente.;Outono;;;;;;;;;;;;;;;;;;;;;
2021-06-01 00:00:00;Sul;mPa;A região delimitada situa-se na retaguarda de uma frente fria que atua sobre o Sudeste, evidenciando o ingresso e domínio da massa de ar polar (mPa) com temperaturas reduzidas.;Outono;;;;;;;;;;;;;;;;;;;;;
2021-06-02 00:00:00;Norte;mEc;A região sob o retângulo vermelho está situada na Bacia Amazônica, onde predomina a Massa Equatorial Continental, caracterizada por ser quente e úmida.;Outono;;;;;;;;;;;;;;;;;;;;;
2021-06-02 00:00:00;Nordeste;mTa;Região sob influência direta do fluxo de leste/sudeste proveniente do Atlântico Tropical, caracterizando o domínio da massa de ar Tropical Atlântica com características quentes e ú;Outono;;;;;;;;;;;;;;;;;;;;;
2021-06-02 00:00:00;Litoral;mEa;Região sob influência direta do fluxo de leste/nordeste no setor norte/nordeste do Brasil, caracterizando a atuação da massa de ar quente e úmida Equatorial Atlântica.;Outono;;;;;;;;;;;;;;;;;;;;;
2021-06-02 00:00:00;Centro;mPa;A região encontra-se submetida ao fluxo de sul/sudeste pós-frontal, com declínio térmico característico da incursão de massa de ar frio e úmido de origem polar.;Outono;;;;;;;;;;;;;;;;;;;;;
2021-06-02 00:00:00;Sul;mPa;A região delimitada localiza-se na retaguarda do sistema frontal, com vetores de vento predominantemente de sul/sudoeste, indicando o avanço e predominância da massa polar atlântic;Outono;;;;;;;;;;;;;;;;;;;;;
2021-06-03 00:00:00;Norte;mEc;Regiao central abrangendo a Bacia Amazonica. A ausencia de frentes frias ou sistemas dinamicos na area caracteriza a predominancia da massa equatorial continental, quente e umida.;Outono;;;;;;;;;;;;;;;;;;;;;
2021-06-03 00:00:00;Nordeste;mTa;A região encontra-se sob influência do escoamento zonal oriundo do Oceano Atlântico, caracterizando a predominância de uma massa de ar quente e úmida de origem tropical.;Outono;;;;;;;;;;;;;;;;;;;;;
2021-06-03 00:00:00;Litoral;mTa;O litoral indicado está sob influência do escoamento marítimo persistente da massa tropical atlântica, caracterizada pelo transporte de umidade em direção ao continente.;Outono;;;;;;;;;;;;;;;;;;;;;
2021-06-03 00:00:00;Centro;mTa;A região delimitada está sob influência da circulação da alta pressão subtropical do Atlântico Sul, caracterizando o predomínio de ar tropical quente e úmido sobre o setor.;Outono;;;;;;;;;;;;;;;;;;;;;
2021-06-03 00:00:00;Sul;mPa;Região sob influência direta de massa de ar frio e úmido, posicionada na retaguarda de sistema frontal, evidenciada por registros de temperaturas menores no setor sul do retângulo.;Outono;;;;;;;;;;;;;;;;;;;;;
2021-06-04 00:00:00;Norte;mEc;A região apresenta as características térmicas e de umidade típicas da massa de ar Equatorial Continental, que domina o interior do continente sob regime de baixas pressões e conve;Outono;;;;;;;;;;;;;;;;;;;;;
2021-06-04 00:00:00;Nordeste;mTa;A região encontra-se sob influência do fluxo zonal marítimo quente e úmido vindo do Atlântico Sul, caracterizando o domínio da massa Tropical Atlântica na área delimitada.;Outono;;;;;;;;;;;;;;;;;;;;;
2021-06-04 00:00:00;Litoral;mTa;A região delimitada encontra-se sob o domínio do fluxo marítimo predominante da Alta Subtropical do Atlântico Sul, caracterizando a atuação da Massa Tropical Atlântica.;Outono;;;;;;;;;;;;;;;;;;;;;
2021-06-04 00:00:00;Centro;mPa;A regiao delimitada esta sob influencia de uma massa de ar frio e seco (mPa), evidenciada pelo posicionamento a retaguarda da frente fria que avanca sobre o Sudeste brasileiro.;Outono;;;;;;;;;;;;;;;;;;;;;
2021-06-04 00:00:00;Sul;mPa;A regiao apresenta adveccao de ar frio com posicoes de temperatura reduzidas, caracterizando o avancamento da mPa sobre o setor sul do pais, pos-passagem de frente fria.;Outono;;;;;;;;;;;;;;;;;;;;;
2021-06-05 00:00:00;Norte;mEc;Região central da Bacia Amazônica sob influência da massa de ar quente e úmida de origem continental, sem a presença ou interferência de sistemas frontais extratropicais.;Outono;;;;;;;;;;;;;;;;;;;;;
2021-06-05 00:00:00;Nordeste;mTa;A região delimitada está sob forte influência do escoamento de leste e sudeste, característico da massa tropical atlântica, que predomina em grande parte do setor costeiro e interi;Outono;;;;;;;;;;;;;;;;;;;;;
2021-06-05 00:00:00;Litoral;mTa;A regiao delimitada esta sob influencia direta do fluxo marítimo do Atlantico Sul, caracterizado pela circulacao de um centro de alta pressao, mantendo a mTa predominante.;Outono;;;;;;;;;;;;;;;;;;;;;
2021-06-05 00:00:00;Centro;mTa;A região encontra-se sob influência de um campo de alta pressão do Atlântico Sul, caracterizando a permanência da Massa Tropical Atlântica (mTa) sobre o setor.;Outono;;;;;;;;;;;;;;;;;;;;;
2021-06-05 00:00:00;Sul;mPa;A região delimitada encontra-se sob influência de um sistema frontal com fluxo de ar frio e seco pós-frontal, caracterizando o ingresso da mPa no setor Sul/Sudeste.;Outono;;;;;;;;;;;;;;;;;;;;;
2021-06-06 00:00:00;Norte;mEc;A região destacada abrange a bacia amazônica e áreas continentais adjacentes, onde a massa de ar quente e úmida de origem equatorial continental é a característica predominante.;Outono;;;;;;;;;;;;;;;;;;;;;
2021-06-06 00:00:00;Nordeste;mTa;A região encontra-se sob domínio do escoamento de leste-sudeste, característico da circulação periférica da alta pressão subtropical, configurando a predominância da mTa.;Outono;;;;;;;;;;;;;;;;;;;;;
2021-06-06 00:00:00;Litoral;mTa;A região delimitada encontra-se sob a influência direta do escoamento marítimo associado à alta do Atlântico Sul, caracterizando a predominância da massa de ar Tropical Atlântica.;Outono;;;;;;;;;;;;;;;;;;;;;
2021-06-06 00:00:00;Centro;mPa;A região central encontra-se sob a influência direta do avanço da massa de ar polar, evidenciada pelos valores mais baixos de temperatura e pressão em trajetória pós-frontal.;Outono;;;;;;;;;;;;;;;;;;;;;
2021-06-06 00:00:00;Sul;mPa;A região delimitada encontra-se sob influxo de ar frio e seco, logo após a passagem de uma frente fria, caracterizando o domínio da massa de ar polar atlântica.;Outono;;;;;;;;;;;;;;;;;;;;;
2021-06-07 00:00:00;Norte;mEc;A região delimitada abrange a bacia amazônica. A ausência de sistemas frontais e a característica de umidade e calor confirmam o domínio da massa Equatorial Continental.;Outono;;;;;;;;;;;;;;;;;;;;;
2021-06-07 00:00:00;Nordeste;mTa;A região sob o retângulo vermelho está inserida no fluxo de circulação marítima, sob influência direta e dominante da massa de ar Tropical Atlântica, característica da estação.;Outono;;;;;;;;;;;;;;;;;;;;;
2021-06-07 00:00:00;Litoral;mTa;Regiao sob fluxo predominante de leste/sudeste associado a circulacao maritima, caracterizando a atuacao da massa tropical atlantica na faixa costeira do nordeste brasileiro.;Outono;;;;;;;;;;;;;;;;;;;;;
2021-06-07 00:00:00;Centro;mPa;A região sob o retângulo vermelho encontra-se na retaguarda de um sistema frontal, caracterizada pela incursão e predomínio de ar frio e úmido de origem polar.;Outono;;;;;;;;;;;;;;;;;;;;;
2021-06-07 00:00:00;Sul;mPa;A regiao apresenta adveccao de ar frio e seco, com trajeto continental pos-frontal, caracterizando a presenca de uma massa polar que avanca sobre o setor monitorado.;Outono;;;;;;;;;;;;;;;;;;;;;
2021-06-08 00:00:00;Norte;mEc;A regiao delimitada esta sob influencia da Massa Equatorial Continental, caracterizada por ser quente e umida, predominante sobre a Amazonia na ausência de sistemas frontais.;Outono;;;;;;;;;;;;;;;;;;;;;
2021-06-08 00:00:00;Nordeste;mTa;A região delimitada está sob forte influência do escoamento marítimo oriundo do oceano Atlântico, caracterizando a predominância e o transporte da massa Tropical Atlântica.;Outono;;;;;;;;;;;;;;;;;;;;;
2021-06-08 00:00:00;Litoral;mTa;A regiao delimitada encontra-se sob a influência direta do escoamento marítimo de leste, estabelecido pelo gradiente de pressão da ASAS, caracterizando o predomínio da massa mTa.;Outono;;;;;;;;;;;;;;;;;;;;;
2021-06-08 00:00:00;Centro;mPa;A região encontra-se no setor pós-frontal, sob influência direta do ingresso de ar frio e seco proveniente do quadrante sul, caracterizando o domínio da massa polar atlântica.;Outono;;;;;;;;;;;;;;;;;;;;;
2021-06-08 00:00:00;Sul;mPa;A região delimitada encontra-se na retaguarda de um sistema frontal, sob a influência direta do escoamento de ar frio e seco característico do avanço da massa polar atlântica.;Outono;;;;;;;;;;;;;;;;;;;;;
2021-06-09 00:00:00;Norte;mEc;Região central da Bacia Amazônica, caracterizada por altas temperaturas e elevada umidade, sob domínio da massa Equatorial Continental, sem influência de sistemas frontais.;Outono;;;;;;;;;;;;;;;;;;;;;
2021-06-09 00:00:00;Nordeste;mTa;Predominância de fluxo marítimo sob influência da Alta Subtropical do Atlântico Sul, trazendo ar quente e úmido para o interior da região Nordeste.;Outono;;;;;;;;;;;;;;;;;;;;;
2021-06-09 00:00:00;Litoral;mTa;Regiao sob influencia do escoamento do anticiclone subtropical, estabelecendo um regime de ar quente e umido caracteristico da Massa Tropical Atlantica no litoral leste.;Outono;;;;;;;;;;;;;;;;;;;;;
2021-06-09 00:00:00;Centro;mPa;A região apresenta o avanço nítido de uma massa de ar frio e seco após a passagem de uma frente fria, caracterizada pela queda nas temperaturas e valores específicos de ponto de or;Outono;;;;;;;;;;;;;;;;;;;;;
2021-06-09 00:00:00;Sul;mPa;A região delimitada encontra-se na retaguarda da frente fria, caracterizada por temperaturas mais baixas e gradiente de pressão favorável ao ingresso da massa polar atlântica (mPa);Outono;;;;;;;;;;;;;;;;;;;;;
2021-06-10 00:00:00;Norte;mEc;Região centrada na bacia amazônica sob influência de ar quente e úmido, característico da Massa Equatorial Continental, sem evidências de sistemas frontais na área delimitada.;Outono;;;;;;;;;;;;;;;;;;;;;
2021-06-10 00:00:00;Nordeste;mTa;Predominância da Massa Tropical Atlântica, caracterizada pelo fluxo de ar quente e úmido originado na circulação do anticiclone subtropical sobre o Atlântico Sul, atuando sobre a r;Outono;;;;;;;;;;;;;;;;;;;;;
2021-06-10 00:00:00;Litoral;mTa;Região sob influência direta do escoamento marítimo de leste/sudeste associado ao gradiente de pressão do sistema de alta pressão oceânico, caracterizando a atuação da mTa.;Outono;;;;;;;;;;;;;;;;;;;;;
2021-06-10 00:00:00;Centro;mPa;A região delimitada encontra-se sob efeito direto de subsidência e advecção fria pós-frontal, com queda nas temperaturas e estabilidade característica da mPa avançando pelo interio;Outono;;;;;;;;;;;;;;;;;;;;;
2021-06-10 00:00:00;Sul;mPa;A região delimitada encontra-se sob a influência direta do transporte de ar frio e úmido após a passagem de uma frente fria, caracterizando o predomínio da massa polar atlântica.;Outono;;;;;;;;;;;;;;;;;;;;;
2021-06-11 00:00:00;Norte;mEc;Regiao central da Amazonia sem influencia direta de sistemas frontais, caracterizando o dominio da massa equatorial continental, quente e umida.;Outono;;;;;;;;;;;;;;;;;;;;;
2021-06-11 00:00:00;Nordeste;mTa;A região encontra-se sob influência do fluxo de leste da circulação marítima tropical, caracterizando a permanência da Massa Tropical Atlântica sobre o setor.;Outono;;;;;;;;;;;;;;;;;;;;;
2021-06-11 00:00:00;Litoral;mEa;A região delimitada no setor leste-nordeste encontra-se sob influência da circulação da Massa Equatorial Atlântica (mEa), caracterizada por umidade elevada e temperaturas tropicais;Outono;;;;;;;;;;;;;;;;;;;;;
2021-06-11 00:00:00;Centro;mPa;A região delimitada encontra-se na retaguarda de uma frente fria, caracterizada pela advecção de ar frio e úmido típica da Massa Polar Atlântica que avança pelo continente.;Outono;;;;;;;;;;;;;;;;;;;;;
2021-06-11 00:00:00;Sul;mPa;A região delimitada encontra-se sob a influência direta de ar frio e seco, característico do setor pós-frontal, configurando o avanço e domínio da massa de ar polar.;Outono;;;;;;;;;;;;;;;;;;;;;
2021-06-12 00:00:00;Norte;mEc;Regiao central e norte da Amazonia apresentando caracteristicas tipicas de massa quente e umida de origem continental, predominante sobre a bacia amazonica.;Outono;;;;;;;;;;;;;;;;;;;;;
2021-06-12 00:00:00;Nordeste;mTa;Região sob influência direta da circulação marítima quente e úmida vinda do Atlântico, configurando o predomínio da massa Tropical Atlântica sobre o setor leste do Nordeste.;Outono;;;;;;;;;;;;;;;;;;;;;
2021-06-12 00:00:00;Litoral;mTa;A região delimitada está sob influência do escoamento marítimo de leste, característico da circulação da massa Tropical Atlântica (mTa), mantendo condições de umidade no litoral.;Outono;;;;;;;;;;;;;;;;;;;;;
2021-06-12 00:00:00;Centro;mPa;A região delimitada encontra-se na retaguarda de um sistema frontal, sob forte influência da massa de ar polar, caracterizada por menores temperaturas e pressão em ascensão.;Outono;;;;;;;;;;;;;;;;;;;;;
2021-06-12 00:00:00;Sul;mPa;A região delimitada encontra-se sob o domínio da mPa (Massa Polar Atlântica), caracterizada pelas baixas temperaturas observadas atrás da frente fria que atua sobre o setor.;Outono;;;;;;;;;;;;;;;;;;;;;
2021-06-13 00:00:00;Norte;mEc;A região amazônica, delimitada na análise, caracteriza-se pela predominância de ar quente e úmido de origem continental, mantendo as condições típicas da massa Equatorial Continent;Outono;;;;;;;;;;;;;;;;;;;;;
2021-06-13 00:00:00;Nordeste;mTa;Região sob influência direta da circulação marítima da alta pressão subtropical do Atlântico Sul, caracterizando o domínio da massa Tropical Atlântica no setor leste do Nordeste.;Outono;;;;;;;;;;;;;;;;;;;;;
2021-06-13 00:00:00;Litoral;mPa;A area delimitada encontra-se sob efeito do avanço de uma massa de ar polar, transportada pelo fluxo pós-frontal que atua sobre o litoral do Nordeste brasileiro.;Outono;;;;;;;;;;;;;;;;;;;;;
2021-06-13 00:00:00;Centro;mPa;A região encontra-se imediatamente atrás de um sistema frontal (frente fria), caracterizada pelo ingresso de ar frio e seco, consolidando o domínio da mPa sobre o setor.;Outono;;;;;;;;;;;;;;;;;;;;;
2021-06-13 00:00:00;Sul;mPa;A região delimitada encontra-se sob a influência clara de uma massa de ar frio e seco, posicionada nitidamente no setor pós-frontal do sistema de baixa pressão.;Outono;;;;;;;;;;;;;;;;;;;;;
2021-06-14 00:00:00;Norte;mEc;A região delimitada compreende a bacia amazônica. Na ausência de perturbações frontais significativas, a área é dominada pela massa de ar quente e úmida de origem continental.;Outono;;;;;;;;;;;;;;;;;;;;;
2021-06-14 00:00:00;Nordeste;mTa;A regiao delimitada esta sob influencia direta do escoamento de leste-sudeste proveniente da circulação da alta pressao do Atlantico Sul, caracterizando a predominancia da mTa.;Outono;;;;;;;;;;;;;;;;;;;;;
2021-06-14 00:00:00;Litoral;mTa;A região delimitada está sob forte influência do escoamento marítimo oriundo do Atlântico Sul, caracterizando o domínio da massa Tropical Atlântica com umidade e calor típicos.;Outono;;;;;;;;;;;;;;;;;;;;;
2021-06-14 00:00:00;Centro;mPa;A região delimitada encontra-se sob a influência direta do avanço da massa de ar polar, evidenciada pelos valores de temperatura e ponto de orvalho em declínio e circulação pós-fro;Outono;;;;;;;;;;;;;;;;;;;;;
2021-06-14 00:00:00;Sul;mPa;A região delimitada situa-se na retaguarda de um sistema frontal, sob influência direta do ingresso de ar polar com temperaturas mais baixas, caracterizando o predomínio da mPa.;Outono;;;;;;;;;;;;;;;;;;;;;
2021-06-15 00:00:00;Norte;mEc;Regiao central e norte da Amazonia sob influencia da Massa Equatorial Continental, caracterizada por alta umidade e temperaturas elevadas, predominante na area especificada.;Outono;;;;;;;;;;;;;;;;;;;;;
2021-06-15 00:00:00;Nordeste;mTa;Predominância de escoamento marítimo influenciado pela alta do Atlântico Sul, caracterizando a atuação da massa Tropical Atlântica sobre a região delimitada.;Outono;;;;;;;;;;;;;;;;;;;;;
2021-06-15 00:00:00;Litoral;mTa;Regiao sob influencia do fluxo marítimo da alta subtropical, caracterizada por transporte de umidade e calor característicos da massa Tropical Atlântica no setor leste brasileiro.;Outono;;;;;;;;;;;;;;;;;;;;;
2021-06-15 00:00:00;Centro;mPa;A região apresenta campo de pressão com características de subsiderança e temperaturas reduzidas, evidenciando o ingresso de massa de ar frio polar na retaguarda de sistema frontal;Outono;;;;;;;;;;;;;;;;;;;;;
2021-06-15 00:00:00;Sul;mPa;A região delimitada está sob forte influência de subsidência e advecção fria, caracterizando o domínio da massa de ar polar (mPa) após a passagem de sistema frontal.;Outono;;;;;;;;;;;;;;;;;;;;;
2021-06-16 00:00:00;Norte;mEc;Regiao central e norte da Amazonia sob dominio da Massa Equatorial Continental, caracterizada por alta umidade e temperaturas elevadas, sem influencia direta de sistemas frontais.;Outono;;;;;;;;;;;;;;;;;;;;;
2021-06-16 00:00:00;Nordeste;mTa;Predominância da Massa Tropical Atlântica, impulsionada pelo fluxo de leste da alta pressão subtropical do Atlântico Sul, que transporta ar quente e úmido para o litoral e interior;Outono;;;;;;;;;;;;;;;;;;;;;
2021-06-16 00:00:00;Litoral;mTa;Região sob influência direta da circulação marítima da borda da ASAS, apresentando características de ar quente e úmido típicas da Massa Tropical Atlântica no setor leste.;Outono;;;;;;;;;;;;;;;;;;;;;
2021-06-16 00:00:00;Centro;mPa;A região apresenta o avanço de uma massa de ar frio logo após a passagem da frente, caracterizada pela queda acentuada das temperaturas e mudança nos ventos.;Outono;;;;;;;;;;;;;;;;;;;;;
2021-06-16 00:00:00;Sul;mPa;A região delimitada localiza-se na retaguarda de sistema frontal, com temperaturas reduzidas e circulação anticiclônica característica do avanço da Massa Polar Atlântica.;Outono;;;;;;;;;;;;;;;;;;;;;
2021-06-17 00:00:00;Norte;mEc;Regiao central da Amazonia sem influencias frontais, sob dominio das caracteristicas de alta umidade e temperaturas elevadas tipicas da massa Equatorial Continental.;Outono;;;;;;;;;;;;;;;;;;;;;
2021-06-17 00:00:00;Nordeste;mTa;A região encontra-se sob influência do escoamento marítimo oriundo do Atlântico Sul, caracterizando a predominância da Massa Tropical Atlântica (mTa) sobre o nordeste brasileiro.;Outono;;;;;;;;;;;;;;;;;;;;;
2021-06-17 00:00:00;Litoral;mTa;A região delimitada está sob forte influência do escoamento marítimo oriundo da alta pressão subtropical do Atlântico Sul, caracterizando o predomínio da massa Tropical Atlântica.;Outono;;;;;;;;;;;;;;;;;;;;;
2021-06-17 00:00:00;Centro;mPa;A região delimitada está sob forte influência da mPa, caracterizada por temperaturas baixas e umidade, posicionada imediatamente atrás da frente fria que avança pelo Sudeste brasil;Outono;;;;;;;;;;;;;;;;;;;;;
2021-06-17 00:00:00;Sul;mPa;A região delimitada está sob forte influência de uma massa de ar frio e seco, posicionada no setor pós-frontal, com gradientes térmicos característicos de avanço da mPa.;Outono;;;;;;;;;;;;;;;;;;;;;
2021-06-18 00:00:00;Norte;mEc;Região central da Amazônia sob condições de baixos gradientes de pressão, caracterizando o domínio da massa quente e úmida de origem continental, sem influência de sistemas frontai;Outono;;;;;;;;;;;;;;;;;;;;;
2021-06-18 00:00:00;Nordeste;mTa;Predomínio de fluxo marítimo associado à circulação da alta subtropical do Atlântico Sul, transportando umidade e ar quente sobre o litoral e interior da região Nordeste.;Outono;;;;;;;;;;;;;;;;;;;;;
2021-06-18 00:00:00;Litoral;mTa;A área delimitada encontra-se sob domínio do fluxo dos ventos de leste/sudeste associados ao ramo periférico do sistema de alta pressão oceânico, caracterizando a mTa.;Outono;;;;;;;;;;;;;;;;;;;;;
2021-06-18 00:00:00;Centro;mPa;A área demarcada encontra-se no quadrante posterior a uma frente fria, caracterizada pela advecção de ar frio e seco, consolidando o domínio de uma massa de ar polar.;Outono;;;;;;;;;;;;;;;;;;;;;
2021-06-18 00:00:00;Sul;mPa;A região delimitada encontra-se sob influência de um sistema frontal em deslocamento. Observa-se valores de temperatura e ponto de orvalho em declínio, característicos da mPa.;Outono;;;;;;;;;;;;;;;;;;;;;
2021-06-19 00:00:00;Norte;mEc;Região localizada sobre a bacia amazônica, caracterizada por altas temperaturas e umidade, sem a influência direta de sistemas frontais ou massas de origem marítima/polar.;Outono;;;;;;;;;;;;;;;;;;;;;
2021-06-19 00:00:00;Nordeste;mTa;A região sob o retângulo está inserida no escoamento do fluxo de leste/sudeste associado à circulação marítima, confirmando o predomínio da massa de ar Tropical Atlântica.;Outono;;;;;;;;;;;;;;;;;;;;;
2021-06-19 00:00:00;Litoral;mTa;A regiao delimitada esta sob influencia direta do fluxo maritimo oriundo do oceano, caracterizando a atuacao da massa Tropical Atlantica com predominancia de umidade e calor.;Outono;;;;;;;;;;;;;;;;;;;;;
2021-06-19 00:00:00;Centro;mPa;A região do retângulo encontra-se a retaguarda de um sistema frontal, caracterizando a incursão e o domínio de uma massa de ar frio e seco de origem polar (mPa).;Outono;;;;;;;;;;;;;;;;;;;;;
2021-06-19 00:00:00;Sul;mPa;A região delimitada encontra-se sob efeito direto de um sistema frontal, com fluxo de ar frio e úmido característico da mPa, apresentando temperaturas reduzidas na base da carta.;Outono;;;;;;;;;;;;;;;;;;;;;
2021-06-20 00:00:00;Norte;mEc;A região amazônica delimitada encontra-se sob domínio da Massa Equatorial Continental, caracterizada por ar quente e úmido, predominante na ausência de incursões de sistemas polare;Outono;;;;;;;;;;;;;;;;;;;;;
2021-06-20 00:00:00;Nordeste;mTa;A região encontra-se sob influência do fluxo de leste do Atlântico, apresentando características de massa quente e úmida, típica da circulação marítima tropical no Nordeste.;Outono;;;;;;;;;;;;;;;;;;;;;
2021-06-20 00:00:00;Litoral;mTa;A área delimitada encontra-se sob o fluxo do quadrante leste/sudeste, sob influência do sistema de alta pressão oceânico, caracterizando domínio da Massa Tropical Atlântica.;Outono;;;;;;;;;;;;;;;;;;;;;
2021-06-20 00:00:00;Centro;mPa;A região apresenta o avanço de uma massa de ar frio logo após a passagem da frente, evidenciado pelo declínio térmico e padrão de circulação polar sob o setor.;Outono;;;;;;;;;;;;;;;;;;;;;
2021-06-20 00:00:00;Sul;mPa;A região sob o retângulo vermelho apresenta temperaturas amenas e fluxo de sul/sudeste, caracterizando a retaguarda de um sistema frontal, sob influência direta da massa polar atlâ;Outono;;;;;;;;;;;;;;;;;;;;;
2021-06-21 00:00:00;Norte;mEc;Região centrada na bacia amazônica, caracterizada por altas temperaturas e umidade elevada, típica da massa equatorial continental sem influência direta de sistemas frontais.;Inverno;;;;;;;;;;;;;;;;;;;;;
2021-06-21 00:00:00;Nordeste;mTa;Região sob influência do fluxo de sudeste que transporta o ar tropical marítimo oriundo do oceano Atlântico para o setor leste da região Nordeste brasileira.;Inverno;;;;;;;;;;;;;;;;;;;;;
2021-06-21 00:00:00;Litoral;mEa;A região delimitada no litoral nordeste encontra-se sob influência da Massa Equatorial Atlântica, caracterizada pelo fluxo de ar quente e úmido predominante nesta latitude.;Inverno;;;;;;;;;;;;;;;;;;;;;
2021-06-21 00:00:00;Centro;mPa;A regiao delimitada esta sob influencia direta da massa de ar polar (mPa), que avanca pelo interior do continente na retaguarda da frente fria observada no setor.;Inverno;;;;;;;;;;;;;;;;;;;;;
2021-06-21 00:00:00;Sul;mPa;A região delimitada encontra-se sob infiltração e domínio de ar frio e seco, característico de massa polar pós-frontal, evidenciado pelas baixas pressões e temperaturas na área.;Inverno;;;;;;;;;;;;;;;;;;;;;
2021-06-22 00:00:00;Norte;mEc;Região situada sobre a bacia amazônica, caracterizada por altas temperaturas e elevada umidade, sob domínio da massa equatorial continental, sem influência de sistemas frontais.;Inverno;;;;;;;;;;;;;;;;;;;;;
2021-06-22 00:00:00;Nordeste;mTa;A região apresenta características de estabilidade e regime de ventos alísios sob influência da alta pressão, configurando o predomínio da massa Tropical Atlântica na área.;Inverno;;;;;;;;;;;;;;;;;;;;;
2021-06-22 00:00:00;Litoral;mTa;A região delimitada encontra-se sob influência da circulação da alta pressão subtropical do Atlântico Sul, caracterizando o predomínio de ar quente e úmido da massa Tropical Atlânt;Inverno;;;;;;;;;;;;;;;;;;;;;
2021-06-22 00:00:00;Centro;mPa;A região encontra-se submetida ao fluxo de ar frio e seco proveniente do quadrante sul/sudoeste, caracterizando a retaguarda de uma frente fria e o domínio da massa polar.;Inverno;;;;;;;;;;;;;;;;;;;;;
2021-06-22 00:00:00;Sul;mPa;A região delimitada encontra-se sob a influência direta de uma massa de ar frio e seco, posicionada na retaguarda de um sistema frontal, caracterizando o avanço da mPa no Sul.;Inverno;;;;;;;;;;;;;;;;;;;;;
2021-06-23 00:00:00;Norte;mEc;A região demarcada encontra-se sobre o interior da bacia amazônica, sob domínio da massa de ar quente e úmida de origem continental, característica da climatologia regional.;Inverno;;;;;;;;;;;;;;;;;;;;;
2021-06-23 00:00:00;Nordeste;mTa;Predominio de circulacao maritima associada ao fluxo zonal do Atlantico Sul, transportando umidade e calor sobre o setor nordestino, caracterizando a atuacao da mTa.;Inverno;;;;;;;;;;;;;;;;;;;;;
2021-06-23 00:00:00;Litoral;mTa;A região delimitada está sob influência do fluxo equatorial/tropical marítimo quente e úmido, característico do domínio da Massa Tropical Atlântica no litoral brasileiro.;Inverno;;;;;;;;;;;;;;;;;;;;;
2021-06-23 00:00:00;Centro;mPa;A região demarcada apresenta temperaturas em declínio e circulação de sul/sudeste, características da influência de uma massa de ar polar avançando após a passagem de uma frente fr;Inverno;;;;;;;;;;;;;;;;;;;;;
2021-06-23 00:00:00;Sul;mPa;A região delimitada encontra-se sob a influência pós-frontal, com advecção fria e queda nas temperaturas, caracterizando a atuação da Massa Polar Atlântica sobre o setor.;Inverno;;;;;;;;;;;;;;;;;;;;;
2021-06-24 00:00:00;Norte;mEc;A região delimitada está sob forte influência da Massa Equatorial Continental, caracterizada por temperaturas elevadas e alta umidade, típica da bacia Amazônica nesta época.;Inverno;;;;;;;;;;;;;;;;;;;;;
2021-06-24 00:00:00;Nordeste;mTa;Regiao sob influencia do fluxo maritimo do Atlantico Sul, transportando umidade e ar aquecido sobre o litoral e interior do Nordeste, caracterizando a dominancia da mTa.;Inverno;;;;;;;;;;;;;;;;;;;;;
2021-06-24 00:00:00;Litoral;mTa;Regiao sob fluxo marítimo do Atlântico sul, com transporte de umidade e calor característico da Massa Tropical Atlântica, mantendo estabilidade térmica sob a influência da alta pre;Inverno;;;;;;;;;;;;;;;;;;;;;
2021-06-24 00:00:00;Centro;mPa;A região delimitada encontra-se sob a influência direta do avanço de uma massa de ar frio pós-frontal, caracterizada pela redução térmica e gradiente de pressão típico de retaguard;Inverno;;;;;;;;;;;;;;;;;;;;;
2021-06-24 00:00:00;Sul;mPa;A região delimitada encontra-se na retaguarda de sistema frontal, sob influência de massa de ar frio e seco, caracterizada por gradiente de pressão típico de pós-frontal.;Inverno;;;;;;;;;;;;;;;;;;;;;
2021-06-25 00:00:00;Norte;mEc;A região apresenta características de estabilidade térmica e umidade típicas da massa continental amazônica, livre de influência frontal direta no setor demarcado.;Inverno;;;;;;;;;;;;;;;;;;;;;
2021-06-25 00:00:00;Nordeste;mTa;A região delimitada está sob forte influência do escoamento marítimo oriundo do Atlântico Sul, caracterizando o domínio da massa Tropical Atlântica (mTa) sobre o setor nordeste.;Inverno;;;;;;;;;;;;;;;;;;;;;
2021-06-25 00:00:00;Litoral;mTa;A regiao delimitada esta sob influencia direta do escoamento de leste-sudeste proveniente da alta pressao subtropical, caracterizando a atuacao da massa de ar tropical atlantica.;Inverno;;;;;;;;;;;;;;;;;;;;;
2021-06-25 00:00:00;Centro;mPa;A região apresenta o avanço de uma massa de ar frio, indicada pelos baixos valores de temperatura no ponto de orvalho e padrão de escoamento típico pós-frontal no Centro-Oeste.;Inverno;;;;;;;;;;;;;;;;;;;;;
2021-06-25 00:00:00;Sul;mPa;A região delimitada encontra-se na retaguarda de sistema frontal, com valores de temperatura e ponto de orvalho característicos do fluxo polar que adentra a Região Sudeste.;Inverno;;;;;;;;;;;;;;;;;;;;;
2021-06-26 00:00:00;Norte;mEc;A região destacada sobre a bacia amazônica caracteriza-se por condições de calor e alta umidade, típicas da Massa Equatorial Continental, sem a presença de sistemas frontais ativos;Inverno;;;;;;;;;;;;;;;;;;;;;
2021-06-26 00:00:00;Nordeste;mTa;A região sob influência do escoamento marítimo associado à alta pressão do Atlântico apresenta características de ar quente e úmido típico da massa tropical marítima.;Inverno;;;;;;;;;;;;;;;;;;;;;
2021-06-26 00:00:00;Litoral;mTa;Regiao sob influencia do fluxo maritimo do quadrante leste, caracteristico da circulacao periferica da ASAS, transportando umidade do Atlantico tropical para o setor costeiro.;Inverno;;;;;;;;;;;;;;;;;;;;;
2021-06-26 00:00:00;Centro;mPa;Regiao sob clara influencia do avanco de um sistema frontal, com os ventos no setor sul do retangulo indicando a predominancia da massa de ar polar (mPa) em seu deslocamento.;Inverno;;;;;;;;;;;;;;;;;;;;;
2021-06-26 00:00:00;Sul;mPa;A região delimitada encontra-se na retaguarda de um sistema frontal, caracterizada pela incursão de ar frio e seco, consolidando o domínio da massa polar atlântica sobre o setor.;Inverno;;;;;;;;;;;;;;;;;;;;;
2021-06-27 00:00:00;Norte;mEc;A região delimitada abrange a bacia amazônica, onde o ar quente e úmido de origem continental é predominante, caracterizando a atuação da massa de ar Equatorial Continental.;Inverno;;;;;;;;;;;;;;;;;;;;;
2021-06-27 00:00:00;Nordeste;mTa;A região encontra-se sob influência da circulação marítima da alta pressão do Atlântico, caracterizando a predominância de ar quente e úmido transportado pela mTa.;Inverno;;;;;;;;;;;;;;;;;;;;;
2021-06-27 00:00:00;Litoral;mTa;Regiao sob influencia do escoamento de sueste/leste, caracteristico da circulacao maritima que transporta a massa tropical atlantica para a faixa litoranea.;Inverno;;;;;;;;;;;;;;;;;;;;;
2021-06-27 00:00:00;Centro;mPa;A região encontra-se no setor pós-frontal (retaguarda) de uma frente fria, caracterizada pelo ingresso de ar frio e seco, indicando o avanço e domínio da mPa.;Inverno;;;;;;;;;;;;;;;;;;;;;
2021-06-27 00:00:00;Sul;mPa;Regiao sob influencia de adveccao de ar frio e seco apos a passagem de sistema frontal, caracterizando o avanco de massa polar pela regiao Sul do pais.;Inverno;;;;;;;;;;;;;;;;;;;;;
2021-06-28 00:00:00;Norte;mEc;Região localizada sobre a bacia amazônica, caracterizada pela predominância de ar quente e úmido de origem continental, sem influência de sistemas dinâmicos externos neste setor.;Inverno;;;;;;;;;;;;;;;;;;;;;
2021-06-28 00:00:00;Nordeste;mTa;A área delimitada encontra-se sob domínio do fluxo dos ventos de quadrante sudeste associado à circulação da alta pressão subtropical. Predomina ar quente e úmido de origem oceânic;Inverno;;;;;;;;;;;;;;;;;;;;;
2021-06-28 00:00:00;Litoral;mPa;A região delimitada está sob a influência do avanço de uma massa de ar frio e seco, posicionada na retaguarda da frente fria que atua sobre o Sudeste e costa do Brasil.;Inverno;;;;;;;;;;;;;;;;;;;;;
2021-06-28 00:00:00;Centro;mPa;A região encontra-se no setor pós-frontal, caracterizada por temperaturas e pontos de orvalho reduzidos, evidenciando o ingresso e predomínio de ar frio e seco de origem polar.;Inverno;;;;;;;;;;;;;;;;;;;;;
2021-06-28 00:00:00;Sul;mPa;A região delimitada encontra-se na retaguarda de um sistema frontal, caracterizada pela incursão de ar frio e seco, consolidando o domínio da massa polar atlântica.;Inverno;;;;;;;;;;;;;;;;;;;;;
2021-06-29 00:00:00;Norte;mEc;A região delimitada abrange a bacia amazônica, onde a massa de ar Equatorial Continental (mEc) prevalece como sistema de característica quente e úmida.;Inverno;;;;;;;;;;;;;;;;;;;;;
2021-06-29 00:00:00;Nordeste;mTa;Predomínio de circulação marítima vinda do Atlântico sobre a região, caracterizando o transporte de umidade e calor típico da atuação da Massa Tropical Atlântica.;Inverno;;;;;;;;;;;;;;;;;;;;;
2021-06-29 00:00:00;Litoral;mTa;Regiao sob influencia do escoamento marítimo quente e umido associado ao fluxo da ASAS, que impulsiona ventos de quadrante leste contra a costa do Nordeste brasileiro.;Inverno;;;;;;;;;;;;;;;;;;;;;
2021-06-29 00:00:00;Centro;mPa;A região encontra-se submetida ao fluxo de ar frio e seco após a passagem de uma frente fria, caracterizando a penetração e predomínio da massa polar atlântica.;Inverno;;;;;;;;;;;;;;;;;;;;;
2021-06-29 00:00:00;Sul;mPa;A região delimitada encontra-se na retaguarda de um sistema frontal frio, sob a influência direta do escoamento pós-frontal caracterizado pela advecção de ar frio e seco.;Inverno;;;;;;;;;;;;;;;;;;;;;
2021-06-30 00:00:00;Norte;mEc;A região delimitada localiza-se sobre a bacia amazônica, sob influência direta e persistente da massa Equatorial Continental, caracterizada por elevados teores de umidade.;Inverno;;;;;;;;;;;;;;;;;;;;;
2021-06-30 00:00:00;Nordeste;mTa;Dominio da subsidencia e fluxo zonal associado a circulacao do anticiclone subtropical, configurando o predominio da Massa Tropical Atlantica sobre a regiao nordestina.;Inverno;;;;;;;;;;;;;;;;;;;;;
2021-06-30 00:00:00;Litoral;mTa;A região delimitada encontra-se sob influência do escoamento marítimo de leste/nordeste, característico da atuação da massa de ar Tropical Atlântica, mantendo o tempo quente e úmid;Inverno;;;;;;;;;;;;;;;;;;;;;
2021-06-30 00:00:00;Centro;mPa;A regiao delimitada encontra-se sob a influência direta do avanço de uma frente fria, apresentando temperaturas reduzidas e circulação condizente com a penetração de ar polar.;Inverno;;;;;;;;;;;;;;;;;;;;;
2021-06-30 00:00:00;Sul;mPa;Regiao sob incidencia de fluxo de sul/sudeste, indicando o avanco de ar frio e seco pos-frontal sobre a costa do Sudeste, caracterizando o dominio da massa polar atlantica.;Inverno;;;;;;;;;;;;;;;;;;;;;
2021-07-01 00:00:00;Norte;mEc;A região demarcada abrange a bacia amazônica, onde predomina uma massa de ar quente e úmida de origem continental, característica da estabilidade e umidade persistente no setor.;Inverno;;;;;;;;;;;;;;;;;;;;;
2021-07-01 00:00:00;Nordeste;mTa;A região encontra-se sob influência do escoamento marítimo persistente associado à alta pressão do Atlântico Sul, caracterizando o predomínio da massa Tropical Atlântica.;Inverno;;;;;;;;;;;;;;;;;;;;;
2021-07-01 00:00:00;Litoral;mTa;Area sob influencia do fluxo marítimo de sudeste, associado ao escoamento em torno do sistema de alta pressão. Caracteriza-se por ar quente e úmido transportado do Atlântico.;Inverno;;;;;;;;;;;;;;;;;;;;;
2021-07-01 00:00:00;Centro;mPa;A regiao delimitada encontra-se sob a influencia direta do avanco de uma massa de ar frio e seco, posicionada nitidamente no setor posterior (retaguarda) de um sistema frontal.;Inverno;;;;;;;;;;;;;;;;;;;;;
2021-07-01 00:00:00;Sul;mPa;A região delimitada está sob a retaguarda de um sistema frontal, apresentando baixas temperaturas características da Massa Polar Atlântica que avança pelo continente.;Inverno;;;;;;;;;;;;;;;;;;;;;
2021-07-02 00:00:00;Norte;mEc;A região delimitada abrange a bacia amazônica, onde predomina a Massa Equatorial Continental, caracterizada por ar quente e úmido de origem continental.;Inverno;;;;;;;;;;;;;;;;;;;;;
2021-07-02 00:00:00;Nordeste;mTa;Predominio da massa Tropical Atlantica na região, caracterizada pelo fluxo de ar marítimo estável proveniente do setor oceânico, mantendo temperaturas elevadas e umidade sobre o No;Inverno;;;;;;;;;;;;;;;;;;;;;
2021-07-02 00:00:00;Litoral;mTa;Região sob influência direta do escoamento marítimo persistente associado à circulação da alta pressão subtropical do Atlântico Sul, caracterizando ar quente e úmido.;Inverno;;;;;;;;;;;;;;;;;;;;;
2021-07-02 00:00:00;Centro;mPa;A região apresenta o avanço do sistema frontal, com queda acentuada das temperaturas e registro de ventos de sul/sudeste, caracterizando a influência da Massa Polar Atlântica.;Inverno;;;;;;;;;;;;;;;;;;;;;
2021-07-02 00:00:00;Sul;mPa;A região apresenta temperaturas baixas e umidade característica após a passagem de uma frente fria, indicando o avanço e domínio da massa de ar polar sobre o setor Sul.;Inverno;;;;;;;;;;;;;;;;;;;;;
2021-07-03 00:00:00;Norte;mEc;A região demarcada encontra-se sobre a bacia amazônica, caracterizada sob influência intrínseca da massa de ar quente e úmida de origem continental, mantendo características térmic;Inverno;;;;;;;;;;;;;;;;;;;;;
2021-07-03 00:00:00;Nordeste;mTa;A região é dominada pelo fluxo de leste da alta pressão oceânica, estabelecendo regime de ventos alísios que transportam umidade e temperaturas elevadas para o setor.;Inverno;;;;;;;;;;;;;;;;;;;;;
2021-07-03 00:00:00;Litoral;mTa;A regiao delimitada encontra-se sob a influencia direta da circulacao oceanica de leste/sudeste, caracterizada pelo fluxo de ar quente e umido proveniente do Atlantico Sul.;Inverno;;;;;;;;;;;;;;;;;;;;;
2021-07-03 00:00:00;Centro;mPa;Região sob influência de ar frio e seco após a passagem de sistema frontal, evidenciado pelas baixas temperaturas (11-15°C) e circulação anticiclônica característica.;Inverno;;;;;;;;;;;;;;;;;;;;;
2021-07-03 00:00:00;Sul;mPa;A região apresenta características de baixas temperaturas e umidade no retangulo, posicionada na retaguarda do sistema frontal que avança pelo oceano, caracterizando a atuação da m;Inverno;;;;;;;;;;;;;;;;;;;;;
2021-07-04 00:00:00;Norte;mEc;A região delimitada abrange a bacia amazônica e áreas adjacentes, onde a massa de ar quente e úmida de origem continental predomina sem influência de outros sistemas frontais.;Inverno;;;;;;;;;;;;;;;;;;;;;
2021-07-04 00:00:00;Nordeste;mTa;Predominio da massa Tropical Atlantica, caracterizada pelo fluxo de sudeste que transporta umidade do oceano para o leste da regiao Nordeste sob influencia maritima.;Inverno;;;;;;;;;;;;;;;;;;;;;
2021-07-04 00:00:00;Litoral;mTa;A regiao delimitada esta sob influencia direta do escoamento maritimo associado ao sistema de alta pressao do Atlantico Sul, caracterizando a predominancia da massa Tropical Atlant;Inverno;;;;;;;;;;;;;;;;;;;;;
2021-07-04 00:00:00;Centro;mPa;A região apresenta ingresso firme de massa de ar pós-frontal, evidenciado por valores de temperatura e ponto de orvalho em declínio e circulação favorável ao avanço da mPa.;Inverno;;;;;;;;;;;;;;;;;;;;;
2021-07-04 00:00:00;Sul;mPa;Região sob influência de um sistema de alta pressão pós-frontal, apresentando declínio térmico e características de estabilidade típicas da massa polar atlântica avançando.;Inverno;;;;;;;;;;;;;;;;;;;;;
2021-07-05 00:00:00;Norte;mEc;A regiao delimitada esta sob influencia da Massa Equatorial Continental, caracterizada por ser quente e umida, mantendo estabilidade sobre a bacia Amazonica no periodo analisado.;Inverno;;;;;;;;;;;;;;;;;;;;;
2021-07-05 00:00:00;Nordeste;mTa;A região delimitada está sob a influência do fluxo marítimo característico da mTa, sustentado pelo gradiente de pressão do sistema de alta pressão posicionado sobre o Atlântico Sul;Inverno;;;;;;;;;;;;;;;;;;;;;
2021-07-05 00:00:00;Litoral;mTa;A região delimitada encontra-se sob influência do fluxo de leste da circulação marítima, caracterizando a predominância da Massa Tropical Atlântica (mTa) no litoral leste brasileir;Inverno;;;;;;;;;;;;;;;;;;;;;
2021-07-05 00:00:00;Centro;mPa;A região encontra-se submetida ao fluxo de sul/sudeste com temperaturas reduzidas e gradiente de pressão característico após a passagem de sistema frontal, evidenciando o avanço da;Inverno;;;;;;;;;;;;;;;;;;;;;
2021-07-05 00:00:00;Sul;mPa;A região apresenta o avanço de uma massa de ar frio e seco, caracterizado por temperaturas baixas e condições de estabilidade atmosférica típicas do pós-frontal na região Sul.;Inverno;;;;;;;;;;;;;;;;;;;;;
2021-07-06 00:00:00;Norte;mEc;A região delimitada sobre a bacia amazônica caracteriza-se pela predominância de ar quente e úmido de origem continental, configurando o domínio da Massa Equatorial Continental.;Inverno;;;;;;;;;;;;;;;;;;;;;
2021-07-06 00:00:00;Nordeste;mTa;A região do retângulo litorâneo e parte do interior do Nordeste está sob influência do fluxo de ventos de leste provenientes da alta pressão do Atlântico, caracterizando a mTa.;Inverno;;;;;;;;;;;;;;;;;;;;;
2021-07-06 00:00:00;Litoral;mTa;O setor sob análise apresenta temperaturas e umidade elevadas, sob influência do escoamento marítimo persistente associado à circulação da alta pressão do Atlântico Sul.;Inverno;;;;;;;;;;;;;;;;;;;;;
2021-07-06 00:00:00;Centro;mPa;A regiao delimitada apresenta temperaturas amenas e subsidencia apos a passagem de um sistema frontal, caracterizando o avanco e a atuacao da mPa sobre o Centro-Oeste e Sudeste.;Inverno;;;;;;;;;;;;;;;;;;;;;
2021-07-06 00:00:00;Sul;mPa;A região marcada apresenta temperaturas amenas e fluxo de sul/sudeste na retaguarda de um sistema frontal, caracterizando o avanço e predomínio da massa de ar polar.;Inverno;;;;;;;;;;;;;;;;;;;;;
2021-07-07 00:00:00;Norte;mEc;Região localizada sobre a bacia amazônica, caracterizada por altas temperaturas e elevada umidade, sob influência direta e predominante da Massa Equatorial Continental (mEc).;Inverno;;;;;;;;;;;;;;;;;;;;;
2021-07-07 00:00:00;Nordeste;mTa;Região sob influência direta do fluxo de leste transportado pela alta pressão do Atlântico, caracterizando a predominância da massa tropical marítima no setor.;Inverno;;;;;;;;;;;;;;;;;;;;;
2021-07-07 00:00:00;Litoral;mTa;Região delimitada inserida sob a circulação periférica de alta pressão oceânica, caracterizando o fluxo estável e advecção de umidade da Massa Tropical Atlântica no litoral leste.;Inverno;;;;;;;;;;;;;;;;;;;;;
2021-07-07 00:00:00;Centro;mPa;A região apresenta o avanço de uma frente fria com queda de temperaturas e ventos do quadrante sul/sudoeste, caracterizando a atuação da mPa na retaguarda do sistema frontal.;Inverno;;;;;;;;;;;;;;;;;;;;;
2021-07-07 00:00:00;Sul;mPa;A região apresenta características típicas de pós-frontal, com advecção de ar frio e seco, evidenciada pelos valores baixos de temperatura e ponto de orvalho atrás da frente fria.;Inverno;;;;;;;;;;;;;;;;;;;;;
2021-07-08 00:00:00;Norte;mEc;A região delimitada abrange a bacia amazônica, onde predomina a Massa Equatorial Continental, caracterizada por temperaturas elevadas e elevada umidade, típica da região.;Inverno;;;;;;;;;;;;;;;;;;;;;
2021-07-08 00:00:00;Nordeste;mTa;Area sob influencia do escoamento zonal do fluxo de leste transportado pela circulacao de alta pressao sobre o Atlantico Sul, caracterizando a predominancia da massa Tropical Atlan;Inverno;;;;;;;;;;;;;;;;;;;;;
2021-07-08 00:00:00;Litoral;mTa;Regiao sob incidencia de fluxo marítimo de sudeste/leste, característico da circulação da alta subtropical, transportando ar quente e úmido sobre o setor costeiro central.;Inverno;;;;;;;;;;;;;;;;;;;;;
2021-07-08 00:00:00;Centro;mPa;A região apresenta o avanço de uma massa de ar frio e seco (mPa), evidenciado pelas baixas temperaturas e pelo padrão de escoamento no setor posterior à frente fria.;Inverno;;;;;;;;;;;;;;;;;;;;;
2021-07-08 00:00:00;Sul;mPa;A região apresenta o avanço de uma massa polar após a passagem de sistema frontal, evidenciado pelos baixos valores de temperatura e ponto de orvalho, característicos da mPa.;Inverno;;;;;;;;;;;;;;;;;;;;;
2021-07-09 00:00:00;Norte;mEc;A região delimitada compreende a bacia amazônica, onde predomina a Massa Equatorial Continental, caracterizada pela alta umidade e temperaturas elevadas típicas do setor.;Inverno;;;;;;;;;;;;;;;;;;;;;
2021-07-09 00:00:00;Nordeste;mTa;Regiao sob influencia do fluxo de leste da circulacao oceanica tropical, caracterizando a atuacao predominante da Massa Tropical Atlantica.;Inverno;;;;;;;;;;;;;;;;;;;;;
2021-07-09 00:00:00;Litoral;mTa;Regiao sob influencia do fluxo maritimo do anticiclone subtropical, caracterizando a atuacao da massa Tropical Atlantica sobre o litoral do Nordeste brasileiro.;Inverno;;;;;;;;;;;;;;;;;;;;;
2021-07-09 00:00:00;Centro;mPa;A região apresenta o avanço e a predominância de uma Massa Polar Atlântica, caracterizada pelo gradiente de pressão e queda das temperaturas após a passagem de sistema frontal.;Inverno;;;;;;;;;;;;;;;;;;;;;
2021-07-09 00:00:00;Sul;mPa;A região apresenta o avanço de uma massa de ar frio e seco, caracterizada por temperaturas reduzidas e ventos do quadrante sul, evidenciando o domínio da mPa após a passagem de sis;Inverno;;;;;;;;;;;;;;;;;;;;;
2021-07-10 00:00:00;Norte;mEc;Região compreende a Bacia Amazônica, caracterizada pelo domínio da massa Equatorial Continental, que apresenta elevadas temperaturas e umidade abundante na ausência de frentes.;Inverno;;;;;;;;;;;;;;;;;;;;;
2021-07-10 00:00:00;Nordeste;mTa;A região encontra-se sob influência do fluxo equatorial/tropical marítimo proveniente do oceano, caracterizando uma massa de ar quente e úmida que predomina na costa nordestina.;Inverno;;;;;;;;;;;;;;;;;;;;;
2021-07-10 00:00:00;Litoral;mTa;A região delimitada encontra-se sob domínio do escoamento marítimo, caracterizando a atuação da massa de ar Tropical Atlântica, quente e úmida, impulsionada pelo anticiclone oceâni;Inverno;;;;;;;;;;;;;;;;;;;;;
2021-07-10 00:00:00;Centro;mPa;A região apresenta o avanço de uma massa de ar frio e seco (mPa), caracterizada por valores de temperatura e ponto de orvalho em declínio, posicionada no pós-frontal.;Inverno;;;;;;;;;;;;;;;;;;;;;
2021-07-10 00:00:00;Sul;mPa;A região delimitada encontra-se sob influência de uma massa de ar frio e seco, caracterizando o pós-frontal do sistema que atua sobre o oceano e o sul do continente.;Inverno;;;;;;;;;;;;;;;;;;;;;
2021-07-11 00:00:00;Norte;mEc;A regiao delimitada esta sob influencia da Massa Equatorial Continental, caracterizada por alta umidade e temperaturas elevadas, sustentando a estabilidade termodinamica na Amazoni;Inverno;;;;;;;;;;;;;;;;;;;;;
2021-07-11 00:00:00;Nordeste;mTa;Regiao sob fluxo marítimo estável, caracterizando o transporte de ar quente e úmido de origem oceânica que define a massa Tropical Atlântica no setor oriental do Nordeste brasileir;Inverno;;;;;;;;;;;;;;;;;;;;;
2021-07-11 00:00:00;Litoral;mTa;Regiao sob influencia do fluxo marítimo dos ventos alísios, caracterizando predominio da massa Tropical Atlantica no setor leste do Nordeste brasileiro.;Inverno;;;;;;;;;;;;;;;;;;;;;
2021-07-11 00:00:00;Centro;mPa;Regiao sob influencia de massa polar, evidenciada pelas temperaturas reduzidas e baixos valores de ponto de orvalho, caracteristicos do subsidencia pos-passagem de frente fria.;Inverno;;;;;;;;;;;;;;;;;;;;;
2021-07-11 00:00:00;Sul;mPa;A região delimitada encontra-se sob sobressalto direto do avanço de uma frente fria, com observação de temperaturas reduzidas características da Massa Polar Atlântica.;Inverno;;;;;;;;;;;;;;;;;;;;;
2021-07-12 00:00:00;Norte;mEc;A região delimitada compreende a bacia amazônica e áreas centrais do país, onde predomina a característica massa de ar quente e úmida de origem continental, sem influência de siste;Inverno;;;;;;;;;;;;;;;;;;;;;
2021-07-12 00:00:00;Nordeste;mTa;A região encontra-se sob influência do fluxo equatorial e persistência da circulação de leste do Atlântico Sul, caracterizando o domínio da massa Tropical Atlântica (mTa).;Inverno;;;;;;;;;;;;;;;;;;;;;
2021-07-12 00:00:00;Litoral;mEa;A região delimitada no setor leste do Nordeste encontra-se sob influência predominante da massa Equatorial Atlântica, caracterizada pelo escoamento marítimo quente e úmido.;Inverno;;;;;;;;;;;;;;;;;;;;;
2021-07-12 00:00:00;Centro;mPa;A região apresenta o avanço de um centro de alta pressão e gradiente de temperatura característico da massa polar atlântica, posicionada logo após a passagem da frente fria.;Inverno;;;;;;;;;;;;;;;;;;;;;
2021-07-12 00:00:00;Sul;mPa;Região sob influência direta de ar frio e seco pós-frontal, caracterizada por baixas temperaturas e valores de pressão elevados típicos do avanço desta massa pelo Sul/Sudeste.;Inverno;;;;;;;;;;;;;;;;;;;;;
2021-07-13 00:00:00;Norte;mEc;Região sob influência direta da massa de ar quente e úmida originada na bacia amazônica, caracterizada por estabilidade térmica e ausência de sistemas frontais no setor setentriona;Inverno;;;;;;;;;;;;;;;;;;;;;
2021-07-13 00:00:00;Nordeste;mTa;A região encontra-se sob influência direta do escoamento marítimo de leste/sudeste associado ao gradiente de alta pressão do Atlântico, caracterizando o predomínio da mTa.;Inverno;;;;;;;;;;;;;;;;;;;;;
2021-07-13 00:00:00;Litoral;mTa;A regiao sob o retangulo esta sob influencia do escoamento de sueste/leste provindo do oceano, caracterizando a atuacao da massa de ar Tropical Atlantica em todo o setor costeiro.;Inverno;;;;;;;;;;;;;;;;;;;;;
2021-07-13 00:00:00;Centro;mPa;A região encontra-se submetida ao fluxo de sul/sudeste pós-frontal, com declínio térmico característico da subsidência e avanço de ar frio polar sobre o Centro-Oeste brasileiro.;Inverno;;;;;;;;;;;;;;;;;;;;;
2021-07-13 00:00:00;Sul;mPa;A região demarcada apresenta temperaturas em declínio e circulação favorável ao avanço de ar frio após a passagem de uma frente fria, caracterizando o predomínio da mPa.;Inverno;;;;;;;;;;;;;;;;;;;;;
2021-07-14 00:00:00;Norte;mEc;A região demarcada encontra-se sobre o território amazônico, caracterizado por ar quente e úmido de origem continental, mantendo as condições típicas da Massa Equatorial Continenta;Inverno;;;;;;;;;;;;;;;;;;;;;
2021-07-14 00:00:00;Nordeste;mTa;Predominância de fluxo marítimo de sudeste associado à circulação do anticiclone sobre o Atlântico Sul, caracterizando a atuação da massa Tropical Atlântica sobre a região.;Inverno;;;;;;;;;;;;;;;;;;;;;
2021-07-14 00:00:00;Litoral;mTa;A região delimitada está sob forte influência do fluxo marítimo de sudeste, característico do domínio da Massa Tropical Atlântica, mantendo estabilidade e umidade no litoral.;Inverno;;;;;;;;;;;;;;;;;;;;;
2021-07-14 00:00:00;Centro;mPa;Regiao sob incidencia de fluxo de sul/sudeste apos a passagem de sistema frontal, caracterizando a presenca de massa de ar frio e seco em avancada sobre o Brasil Central.;Inverno;;;;;;;;;;;;;;;;;;;;;
2021-07-14 00:00:00;Sul;mPa;A regiao delimitada encontra-se sob a influência direta do avanço de uma massa de ar frio e seco, posicionada nitidamente no setor posterior à frente fria que atravessa a area.;Inverno;;;;;;;;;;;;;;;;;;;;;
2021-07-15 00:00:00;Norte;mEc;A região delimitada compreende a bacia amazônica. Na ausência de sistemas frontais atuantes no setor, a circulação é dominada pela massa equatorial continental, quente e úmida.;Inverno;;;;;;;;;;;;;;;;;;;;;
2021-07-15 00:00:00;Nordeste;mTa;A região encontra-se sob influência do fluxo zonal marítimo predominante do oceano Atlântico, caracterizando a atuação da Massa Tropical Atlântica na costa e interior do NE.;Inverno;;;;;;;;;;;;;;;;;;;;;
2021-07-15 00:00:00;Litoral;mTa;Regiao sob incidencia de flujos maritimos quentes e umidos provenientes do Anticiclone subtropical do Atlantico Sul, caracterizando a dominancia da Massa Tropical Atlantica.;Inverno;;;;;;;;;;;;;;;;;;;;;
2021-07-15 00:00:00;Centro;mPa;Zona sob influência da massa de ar polar associada ao sistema frontal posicionado a sul e sudeste, caracterizada por temperaturas reduzidas nas estações sinóticas internas.;Inverno;;;;;;;;;;;;;;;;;;;;;
2021-07-15 00:00:00;Sul;mPa;A região encontra-se no quadrante posterior à passagem de uma frente fria, caracterizada por temperaturas reduzidas e gradiente de pressão favorável ao avanço da massa polar.;Inverno;;;;;;;;;;;;;;;;;;;;;
2021-07-16 00:00:00;Norte;mEc;Regiao central e norte do Brasil sob influencia de massa de ar quente e umida caracteristica da bacia amazonica, sem a presenca de frentes ou massas de ar polar no setor.;Inverno;;;;;;;;;;;;;;;;;;;;;
2021-07-16 00:00:00;Nordeste;mTa;A região do Nordeste encontra-se sob influência da circulação da alta pressão do Atlântico, configurando o predomínio da massa de ar Tropical Atlântica (mTa) sobre o setor.;Inverno;;;;;;;;;;;;;;;;;;;;;
2021-07-16 00:00:00;Litoral;mTa;Região sob influência direta do fluxo de leste/sudeste da circulação marítima, mantendo características de ar tropical quente e úmido no setor costeiro nordestino.;Inverno;;;;;;;;;;;;;;;;;;;;;
2021-07-16 00:00:00;Centro;mPa;A região encontra-se submetida ao fluxo de sul/sudeste, logo após a passagem de sistema frontal, evidenciando o ingresso e estabilização da Massa Polar Atlântica no setor.;Inverno;;;;;;;;;;;;;;;;;;;;;
2021-07-16 00:00:00;Sul;mPa;A região delimitada encontra-se sob o fluxo pós-frontal de um sistema de alta pressão polar, caracterizando o domínio da massa de ar polar atlântica (mPa) com temperaturas reduzida;Inverno;;;;;;;;;;;;;;;;;;;;;
2021-07-17 00:00:00;Norte;mEc;A região demarcada encontra-se sobre a bacia amazônica, caracterizada por altas temperaturas e elevada umidade, sob domínio da Massa Equatorial Continental.;Inverno;;;;;;;;;;;;;;;;;;;;;
2021-07-17 00:00:00;Nordeste;mTa;A região demarcada apresenta domínio de fluxo térmico tropical sob influência direta do gradiente de pressão do Atlântico Sul, caracterizando a atuação predominante da massa mTa.;Inverno;;;;;;;;;;;;;;;;;;;;;
2021-07-17 00:00:00;Litoral;mTa;Regiao sob influencia do escoamento marítimo quente e umido associado ao anticiclone subtropical, característico da atuação da Massa Tropical Atlantica no litoral leste brasileiro.;Inverno;;;;;;;;;;;;;;;;;;;;;
2021-07-17 00:00:00;Centro;mPa;A região delimitada encontra-se na retaguarda de uma frente fria, caracterizada pela presença de ar mais frio e denso que ingressa no continente, configurando o predomínio da mPa.;Inverno;;;;;;;;;;;;;;;;;;;;;
2021-07-17 00:00:00;Sul;mPa;A região delimitada encontra-se sob o fluxo de ar frio e seco proveniente do quadrante sul, posicionada claramente na retaguarda do sistema frontal que avança pela costa.;Inverno;;;;;;;;;;;;;;;;;;;;;
2021-07-18 00:00:00;Norte;mEc;A regiao delimitada sobre a Amazonia apresenta caracteristicas de baixa pressao e elevadas temperaturas, sendo dominada pela massa de ar quente e umida de origem continental.;Inverno;;;;;;;;;;;;;;;;;;;;;
2021-07-18 00:00:00;Nordeste;mTa;Predominio da massa Tropical Atlantica na regiao devido ao fluxo de ar originado no oceano conforme o posicionamento da alta pressao subtropical.;Inverno;;;;;;;;;;;;;;;;;;;;;
2021-07-18 00:00:00;Litoral;mTa;Area delimitada sob influencia direta do fluxo marítimo do Atlantico Sul, caracterizado por transporte de umidade e estabilidade, configurando o dominio da Massa Tropical Atlantica;Inverno;;;;;;;;;;;;;;;;;;;;;
2021-07-18 00:00:00;Centro;mPa;A região demarcada apresenta o avanço de centro de alta pressão pós-frontal, configurando a advecção de massas de ar frio e seco sobre as regiões Sul e Sudeste.;Inverno;;;;;;;;;;;;;;;;;;;;;
2021-07-18 00:00:00;Sul;mPa;A região delimitada encontra-se na retaguarda de uma frente fria, caracterizada pela incursão de ar frio e seco, consolidando o domínio de uma massa de ar polar sobre o setor.;Inverno;;;;;;;;;;;;;;;;;;;;;
2021-07-19 00:00:00;Norte;mEc;Região localizada sobre a bacia amazônica, caracterizada por altas temperaturas e elevada umidade, evidenciando a persistência da massa equatorial continental em seu domínio clássi;Inverno;;;;;;;;;;;;;;;;;;;;;
2021-07-19 00:00:00;Nordeste;mTa;Regiao sob fluxo marítimo estável, caracterizando o transporte de umidade e calor da Massa Tropical Atlântica exercendo influência predominante no setor do Nordeste brasileiro.;Inverno;;;;;;;;;;;;;;;;;;;;;
2021-07-19 00:00:00;Litoral;mTa;A região delimitada encontra-se sob influência do fluxo equatorial/tropical marítimo característico da mTa, mantendo condições quentes e úmidas no setor costeiro do Nordeste.;Inverno;;;;;;;;;;;;;;;;;;;;;
2021-07-19 00:00:00;Centro;mPa;A regiao delimitada encontra-se sob a influência direta do avanço de ar frio e seco localizado na retaguarda do sistema frontal, caracterizando a atuação da massa polar atlântica.;Inverno;;;;;;;;;;;;;;;;;;;;;
2021-07-19 00:00:00;Sul;mPa;A região delimitada encontra-se sob a influência direta do ingresso de uma massa de ar frio e seco, posicionada nitidamente no setor pós-frontal do sistema de pressão atual.;Inverno;;;;;;;;;;;;;;;;;;;;;
2021-07-20 00:00:00;Norte;mEc;Região localizada sobre a bacia amazônica, caracterizada pela predominância da massa Equatorial Continental, que mantém o ar quente e úmido na área demarcada.;Inverno;;;;;;;;;;;;;;;;;;;;;
2021-07-20 00:00:00;Nordeste;mTa;A região delimitada está sob forte influência do fluxo marítimo de sudeste, característico da circulação da Massa Tropical Atlântica, mantendo condições quentes e úmidas no setor.;Inverno;;;;;;;;;;;;;;;;;;;;;
2021-07-20 00:00:00;Litoral;mPa;A regiao delimitada esta sob influencia direta do avanco de uma frente fria, com o ar frio e denso pos-frontal caracterizando a atuacao da massa de ar polar sobre o litoral.;Inverno;;;;;;;;;;;;;;;;;;;;;
2021-07-20 00:00:00;Centro;mPa;A região destacada encontra-se no quadrante sul de uma frente fria, caracterizando o avanço de ar frio, seco e estável predominante em sua retaguarda.;Inverno;;;;;;;;;;;;;;;;;;;;;
2021-07-20 00:00:00;Sul;mPa;A região encontra-se no setor pós-frontal, sob influência direta do escoamento de uma Massa Polar Atlântica, evidenciada pelos baixos valores de temperatura no campo.;Inverno;;;;;;;;;;;;;;;;;;;;;
2021-07-21 00:00:00;Norte;mEc;Regiao central e norte da Bacia Amazonica sob influencia predominante da massa de ar quente e umida de origem continental, caracteristica do nucleo equatorial.;Inverno;;;;;;;;;;;;;;;;;;;;;
2021-07-21 00:00:00;Nordeste;mTa;Região sob influência direta do fluxo de leste da alta pressão subtropical do Atlântico Sul, caracterizando a predominância de ar quente e úmido de origem marítima.;Inverno;;;;;;;;;;;;;;;;;;;;;
2021-07-21 00:00:00;Litoral;mTa;A regiao delimitada esta sob o regime de circulacao maritima com valores de pressao e umidade tipicos de uma massa Tropical Atlantica persistente na costa leste do pais.;Inverno;;;;;;;;;;;;;;;;;;;;;
2021-07-21 00:00:00;Centro;mPa;A regiao delimitada encontra-se sob a influencia direta do avancado de ar frio e seco apos a passagem de um sistema frontal, caracterizando o dominio da massa polar atlantica.;Inverno;;;;;;;;;;;;;;;;;;;;;
2021-07-21 00:00:00;Sul;mPa;A região delimitada encontra-se sob influência direta da massa de ar polar, evidenciada pelos baixos valores de temperatura no ponto (abaixo de 10°C) e circulação pós-frontal.;Inverno;;;;;;;;;;;;;;;;;;;;;
2021-07-22 00:00:00;Norte;mEc;Região central da Bacia Amazônica sob domínio da massa equatorial continental, caracterizada pelas baixas pressões térmicas e elevada umidade, sem influência de sistemas frontais.;Inverno;;;;;;;;;;;;;;;;;;;;;
2021-07-22 00:00:00;Nordeste;mTa;Regiao sob influencia predominante do escoamento zonal e anticiclone subtropical do Atlantico Sul, caracterizando a presenca continuada da Massa Tropical Atlantica.;Inverno;;;;;;;;;;;;;;;;;;;;;
2021-07-22 00:00:00;Litoral;mTa;A região delimitada encontra-se sob influência do escoamento da circulação marítima da alta pressão, caracterizando o predomínio da Massa Tropical Atlântica (mTa) no setor.;Inverno;;;;;;;;;;;;;;;;;;;;;
2021-07-22 00:00:00;Centro;mPa;A regiao delimitada encontra-se sob a influência direta do avanço da massa de ar polar, evidenciado pelas baixas temperaturas e pelo escoamento pós-frontal no Centro-Oeste/Sudeste.;Inverno;;;;;;;;;;;;;;;;;;;;;
2021-07-22 00:00:00;Sul;mPa;A região apresenta regime de ventos de quadrante sul e temperaturas reduzidas, configurando o avanço de uma Massa Polar Atlântica pós-frontal sobre o Sudeste e Sul do Brasil.;Inverno;;;;;;;;;;;;;;;;;;;;;
2021-07-23 00:00:00;Norte;mEc;A região demarcada encontra-se sobre a bacia amazônica e adjacências, sob domínio de condições térmicas e de umidade características da massa Equatorial Continental.;Inverno;;;;;;;;;;;;;;;;;;;;;
2021-07-23 00:00:00;Nordeste;mTa;Predomínio de circulação marítima de leste/sudeste, transportando ar quente e úmido do Atlântico Tropical para o interior da região Nordeste, caracterizando a influência da mTa.;Inverno;;;;;;;;;;;;;;;;;;;;;
2021-07-23 00:00:00;Litoral;mTa;A regiao sob o retangulo esta sob influencia direta da circulacao do anticiclone posicionado no Atlantico Sul, caracterizando o dominio da Massa Tropical Atlantica (mTa).;Inverno;;;;;;;;;;;;;;;;;;;;;
2021-07-23 00:00:00;Centro;mPa;A região encontra-se sob influência de um sistema frontal em deslocamento. Observa-se a incursão de ar mais frio e denso na retaguarda da frente, caracterizando a atuação da mPa.;Inverno;;;;;;;;;;;;;;;;;;;;;
2021-07-23 00:00:00;Sul;mPa;A região apresenta características de subsidência e temperaturas mais baixas pós-passagem de sistema frontal, evidenciando o transporte e a atuação da massa de ar polar nesta porçã;Inverno;;;;;;;;;;;;;;;;;;;;;
2021-07-24 00:00:00;Norte;mEc;A regiao delimitada encontra-se sob dominio da Massa Equatorial Continental, caracterizada pela circulacao de ar quente e umido originada na bacia amazonica.;Inverno;;;;;;;;;;;;;;;;;;;;;
2021-07-24 00:00:00;Nordeste;mTa;A região do Nordeste está sob influência direta do fluxo de leste periférico da alta pressão subtropical do Atlântico Sul, caracterizando a predominância da Massa Tropical Atlântic;Inverno;;;;;;;;;;;;;;;;;;;;;
2021-07-24 00:00:00;Litoral;mTa;Regiao sob influencia direta do fluxo zonal de leste, caracteristico da circulacao periferica da alta pressao subtropical do Atlantico Sul, configurando a massa Tropical Atlantica.;Inverno;;;;;;;;;;;;;;;;;;;;;
2021-07-24 00:00:00;Centro;mPa;Região sob influência de um sistema de alta pressão pós-frontal, evidenciada pelo escoamento de sul/sudeste com temperaturas amenas, caracterizando o avanço de uma massa de ar pola;Inverno;;;;;;;;;;;;;;;;;;;;;
2021-07-24 00:00:00;Sul;mPa;Região sob influência da Massa Polar Atlântica, caracterizada pelo ingresso de ar frio e seco na retaguarda do sistema frontal que avança pelo setor sul do continente.;Inverno;;;;;;;;;;;;;;;;;;;;;
2021-07-25 00:00:00;Norte;mEc;A região delimitada abrange a bacia amazônica. Verifica-se o predomínio da Massa Equatorial Continental, caracterizada por altos índices higroscópicos e temperaturas elevadas.;Inverno;;;;;;;;;;;;;;;;;;;;;
2021-07-25 00:00:00;Nordeste;mTa;Predominância de escoamento marítimo de leste/sudeste, transportando ar quente e úmido do Oceano Atlântico para a região, caracterizando a influência da massa tropical atlântica.;Inverno;;;;;;;;;;;;;;;;;;;;;
2021-07-25 00:00:00;Litoral;mTa;A área delimitada no litoral do Nordeste encontra-se sob influência da circulação do escoamento de leste do Atlântico, caracterizando o domínio da massa Tropical Atlântica.;Inverno;;;;;;;;;;;;;;;;;;;;;
2021-07-25 00:00:00;Centro;mPa;A região encontra-se sob influência clara do avanço de uma massa de ar frio e seco após a passagem de frente fria detectada ao norte, com declínio acentuado das temperaturas.;Inverno;;;;;;;;;;;;;;;;;;;;;
2021-07-25 00:00:00;Sul;mPa;A regiao delimitada esta sob a influencia direta do avanco de uma massa de ar frio e umido pos-frontal, caracterizada pelas baixas temperaturas observadas nos registros sinoticos.;Inverno;;;;;;;;;;;;;;;;;;;;;
2021-07-26 00:00:00;Norte;mEc;A região delimitada abrange a bacia amazônica. A ausência de sistemas frontais e a persistência de elevada umidade e temperaturas caracterizam o domínio da mEc.;Inverno;;;;;;;;;;;;;;;;;;;;;
2021-07-26 00:00:00;Nordeste;mTa;Predomínio de circulação marítima nos níveis médios e baixos, indicando o transporte de propriedades da Massa Tropical Atlântica sobre o setor delimitado.;Inverno;;;;;;;;;;;;;;;;;;;;;
2021-07-26 00:00:00;Litoral;mTa;A região destacada está sob a influência direta do escoamento marítimo associado à alta pressão do Atlântico, configurando o predomínio da Massa Tropical Atlântica (mTa).;Inverno;;;;;;;;;;;;;;;;;;;;;
2021-07-26 00:00:00;Centro;mPa;Regiao sob incidencia de ar frio e seco, caracteristico do setor pós-frontal, com gradiente de pressao indicando subsidencia e avanco de massa de origem polar sobre o Sudeste/Centr;Inverno;;;;;;;;;;;;;;;;;;;;;
2021-07-26 00:00:00;Sul;mPa;A região delimitada localiza-se na retaguarda do sistema frontal, sob a influência direta do avanço de uma massa de ar frio e úmido de origem polar.;Inverno;;;;;;;;;;;;;;;;;;;;;
2021-07-27 00:00:00;Norte;mEc;A região delimitada abrange a bacia amazônica, onde predomina a Massa Equatorial Continental, caracterizada por ser quente e úmida, típica da atuação sobre o norte do continente.;Inverno;;;;;;;;;;;;;;;;;;;;;
2021-07-27 00:00:00;Nordeste;mTa;A regiao delimitada esta sob influencia predominante do fluxo de leste/sudeste associado ao escoamento da alta subtropical, caracterizando a atuacao da mTa no setor.;Inverno;;;;;;;;;;;;;;;;;;;;;
2021-07-27 00:00:00;Litoral;mTa;A regiao delimitada esta sob influencia direta do escoamento zonal e anticiclonico do oceano, caracterizando a predominancia da massa de ar Tropical Atlantica (mTa).;Inverno;;;;;;;;;;;;;;;;;;;;;
2021-07-27 00:00:00;Centro;mPa;Observa-se o avanco de uma massa de ar frio logo atras da frente fria, caracterizada pela queda nas temperaturas e mudanca na direcao do vento no setor central do continente.;Inverno;;;;;;;;;;;;;;;;;;;;;
2021-07-27 00:00:00;Sul;mPa;A região encontra-se submetida ao fluxo de ar frio e úmido na retaguarda de uma frente fria, caracterizando o ingresso e domínio da massa polar atlântica no Sul do país.;Inverno;;;;;;;;;;;;;;;;;;;;;
2021-07-28 00:00:00;Norte;mEc;A região delimitada abrange a bacia amazônica, onde predomina a Massa Equatorial Continental, caracterizada pela elevada umidade e instabilidade inerentes à sua origem térmica.;Inverno;;;;;;;;;;;;;;;;;;;;;
2021-07-28 00:00:00;Nordeste;mTa;Predominância de fluxo marítimo sob influência do sistema de alta pressão do Atlântico Sul, caracterizando ar quente e úmido no setor costeiro e interior adjacente do Nordeste.;Inverno;;;;;;;;;;;;;;;;;;;;;
2021-07-28 00:00:00;Litoral;mTa;A regiao delimitada esta sob influencia direta do escoamento de leste-sudeste associado ao anticiclone subtropical, caracterizando o dominio da Massa Tropical Atlantica (mTa).;Inverno;;;;;;;;;;;;;;;;;;;;;
2021-07-28 00:00:00;Centro;mPa;A região delimitada encontra-se na retaguarda de uma frente fria, caracterizada pela incursão de ar frio e seco, consolidando o domínio da massa polar atlântica (mPa).;Inverno;;;;;;;;;;;;;;;;;;;;;
2021-07-28 00:00:00;Sul;mPa;A regiao apresenta adveccao de ar frio e umido pos-frontal, com quedas significativas nas temperaturas e pressao em elevacao, caracterizando o avanco da massa polar atlantica.;Inverno;;;;;;;;;;;;;;;;;;;;;
2021-07-29 00:00:00;Norte;mEc;Região central da Amazônia sob condições de baixas latitudes, sem influência direta de sistemas frontais, caracterizada por alta umidade e temperaturas tropicais típicas da mEc.;Inverno;;;;;;;;;;;;;;;;;;;;;
2021-07-29 00:00:00;Nordeste;mTa;Região sob influência direta da circulação marítima do Atlântico Sul, caracterizada pela predominância da massa Tropical Atlântica, que determina as condições de tempo e umidade no;Inverno;;;;;;;;;;;;;;;;;;;;;
2021-07-29 00:00:00;Litoral;mTa;Região sob influência direta da circulação marítima da ASAS (Atlântico Sul), transportando ar quente e úmido para o litoral do Nordeste brasileiro.;Inverno;;;;;;;;;;;;;;;;;;;;;
2021-07-29 00:00:00;Centro;mPa;A região demarcada encontra-se sob efeito direto do avanço de uma massa de ar frio e seco, claramente posicionada na retaguarda da linha de frente fria que atravessa a área.;Inverno;;;;;;;;;;;;;;;;;;;;;
2021-07-29 00:00:00;Sul;mPa;A região delimitada situa-se no setor pós-frontal da frente fria, caracterizada pela advecção de ar frio e seco, indicando o domínio da Massa Polar Atlântica.;Inverno;;;;;;;;;;;;;;;;;;;;;
2021-07-30 00:00:00;Norte;mPa;A região delimitada encontra-se posicionada na retaguarda da frente fria que avança sobre o Brasil central, caracterizando a entrada e domínio da massa de ar polar.;Inverno;;;;;;;;;;;;;;;;;;;;;
2021-07-30 00:00:00;Nordeste;mTa;A região encontra-se sob influência do fluxo equatorial e persistência da circulação marítima, caracterizando o predomínio da mTa na porção leste e interior nordestino.;Inverno;;;;;;;;;;;;;;;;;;;;;
2021-07-30 00:00:00;Litoral;mPa;A área delimitada encontra-se atrás da frente fria, sob a influência direta da subsidência e avanço da massa de ar polar, caracterizada por temperaturas mais amenas no setor.;Inverno;;;;;;;;;;;;;;;;;;;;;
2021-07-30 00:00:00;Centro;mPa;A região encontra-se no setor pós-frontal da frente fria que avança em direção ao litoral do Sudeste, caracterizando a predominância e o avanço da massa de ar polar (mPa).;Inverno;;;;;;;;;;;;;;;;;;;;;
2021-07-30 00:00:00;Sul;mPa;Após a passagem de sistema frontal, a região Sul encontra-se sob domínio de uma massa de ar polar, caracterizada por baixas temperaturas e umidade, configurando a clássica mPa.;Inverno;;;;;;;;;;;;;;;;;;;;;
2021-07-31 00:00:00;Norte;mEc;A região delimitada abrange a bacia amazônica, onde predomina a Massa Equatorial Continental, caracterizada por elevada temperatura e umidade, sem a influência direta de sistemas f;Inverno;;;;;;;;;;;;;;;;;;;;;
2021-07-31 00:00:00;Nordeste;mTa;Predominância da Massa Tropical Atlântica, caracterizada pelo fluxo de ar marítimo quente e úmido que ingressa e influencia extensivamente o setor Nordeste do Brasil.;Inverno;;;;;;;;;;;;;;;;;;;;;
2021-07-31 00:00:00;Litoral;mTa;A área delimitada encontra-se sob influência do fluxo equatorial/tropical do Atlântico, caracterizando-se por um ambiente quente e úmido sob domínio da circulação marítima.;Inverno;;;;;;;;;;;;;;;;;;;;;
2021-07-31 00:00:00;Centro;mPa;A região encontra-se imediatamente a retaguarda de uma frente fria, caracterizada pelo avanço de ar frio e seco, consolidando o domínio da mPa sobre o Mato Grosso do Sul e arredore;Inverno;;;;;;;;;;;;;;;;;;;;;
2021-07-31 00:00:00;Sul;mPa;A região encontra-se submetida ao fluxo pós-frontal de um sistema que avança sobre o Sudeste brasileiro, caracterizando a presença da massa de ar Polar Atlântica.;Inverno;;;;;;;;;;;;;;;;;;;;;
2021-08-01 00:00:00;Norte;mEc;Regiao sobre a bacia Amazonica sem influencia de sistemas frontais ou alta pressao oceanica, caracterizada pelo dominio da massa equatorial continental, quente e umida.;Inverno;;;;;;;;;;;;;;;;;;;;;
2021-08-01 00:00:00;Nordeste;mTa;Regiao sob predominio do fluxo de leste/sudeste associado ao escoamento da alta subtropical, caracterizando a atuacao da mTa em grande parte da regiao Nordeste.;Inverno;;;;;;;;;;;;;;;;;;;;;
2021-08-01 00:00:00;Litoral;mTa;A regiao delimitada encontra-se sob circulacao maritima do anticiclone subtropical, estabelecendo o dominio da Massa Tropical Atlantica, com caracteristicas quentes e umidas.;Inverno;;;;;;;;;;;;;;;;;;;;;
2021-08-01 00:00:00;Centro;mPa;Região sob influência direta de massa de ar frio e seco, caracterizada por valores reduzidos de temperatura e umidade após a passagem de sistema frontal pelo Sudeste/Centro-Oeste.;Inverno;;;;;;;;;;;;;;;;;;;;;
2021-08-01 00:00:00;Sul;mPa;A regiao encontra-se sob a influencia direta da circulacao de um sistema de alta pressao pos-frontal, caracterizando o avancamento da mPa sobre o Sul do Brasil.;Inverno;;;;;;;;;;;;;;;;;;;;;
2021-08-02 00:00:00;Norte;mEc;Região central da Bacia Amazônica sob domínio da Massa Equatorial Continental, caracterizada pela baixa pressão térmica e umidade elevada na ausência de sistemas frontais.;Inverno;;;;;;;;;;;;;;;;;;;;;
2021-08-02 00:00:00;Nordeste;mTa;A região do Nordeste delimitada encontra-se sob influência do escoamento marítimo vindo do Atlântico Sul, caracterizando o predomínio da massa de ar Tropical Atlântica.;Inverno;;;;;;;;;;;;;;;;;;;;;
2021-08-02 00:00:00;Litoral;mTa;A área encontra-se sob influência do fluxo de sudeste associado ao anticiclone subtropical, caracterizando a predominância da massa tropical atlântica no litoral da região.;Inverno;;;;;;;;;;;;;;;;;;;;;
2021-08-02 00:00:00;Centro;mPa;A região encontra-se submetida ao fluxo de sul e sudoeste, característico do pós-frontal, configurando a presença e influência da massa de ar polar (mPa) sobre o setor delimitado.;Inverno;;;;;;;;;;;;;;;;;;;;;
2021-08-02 00:00:00;Sul;mPa;A região apresenta o avanço de uma massa polar após a passagem de sistema frontal, evidenciado pelas baixas temperaturas e ventos com componente sul no setor.;Inverno;;;;;;;;;;;;;;;;;;;;;
2021-08-03 00:00:00;Norte;mEc;A região delimitada abrange a bacia amazônica e áreas centrais, estando sob a influência predominante da massa equatorial continental, caracterizada por altas temperaturas e umidad;Inverno;;;;;;;;;;;;;;;;;;;;;
2021-08-03 00:00:00;Nordeste;mTa;A região encontra-se sob influência do escoamento marítimo de leste/sudeste associado à circulação de alta pressão do Atlântico, caracterizando o predomínio da mTa.;Inverno;;;;;;;;;;;;;;;;;;;;;
2021-08-03 00:00:00;Litoral;mTa;A regiao delimitada esta sob o regime de circulacao do anticiclone maritimo, caracterizando o transporte de umidade e calor tipico da Massa Tropical Atlantica sobre o litoral Leste;Inverno;;;;;;;;;;;;;;;;;;;;;
2021-08-03 00:00:00;Centro;mPa;A região apresenta o avanço e a estabilização de uma massa de ar frio, evidenciada pelas temperaturas reduzidas e gradientes de pressão característicos pós-passagem de frente fria.;Inverno;;;;;;;;;;;;;;;;;;;;;
2021-08-03 00:00:00;Sul;mPa;A região apresenta temperaturas reduzidas e gradientes de pressão característicos de uma massa de ar frio e seco, indicando a atuação da mPa alojada no setor sul.;Inverno;;;;;;;;;;;;;;;;;;;;;
2021-08-04 00:00:00;Norte;mEc;Regiao central e norte da Amazonia sob influencia da Massa Equatorial Continental, caracterizada por alta umidade e temperaturas elevadas, sem a presenca de sistemas frontais.;Inverno;;;;;;;;;;;;;;;;;;;;;
2021-08-04 00:00:00;Nordeste;mTa;A região delimitada está sob forte influência do fluxo marítimo de sudeste, característico da circulação da alta pressão subtropica, transportando ar quente e úmido do oceano (mTa);Inverno;;;;;;;;;;;;;;;;;;;;;
2021-08-04 00:00:00;Litoral;mTa;Predominio da massa Tropical Atlantica na regiao do litoral leste/nordeste brasileiro, sob influencia do escoamento zonal do anticiclone subtropical do Atlantico Sul.;Inverno;;;;;;;;;;;;;;;;;;;;;
2021-08-04 00:00:00;Centro;mPa;A regiao apresenta adveccao de ar frio e seco apos a passagem de sistema frontal, evidenciada pelos valores de temperatura e ponto de orvalho, caracterizando o dominio da mPa.;Inverno;;;;;;;;;;;;;;;;;;;;;
2021-08-04 00:00:00;Sul;mPa;A região apresenta o avanço nítido de uma massa de ar frio e seco, evidenciado pelo gradiente de pressão e declínio térmico típico do pós-frontal no Sul do Brasil.;Inverno;;;;;;;;;;;;;;;;;;;;;
2021-08-05 00:00:00;Norte;mEc;Região sob influência predominante da Massa Equatorial Continental, caracterizada por altas temperaturas e elevada umidade, típica do interior da Amazônia sem influência frontal.;Inverno;;;;;;;;;;;;;;;;;;;;;
2021-08-05 00:00:00;Nordeste;mTa;A região é dominada pelo escoamento de leste vindo do Atlântico, com características de ar quente e úmido, sob influência direta do sistema de alta pressão oceânica.;Inverno;;;;;;;;;;;;;;;;;;;;;
2021-08-05 00:00:00;Litoral;mTa;O setor delimitado encontra-se sob influência de um fluxo marítimo quente e úmido estabelecido pela circulação de alta pressão, caracterizando o domínio da massa Tropical Atlântica;Inverno;;;;;;;;;;;;;;;;;;;;;
2021-08-05 00:00:00;Centro;mPa;A região demarcada encontra-se sob a influência direta do avanço de uma massa polar após a passagem de sistema frontal, evidenciado pelas baixas temperaturas e pressão em ascensão.;Inverno;;;;;;;;;;;;;;;;;;;;;
2021-08-05 00:00:00;Sul;mPa;A região apresenta temperaturas baixas e predominância de escoamento sul/sudeste, indicando o avanço de uma massa de ar frio e úmido após a passagem de uma frente fria pelo setor.;Inverno;;;;;;;;;;;;;;;;;;;;;
2021-08-06 00:00:00;Norte;mEc;A região delimitada abrange a bacia amazônica, onde predomina a Massa Equatorial Continental, caracterizada por ser quente e úmida, típica da região setentrional brasileira.;Inverno;;;;;;;;;;;;;;;;;;;;;
2021-08-06 00:00:00;Nordeste;mTa;Regiao sob fluxo predominante de leste/sudeste associado ao transporte de umidade e estabilidade do Atlantico Sul, caracterizando a dominancia da massa Tropical Atlantica.;Inverno;;;;;;;;;;;;;;;;;;;;;
2021-08-06 00:00:00;Litoral;mTa;A região destacada está sob influência do fluxo predominante de leste/sudeste, característico da circulação oceânica que transporta a massa Tropical Atlântica para o litoral.;Inverno;;;;;;;;;;;;;;;;;;;;;
2021-08-06 00:00:00;Centro;mPa;A região observa o avanço de uma massa de ar frio e seco, caracterizada por temperaturas reduzidas após a passagem de sistema frontal, predominando sobre o setor.;Inverno;;;;;;;;;;;;;;;;;;;;;
2021-08-06 00:00:00;Sul;mPa;A região delimitada no setor Sul encontra-se sob influência de uma massa de ar frio e úmido, caracterizada por temperaturas baixas e avanço pós-frontal, configurando a mPa.;Inverno;;;;;;;;;;;;;;;;;;;;;
2021-08-07 00:00:00;Norte;mEc;A região demarcada apresenta-se sob o domínio da massa Equatorial Continental, caracterizada pela predominância de ar quente e úmido típico da bacia amazônica.;Inverno;;;;;;;;;;;;;;;;;;;;;
2021-08-07 00:00:00;Nordeste;mTa;A região encontra-se sob influência do escoamento marítimo associado ao Anticiclone do Atlântico Sul, caracterizando a predominância da Massa Tropical Atlântica (mTa) no setor.;Inverno;;;;;;;;;;;;;;;;;;;;;
2021-08-07 00:00:00;Litoral;mTa;A área delimitada encontra-se sob influência de um gradiente de pressão característico da circulação oceânica, predominando ar quente e úmido característico da mTa.;Inverno;;;;;;;;;;;;;;;;;;;;;
2021-08-07 00:00:00;Centro;mPa;A regiao delimitada esta sob a influencia direta do avancamento de uma massa de ar frio apos a passagem de uma frente fria, caracterizada pelos valores de temperatura mais baixos.;Inverno;;;;;;;;;;;;;;;;;;;;;
2021-08-07 00:00:00;Sul;mPa;Após a passagem de sistema frontal, a região apresenta advecção de ar frio e seco, com temperaturas baixas registradas, estabelecendo o predomínio da massa polar atlântica.;Inverno;;;;;;;;;;;;;;;;;;;;;
2021-08-08 00:00:00;Norte;mEc;Região central da Bacia Amazônica sob domínio da massa equatorial continental, caracterizada por temperaturas elevadas e alta umidade, sem influência direta de sistemas frontais.;Inverno;;;;;;;;;;;;;;;;;;;;;
2021-08-08 00:00:00;Nordeste;mTa;A região encontra-se sob influência do fluxo de leste do Atlântico, característico da atuação da Massa Tropical Atlântica, que mantém as condições de umidade e calor na área delimi;Inverno;;;;;;;;;;;;;;;;;;;;;
2021-08-08 00:00:00;Litoral;mTa;A região destaca-se sob a influência do escoamento marítimo associado à circulação anticiclônica do Atlântico Sul, caracterizando a predominância da massa Tropical Atlântica.;Inverno;;;;;;;;;;;;;;;;;;;;;
2021-08-08 00:00:00;Centro;mPa;A região encontra-se submetida ao fluxo de ar frio e seco proveniente do quadrante sul, após a passagem de sistema frontal, caracterizando o domínio da massa de ar polar.;Inverno;;;;;;;;;;;;;;;;;;;;;
2021-08-08 00:00:00;Sul;mPa;A regiao delimitada esta sofrendo a penetracao da massa polar, evidenciada por gradientes termicos baixos e posicoes estrategicas retaguarda da frente fria analisada.;Inverno;;;;;;;;;;;;;;;;;;;;;
2021-08-09 00:00:00;Norte;mEc;Região localizada sobre a bacia amazônica, caracterizada por altas temperaturas e elevada umidade, sob predomínio da massa equatorial continental, sem influência de sistemas fronta;Inverno;;;;;;;;;;;;;;;;;;;;;
2021-08-09 00:00:00;Nordeste;mTa;Predomínio de ventos de leste/sudeste associados ao escoamento da alta pressão subtropical do Atlântico Sul, transportando ar quente e úmido sobre a região Nordeste.;Inverno;;;;;;;;;;;;;;;;;;;;;
2021-08-09 00:00:00;Litoral;mTa;A regiao delimitada esta sob influencia direta do escoamento oceanico quente e umido, caracteristico da massa Tropical Atlantica, que predomina no litoral leste brasileiro.;Inverno;;;;;;;;;;;;;;;;;;;;;
2021-08-09 00:00:00;Centro;mPa;A regiao delimitada esta sob influencia da massa polar atlantica, caracterizada pelo avanco pos-frontal no Centro-Oeste brasileiro, evidenciada pela circulacao de um centro de alta;Inverno;;;;;;;;;;;;;;;;;;;;;
2021-08-09 00:00:00;Sul;mPa;A região delimitada encontra-se na retaguarda de uma frente fria, sob influência direta do gradiente de pressão e fluxo de ar frio e úmido característico da mPa.;Inverno;;;;;;;;;;;;;;;;;;;;;
2021-08-10 00:00:00;Norte;mEc;Regiao central e norte do Brasil sob influencia direta da massa equatorial continental, caracterizada por calor e umidade, sem a presenca de sistemas frontais atuando na area delim;Inverno;;;;;;;;;;;;;;;;;;;;;
2021-08-10 00:00:00;Nordeste;mTa;Predominância da massa influenciada pelo fluxo de leste da alta pressão subtropical do Atlântico Sul, caracterizando ar quente e úmido sobre a região nordeste.;Inverno;;;;;;;;;;;;;;;;;;;;;
2021-08-10 00:00:00;Litoral;mTa;A região delimitada está sob forte influência do fluxo marítimo da alta pressão do Atlântico, caracterizando o predomínio da Massa Tropical Atlântica (mTa).;Inverno;;;;;;;;;;;;;;;;;;;;;
2021-08-10 00:00:00;Centro;mPa;A região delimitada encontra-se na retaguarda de um sistema frontal, caracterizada pela incursão e estabilização de ar frio e seco, típico de massa polar atlântica.;Inverno;;;;;;;;;;;;;;;;;;;;;
2021-08-10 00:00:00;Sul;mPa;A região delimitada encontra-se na retaguarda de um sistema frontal, sob forte influência da circulação de ar frio e seco característica da mPa avançando sobre o Sul do Brasil.;Inverno;;;;;;;;;;;;;;;;;;;;;
2021-08-11 00:00:00;Norte;mEc;Regiao central e norte da Amazonia sob influencia da Massa Equatorial Continental, caracterizada por alta umidade e temperaturas elevadas, sem a presenca de sistemas frontais.;Inverno;;;;;;;;;;;;;;;;;;;;;
2021-08-11 00:00:00;Nordeste;mTa;Região sob influência direta do fluxo de leste estabelecido pela alta pressão do Atlântico Sul, caracterizando o predomínio da Massa Tropical Atlântica.;Inverno;;;;;;;;;;;;;;;;;;;;;
2021-08-11 00:00:00;Litoral;mTa;Regiao sob influencia do escoamento marítimo provindo do oceano Atlântico Sul, caracterizando a atuação da massa Tropical Atlântica com transporte de umidade em baixos níveis.;Inverno;;;;;;;;;;;;;;;;;;;;;
2021-08-11 00:00:00;Centro;mPa;A região apresenta o avanço de uma massa de ar frio e seco na retaguarda de um sistema frontal, caracterizado por declínio de temperatura e regime de escoamento polar.;Inverno;;;;;;;;;;;;;;;;;;;;;
2021-08-11 00:00:00;Sul;mPa;A região destacada encontra-se atrás de uma frente fria, sob influência direta de um centro de alta pressão pós-frontal, caracterizando o ingresso de ar frio e seco.;Inverno;;;;;;;;;;;;;;;;;;;;;
2021-08-12 00:00:00;Norte;mEc;Região localizada sobre a bacia amazônica, caracterizada por baixas pressões relativas, ausência de sistemas frontais e predomínio de ar quente e úmido de origem continental.;Inverno;;;;;;;;;;;;;;;;;;;;;
2021-08-12 00:00:00;Nordeste;mTa;Predominância de escoamento vindo do Atlântico Tropical sobre a região, sob influência direta do centro de alta pressão oceânica, caracterizando a atuação da massa Tropical Atlânti;Inverno;;;;;;;;;;;;;;;;;;;;;
2021-08-12 00:00:00;Litoral;mTa;Regiao sob influencia do escoamento marítimo persistente da borda oeste da Alta Subtropical do Atlântico Sul, caracterizando o domínio da massa tropical atlântica no litoral.;Inverno;;;;;;;;;;;;;;;;;;;;;
2021-08-12 00:00:00;Centro;mPa;A regiao delimitada encontra-se sob a influência direta do avanço de uma massa de ar frio e seco na retaguarda da frente fria, caracterizando o predomínio da mPa.;Inverno;;;;;;;;;;;;;;;;;;;;;
2021-08-12 00:00:00;Sul;mPa;A região encontra-se no setor pós-frontal (retaguarda de uma frente fria), caracterizada pelo ingresso de ar frio e seco, indicando o domínio da Massa Polar Atlântica.;Inverno;;;;;;;;;;;;;;;;;;;;;
2021-08-13 00:00:00;Norte;mEc;A região destacada está situada sobre a Amazônia brasileira, caracterizada pela predominância da Massa Equatorial Continental, quente e úmida, típica desta área sem influência fron;Inverno;;;;;;;;;;;;;;;;;;;;;
2021-08-13 00:00:00;Nordeste;mTa;A área delimitada encontra-se sob influência direta do fluxo de leste/sudeste proveniente do Atlântico Tropical, caracterizando o domínio da massa Tropical Atlântica (mTa).;Inverno;;;;;;;;;;;;;;;;;;;;;
2021-08-13 00:00:00;Litoral;mTa;A regiao delimitada encontra-se sob a influencia direta do escoamento maritimo associado ao centro de alta pressao do Atlantico Sul, caracterizando o dominio da massa tropical atla;Inverno;;;;;;;;;;;;;;;;;;;;;
2021-08-13 00:00:00;Centro;mPa;A região encontra-se submetida ao avanço de uma massa de ar frio e seco, posicionada na retaguarda de um sistema frontal que transita pelo Centro-Sul e Sudeste do Brasil.;Inverno;;;;;;;;;;;;;;;;;;;;;
2021-08-13 00:00:00;Sul;mPa;A região apresenta temperaturas amenas e fluxo de sul/sudeste característico da retaguarda de um sistema frontal, evidenciando o domínio de massa de ar frio e úmido de origem polar;Inverno;;;;;;;;;;;;;;;;;;;;;
2021-08-14 00:00:00;Norte;mEc;Região central da Bacia Amazônica sob domínio da Massa Equatorial Continental, caracterizada por temperaturas elevadas e alta umidade sem influência de sistemas frontais.;Inverno;;;;;;;;;;;;;;;;;;;;;
2021-08-14 00:00:00;Nordeste;mTa;A região encontra-se sob influência do escoamento marítimo associado ao sistema de alta pressão no oceano, caracterizando a predominância da Massa Tropical Atlântica (mTa).;Inverno;;;;;;;;;;;;;;;;;;;;;
2021-08-14 00:00:00;Litoral;mTa;Regiao sob influencia do escoamento de leste do anticiclone subtropical, caracterizando a presenca predominante da Massa Tropical Atlantica (mTa) no litoral leste brasileiro.;Inverno;;;;;;;;;;;;;;;;;;;;;
2021-08-14 00:00:00;Centro;mPa;A região delimitada está sob a influência de massa de ar frio e seco (mPa), posicionada a retaguarda de frente fria que atua no setor, caracterizada por descendência e ar frio.;Inverno;;;;;;;;;;;;;;;;;;;;;
2021-08-14 00:00:00;Sul;mPa;A região apresenta o avanço de uma massa de ar frio e seco, caracterizada por temperaturas mais baixas e fluxo de sul/sudeste, típica do pós-frontal no Sul do Brasil.;Inverno;;;;;;;;;;;;;;;;;;;;;
2021-08-15 00:00:00;Norte;mEc;A região mapeada no interior do continente amazônico apresenta condições típicas de subsidência fraca e umidade, sem influência direta de sistemas frontais, caracterizando a mEc.;Inverno;;;;;;;;;;;;;;;;;;;;;
2021-08-15 00:00:00;Nordeste;mTa;Predominância de escoamento marítimo sobre a região Nordeste, característico da atuação da massa de ar Tropical Atlântica, que transporta umidade do oceano para o continente.;Inverno;;;;;;;;;;;;;;;;;;;;;
2021-08-15 00:00:00;Litoral;mTa;A área delimitada no litoral leste está sob influência da circulação da massa de ar Tropical Atlântica, caracterizada pelo escoamento marítimo quente e úmido vindo do oceano.;Inverno;;;;;;;;;;;;;;;;;;;;;
2021-08-15 00:00:00;Centro;mPa;A região apresenta o avanço de uma massa de ar frio logo após a passagem da frente, evidenciado pelo gradiente de pressão e declínio térmico característico da subsidência da mPa.;Inverno;;;;;;;;;;;;;;;;;;;;;
2021-08-15 00:00:00;Sul;mPa;A regiao delimitada encontra-se sob sob os efeitos do avanco de um sistema frontal, com fluxo de sul/sudeste caracteristico do pos-frontal, indicando o dominio da mPa.;Inverno;;;;;;;;;;;;;;;;;;;;;
2021-08-16 00:00:00;Norte;mEc;Região central da Amazônia sob influência de massa quente e úmida de origem continental, apresentando características termodinâmicas estáveis sem incursões de sistemas extratropica;Inverno;;;;;;;;;;;;;;;;;;;;;
2021-08-16 00:00:00;Nordeste;mTa;A regiao delimitada esta sob o regime dos ventos de leste, caracterizando a atuacao da massa Tropical Atlantica com adveccao de umidade vinda do oceano para o continente.;Inverno;;;;;;;;;;;;;;;;;;;;;
2021-08-16 00:00:00;Litoral;mTa;Região sob influência direta do escoamento marítimo associado à circulação anticiclônica do Atlântico Sul, caracterizando a presença da massa de ar Tropical Atlântica.;Inverno;;;;;;;;;;;;;;;;;;;;;
2021-08-16 00:00:00;Centro;mPa;A região demarcada encontra-se sob efeito de um sistema frontal em deslocamento, com a incursão característica de valores térmicos mais baixos típicos da mPa avançada.;Inverno;;;;;;;;;;;;;;;;;;;;;
2021-08-16 00:00:00;Sul;mPa;A região encontra-se no setor de retaguarda de uma frente fria, sob a influência direta do avanço e subsidência de uma Massa Polar Atlântica, caracterizada por valores de temperatu;Inverno;;;;;;;;;;;;;;;;;;;;;
2021-08-17 00:00:00;Norte;mEc;Região central da Bacia Amazônica sob domínio da massa equatorial continental, caracterizada por baixos gradientes de pressão e ar quente e úmido predominante.;Inverno;;;;;;;;;;;;;;;;;;;;;
2021-08-17 00:00:00;Nordeste;mTa;Predominância de escoamento marítimo quente e úmido sob influência do sistema de alta pressão oceânica, caracterizando o transporte de umidade da mTa sobre o setor Nordeste.;Inverno;;;;;;;;;;;;;;;;;;;;;
2021-08-17 00:00:00;Litoral;mTa;A região delimitada encontra-se sob influência do fluxo de leste/sudeste associado à circulação marítima, transportando ar quente e úmido do oceano para o litoral.;Inverno;;;;;;;;;;;;;;;;;;;;;
2021-08-17 00:00:00;Centro;mTc;Região central do continente sob influência de massa quente e seca, caracterizada por valores de pressão e temperatura elevados em área continental distante de núcleos de umidade.;Inverno;;;;;;;;;;;;;;;;;;;;;
2021-08-17 00:00:00;Sul;mPa;A região do retângulo está posicionada na retaguarda de um sistema frontal, caracterizada pelo ingresso de ar frio e seco, consolidando o domínio da Massa Polar Atlântica.;Inverno;;;;;;;;;;;;;;;;;;;;;
2021-08-18 00:00:00;Norte;mEc;A regiao delimitada esta sob influencia direta da massa de ar umida e quente de origem continental, caracterizando a estabilidade atmosferica sobre a bacia Amazonica.;Inverno;;;;;;;;;;;;;;;;;;;;;
2021-08-18 00:00:00;Nordeste;mTa;A região delimitada encontra-se sob a influência direta do escoamento marítimo de leste/sudeste associado à circulação anticiclônica do Atlântico Sul, caracterizando a mTa.;Inverno;;;;;;;;;;;;;;;;;;;;;
2021-08-18 00:00:00;Litoral;mTa;A região delimitada encontra-se sob influência do escoamento marítimo oriundo do anticiclone oceânico, caracterizando a predominância da massa Tropical Atlântica (mTa).;Inverno;;;;;;;;;;;;;;;;;;;;;
2021-08-18 00:00:00;Centro;mTa;A região encontra-se sob a influência da circulação da ASAS, apresentando características de ar quente e úmido típicas da Massa Tropical Atlântica (mTa) no Centro-Sul/Sudeste.;Inverno;;;;;;;;;;;;;;;;;;;;;
2021-08-18 00:00:00;Sul;mPa;Zona sob influência direta do pós-frontal, apresentando declínio térmico e regime de ventos do quadrante sul característicos da massa de ar polar atlântica.;Inverno;;;;;;;;;;;;;;;;;;;;;
2021-08-19 00:00:00;Norte;mEc;A região demarcada situa-se sobre a bacia amazônica, onde a massa de ar Equatorial Continental exerce domínio absoluto, caracterizada por altas temperaturas e elevada umidade.;Inverno;;;;;;;;;;;;;;;;;;;;;
2021-08-19 00:00:00;Nordeste;mTa;Predominância da massa Tropical Atlântica, caracterizada pelo transporte de umidade do oceano para o continente sob o regime de ventos alísios atuantes na região.;Inverno;;;;;;;;;;;;;;;;;;;;;
2021-08-19 00:00:00;Litoral;mTa;Regiao sob dominio da circulacao maritima associada a alta pressao do Atlantico Sul, caracterizando a presenca de massa de ar tropical quente e umida.;Inverno;;;;;;;;;;;;;;;;;;;;;
2021-08-19 00:00:00;Centro;mTa;Região sob influência da circulação da ASAS, caracterizada pelo fluxo de leste/sudeste, transportando ar quente e úmido oceânico sobre o Sudeste e Centro-Oeste do país.;Inverno;;;;;;;;;;;;;;;;;;;;;
2021-08-19 00:00:00;Sul;mTa;A regiao delimitada esta sob influencia direta da circulacao de alta pressao do Atlantico Sul, caracterizando o predominio de massa tropical maritima com caracteristicas quentes e ;Inverno;;;;;;;;;;;;;;;;;;;;;
2021-08-20 00:00:00;Norte;mEc;A região demarcada encontra-se sobre o setor central da Bacia Amazônica, caracterizado pela ausência de sistemas frontais e predomínio de ar quente e úmido de origem continental.;Inverno;;;;;;;;;;;;;;;;;;;;;
2021-08-20 00:00:00;Nordeste;mTa;Predominio da massa tropical atlantica na regiao nordeste, caracterizada pelo escoamento de leste sob a influencia da circulacao periferica do sistema de alta pressao.;Inverno;;;;;;;;;;;;;;;;;;;;;
2021-08-20 00:00:00;Litoral;mTa;O setor delimitado encontra-se sob domínio do fluxo marítimo da alta pressão do Atlântico, configurando a predominância da Massa Tropical Atlântica (mTa) no litoral leste.;Inverno;;;;;;;;;;;;;;;;;;;;;
2021-08-20 00:00:00;Centro;mTa;Região sob influência predominante do fluxo de circulação marítima da alta pressão, caracterizando o transporte de umidade e estabilidade térmica típica da mTa sobre o setor.;Inverno;;;;;;;;;;;;;;;;;;;;;
2021-08-20 00:00:00;Sul;mTa;A região delimitada está sob forte influência do escoamento anticiclônico subtropical, caracterizando a predominância de ar quente e úmido transportado do Atlântico para o continen;Inverno;;;;;;;;;;;;;;;;;;;;;
2021-08-21 00:00:00;Norte;mEc;Região central da Bacia Amazônica, caracterizada por baixas pressões térmicas e ausência de influência de sistemas frontais ou correntes de subsidência, mantendo o domínio de ar qu;Inverno;;;;;;;;;;;;;;;;;;;;;
2021-08-21 00:00:00;Nordeste;mTa;A região é dominada pelo fluxo persistente de ventos marítimos provenientes da periferia da alta subtropical do Atlântico Sul, transportando ar quente e úmido para a costa e interi;Inverno;;;;;;;;;;;;;;;;;;;;;
2021-08-21 00:00:00;Litoral;mTa;A regiao delimitada encontra-se sob a influencia direta da circulacao oceanica de leste, caracteristica da estabilidade e umidade associada a massa Tropical Atlantica.;Inverno;;;;;;;;;;;;;;;;;;;;;
2021-08-21 00:00:00;Centro;mPa;A região delimitada está sob a influência do escoamento pós-frontal, apresentando queda nas temperaturas e umidade característica do avanço de uma Massa Polar Atlântica.;Inverno;;;;;;;;;;;;;;;;;;;;;
2021-08-21 00:00:00;Sul;mPa;A região delimitada encontra-se sob efeito direto de uma massa de ar frio e úmido que ingressou no continente, caracterizando o pós-frontal na retaguarda da frente fria.;Inverno;;;;;;;;;;;;;;;;;;;;;
2021-08-22 00:00:00;Norte;mEc;A região delimitada compreende a bacia amazônica. A ausência de sistemas frontais e a característica de umidade e calor predominante indicam o domínio da massa equatorial continent;Inverno;;;;;;;;;;;;;;;;;;;;;
2021-08-22 00:00:00;Nordeste;mTa;A região do Nordeste delimitada encontra-se sob o fluxo do escoamento de leste característico da periferia da alta pressão subtropical do Atlântico Sul, definindo a mTa.;Inverno;;;;;;;;;;;;;;;;;;;;;
2021-08-22 00:00:00;Litoral;mTa;Região sob influência direta da circulação marítima de alta pressão, caracterizando o domínio da massa Tropical Atlântica com fluxo de umidade do oceano para o continente.;Inverno;;;;;;;;;;;;;;;;;;;;;
2021-08-22 00:00:00;Centro;mPa;A região encontra-se submetida ao avanço de um centro de alta pressão pós-frontal, com gradiente térmico e fluxo de sul característico da incursão de massa de ar frio e úmido.;Inverno;;;;;;;;;;;;;;;;;;;;;
2021-08-22 00:00:00;Sul;mPa;A região delimitada está sob o domínio de um sistema de alta pressão pós-frontal, com o avanço de ar frio e seco característico da Massa Polar Atlântica sobre o Sul e Sudeste.;Inverno;;;;;;;;;;;;;;;;;;;;;
2021-08-23 00:00:00;Norte;mEc;A região delimitada compreende a bacia amazônica. A ausência de sistemas frontais e o posicionamento geográfico definem a predominância da massa equatorial continental (mEc).;Inverno;;;;;;;;;;;;;;;;;;;;;
2021-08-23 00:00:00;Nordeste;mTa;A região delimitada pelo retângulo apresenta predominância de ventos de leste/sudeste associados ao escoamento da alta pressão subtropical, caracterizando a influência da massa Tro;Inverno;;;;;;;;;;;;;;;;;;;;;
2021-08-23 00:00:00;Litoral;mTa;Regiao sob influencia do escoamento de leste-sudeste associado ao gradiente de pressao oceanico, caracterizando a predominancia da Massa Tropical Atlantica no litoral em questao.;Inverno;;;;;;;;;;;;;;;;;;;;;
2021-08-23 00:00:00;Centro;mTa;A região encontra-se sob influência da circulação da ASAS, apresentando características de estabilidade e fluxo predominante de ar quente e úmido vindo do Oceano Atlântico.;Inverno;;;;;;;;;;;;;;;;;;;;;
2021-08-23 00:00:00;Sul;mPa;A região delimitada localiza-se na retaguarda de uma frente fria, caracterizada pela incursão de ar frio e seco, consolidando o domínio da massa polar atlântica no setor.;Inverno;;;;;;;;;;;;;;;;;;;;;
2021-08-24 00:00:00;Norte;mEc;Regiao localizada sobre a bacia Amazonica, caracterizada pelo ar quente e umido de origem continental que domina a area na ausencia de sistemas frontais atuantes na regiao.;Inverno;;;;;;;;;;;;;;;;;;;;;
2021-08-24 00:00:00;Nordeste;mTa;A região demarcada encontra-se sob influência do escoamento zonal oriundo do Oceano Atlântico tropical, caracterizando a predominância da mTa sobre o setor leste/nordeste.;Inverno;;;;;;;;;;;;;;;;;;;;;
2021-08-24 00:00:00;Litoral;mTa;A região delimitada encontra-se sob influência do fluxo de leste/sudeste associado à circulação marítima, caracterizando a predominância da Massa Tropical Atlântica (mTa).;Inverno;;;;;;;;;;;;;;;;;;;;;
2021-08-24 00:00:00;Centro;mTa;Região sob influência direta do fluxo de circulação da alta subtropical do Atlântico Sul, caracterizando a predominância da massa Tropical Atlântica no setor central brasileiro.;Inverno;;;;;;;;;;;;;;;;;;;;;
2021-08-24 00:00:00;Sul;mPa;A região delimitada situa-se na retaguarda da frente fria, caracterizada pela incursão de ar frio e seco, típico da trajetória de deslocamento da mPa sobre o Sul do Brasil.;Inverno;;;;;;;;;;;;;;;;;;;;;
2021-08-25 00:00:00;Norte;mEc;A região demarcada encontra-se sobre a bacia amazônica. Verifica-se o predomínio de condições térmicas elevadas e umidade típicas da massa Equatorial Continental sobre a área.;Inverno;;;;;;;;;;;;;;;;;;;;;
2021-08-25 00:00:00;Nordeste;mTa;A região do Nordeste está sob influência direta do fluxo de leste da circulação marítima, caracterizando a predominância da massa Tropical Atlântica (mTa) sobre o setor.;Inverno;;;;;;;;;;;;;;;;;;;;;
2021-08-25 00:00:00;Litoral;mTa;A regiao delimitada esta sob influencia direta do escoamento de leste do anticiclone subtropical, transportando caracteristicas tropicais maritimas quentes e umidas ao longo da cos;Inverno;;;;;;;;;;;;;;;;;;;;;
2021-08-25 00:00:00;Centro;mPa;A regiao apresenta adveccao de ar frio e seco sob subsidencia pos-frontal, evidenciada pelo gradiente barometrico e valores de temperatura caracteristicos de circulacao polar.;Inverno;;;;;;;;;;;;;;;;;;;;;
2021-08-25 00:00:00;Sul;mPa;A região delimitada localiza-se na retaguarda da frente fria, caracterizada pelo ingresso de ar frio e úmido, evidenciado pelos valores de temperatura mais baixos.;Inverno;;;;;;;;;;;;;;;;;;;;;
2021-08-26 00:00:00;Norte;mEc;Região central da Bacia Amazônica sob domínio característico da Massa Equatorial Continental, apresentando umidade elevada e temperaturas elevadas típicas da origem continental equ;Inverno;;;;;;;;;;;;;;;;;;;;;
2021-08-26 00:00:00;Nordeste;mTa;A região delimitada está sob forte influência do escoamento marítimo e da circulação de alta pressão do Atlântico Sul, caracterizando a predominância da Massa Tropical Atlântica.;Inverno;;;;;;;;;;;;;;;;;;;;;
2021-08-26 00:00:00;Litoral;mTa;Região sob influência direta do fluxo de ar quente e úmido vindo do Atlântico Tropical, caracterizando o domínio da massa tropical marítima no setor leste do Nordeste brasileiro.;Inverno;;;;;;;;;;;;;;;;;;;;;
2021-08-26 00:00:00;Centro;mPa;A região delimitada encontra-se sob a influência direta do avanço de uma massa de ar frio e seco, posicionada na retaguarda da frente fria que atua no setor centro-sudeste.;Inverno;;;;;;;;;;;;;;;;;;;;;
2021-08-26 00:00:00;Sul;mPa;Região sob influência de uma massa de ar frio e seco que avança pelo quadrante sul após a passagem de sistema frontal, evidenciada pela queda das temperaturas e pressões altas.;Inverno;;;;;;;;;;;;;;;;;;;;;
2021-08-27 00:00:00;Norte;mEc;Região central e norte da carta sob regime de baixas pressões térmicas características da bacia Amazônica, sem influência de sistemas frontais, confirmando o predomínio da mEc.;Inverno;;;;;;;;;;;;;;;;;;;;;
2021-08-27 00:00:00;Nordeste;mTa;Predominio da massa tropical atlantica na regiao nordestina, caracterizada pelo fluxo de leste a sudeste que transporta umidade do oceano para o continente.;Inverno;;;;;;;;;;;;;;;;;;;;;
2021-08-27 00:00:00;Litoral;mTa;Região sob a influência direta do transporte de umidade do oceano para o continente, caracterizada pelo domínio da massa de ar Tropical Atlântica quente e úmida.;Inverno;;;;;;;;;;;;;;;;;;;;;
2021-08-27 00:00:00;Centro;mPa;A regiao delimitada encontra-se sob a influência direta do avanço da massa de ar pós-frontal, caracterizada pelo influxo de ar frio e seco proveniente do setor sul.;Inverno;;;;;;;;;;;;;;;;;;;;;
2021-08-27 00:00:00;Sul;mPa;A região delimitada encontra-se na retaguarda de um sistema frontal, caracterizada pelo ingresso de ar mais frio e denso, típico do fluxo pós-frontal da massa polar atlântica.;Inverno;;;;;;;;;;;;;;;;;;;;;
2021-08-28 00:00:00;Norte;mEc;Região predominantemente sob influência da massa Equatorial Continental, caracterizada por altas temperaturas e umidade sobre a bacia amazônica, sem influência de sistemas frontais;Inverno;;;;;;;;;;;;;;;;;;;;;
2021-08-28 00:00:00;Nordeste;mTa;A região do Nordeste delimitada encontra-se sob o fluxo do escoamento marítimo persistente, caracterizado pela estabilidade e umidade trazida pela circulação subtropical do Atlânti;Inverno;;;;;;;;;;;;;;;;;;;;;
2021-08-28 00:00:00;Litoral;mTa;Região sob influência direta da circulação marítima do quadrante leste/sudeste, mantendo características de massa tropical marítima quente e úmida sobre o litoral leste brasileiro.;Inverno;;;;;;;;;;;;;;;;;;;;;
2021-08-28 00:00:00;Centro;mPa;A região encontra-se no quadrante posterior ao sistema frontal, caracterizada pelo ingresso de ar frio e seco, consolidando o domínio da massa de ar polar sobre o setor central.;Inverno;;;;;;;;;;;;;;;;;;;;;
2021-08-28 00:00:00;Sul;mPa;A região delimitada encontra-se sob a influência direta do avanço da massa de ar polar, evidenciada pelo posicionamento a retaguarda da frente fria e gradientes de pressão caracter;Inverno;;;;;;;;;;;;;;;;;;;;;
2021-08-29 00:00:00;Norte;mEc;Regiao central e norte da Amazonia sob dominio de massa de ar quente e umida de origem continental, caracteristica da regiao equatorial sem influencia de sistemas frontais externos;Inverno;;;;;;;;;;;;;;;;;;;;;
2021-08-29 00:00:00;Nordeste;mTa;A regiao delimitada esta sob influencia direta do fluxo da alta pressao do Atlantico Sul, caracterizando a predominancia da massa de ar Tropical Atlantica, quente e umida.;Inverno;;;;;;;;;;;;;;;;;;;;;
2021-08-29 00:00:00;Litoral;mTa;A regiao delimitada encontra-se sob a influencia direta do fluxo maritimo associado ao centro de alta pressao do Atlantico Sul, caracterizando o dominio da Massa Tropical Atlantica;Inverno;;;;;;;;;;;;;;;;;;;;;
2021-08-29 00:00:00;Centro;mPa;A região do retângulo encontra-se sob influência de massa de ar frio e seco (mPa), evidenciada pelo gradiente de pressão e temperaturas significativamente reduzidas no setor.;Inverno;;;;;;;;;;;;;;;;;;;;;
2021-08-29 00:00:00;Sul;mPa;A região delimitada situa-se na retaguarda da frente fria, caracterizada pela incursão de ar polar, evidenciada pela queda nas temperaturas e valores menores de ponto de orvalho.;Inverno;;;;;;;;;;;;;;;;;;;;;
2021-08-30 00:00:00;Norte;mEc;A região delimitada abrange a bacia amazônica e adjacências, onde predomina a Massa Equatorial Continental, caracterizada pela origem continental e altos teores de umidade.;Inverno;;;;;;;;;;;;;;;;;;;;;
2021-08-30 00:00:00;Nordeste;mTa;Região sob influência direta do escoamento marítimo originado do Atlântico Sul, caracterizando a predominância da massa de ar Tropical Atlântica no setor Nordeste.;Inverno;;;;;;;;;;;;;;;;;;;;;
2021-08-30 00:00:00;Litoral;mTa;A área demarcada encontra-se sob domínio direto do anticiclone oceânico, apresentando fluxo constante de ar quente e úmido característico da Massa Tropical Atlântica.;Inverno;;;;;;;;;;;;;;;;;;;;;
2021-08-30 00:00:00;Centro;mPa;Região sob influência de ar frio e seco após a passagem de uma frente fria, caracterizando o avanço e predominância da massa polar sobre o setor.;Inverno;;;;;;;;;;;;;;;;;;;;;
2021-08-30 00:00:00;Sul;mPa;A região apresenta o avanço de uma massa de ar frio e seco, característica da mPa, logo após a passagem da frente fria identificada no setor sudeste do continente.;Inverno;;;;;;;;;;;;;;;;;;;;;
2021-08-31 00:00:00;Norte;mEc;Regiao localizada sobre a bacia Amazonica, caracterizada pelo predomino de umidade e calor sem influencia direta de sistemas frontais ou centros de alta pressao oceanicos.;Inverno;;;;;;;;;;;;;;;;;;;;;
2021-08-31 00:00:00;Nordeste;mTa;A região esta sob influencia do fluxo zonal de leste, caracteristico da circulacao periferica da alta pressao do Atlantico Sul, transportando umidade e aquecimento para o Nordeste.;Inverno;;;;;;;;;;;;;;;;;;;;;
2021-08-31 00:00:00;Litoral;mTa;Região sob influência direta da circulação marítima do Atlântico Sul, caracterizada pela predominância de transporte de umidade e calor oceânico sobre o litoral.;Inverno;;;;;;;;;;;;;;;;;;;;;
2021-08-31 00:00:00;Centro;mPa;A região delimitada encontra-se sob influência de um sistema frontal com fluxo pós-frontal nítido, evidenciando o avanço de ar frio e seco característico da massa polar atlântica.;Inverno;;;;;;;;;;;;;;;;;;;;;
2021-08-31 00:00:00;Sul;mPa;A região delimitada (Sul) encontra-se sob influência de uma massa de ar pós-frontal, caracterizada por temperaturas amenas e gradientes de pressão condizentes com o avanço da mPa.;Inverno;;;;;;;;;;;;;;;;;;;;;
2021-09-01 00:00:00;Norte;mEc;A região demarcada abrange a bacia amazônica e áreas centrais do continente, onde a mEc predomina como massa quente e úmida de origem continental, sem influência de sistemas polare;Inverno;;;;;;;;;;;;;;;;;;;;;
2021-09-01 00:00:00;Nordeste;mTa;Predominância da Massa Tropical Atlântica, caracterizada pelo fluxo marítimo estável de leste/sudeste, mantendo condições térmicas elevadas e umidade sobre o setor nordestino.;Inverno;;;;;;;;;;;;;;;;;;;;;
2021-09-01 00:00:00;Litoral;mTa;A região sob análise está sob o domínio do escoamento marítimo quente e úmido transportado pela circulação do Anticiclone subtropical do Atlântico Sul, caracterizando a mTa.;Inverno;;;;;;;;;;;;;;;;;;;;;
2021-09-01 00:00:00;Centro;mTa;A regiao delimitada esta sob influencia direta do fluxo da alta pressao do Atlantico, caracterizando a predominancia da massa Tropical Atlantica quente e umida sobre o setor contin;Inverno;;;;;;;;;;;;;;;;;;;;;
2021-09-01 00:00:00;Sul;mPa;A região delimitada encontra-se sob influência de massa de ar frio e úmido, posicionada na retaguarda de um sistema frontal que avança sobre o Sul e Sudeste do Brasil.;Inverno;;;;;;;;;;;;;;;;;;;;;
2021-09-02 00:00:00;Norte;mEc;Região central da Bacia Amazônica sob domínio de massa de ar quente e úmida de origem continental, sem influência de sistemas frontais ou incursões de ar polar.;Inverno;;;;;;;;;;;;;;;;;;;;;
2021-09-02 00:00:00;Nordeste;mTa;A região do Nordeste delimitada encontra-se sob influência do fluxo de leste/sudeste proveniente do Atlântico Tropical, caracterizando o domínio da massa Tropical Atlântica.;Inverno;;;;;;;;;;;;;;;;;;;;;
2021-09-02 00:00:00;Litoral;mTa;A área delimitada encontra-se sob domínio do fluxo dos ventos alísios marítimos, característicos da mTa que circula sobre o setor costeiro do Nordeste brasileiro.;Inverno;;;;;;;;;;;;;;;;;;;;;
2021-09-02 00:00:00;Centro;mTa;A região delimitada está sob influência do fluxo equatorial/tropical do anticiclone oceânico, apresentando características de ar quente e úmido predominante na massa de ar tropical;Inverno;;;;;;;;;;;;;;;;;;;;;
2021-09-02 00:00:00;Sul;mPa;A região delimitada encontra-se sob a influência direta do avanço de uma massa de ar frio e seco, posicionada nitidamente no setor pós-frontal do sistema de pressão.;Inverno;;;;;;;;;;;;;;;;;;;;;
2021-09-03 00:00:00;Norte;mEc;A região demarcada encontra-se sobre a bacia amazônica, caracterizada pela predominância de ar quente e úmido de origem continental, sem influência de sistemas frontais ou massas m;Inverno;;;;;;;;;;;;;;;;;;;;;
2021-09-03 00:00:00;Nordeste;mTa;Região sob influência direta do fluxo de leste da alta pressão subtropical do Atlântico Sul, caracterizando a predominância de ar quente e úmido de origem marítima.;Inverno;;;;;;;;;;;;;;;;;;;;;
2021-09-03 00:00:00;Litoral;mTa;A região delimitada está sob a influência do fluxo marítimo da circulação de alta pressão do Atlântico Sul, caracterizando o domínio da Massa Tropical Atlântica.;Inverno;;;;;;;;;;;;;;;;;;;;;
2021-09-03 00:00:00;Centro;mTa;A região delimitada está sob influência do escoamento anticlônico marítimo, caracterizando o predomínio da massa Tropical Atlântica (mTa) em grande parte do setor.;Inverno;;;;;;;;;;;;;;;;;;;;;
2021-09-03 00:00:00;Sul;mPa;O setor delimitado encontra-se sob influência direta da massa de ar polar, evidenciada pelos gradientes de temperatura e pressao logo após a passagem da frente fria na região Sul.;Inverno;;;;;;;;;;;;;;;;;;;;;
2021-09-04 00:00:00;Norte;mEc;Regiao situada sobre a Bacia Amazonica, caracterizada pelo dominio de ar quente e umido de origem equatorial continental, sem influencia de sistemas frontais ou alta pressao polar.;Inverno;;;;;;;;;;;;;;;;;;;;;
2021-09-04 00:00:00;Nordeste;mTa;A região encontra-se sob influência do fluxo de leste do anticiclone do Atlântico Sul, caracterizando a predominância da Massa Tropical Atlântica (mTa), quente e úmida sobre o seto;Inverno;;;;;;;;;;;;;;;;;;;;;
2021-09-04 00:00:00;Litoral;mTa;Regiao sob influencia do fluxo marítimo da circulação anticiclônica do Atlantico Sul, caracterizando uma massa de ar quente e umida sobre o setor costeiro.;Inverno;;;;;;;;;;;;;;;;;;;;;
2021-09-04 00:00:00;Centro;mTc;Região situada no interior do continente, caracterizada por temperaturas elevadas e baixa umidade, sob influência direta da massa de ar quente e seca do Chaco.;Inverno;;;;;;;;;;;;;;;;;;;;;
2021-09-04 00:00:00;Sul;mPa;A regiao apresenta caracteristicas de subsidencia e escoamento pós-frontal, com temperaturas reduzidas, indicando o domínio da massa de ar polar sobre o setor Sul.;Inverno;;;;;;;;;;;;;;;;;;;;;
2021-09-05 00:00:00;Norte;mEc;A região demarcada encontra-se sobre a bacia amazônica, caracterizada pela predominância da massa equatorial continental, quente e úmida, sem influência direta de sistemas frontais;Inverno;;;;;;;;;;;;;;;;;;;;;
2021-09-05 00:00:00;Nordeste;mTa;A região encontra-se sob influência do escoamento marítimo associado aos ventos alísios, caracterizando o predomínio da massa Tropical Atlântica com transporte de umidade e calor.;Inverno;;;;;;;;;;;;;;;;;;;;;
2021-09-05 00:00:00;Litoral;mTa;A regiao delimitada esta sob influencia direta do escoamento maritimo associado ao sistema de alta pressao do Atlantico Sul, caracterizando o dominio da Massa Tropical Atlantica.;Inverno;;;;;;;;;;;;;;;;;;;;;
2021-09-05 00:00:00;Centro;mTa;A regiao delimitada esta sob influencia direta da circulacao periferica da ASAS, caracterizando o predomino da Massa Tropical Atlantica, que transporta umidade para o interior.;Inverno;;;;;;;;;;;;;;;;;;;;;
2021-09-05 00:00:00;Sul;mPa;A região encontra-se submetida ao fluxo pós-frontal, com advecção de ar polar caracterizada pelo gradiente térmico e pressões elevadas, indicando o avanço da massa polar atlântica.;Inverno;;;;;;;;;;;;;;;;;;;;;
2021-09-06 00:00:00;Norte;mEc;A regiao delimitada esta sob dominio da massa de ar quente e umida caracteristica da bacia Amazonica, sem interferencia ou subsidencia de sistemas extratropicais.;Inverno;;;;;;;;;;;;;;;;;;;;;
2021-09-06 00:00:00;Nordeste;mTa;A área analisada está sob a influência do fluxo marítimo dos ventos alísios impulsionados pela circulação de alta pressão do Atlântico Sul, caracterizando a predominância da mTa.;Inverno;;;;;;;;;;;;;;;;;;;;;
2021-09-06 00:00:00;Litoral;mTa;A região está sob a influência do escoamento marítimo subtropical, característico da circulação da ASAS, transportando umidade e ar aquecido sobre o litoral do Nordeste.;Inverno;;;;;;;;;;;;;;;;;;;;;
2021-09-06 00:00:00;Centro;mPa;Região sob influência direta de um centro de alta pressão pós-frontal, configurando a incursão e o domínio de massa de ar frio e seco (mPa) sobre o Centro-Oeste brasileiro.;Inverno;;;;;;;;;;;;;;;;;;;;;
2021-09-06 00:00:00;Sul;mPa;A região apresenta características típicas de pós-frontal, com temperaturas reduzidas e ventos do quadrante sul, indicando a atuação e o avanço da mPa sobre o setor.;Inverno;;;;;;;;;;;;;;;;;;;;;
2021-09-07 00:00:00;Norte;mEc;Regiao central e norte do Brasil sob influencia da mEc, caracterizada por condicoes tipicas de massa equatorial continental, quente e umida, abrangendo a bacia amazonica.;Inverno;;;;;;;;;;;;;;;;;;;;;
2021-09-07 00:00:00;Nordeste;mTa;A região encontra-se sob domínio do escoamento marítimo de leste/sudeste associado à circulação de alta pressão do Atlântico, configurando a predominância da massa Tropical Atlânti;Inverno;;;;;;;;;;;;;;;;;;;;;
2021-09-07 00:00:00;Litoral;mTa;A região delimitada encontra-se sob domínio do fluxo marítimo de sudeste, transportando ar quente e úmido característico da periferia da circulação anticiclônica sobre o oceano.;Inverno;;;;;;;;;;;;;;;;;;;;;
2021-09-07 00:00:00;Centro;mTc;Região central do continente sob influência da depressão do Chaco, caracterizada por temperaturas elevadas e baixa umidade, típico da atuação da massa Tropical Continental.;Inverno;;;;;;;;;;;;;;;;;;;;;
2021-09-07 00:00:00;Sul;mPa;A região apresenta o posicionamento do sistema frontal a norte e leste, indicando o avanço e predominância da massa de ar polar pela retaguarda, caracterizando a mPa no setor.;Inverno;;;;;;;;;;;;;;;;;;;;;
2021-09-08 00:00:00;Norte;mEc;Região central e norte sob domínio da massa Equatorial Continental, caracterizada por temperaturas elevadas e umidade da bacia amazônica, sem influência de sistemas frontais.;Inverno;;;;;;;;;;;;;;;;;;;;;
2021-09-08 00:00:00;Nordeste;mTa;Predominância da Massa Tropical Atlântica, caracterizada pelo fluxo de ar estável e quente proveniente do Oceano Atlântico sobre a costa e o interior da região Nordeste.;Inverno;;;;;;;;;;;;;;;;;;;;;
2021-09-08 00:00:00;Litoral;mTa;A área demarcada encontra-se sob a influência direta do escoamento marítimo provindo do anticiclone subtropical, caracterizando o predomínio da mTa quente e úmida no litoral.;Inverno;;;;;;;;;;;;;;;;;;;;;
2021-09-08 00:00:00;Centro;mTc;A regiao delimitada esta sob influencia direta da massa de ar quente e seca continental, caracterizada pelas baixas pressoes relativas e elevadas temperaturas no interior do pais.;Inverno;;;;;;;;;;;;;;;;;;;;;
2021-09-08 00:00:00;Sul;mPa;A região delimitada está sob o domínio de um núcleo de alta pressão pós-frontal no Sul do Brasil, caracterizando a permanência e a advecção de uma Massa Polar Atlântica.;Inverno;;;;;;;;;;;;;;;;;;;;;
2021-09-09 00:00:00;Norte;mEc;A região delimitada abrange a bacia amazônica, onde predomina a Massa Equatorial Continental, caracterizada por altas temperaturas e elevada umidade em um regime de gradiente fraco;Inverno;;;;;;;;;;;;;;;;;;;;;
2021-09-09 00:00:00;Nordeste;mTa;Predominância da Massa Tropical Atlântica, devido à influência direta do fluxo de sudeste proveniente do anticiclone oceânico sobre a região Nordeste do Brasil.;Inverno;;;;;;;;;;;;;;;;;;;;;
2021-09-09 00:00:00;Litoral;mTa;Regiao sob influencia do escoamento da circulacao associada a alta pressao subtropical do Atlantico Sul, caracterizando a presenca predominante da massa Tropical Atlantica.;Inverno;;;;;;;;;;;;;;;;;;;;;
2021-09-09 00:00:00;Centro;mTa;Regiao sob dominio da alta pressao do Atlantico Sul, apresentando caracteristicas tipicas de massa tropical maritima, quente e umida, abrangendo o setor sudeste do continente.;Inverno;;;;;;;;;;;;;;;;;;;;;
2021-09-09 00:00:00;Sul;mPa;A região delimitada encontra-se sob a influência direta do avanço de uma massa de ar frio e úmido, posicionada atrás da linha de instabilidade (frente fria) que atravessa o setor.;Inverno;;;;;;;;;;;;;;;;;;;;;
2021-09-10 00:00:00;Norte;mEc;A região delimitada abrange a bacia amazônica. Observa-se a ausência de sistemas frontais, caracterizando o domínio da massa equatorial continental, quente e úmida.;Inverno;;;;;;;;;;;;;;;;;;;;;
2021-09-10 00:00:00;Nordeste;mTa;Predominância da Massa Tropical Atlântica, caracterizada pelo escoamento de leste-sudeste associado à circulação anticiclônica oceânica, transportando umidade para o setor costeiro;Inverno;;;;;;;;;;;;;;;;;;;;;
2021-09-10 00:00:00;Litoral;mTa;A regiao delimitada esta sob influencia direta do escoamento de leste-sudeste do sistema de alta pressao do Atlantico Sul, caracterizando a predominancia da massa Tropical Atlantic;Inverno;;;;;;;;;;;;;;;;;;;;;
2021-09-10 00:00:00;Centro;mPa;A região delimitada encontra-se sob influência imediata da retaguarda de um sistema frontal, caracterizado pelo avanço de ar frio e seco típico da massa polar atlântica.;Inverno;;;;;;;;;;;;;;;;;;;;;
2021-09-10 00:00:00;Sul;mPa;A região delimitada encontra-se na retaguarda do sistema frontal, sob a influência direta do fluxo de advecção fria e umidade característico da massa polar atlântica.;Inverno;;;;;;;;;;;;;;;;;;;;;
2021-09-11 00:00:00;Norte;mEc;Região central e amazônica sob influência direta da Massa Equatorial Continental, caracterizada por baixos gradientes de pressão e ar quente e úmido predominante sobre a bacia.;Inverno;;;;;;;;;;;;;;;;;;;;;
2021-09-11 00:00:00;Nordeste;mTa;A região encontra-se sob influência do escoamento marítimo associado ao Anticiclone Subtropical do Atlântico Sul, caracterizando a predominância da Massa Tropical Atlântica.;Inverno;;;;;;;;;;;;;;;;;;;;;
2021-09-11 00:00:00;Litoral;mTa;A região encontra-se sob influência do fluxo marítimo da massa tropical atlântica, caracterizada pelo transporte de umidade e calor na costa leste do Brasil.;Inverno;;;;;;;;;;;;;;;;;;;;;
2021-09-11 00:00:00;Centro;mPa;A região delimitada situa-se na retaguarda de uma frente fria que avança sobre o Sudeste e Centro-Oeste, caracterizando a predominância de ar de origem polar (mPa) em deslocamento.;Inverno;;;;;;;;;;;;;;;;;;;;;
2021-09-11 00:00:00;Sul;mPa;A região delimitada encontra-se na retaguarda de um sistema frontal, caracterizada pelo ingresso de ar frio e seco, evidenciado pelo posicionamento pós-frontal sobre a área.;Inverno;;;;;;;;;;;;;;;;;;;;;
2021-09-12 00:00:00;Norte;mEc;A região delimitada abrange a bacia amazônica e adjacências, sob domínio de massa de ar quente e úmida característica da porção continental equatorial, sem influência de sistemas f;Inverno;;;;;;;;;;;;;;;;;;;;;
2021-09-12 00:00:00;Nordeste;mTa;Região sob influência direta do fluxo de leste/sudeste proveniente do Atlântico Tropical, caracterizando a predominância da massa Tropical Atlântica no setor Nordeste.;Inverno;;;;;;;;;;;;;;;;;;;;;
2021-09-12 00:00:00;Litoral;mTa;Regiao sob dominio do fluxo do quadrante leste/sudeste, caracteristico da circulacao periferica da alta pressao do Atlantico Sul, configurando adveccao de umidade da mTa.;Inverno;;;;;;;;;;;;;;;;;;;;;
2021-09-12 00:00:00;Centro;mTa;A região encontra-se sob domínio do escoamento da circulação marítima da alta pressão atlântica, caracterizando a permanência da Massa Tropical Atlântica.;Inverno;;;;;;;;;;;;;;;;;;;;;
2021-09-12 00:00:00;Sul;mPa;A região delimitada encontra-se na retaguarda de um sistema frontal, caracterizada pelo ingresso de ar frio e seco, consolidando o domínio da Massa Polar Atlântica.;Inverno;;;;;;;;;;;;;;;;;;;;;
2021-09-13 00:00:00;Norte;mEc;Região localizada sobre a bacia amazônica, caracterizada pela predominância da massa de ar quente e úmida, livre da influência direta de sistemas frontais ou massas extratropicais.;Inverno;;;;;;;;;;;;;;;;;;;;;
2021-09-13 00:00:00;Nordeste;mTa;Regiao sob influencia do escoamento zonal de leste, caracteristico da Massa Tropical Atlantica, que transporta umidade do oceano para o setor costeiro e interior do Nordeste.;Inverno;;;;;;;;;;;;;;;;;;;;;
2021-09-13 00:00:00;Litoral;mTa;Regiao sob fluxo predominante de leste/sudeste associado a circulacao maritima, caracterizando a atuacao da massa tropical atlantica na costa leste brasileira.;Inverno;;;;;;;;;;;;;;;;;;;;;
2021-09-13 00:00:00;Centro;mTc;A região apresenta características de subsidência e temperaturas elevadas no interior do continente, típicas da influência da Massa Tropical Continental sobre o Centro-Oeste brasil;Inverno;;;;;;;;;;;;;;;;;;;;;
2021-09-13 00:00:00;Sul;mPa;Regiao sob atuacao da massa polar atlantica, caracterizada pelo ingresso de ar frio e seco logo apos a passagem de sistema frontal pelo setor sul do pais.;Inverno;;;;;;;;;;;;;;;;;;;;;
2021-09-14 00:00:00;Norte;mEc;A região demarcada situa-se sobre a bacia amazônica e áreas centrais, caracterizada por temperaturas elevadas e alta umidade, típicas da massa de ar Equatorial Continental.;Inverno;;;;;;;;;;;;;;;;;;;;;
2021-09-14 00:00:00;Nordeste;mTa;Regiao sob fluxo predominante de leste/sudeste associado ao transporte de umidade do oceano para o continente, caracterizando o dominio da Massa Tropical Atlantica.;Inverno;;;;;;;;;;;;;;;;;;;;;
2021-09-14 00:00:00;Litoral;mTa;Região sob influência direta da circulação marítima do Atlântico Sul, caracterizando o domínio da massa Tropical Atlântica com transporte de umidade para o setor costeiro.;Inverno;;;;;;;;;;;;;;;;;;;;;
2021-09-14 00:00:00;Centro;mTc;Zona de alta estabilidade atmosférica no interior do continente, caracterizada por baixos teores de umidade e temperaturas elevadas, típicas da Depressão do Chaco sob domínio da mT;Inverno;;;;;;;;;;;;;;;;;;;;;
2021-09-14 00:00:00;Sul;mPa;Na regiao delimitada, observa-se o avanco de uma massa de ar frio e seco apos a passagem de uma frente fria, caracterizando o dominio da mPa no setor Sul do pais.;Inverno;;;;;;;;;;;;;;;;;;;;;
2021-09-15 00:00:00;Norte;mEc;A região delimitada está sobre a bacia amazônica e sob o predomínio da mEc, caracterizada por temperaturas elevadas e alta umidade, sem influência de sistemas frontais ou transiçõe;Inverno;;;;;;;;;;;;;;;;;;;;;
2021-09-15 00:00:00;Nordeste;mTa;Predomínio da Massa Tropical Atlântica, caracterizada pelo escoamento marítimo quente e úmido vindo do Oceano Atlântico em direção à costa nordestina.;Inverno;;;;;;;;;;;;;;;;;;;;;
2021-09-15 00:00:00;Litoral;mTa;Regiao sob incidencia de escoamento maritimo associado ao nucleo de alta pressao do Atlantico Sul, caracterizando a predominancia de caracteristicas da mTa no litoral leste.;Inverno;;;;;;;;;;;;;;;;;;;;;
2021-09-15 00:00:00;Centro;mPa;A região delimitada encontra-se sob influência do avanço de uma massa de ar pós-frontal, caracterizando a atuação da mPa na retaguarda da frente fria que atua no setor.;Inverno;;;;;;;;;;;;;;;;;;;;;
2021-09-15 00:00:00;Sul;mPa;A região apresenta a injeção de ar frio e seco proveniente de um sistema frontal em deslocamento oceânico, caracterizando o domínio da massa de ar polar atlântico.;Inverno;;;;;;;;;;;;;;;;;;;;;
2021-09-16 00:00:00;Norte;mEc;A região delimitada abrange a bacia amazônica. Verifica-se o predomínio da mEc, massa quente e úmida característica da região central do continente na ausência de incursões polares;Inverno;;;;;;;;;;;;;;;;;;;;;
2021-09-16 00:00:00;Nordeste;mTa;Regiao sob influencia do escoamento do Atlantico Sul. A massa tropical atlantica predomina, trazendo caracteristicas quentes e umidas para o setor leste e centro do Nordeste.;Inverno;;;;;;;;;;;;;;;;;;;;;
2021-09-16 00:00:00;Litoral;mTa;A região delimitada no litoral leste e nordeste está sob influência do escoamento marítimo associado ao setor periférico da alta pressão oceânica, caracterizando a atuação da mTa.;Inverno;;;;;;;;;;;;;;;;;;;;;
2021-09-16 00:00:00;Centro;mPa;A região delimitada encontra-se sob efeito direto de advecção fria, caracterizada pela retaguarda de um sistema frontal que avança pelo interior do continente.;Inverno;;;;;;;;;;;;;;;;;;;;;
2021-09-16 00:00:00;Sul;mPa;A região demarcada apresenta temperaturas mais baixas e ventos com componente sul/sudoeste, caracterizando a atuação da mPa na retaguarda da frente fria avançando pelo oceano.;Inverno;;;;;;;;;;;;;;;;;;;;;
2021-09-17 00:00:00;Norte;mEc;Região central da Bacia Amazônica sob domínio de ar quente e úmido, característico da massa equatorial continental, sem influência direta de sistemas frontais.;Inverno;;;;;;;;;;;;;;;;;;;;;
2021-09-17 00:00:00;Nordeste;mTa;A região é dominada pelo fluxo de leste/sudeste associado à circulação oceânica, transportando ar quente e úmido para o litoral e interior do Nordeste brasileiro.;Inverno;;;;;;;;;;;;;;;;;;;;;
2021-09-17 00:00:00;Litoral;mTa;A região delimitada está sob forte influência do escoamento marítimo da alta pressão subtropical, caracterizando a predominância da Massa Tropical Atlântica (mTa) no setor leste.;Inverno;;;;;;;;;;;;;;;;;;;;;
2021-09-17 00:00:00;Centro;mPa;A região delimitada encontra-se no setor pós-frontal, sob influência de uma massa de ar frio e seco que avança sobre o interior do continente, caracterizada por menores valores tér;Inverno;;;;;;;;;;;;;;;;;;;;;
2021-09-17 00:00:00;Sul;mPa;A região apresenta o avanço de uma massa de ar frio e seco, característico de subsidência pós-frontal, com gradiente de pressão típico de circulação de mPa sobre o Sul do Brasil.;Inverno;;;;;;;;;;;;;;;;;;;;;
2021-09-18 00:00:00;Norte;mEc;Regiao central e norte da Amazonia, caracterizada pela predominancia de ar quente e umido de origem continental, configurando o dominio da Massa Equatorial Continental.;Inverno;;;;;;;;;;;;;;;;;;;;;
2021-09-18 00:00:00;Nordeste;mTa;A região encontra-se sob o fluxo do escoamento marítimo vindo do Atlântico Tropical, onde o campo de pressão caracteriza a predominância da massa de ar Tropical Atlântica (mTa).;Inverno;;;;;;;;;;;;;;;;;;;;;
2021-09-18 00:00:00;Litoral;mTa;A regiao delimitada encontra-se sob a influencia direta da circulacao do anticiclone subtropical, caracterizando o dominio da Massa Tropical Atlantica (mTa) no setor leste.;Inverno;;;;;;;;;;;;;;;;;;;;;
2021-09-18 00:00:00;Centro;mTa;A regiao delimitada encontra-se sob a influencia direta do escoamento de leste/nordeste associado a ASAS, caracterizando o dominio de massa de ar quente e umida tipo mTa.;Inverno;;;;;;;;;;;;;;;;;;;;;
2021-09-18 00:00:00;Sul;mPa;A região delimitada encontra-se na retaguarda de um sistema frontal, caracterizada pelo ingresso de ar frio e seco, típico da atuação da Massa Polar Atlântica sobre o setor.;Inverno;;;;;;;;;;;;;;;;;;;;;
2021-09-19 00:00:00;Norte;mEc;A região delimitada abrange a bacia amazônica e adjacências. Como não apresenta influência de sistemas frontais ou circulação marítima, é dominada pela massa equatorial continental;Inverno;;;;;;;;;;;;;;;;;;;;;
2021-09-19 00:00:00;Nordeste;mEa;A região sob análise é dominada pela influência marítima de baixas latitudes, caracterizando a atuação da mEa, que transporta umidade para o setor leste da região Nordeste.;Inverno;;;;;;;;;;;;;;;;;;;;;
2021-09-19 00:00:00;Litoral;mTa;A regiao sob o retangulo esta sob influencia do escoamento marítimo associado ao sistema de alta pressao do Atlantico Sul, caracterizando a predominancia de massa de ar mTa.;Inverno;;;;;;;;;;;;;;;;;;;;;
2021-09-19 00:00:00;Centro;mTc;Região do Chaco/Brasil Central sob influência de massa quente e seca, caracterizada por subsidência e termodinâmica estável, típica de massas continentais tropicais.;Inverno;;;;;;;;;;;;;;;;;;;;;
2021-09-19 00:00:00;Sul;mPa;A regiao delimitada esta sob a influencia direta do avancamento de um sistema de alta pressao pós-frontal, caracterizando a entrada e o dominio da massa de ar Polar Atlantica.;Inverno;;;;;;;;;;;;;;;;;;;;;
2021-09-20 00:00:00;Norte;mEc;Regiao central da Amazonia sem influencias frontais, apresentando predominio da Massa Equatorial Continental, caracterizada por alto teor de umidade e instabilidade termica.;Inverno;;;;;;;;;;;;;;;;;;;;;
2021-09-20 00:00:00;Nordeste;mTa;Area sob influencia do escoamento do anticiclone subtropical do Atlantico Sul, caracterizando predominio da massa tropical atlantica na regiao nordeste brasileira.;Inverno;;;;;;;;;;;;;;;;;;;;;
2021-09-20 00:00:00;Litoral;mTa;A regiao delimitada esta sob influencia direta do fluxo marítimo da alta subtropical, caracterizando a predominancia da Massa Tropical Atlantica (mTa) com transporte de umidade.;Inverno;;;;;;;;;;;;;;;;;;;;;
2021-09-20 00:00:00;Centro;mTa;A região encontra-se sob influência do escoamento zonal e anticiclônico oceânico. Predomínio de características tropicais marítimas, com baixa variação estacional e umidade moderad;Inverno;;;;;;;;;;;;;;;;;;;;;
2021-09-20 00:00:00;Sul;mPa;A região delimitada encontra-se sob a influência direta do avanço de uma massa de ar frio e seco, posicionada na retaguarda de um sistema frontal que atua sobre o setor.;Inverno;;;;;;;;;;;;;;;;;;;;;
2021-09-21 00:00:00;Norte;mEc;A região delimitada na bacia amazônica encontra-se sob domínio direto da Massa Equatorial Continental, caracterizada por altos teores de umidade e temperaturas elevadas na ausência;Inverno;;;;;;;;;;;;;;;;;;;;;
2021-09-21 00:00:00;Nordeste;mTa;A região encontra-se sob influência direta do fluxo de leste/sudeste proveniente do Atlântico Sul, caracterizando o domínio da massa Tropical Atlântica na costa e interior do NE.;Inverno;;;;;;;;;;;;;;;;;;;;;
2021-09-21 00:00:00;Litoral;mTa;A área delimitada no litoral nordeste encontra-se sob influência do escoamento marítimo associado à alta pressão do Atlântico, caracterizando a predominância da massa tropical atlâ;Inverno;;;;;;;;;;;;;;;;;;;;;
2021-09-21 00:00:00;Centro;mTc;A regiao delimitada encontra-se sob a influencia da circulacao da depressao termica no centro do continente, caracterizando predominio de ar quente e seco, tipico da mTc.;Inverno;;;;;;;;;;;;;;;;;;;;;
2021-09-21 00:00:00;Sul;mPa;A região delimitada encontra-se na retaguarda de uma frente fria, caracterizada pela incursão de ar frio e seco, consolidando o domínio da Massa Polar Atlântica.;Inverno;;;;;;;;;;;;;;;;;;;;;
2021-09-22 00:00:00;Norte;mEc;Regiao sob dominio central da Amazonia, apresentando caracteristicas tipicas de massa quente e umida de origem continental, sem influencia de outros sistemas frontais na area delim;Primavera;;;;;;;;;;;;;;;;;;;;;
2021-09-22 00:00:00;Nordeste;mTa;A regiao delimitada esta sob a influencia direta do escoamento de leste/sudeste associado a alta pressao subtropical, caracterizando o dominio desta massa quente e umida.;Primavera;;;;;;;;;;;;;;;;;;;;;
2021-09-22 00:00:00;Litoral;mTa;A área delimitada encontra-se sob domínio do escoamento marítimo oriundo do Atlântico Sul, caracterizando a atuação da massa de ar Tropical Atlântica (mTa) no setor costeiro.;Primavera;;;;;;;;;;;;;;;;;;;;;
2021-09-22 00:00:00;Centro;mPa;A região delimitada situa-se no setor de retaguarda da frente fria (post-frontal), caracterizando o avanço e a predominância da Massa Polar Atlântica.;Primavera;;;;;;;;;;;;;;;;;;;;;
2021-09-22 00:00:00;Sul;mPa;Região sob influência de um sistema frontal, apresentando o avanço de uma massa de ar frio e úmida (mPa) na retaguarda da frente, caracterizada pela queda nas temperaturas.;Primavera;;;;;;;;;;;;;;;;;;;;;
2021-09-23 00:00:00;Norte;mEc;A região demarcada situa-se sobre a bacia amazônica, caracterizada por altas temperaturas e elevada umidade, evidenciando o domínio da Massa Equatorial Continental na área.;Primavera;;;;;;;;;;;;;;;;;;;;;
2021-09-23 00:00:00;Nordeste;mTa;A região encontra-se sob influência do escoamento marítimo oriundo do Atlântico, caracterizando a predominância da massa de ar Tropical Atlântica (mTa) sobre o setor nordestino.;Primavera;;;;;;;;;;;;;;;;;;;;;
2021-09-23 00:00:00;Litoral;mTa;Região sob influência direta do escoamento marítimo de leste, característico da circulação da alta pressão subtropica do Atlântico Sul, configurando a predominância da mTa.;Primavera;;;;;;;;;;;;;;;;;;;;;
2021-09-23 00:00:00;Centro;mPa;A região apresenta características de advecção de ar frio e seco após a passagem de sistema frontal, evidenciada pelos gradientes de pressão e queda de temperatura no setor.;Primavera;;;;;;;;;;;;;;;;;;;;;
2021-09-23 00:00:00;Sul;mPa;A região apresenta a atuação da massa de ar polar, evidenciada pelo posicionamento da frente fria ao norte e pelo escoamento de sul/sudoeste característico de pós-frontal.;Primavera;;;;;;;;;;;;;;;;;;;;;
2021-09-24 00:00:00;Norte;mEc;Região localizada sobre a bacia amazônica sob domínio da massa equatorial continental, caracterizada por elevados teores de umidade e temperaturas quentes na atmosfera.;Primavera;;;;;;;;;;;;;;;;;;;;;
2021-09-24 00:00:00;Nordeste;mTa;Predominancia de escoamento vindo do oceano sobre o Nordeste, sob influencia da circulacao periferica do centro de alta pressao estacionado sobre o Atlantico Sul.;Primavera;;;;;;;;;;;;;;;;;;;;;
2021-09-24 00:00:00;Litoral;mTa;A regiao delimitada esta sob influencia direta do fluxo maritimo oriundo do centro de alta pressao do Atlantico Sul, caracterizando o predominio da massa Tropical Atlantica.;Primavera;;;;;;;;;;;;;;;;;;;;;
2021-09-24 00:00:00;Centro;mPa;A região encontra-se submetida ao fluxo de ar pós-frontal, caracterizado pelo avanço de ar frio e seco proveniente de um sistema frontal em deslocamento sobre o continente.;Primavera;;;;;;;;;;;;;;;;;;;;;
2021-09-24 00:00:00;Sul;mPa;A região delimitada encontra-se na retaguarda de um sistema frontal, caracterizando a incursão de ar polar frio e estável, com baixas temperaturas e umidade característica da mPa.;Primavera;;;;;;;;;;;;;;;;;;;;;
2021-09-25 00:00:00;Norte;mEc;Regiao central do continente sob dominio de massa de ar quente e umida caracteristica da Amazonia, sem interferencia de sistemas frontais ou massas de origem oceanica na area delim;Primavera;;;;;;;;;;;;;;;;;;;;;
2021-09-25 00:00:00;Nordeste;mTa;A região encontra-se sob influência do escoamento do anticiclone do Atlântico Sul, caracterizando o domínio da massa tropical atlântica, quente e úmida sobre o setor.;Primavera;;;;;;;;;;;;;;;;;;;;;
2021-09-25 00:00:00;Litoral;mTa;A região delimitada está sob influência do gradiente de pressão periférico do anticiclone oceânico, caracterizando o predomínio da massa Tropical Atlântica no litoral leste.;Primavera;;;;;;;;;;;;;;;;;;;;;
2021-09-25 00:00:00;Centro;mTc;Regiao situada sobre o interior do continente, caracterizada por subsidencia e baixos indices de umidade, configurando a predominancia da massa Tropical Continental sobre o Centro-;Primavera;;;;;;;;;;;;;;;;;;;;;
2021-09-25 00:00:00;Sul;mPa;A região encontra-se no quadrante posterior à frente fria, caracterizada pela entrada de ar mais frio e denso, típico do avanço da mPa continentalizada sobre a Região Sul.;Primavera;;;;;;;;;;;;;;;;;;;;;
2021-09-26 00:00:00;Norte;mEc;A região delimitada abrange a bacia amazônica. A ausência de sistemas dinâmicos atuantes sobre o setor caracteriza a predominância da Massa Equatorial Continental, quente e úmida.;Primavera;;;;;;;;;;;;;;;;;;;;;
2021-09-26 00:00:00;Nordeste;mTa;A região demarcada apresenta-se sob a influência direta do escoamento marítimo provindo do Atlântico Sul, caracterizando o predomínio da massa tropical marítima em toda a costa e i;Primavera;;;;;;;;;;;;;;;;;;;;;
2021-09-26 00:00:00;Litoral;mTa;Região sob influência direta da circulação marítima do anticiclone do Atlântico Sul, caracterizada pela presença de ar quente e úmido transportado sobre o litoral.;Primavera;;;;;;;;;;;;;;;;;;;;;
2021-09-26 00:00:00;Centro;mPa;A região encontra-se submetida ao fluxo pós-frontal com advecção fria, caracterizando o avanço e a predominância da massa de ar polar sobre o setor delimitado.;Primavera;;;;;;;;;;;;;;;;;;;;;
2021-09-26 00:00:00;Sul;mPa;A região delimitada encontra-se sob a influência direta do transporte de ar frio e úmido após a passagem de uma frente fria, caracterizando o domínio da massa polar atlântica.;Primavera;;;;;;;;;;;;;;;;;;;;;
2021-09-27 00:00:00;Norte;mEc;Regiao central da Amazonia brasileira caracterizada pela predominancia de ar quente e umido, sem influencia direta de sistemas frontais ou de outras massas de caracteristicas disti;Primavera;;;;;;;;;;;;;;;;;;;;;
2021-09-27 00:00:00;Nordeste;mTa;Predominância de fluxo marítimo quente e úmido vindo do Atlântico, influenciando o litoral e o interior da região Nordeste, característico da atuação da Massa Tropical Atlântica.;Primavera;;;;;;;;;;;;;;;;;;;;;
2021-09-27 00:00:00;Litoral;mTa;Regiao sob incidencia de fluxo zonal leste/sudeste associado a circulacao maritima, caracterizando a predominancia da Massa Tropical Atlantica no litoral em extensao.;Primavera;;;;;;;;;;;;;;;;;;;;;
2021-09-27 00:00:00;Centro;mPa;A região delimitada encontra-se atrás de um sistema frontal, sob influência direta do avanço de uma massa de ar frio e seco, caracterizando a mPa.;Primavera;;;;;;;;;;;;;;;;;;;;;
2021-09-27 00:00:00;Sul;mPa;A região delimitada encontra-se sob a influência direta da massa polar atlântica, caracterizada pelo avanço de ar frio e seco na retaguarda da frente fria (setor sul/sudeste).;Primavera;;;;;;;;;;;;;;;;;;;;;
2021-09-28 00:00:00;Norte;mEc;Região central da Bacia Amazônica sob domínio característico da Massa Equatorial Continental, apresentando umidade elevada e temperaturas típicas de ambiente tropical continental e;Primavera;;;;;;;;;;;;;;;;;;;;;
2021-09-28 00:00:00;Nordeste;mTa;Regiao sob influencia do escoamento do Atlantico Sul, caracterizada pela predominancia de umidade e estabilidade, mantendo o transporte de ar quente e umido sobre o Nordeste.;Primavera;;;;;;;;;;;;;;;;;;;;;
2021-09-28 00:00:00;Litoral;mTa;A regiao delimitada encontra-se sob a influencia direta do escoamento marítimo associado ao preenchimento da alta pressão, caracterizando a atuação da massa Tropical Atlântica.;Primavera;;;;;;;;;;;;;;;;;;;;;
2021-09-28 00:00:00;Centro;mTa;A região encontra-se sob influência do fluxo equatorial/tropical marítimo estabilizado, com circulação característica de borda de alta pressão, conferindo umidade e calor.;Primavera;;;;;;;;;;;;;;;;;;;;;
2021-09-28 00:00:00;Sul;mPa;A região delimitada encontra-se na retaguarda do sistema frontal, sob influência direta do gradiente de pressão pós-frontal, caracterizando a incursão da massa de ar Polar Atlântic;Primavera;;;;;;;;;;;;;;;;;;;;;
2021-09-29 00:00:00;Norte;mEc;A região destacada está situada sobre a bacia amazônica, livre de influência frontal, caracterizada por ar quente e úmido típico da massa equatorial continental.;Primavera;;;;;;;;;;;;;;;;;;;;;
2021-09-29 00:00:00;Nordeste;mTa;Regiao sob influencia direta do fluxo de leste do Atlantico Sul, caracterizado por transporte de umidade e estabilidade, configurando o dominio da Massa Tropical Atlantica.;Primavera;;;;;;;;;;;;;;;;;;;;;
2021-09-29 00:00:00;Litoral;mTa;A área delimitada encontra-se sob domínio da circulação marítima da Alta Subtropical do Atlântico Sul, caracterizando a predominância da Massa Tropical Atlântica no setor.;Primavera;;;;;;;;;;;;;;;;;;;;;
2021-09-29 00:00:00;Centro;mTa;A região delimitada encontra-se sob domínio do escoamento subsidente e marítimo da ASAS, apresentando características de estabilidade e umidade típicas da Massa Tropical Atlântica.;Primavera;;;;;;;;;;;;;;;;;;;;;
2021-09-29 00:00:00;Sul;mPa;A região encontra-se no setor de retaguarda de um sistema frontal, caracterizado pelo avanço de ar frio e seco, consolidando o domínio da massa polar atlântica.;Primavera;;;;;;;;;;;;;;;;;;;;;
2021-09-30 00:00:00;Norte;mEc;A região delimitada compreende a bacia amazônica. A ausência de sistemas frontais e o posicionamento geográfico definem o predomínio da Massa Equatorial Continental (mEc).;Primavera;;;;;;;;;;;;;;;;;;;;;
2021-09-30 00:00:00;Nordeste;mTa;A região delimitada está sob forte influência do escoamento marítimo de leste, característico da Massa Tropical Atlântica, que predomina sobre o setor nordeste nacional.;Primavera;;;;;;;;;;;;;;;;;;;;;
2021-09-30 00:00:00;Litoral;mTa;A área delimitada encontra-se sob domínio direto do fluxo marítimo de sudeste, característico da circulação periférica da alta pressão subtropical, definindo a predominância da mTa;Primavera;;;;;;;;;;;;;;;;;;;;;
2021-09-30 00:00:00;Centro;mTc;Regiao central sob influencia de subsidencia e aquecimento adiabatico, caracterizando a atuação da massa continental seca sobre o interior do continente.;Primavera;;;;;;;;;;;;;;;;;;;;;
2021-09-30 00:00:00;Sul;mPa;A região delimitada encontra-se na retaguarda de um sistema frontal (frente fria), caracterizada por advecção fria e umidade, confirmando a presença da massa polar atlântica.;Primavera;;;;;;;;;;;;;;;;;;;;;
2021-10-01 00:00:00;Norte;mEc;A regiao delimitada esta sob influencia direta da circulacao sobre a Bacia Amazonica, caracterizada pelo ar quente e umido tipico da massa equatorial continental.;Primavera;;;;;;;;;;;;;;;;;;;;;
2021-10-01 00:00:00;Nordeste;mTa;Predominio da massa Tropical Atlantica na regiao nordeste, caracterizada por altas temperaturas e umidade, sob influencia direta do escoamento do anticiclone subtropical.;Primavera;;;;;;;;;;;;;;;;;;;;;
2021-10-01 00:00:00;Litoral;mTa;A região do litoral delimitada encontra-se sob influência predominante do fluxo de leste/nordeste da circulação marítima, caracterizando a atuação da mTa sobre a costa.;Primavera;;;;;;;;;;;;;;;;;;;;;
2021-10-01 00:00:00;Centro;mTc;Regiao central do Brasil sob influencia de subsidencia e fluxo de norte, caracterizando massa de ar quente e seca persistente sobre o interior do continente.;Primavera;;;;;;;;;;;;;;;;;;;;;
2021-10-01 00:00:00;Sul;mPa;A região delimitada encontra-se sob a influência direta do avanço da massa polar atlântica, observada após a passagem de sistema frontal, caracterizada por menores temperaturas e p;Primavera;;;;;;;;;;;;;;;;;;;;;
2021-10-02 00:00:00;Norte;mEc;A região apresenta características de elevada umidade e calor típicas da Bacia Amazônica, sob influência direta e predominante da Massa Equatorial Continental.;Primavera;;;;;;;;;;;;;;;;;;;;;
2021-10-02 00:00:00;Nordeste;mTa;Predominância da massa Tropical Atlântica, caracterizada pelo fluxo de ar marítimo quente e úmido transportado pela circulação periférica do sistema de alta pressão oceânico.;Primavera;;;;;;;;;;;;;;;;;;;;;
2021-10-02 00:00:00;Litoral;mTa;A regiao delimitada esta sob influencia direta do fluxo marítimo do Atlântico Sul, caracterizado pela circulacao zonal de leste, tipica da atuacao da mTa no litoral leste brasileir;Primavera;;;;;;;;;;;;;;;;;;;;;
2021-10-02 00:00:00;Centro;mTc;Região do interior do continente sob influência de altas pressões e termodinâmica estável, caracterizando ar seco e quente típico da massa tropical continental.;Primavera;;;;;;;;;;;;;;;;;;;;;
2021-10-02 00:00:00;Sul;mPa;A região delimitada encontra-se sob a influência direta do avanço de uma massa de ar frio e seco, posicionada na retaguarda do sistema frontal que percorre o setor.;Primavera;;;;;;;;;;;;;;;;;;;;;
2021-10-03 00:00:00;Norte;mEc;A regiao delimitada esta sob o predominio da Massa Equatorial Continental, caracterizada por temperaturas elevadas e alta umidade, tipicas do nucleo amazonico no periodo.;Primavera;;;;;;;;;;;;;;;;;;;;;
2021-10-03 00:00:00;Nordeste;mTa;A região encontra-se sob o fluxo do escoamento de leste-sudeste, característico da circulação da ASAS, que transporta ar quente e úmido sobre o Nordeste brasileiro.;Primavera;;;;;;;;;;;;;;;;;;;;;
2021-10-03 00:00:00;Litoral;mTa;A regiao compreendida pelo litoral esta sob dominio do fluxo do quadrante leste/sudeste, caracteristico da circulacao periferica da alta pressao subtropical do Atlantico Sul.;Primavera;;;;;;;;;;;;;;;;;;;;;
2021-10-03 00:00:00;Centro;mTc;A regiao delimitada esta sob a influencia do nucleo continental de alta pressao no interior do continente, caracteristico da massa Tropical Continental, quente e seca.;Primavera;;;;;;;;;;;;;;;;;;;;;
2021-10-03 00:00:00;Sul;mPa;A região delimitada encontra-se no setor pós-frontal, sob influência de advecção fria e umidade característica da massa polar atlântica que avança sobre o Sul do Brasil.;Primavera;;;;;;;;;;;;;;;;;;;;;
2021-10-04 00:00:00;Norte;mEc;A região delimitada abrange a bacia amazônica, onde predomina a Massa Equatorial Continental, caracterizada por altas temperaturas e elevada umidade em um ambiente termicamente hom;Primavera;;;;;;;;;;;;;;;;;;;;;
2021-10-04 00:00:00;Nordeste;mTa;Predominância de fluxo marítimo sob influência de alta pressão subtropical, caracterizando massa quente e úmida sobre o setor nordestino.;Primavera;;;;;;;;;;;;;;;;;;;;;
2021-10-04 00:00:00;Litoral;mTa;A região destacada está sob a influência do escoamento marítimo oriundo do Anticiclone subtropical, configurando o domínio da massa Tropical Atlântica (mTa) no litoral leste.;Primavera;;;;;;;;;;;;;;;;;;;;;
2021-10-04 00:00:00;Centro;mTa;A região encontra-se sob influência da circulação anticiclônica do Atlântico Sul, caracterizando a predominância da massa tropical marítima sobre o setor central do Brasil.;Primavera;;;;;;;;;;;;;;;;;;;;;
2021-10-04 00:00:00;Sul;mPa;A regiao delimitada esta posicionada a retaguarda da frente fria, sob influencia de adveccao de ar mais frio e denso caracteristico da Massa Polar Atlantica.;Primavera;;;;;;;;;;;;;;;;;;;;;
2021-10-05 00:00:00;Norte;mEc;Região sobre o interior da Amazônia sob influência de massa de ar quente e úmida de origem continental, predominante no setor conforme as características termodinâmicas apresentada;Primavera;;;;;;;;;;;;;;;;;;;;;
2021-10-05 00:00:00;Nordeste;mTa;Região sob influência direta do fluxo de leste da alta pressão oceânica, caracterizando o predomínio de ar quente e úmido transportado do Atlântico para a costa nordestina.;Primavera;;;;;;;;;;;;;;;;;;;;;
2021-10-05 00:00:00;Litoral;mTa;A região delimitada está sob a influência do fluxo marítimo da alta pressão do Atlântico, caracterizando a predominância da Massa Tropical Atlântica (mTa), quente e úmida.;Primavera;;;;;;;;;;;;;;;;;;;;;
2021-10-05 00:00:00;Centro;mPa;A região encontra-se logo atrás do sistema frontal (frente fria), caracterizada pelo ingresso de ar mais frio e denso, típico da atuação da massa de ar polar atlântica (mPa).;Primavera;;;;;;;;;;;;;;;;;;;;;
2021-10-05 00:00:00;Sul;mPa;A região delimitada encontra-se sob influência de um sistema frontal com fluxo de ar frio e úmido característico de retaguarda de frente fria, predominando a Massa Polar Atlântica.;Primavera;;;;;;;;;;;;;;;;;;;;;
2021-10-06 00:00:00;Norte;mEc;Regiao central e norte da Amazonia, caracterizada por altas temperaturas e elevada umidade, sob influencia direta da massa de ar quente e umida de origem continental.;Primavera;;;;;;;;;;;;;;;;;;;;;
2021-10-06 00:00:00;Nordeste;mTa;Predominância da massa Tropical Atlântica, caracterizada pelo escoamento estável vindo do oceano sobre o setor Nordeste, mantendo condições térmicas e de umidade típicas da região.;Primavera;;;;;;;;;;;;;;;;;;;;;
2021-10-06 00:00:00;Litoral;mTa;A regiao delimitada encontra-se sob circulacao de leste/sudeste associada ao escoamento da alta pressao subtropical do Atlantico Sul, caracterizando o dominio da mTa.;Primavera;;;;;;;;;;;;;;;;;;;;;
2021-10-06 00:00:00;Centro;mPa;A região encontra-se submetida à influência do avanço de uma massa de ar frio e seco, posicionada na retaguarda da frente fria, caracterizando o domínio da mPa no setor.;Primavera;;;;;;;;;;;;;;;;;;;;;
2021-10-06 00:00:00;Sul;mPa;A região do retângulo apresenta o avanço de uma massa polar após a passagem de uma frente fria, evidenciado pelos ventos do quadrante sul e queda nas temperaturas.;Primavera;;;;;;;;;;;;;;;;;;;;;
2021-10-07 00:00:00;Norte;mEc;A região delimitada abrange a bacia amazônica e adjacências, sob domínio de ar quente e úmido, característico da massa Equatorial Continental sem interferência de sistemas frontais;Primavera;;;;;;;;;;;;;;;;;;;;;
2021-10-07 00:00:00;Nordeste;mTa;Predominancia da Massa Tropical Atlantica, evidenciada pela circulacao marinha que transporta umidade para o interior do setor Nordeste, caracteristica do escoamento sob influencia;Primavera;;;;;;;;;;;;;;;;;;;;;
2021-10-07 00:00:00;Litoral;mTa;Regiao sob influencia do fluxo de sudeste remanescente do anticiclone subtropical, caracterizando o predomino de ar quente e umido proveniente do oceano Atlantico (mTa).;Primavera;;;;;;;;;;;;;;;;;;;;;
2021-10-07 00:00:00;Centro;mTc;A região delimitada situa-se sobre o continente, caracterizada por altas temperaturas e baixa umidade, típica da atuação da massa de ar tropical continental sobre o interior.;Primavera;;;;;;;;;;;;;;;;;;;;;
2021-10-07 00:00:00;Sul;mPa;A região apresenta características típicas de pós-frontal, com temperaturas reduzidas e gradiente de pressão indicando o ingresso e predomínio de ar polar sobre o setor Sul.;Primavera;;;;;;;;;;;;;;;;;;;;;
2021-10-08 00:00:00;Norte;mEc;A regiao delimitada esta posicionada sobre a bacia amazonica, caracterizando o dominio da Massa Equatorial Continental (mEc), quente e umida, sem influencia de sistemas frontais.;Primavera;;;;;;;;;;;;;;;;;;;;;
2021-10-08 00:00:00;Nordeste;mTa;Região dominada por escoamento marítimo quente e úmido sob influência da circulação do sistema de alta pressão do Atlântico Sul, caracterizando a predominância da mTa.;Primavera;;;;;;;;;;;;;;;;;;;;;
2021-10-08 00:00:00;Litoral;mTa;A regiao delimitada esta sob influencia direta do escoamento de leste-sudeste proveniente da alta pressao do Atlantico Sul, caracterizando a predominancia da massa Tropical Atlanti;Primavera;;;;;;;;;;;;;;;;;;;;;
2021-10-08 00:00:00;Centro;mPa;A região delimitada está sob influência da massa de ar polar, evidenciada pela incursão de ar frio pós-frontal e queda nas temperaturas em superfície sobre a área.;Primavera;;;;;;;;;;;;;;;;;;;;;
2021-10-08 00:00:00;Sul;mPa;A região destacada apresenta o ingresso e avanço de uma massa de ar frio e úmido após a passagem de uma frente fria, caracterizando o predomínio de características de mPa.;Primavera;;;;;;;;;;;;;;;;;;;;;
2021-10-09 00:00:00;Norte;mEc;Regiao central abrangendo a Bacia Amazonica. A ausencia de sistemas frontais e o posicionamento geografico caracterizam o predominio da massa de ar quente e umida de origem contine;Primavera;;;;;;;;;;;;;;;;;;;;;
2021-10-09 00:00:00;Nordeste;mTa;A região encontra-se sob influência do escoamento marítimo persistente proveniente do setor oceânico, caracterizando o domínio da massa tropical atlântica quente e úmida.;Primavera;;;;;;;;;;;;;;;;;;;;;
2021-10-09 00:00:00;Litoral;mTa;Região sob influência direta da circulação marítima da alta pressão do Atlântico, caracterizando o predomínio da Massa Tropical Atlântica, quente e úmida, ao longo do litoral.;Primavera;;;;;;;;;;;;;;;;;;;;;
2021-10-09 00:00:00;Centro;mPa;A região delimitada encontra-se sob sob o fluxo de sul da massa de ar polar atlântica (mPa), que avança após a passagem de sistema frontal, caracterizada por quedas nos valores de ;Primavera;;;;;;;;;;;;;;;;;;;;;
2021-10-09 00:00:00;Sul;mPa;A região delimitada localiza-se na retaguarda de um sistema frontal, identificada pelas temperaturas reduzidas e circulação anticiclônica característica do avanço de ar polar.;Primavera;;;;;;;;;;;;;;;;;;;;;
2021-10-10 00:00:00;Norte;mEc;A região delimitada encontra-se sobre a bacia amazônica, sob influência de ar quente e úmido de origem continental, caracterizando a predominância da Massa Equatorial Continental.;Primavera;;;;;;;;;;;;;;;;;;;;;
2021-10-10 00:00:00;Nordeste;mTa;Predominancia de escoamento vindo do Atlantico Sul sob influencia de alta pressao, transportando ar quente e umido para o setor oriental da regiao Nordeste.;Primavera;;;;;;;;;;;;;;;;;;;;;
2021-10-10 00:00:00;Litoral;mTa;Regiao sob fluxo predominante de leste/nordeste associado ao escoamento da periferia do anticiclone subtropical, caracterizando o dominio de ar tropical maritimo quente e umido.;Primavera;;;;;;;;;;;;;;;;;;;;;
2021-10-10 00:00:00;Centro;mTc;A região delimitada encontra-se sob influência da massa de ar quente e seca, típica da Depressão do Chaco, caracterizada por valores de temperatura elevados e baixos teores de umid;Primavera;;;;;;;;;;;;;;;;;;;;;
2021-10-10 00:00:00;Sul;mPa;A região delimitada está sob forte influência do escoamento pós-frontal, com temperaturas reduzidas e ventos do quadrante sul/sudeste característicos da penetração da mPa.;Primavera;;;;;;;;;;;;;;;;;;;;;
2021-10-11 00:00:00;Norte;mEc;Regiao sobre o interior do continente, Amazonia, caracterizada por baixas latitudes, elevado teor de umidade e instabilidade termodinâmica típica da massa equatorial continental.;Primavera;;;;;;;;;;;;;;;;;;;;;
2021-10-11 00:00:00;Nordeste;mTa;A região do Nordeste delimitada encontra-se sob o fluxo do escoamento de leste, transportando ar quente e úmido proveniente do oceano, caracterizando o predomínio da mTa.;Primavera;;;;;;;;;;;;;;;;;;;;;
2021-10-11 00:00:00;Litoral;mTa;A regiao delimitada esta sob o regime de circulacao maritima do anticiclone subtropical, caracterizando o transporte de ar quente e umido tipico da massa tropical atlantica na cost;Primavera;;;;;;;;;;;;;;;;;;;;;
2021-10-11 00:00:00;Centro;mTa;Regiao sob predominio de escoamento vindo do oceano, caracterizado por temperaturas elevadas e transporte de umidade, configurando a atuacao da massa tropical atlantica.;Primavera;;;;;;;;;;;;;;;;;;;;;
2021-10-11 00:00:00;Sul;mTa;A região encontra-se sob influência do escoamento marítimo associado aos ventos de leste/sudeste, característicos da circulação da massa de ar Tropical Atlântica.;Primavera;;;;;;;;;;;;;;;;;;;;;
2021-10-12 00:00:00;Norte;mEc;Regiao central da Amazonia sem influência de sistemas extratropicais, caracterizada pela predominância da massa de ar quente e úmida de origem continental.;Primavera;;;;;;;;;;;;;;;;;;;;;
2021-10-12 00:00:00;Nordeste;mTa;Predominio da subsidencia e influencia do fluxo maritimo vindo do Atlantico Sul, caracterizando a atuacao da massa de ar tropical, quente e umida, sobre o Nordeste brasileiro.;Primavera;;;;;;;;;;;;;;;;;;;;;
2021-10-12 00:00:00;Litoral;mTa;Regiao sob fluxo de leste/sudeste, com caracteristicas termodinâmicas de ar quente e umido proveniente do oceano, configurando a dominancia da massa Tropical Atlantica.;Primavera;;;;;;;;;;;;;;;;;;;;;
2021-10-12 00:00:00;Centro;mTa;A região encontra-se sob influência do fluxo de circulação marítima da Alta Subtropical do Atlântico Sul, caracterizando a predominância da massa Tropical Atlântica.;Primavera;;;;;;;;;;;;;;;;;;;;;
2021-10-12 00:00:00;Sul;mPa;A região encontra-se sob efeito direto de advecção fria, caracterizada por temperaturas reduzidas e circulação pós-frontal, indicando o domínio da massa de ar polar.;Primavera;;;;;;;;;;;;;;;;;;;;;
2021-10-13 00:00:00;Norte;mEc;A região delimitada encontra-se sobre a bacia amazônica, livre de influência de sistemas frontais, caracterizando o domínio da massa equatorial continental, quente e úmida.;Primavera;;;;;;;;;;;;;;;;;;;;;
2021-10-13 00:00:00;Nordeste;mTa;A região encontra-se sob o fluxo do escoamento zonal e anticiclônico do Atlântico Sul, caracterizando o domínio da massa Tropical Atlântica com transporte de umidade e calor.;Primavera;;;;;;;;;;;;;;;;;;;;;
2021-10-13 00:00:00;Litoral;mTa;A região delimitada encontra-se sob influência do fluxo de circulação marítima da alta pressão subtropical, caracterizando o domínio da massa de ar Tropical Atlântica.;Primavera;;;;;;;;;;;;;;;;;;;;;
2021-10-13 00:00:00;Centro;mTa;A região encontra-se sob influência do fluxo de circulação marítima da alta pressão do Atlântico, caracterizando o domínio da massa tropical atlântica quente e úmida.;Primavera;;;;;;;;;;;;;;;;;;;;;
2021-10-13 00:00:00;Sul;mPa;A região apresenta declínio térmico e gradiente de pressão característico de pós-frontal, configurando o avanço e predominância da massa de ar Polar Atlântica sobre o setor.;Primavera;;;;;;;;;;;;;;;;;;;;;
2021-10-14 00:00:00;Norte;mEc;Regiao sobre o dominio da Amazonia, caracterizada por temperaturas estaveis e alta umidade, sem a influencia de sistemas frontais ou massas de origem oceânica no momento da análise;Primavera;;;;;;;;;;;;;;;;;;;;;
2021-10-14 00:00:00;Nordeste;mTa;Predominância da Massa Tropical Atlântica, caracterizada pelo fluxo de ar marítimo morno e úmido transportado pelos ventos de leste sob influência direta da ASAS no setor.;Primavera;;;;;;;;;;;;;;;;;;;;;
2021-10-14 00:00:00;Litoral;mTa;A região delimitada está sob a influência direta do escoamento marítimo oriundo da periferia da ASAS, caracterizando o domínio da massa Tropical Atlântica (mTa) no litoral leste.;Primavera;;;;;;;;;;;;;;;;;;;;;
2021-10-14 00:00:00;Centro;mTa;Regiao sob influencia do escoamento subsidente da ASAS, caracterizando o dominio da Massa Tropical Atlantica, com tempo estavel e temperaturas elevadas no interior.;Primavera;;;;;;;;;;;;;;;;;;;;;
2021-10-14 00:00:00;Sul;mPa;A regiao delimitada encontra-se sob a influência direta do avanço de uma massa de ar frio e seco, consolidada no setor pós-frontal, com gradientes de pressão característicos da mPa;Primavera;;;;;;;;;;;;;;;;;;;;;
2021-10-15 00:00:00;Norte;mEc;A região delimitada abrange a bacia amazônica, onde predomina a Massa Equatorial Continental, caracterizada por ser quente e úmida, sem influência direta de sistemas frontais.;Primavera;;;;;;;;;;;;;;;;;;;;;
2021-10-15 00:00:00;Nordeste;mTa;Região sob influência direta da circulação marítima de leste, caracterizada pelo transporte de umidade e calor provenientes do Atlântico Tropical sob domínio da alta pressão.;Primavera;;;;;;;;;;;;;;;;;;;;;
2021-10-15 00:00:00;Litoral;mTa;A região delimitada encontra-se sob influência do escoamento marítimo quente e úmido transportado pela circulação periférica da alta pressão sobre o Atlântico Sul.;Primavera;;;;;;;;;;;;;;;;;;;;;
2021-10-15 00:00:00;Centro;mPa;A região encontra-se submetida ao fluxo de sul/sudeste pós-frontal, com queda nas temperaturas e estabilização característica do avanço da massa de ar polar pelo interior do país.;Primavera;;;;;;;;;;;;;;;;;;;;;
2021-10-15 00:00:00;Sul;mPa;A região delimitada encontra-se atrás de uma frente fria que avança sobre o Sudeste, caracterizada pelo ingresso de uma massa de ar frio e úmido de origem polar.;Primavera;;;;;;;;;;;;;;;;;;;;;
2021-10-16 00:00:00;Norte;mEc;Regiao central e norte da Amazonia sob influencia direta da Massa Equatorial Continental, caracterizada por baixas pressoes, elevadas temperaturas e umidade abundante.;Primavera;;;;;;;;;;;;;;;;;;;;;
2021-10-16 00:00:00;Nordeste;mTa;A região do Nordeste encontra-se sob influência predominante do escoamento marítimo de leste, característico da massa Tropical Atlântica que transporta umidade para o continente.;Primavera;;;;;;;;;;;;;;;;;;;;;
2021-10-16 00:00:00;Litoral;mTa;O litoral indicado encontra-se sob influência do escoamento marítimo de leste/sudeste, com características tropicais e úmidas típicas da atuação da massa Tropical Atlântica.;Primavera;;;;;;;;;;;;;;;;;;;;;
2021-10-16 00:00:00;Centro;mPa;A região apresenta o avanço de uma massa de ar frio e seco (mPa), caracterizada pela queda nas temperaturas e mudança na direção dos ventos após a passagem da frente fria.;Primavera;;;;;;;;;;;;;;;;;;;;;
2021-10-16 00:00:00;Sul;mPa;A regiao delimitada encontra-se na retaguarda de um sistema frontal, sendo caracterizada por subsidencia e valores de temperatura caracteristicos da Massa Polar Atlantica.;Primavera;;;;;;;;;;;;;;;;;;;;;
2021-10-17 00:00:00;Norte;mEc;Região localizada sobre a bacia amazônica, caracterizada por altas temperaturas e elevada umidade, sob domínio da massa de ar quente e úmida continental típica do setor.;Primavera;;;;;;;;;;;;;;;;;;;;;
2021-10-17 00:00:00;Nordeste;mTa;Regiao sob fluxo de leste/sudeste associado ao escoamento da alta subtropical, caracterizando a permanencia da Massa Tropical Atlantica sobre o Nordeste brasileiro.;Primavera;;;;;;;;;;;;;;;;;;;;;
2021-10-17 00:00:00;Litoral;mTa;O setor delimitado encontra-se sob influência do fluxo de circulação marítima, caracterizando o predomínio da Massa Tropical Atlântica com características quentes e úmidas.;Primavera;;;;;;;;;;;;;;;;;;;;;
2021-10-17 00:00:00;Centro;mPa;A região destacada apresenta o ingresso de uma massa de ar frio logo após a passagem da frente, caracterizada pelo gradiente de pressão e queda de temperatura típica da mPa.;Primavera;;;;;;;;;;;;;;;;;;;;;
2021-10-17 00:00:00;Sul;mPa;A região apresenta o avanço de uma massa de origem polar logo após a passagem de uma frente fria, caracterizada por temperaturas reduzidas e gradiente de pressão típico de pós-fron;Primavera;;;;;;;;;;;;;;;;;;;;;
2021-10-18 00:00:00;Norte;mEc;A região destacada sobre a bacia amazônica caracteriza-se pela predominância de ar quente e úmido de origem continental, configurando o estabelecimento da Massa Equatorial Continen;Primavera;;;;;;;;;;;;;;;;;;;;;
2021-10-18 00:00:00;Nordeste;mTa;Predominância de fluxo quente e úmido vindo do Oceano Atlântico, influenciando o setor delimitado sob condições de estabilidade térmica e circulação zonal típica da massa tropical.;Primavera;;;;;;;;;;;;;;;;;;;;;
2021-10-18 00:00:00;Litoral;mTa;Regiao sob influencia do escoamento do quadrante leste/sudeste associado a circulacao maritima, transportando ar quente e umido sobre o litoral nordestino.;Primavera;;;;;;;;;;;;;;;;;;;;;
2021-10-18 00:00:00;Centro;mPa;A região encontra-se submetida ao fluxo de sul após a passagem de uma frente fria, caracterizando a entrada e o domínio da massa de ar polar atlântica.;Primavera;;;;;;;;;;;;;;;;;;;;;
2021-10-18 00:00:00;Sul;mPa;A região delimitada encontra-se no quadrante pós-frontal, sob a influência direta do escoamento de ar frio e seco característico do avanço de uma Massa Polar Atlântica.;Primavera;;;;;;;;;;;;;;;;;;;;;
2021-10-19 00:00:00;Norte;mEc;A região delimitada compreende a bacia amazônica e áreas centrais, onde a mEc predomina devido às suas características de alta umidade e temperaturas elevadas sobre o continente.;Primavera;;;;;;;;;;;;;;;;;;;;;
2021-10-19 00:00:00;Nordeste;mTa;A regiao encontra-se sob influencia do fluxo maritimo associado ao Anticiclone Subtropical, caracterizando a predominancia de caracteristicas quentes e umidas da massa Tropical Atl;Primavera;;;;;;;;;;;;;;;;;;;;;
2021-10-19 00:00:00;Litoral;mTa;A regiao compreendida pelo litoral esta sob dominio do fluxo do quadrante leste, caracteristico da circulacao maritima associada a mTa, mantendo condicoes de estabilidade local.;Primavera;;;;;;;;;;;;;;;;;;;;;
2021-10-19 00:00:00;Centro;mPa;A região destacada apresenta o ingresso de uma massa de ar frio e seco, característico de uma mPa, logo após a passagem da frente fria indicada no mapa sobre o referido setor.;Primavera;;;;;;;;;;;;;;;;;;;;;
2021-10-19 00:00:00;Sul;mPa;A região apresenta características de subsidência e valores de ponto de orvalho/temperatura condizentes com o avanço de uma massa de ar pós-frontal, configurando o domínio da mPa.;Primavera;;;;;;;;;;;;;;;;;;;;;
2021-10-20 00:00:00;Norte;mEc;A região delimitada abrange a bacia amazônica e adjacências, caracterizada por temperaturas elevadas e alta umidade, típicas da influência predominante da Massa Equatorial Continen;Primavera;;;;;;;;;;;;;;;;;;;;;
2021-10-20 00:00:00;Nordeste;mTa;A região delimitada encontra-se sob influência do escoamento marítimo de leste/sudeste, característico da circulação da massa de ar Tropical Atlântica, quente e úmida.;Primavera;;;;;;;;;;;;;;;;;;;;;
2021-10-20 00:00:00;Litoral;mTa;Regiao sob influencia do fluxo de sudeste proveniente da alta pressao subtropical, caracterizando o dominio da massa tropical atlantica, quente e umida, sobre o litoral.;Primavera;;;;;;;;;;;;;;;;;;;;;
2021-10-20 00:00:00;Centro;mPa;A regiao delimitada encontra-se sob a influência de um sistema frontal em deslocamento, com o avanço de ar mais frio e denso característico da mPa após a passagem da frente.;Primavera;;;;;;;;;;;;;;;;;;;;;
2021-10-20 00:00:00;Sul;mPa;Regiao sob clara influencia de uma massa de ar frio e seco (mPa), caracterizada pela queda nas temperaturas e valores reduzidos no ponto de orvalho apos a passagem de sistema front;Primavera;;;;;;;;;;;;;;;;;;;;;
2021-10-21 00:00:00;Norte;mEc;Regiao central e norte da Amazonia sob influencia direta da massa equatorial continental, caracterizada por calor e elevada umidade, na ausencia de sistemas frontais no setor.;Primavera;;;;;;;;;;;;;;;;;;;;;
2021-10-21 00:00:00;Nordeste;mTa;A regiao encontra-se sob influencia da circulacao de um sistema de alta pressao no Oceano Atlantico, estabelecendo o dominio da massa tropical atlantica na costa e interior.;Primavera;;;;;;;;;;;;;;;;;;;;;
2021-10-21 00:00:00;Litoral;mTa;A região delimitada está sob influência do fluxo equatorial/tropical do Atlântico associado à circulação de alta pressão, caracterizando o predomínio da massa Tropical Atlântica (m;Primavera;;;;;;;;;;;;;;;;;;;;;
2021-10-21 00:00:00;Centro;mPa;Região sob influência de massa de ar frio e seco (mPa) pós-passagem de frente fria, caracterizada por temperaturas reduzidas e ventos de sul/sudeste no setor central.;Primavera;;;;;;;;;;;;;;;;;;;;;
2021-10-21 00:00:00;Sul;mPa;A região delimitada encontra-se sob influência de um gradiente de pressão pós-frontal com advecção de ar frio e seco, caracterizando o domínio da massa polar atlântica (mPa).;Primavera;;;;;;;;;;;;;;;;;;;;;
2021-10-22 00:00:00;Norte;mEc;A regiao delimitada esta sob influencia direta da massa de ar quente e umida caracteristica da Bacia Amazonica, sem interferencia de sistemas frontais.;Primavera;;;;;;;;;;;;;;;;;;;;;
2021-10-22 00:00:00;Nordeste;mTa;A região demarcada apresenta domínio do fluxo de sudeste, característico da circulação da alta pressão subtropica, transportando umidade e calor sobre o setor leste do Nordeste.;Primavera;;;;;;;;;;;;;;;;;;;;;
2021-10-22 00:00:00;Litoral;mTa;Regiao sob dominio do fluxo oriental da ASAS, caracterizada pela circulacao anticiclonica maritima que estabiliza e transporta calor e umidade sobre o litoral do Nordeste.;Primavera;;;;;;;;;;;;;;;;;;;;;
2021-10-22 00:00:00;Centro;mPa;Area sob influencia de subsidencia e adveccao fria pos-frontal, caracterizada por temperaturas amenas e diminuicao do teor de umidade apos a passagem da frente fria.;Primavera;;;;;;;;;;;;;;;;;;;;;
2021-10-22 00:00:00;Sul;mPa;A regiao delimitada encontra-se sob a influencia da massa de ar pos-frontal, caracterizada por temperaturas baixas e adveccao de ar mais frio e seco vindo do sul.;Primavera;;;;;;;;;;;;;;;;;;;;;
2021-10-23 00:00:00;Norte;mEc;A região delimitada compreende a bacia amazônica e adjacências, sob domínio característico da Massa Equatorial Continental, que apresenta características térmicas elevadas e elevad;Primavera;;;;;;;;;;;;;;;;;;;;;
2021-10-23 00:00:00;Nordeste;mTa;A região encontra-se sob o fluxo do anticiclone oceânico, apresentando características de ar quente e úmido transportado pelo regime de ventos de leste da mTa.;Primavera;;;;;;;;;;;;;;;;;;;;;
2021-10-23 00:00:00;Litoral;mTa;A região delimitada encontra-se sob fluxos marítimos de leste/sudeste associados ao gradiente de pressão periférico da ASAS, caracterizando a predominância da Massa Tropical Atlânt;Primavera;;;;;;;;;;;;;;;;;;;;;
2021-10-23 00:00:00;Centro;mTa;A região central delimitada encontra-se sob influência do escoamento marítimo de leste, característico da massa tropical atlântica, que predomina no setor sob regime anticiclônico.;Primavera;;;;;;;;;;;;;;;;;;;;;
2021-10-23 00:00:00;Sul;mPa;A região encontra-se submetida ao fluxo de ar frio e seco após a passagem de sistema frontal, evidenciado pelos valores de temperatura e pela configuração do campo de pressão.;Primavera;;;;;;;;;;;;;;;;;;;;;
2021-10-24 00:00:00;Norte;mEc;Região central da Bacia Amazônica sob influência da massa Equatorial Continental, caracterizada por altas temperaturas e umidade elevada, sem interferência de sistemas frontais.;Primavera;;;;;;;;;;;;;;;;;;;;;
2021-10-24 00:00:00;Nordeste;mTa;Regiao sob influencia do escoamento marítimo vindo do Atlantico Sul, predominando caracteristicas tropicais quentes e umidas associadas ao fluxo de leste.;Primavera;;;;;;;;;;;;;;;;;;;;;
2021-10-24 00:00:00;Litoral;mTa;A região delimitada encontra-se sob influência do fluxo de leste/sudeste associado ao transporte marítimo, caracterizando o domínio da massa por umidade e calor da mTa.;Primavera;;;;;;;;;;;;;;;;;;;;;
2021-10-24 00:00:00;Centro;mPa;A região do retângulo encontra-se sob efeito do avanço de uma massa polar após a passagem de frente fria, evidenciado pelo gradiente de pressão e posição dos ventos no setor.;Primavera;;;;;;;;;;;;;;;;;;;;;
2021-10-24 00:00:00;Sul;mPa;A região delimitada encontra-se na retaguarda de um sistema frontal, sob a influência direta do avanço de uma massa de ar frio e úmido de origem polar.;Primavera;;;;;;;;;;;;;;;;;;;;;
2021-10-25 00:00:00;Norte;mEc;A área demarcada encontra-se sobre a região Amazônica, caracterizada por altas temperaturas e umidade, sob o domínio da massa equatorial continental (mEc), sem influência de sistem;Primavera;;;;;;;;;;;;;;;;;;;;;
2021-10-25 00:00:00;Nordeste;mTa;A região do Nordeste encontra-se sob o domínio do escoamento de leste/sudeste associado à célula de alta pressão oceânica, caracterizando a atuação da massa Tropical Atlântica.;Primavera;;;;;;;;;;;;;;;;;;;;;
2021-10-25 00:00:00;Litoral;mTa;Regiao sob influencia do escoamento do anticiclone subtropical, configurando a circulacao caracteristica da massa Tropical Atlantica com adveccao de umidade sobre o litoral.;Primavera;;;;;;;;;;;;;;;;;;;;;
2021-10-25 00:00:00;Centro;mPa;A região apresenta o avanço de uma massa polar após a passagem de sistema frontal, evidenciado pelas temperaturas mais baixas no setor sul e central do retângulo.;Primavera;;;;;;;;;;;;;;;;;;;;;
2021-10-25 00:00:00;Sul;mPa;Regiao sob influencia de uma massa de ar frio e seco, posicionada estavelmente na retaguarda do sistema frontal que avanca pelo oceano, caracterizando a presenca da mPa no Sul.;Primavera;;;;;;;;;;;;;;;;;;;;;
2021-10-26 00:00:00;Norte;mEc;A região delimitada abrange a bacia amazônica e áreas centrais, caracterizadas pela predominância de ar quente e úmido de origem continental, sem influência de sistemas frontais.;Primavera;;;;;;;;;;;;;;;;;;;;;
2021-10-26 00:00:00;Nordeste;mTa;A região encontra-se sob influência predominante do fluxo de leste/sudeste associado à circulação marítima, caracterizando o domínio da massa de ar Tropical Atlântica (mTa).;Primavera;;;;;;;;;;;;;;;;;;;;;
2021-10-26 00:00:00;Litoral;mTa;Regiao sob fluxo predominante de leste/sudeste associado a circulacao maritima, caracterizando a atuacao da massa Tropical Atlantica no litoral do Nordeste.;Primavera;;;;;;;;;;;;;;;;;;;;;
2021-10-26 00:00:00;Centro;mPa;Região sob influência direta da subsidência e fluxo de sul/sudeste pós-frontal, observando-se a advecção de um ar mais frio e denso característico da massa polar atlântica.;Primavera;;;;;;;;;;;;;;;;;;;;;
2021-10-26 00:00:00;Sul;mPa;A região delimitada encontra-se após a passagem de uma frente fria, com fluxo de sul/sudeste trazendo ar mais frio e denso sobre o setor.;Primavera;;;;;;;;;;;;;;;;;;;;;
2021-10-27 00:00:00;Norte;mEc;Região localizada sobre a bacia amazônica, caracterizada por altas temperaturas e elevada umidade, evidenciando o domínio da Massa Equatorial Continental sem influência frontal.;Primavera;;;;;;;;;;;;;;;;;;;;;
2021-10-27 00:00:00;Nordeste;mTa;A região encontra-se sob influência do fluxo equatorial/tropical marítimo associado ao campo de alta pressão, caracterizando a predominância da Massa Tropical Atlântica.;Primavera;;;;;;;;;;;;;;;;;;;;;
2021-10-27 00:00:00;Litoral;mTa;A regiao delimitada esta sob influencia direta do escoamento oceanico de leste/sudeste associado ao Anticiclone do Atlantico Sul, caracterizando a predominancia da mTa.;Primavera;;;;;;;;;;;;;;;;;;;;;
2021-10-27 00:00:00;Centro;mTa;A região central encontra-se sob o fluxo do escoamento anticlônico marítimo, apresentando características típicas de estabilidade e umidade advindas do Atlântico Tropical.;Primavera;;;;;;;;;;;;;;;;;;;;;
2021-10-27 00:00:00;Sul;mTa;A região encontra-se sob influência do escoamento marítimo associado ao sistema de alta pressão no Atlântico Sul, caracterizando a predominância da Massa Tropical Atlântica (mTa).;Primavera;;;;;;;;;;;;;;;;;;;;;
2021-10-28 00:00:00;Norte;mEc;Região central da Bacia Amazônica sob influência de massa de ar quente e úmida de origem continental, apresentando baixos gradientes de pressão e condições típicas de estabilidade.;Primavera;;;;;;;;;;;;;;;;;;;;;
2021-10-28 00:00:00;Nordeste;mTa;A região do Nordeste encontra-se sob influência predominante do fluxo de leste da circulação marítima, caracterizando a atuação da massa de ar Tropical Atlântica.;Primavera;;;;;;;;;;;;;;;;;;;;;
2021-10-28 00:00:00;Litoral;mTa;A região delimitada está sob influência da circulação marítima da alta pressão, caracterizando a atuação da massa de ar Tropical Atlântica (mTa), quente e úmida.;Primavera;;;;;;;;;;;;;;;;;;;;;
2021-10-28 00:00:00;Centro;mTa;A região encontra-se no quadrante noroeste da ASAS, caracterizado pela estabilidade e advecção de umidade do oceano para o interior do continente, configurando o domínio da mTa.;Primavera;;;;;;;;;;;;;;;;;;;;;
2021-10-28 00:00:00;Sul;mPa;A região apresenta características típicas de pós-frontal, com incursão de ar mais frio e denso sobre o Sul do país, posicionando-se na retaguarda do sistema frontal.;Primavera;;;;;;;;;;;;;;;;;;;;;
2021-10-29 00:00:00;Norte;mEc;A região delimitada abrange a bacia amazônica e áreas centrais do continente, onde a mEc predomina com características de calor e alta umidade, sem influência direta de sistemas fr;Primavera;;;;;;;;;;;;;;;;;;;;;
2021-10-29 00:00:00;Nordeste;mTa;A região é dominada pelo fluxo marítimo do setor leste, sob influência direta da circulação anticiclônica que transporta umidade e calor oceânicos para o continente.;Primavera;;;;;;;;;;;;;;;;;;;;;
2021-10-29 00:00:00;Litoral;mTa;Dominio do fluxo de leste-sudeste associado ao escoamento da alta subtropical sobre o oceano, caracterizando a atuação da massa de ar tropical atlântica no litoral nordestino.;Primavera;;;;;;;;;;;;;;;;;;;;;
2021-10-29 00:00:00;Centro;mTa;A região destacada encontra-se sob o fluxo do quadrante norte/nordeste, sob influência do escoamento da alta pressão subtropical do Atlântico, caracterizando o predomínio da mTa.;Primavera;;;;;;;;;;;;;;;;;;;;;
2021-10-29 00:00:00;Sul;mPa;A regiao apresenta adveccao de ar frio e umido pos-frontal, com temperaturas reduzidas e circulacao ciclonica caracteristica da atuacao de uma massa polar sobre o setor.;Primavera;;;;;;;;;;;;;;;;;;;;;
2021-10-30 00:00:00;Norte;mEc;Região sob influência direta da Massa Equatorial Continental, caracterizada por baixas pressões, elevados teores de umidade e calor, típicos da bacia amazônica.;Primavera;;;;;;;;;;;;;;;;;;;;;
2021-10-30 00:00:00;Nordeste;mTa;Região sob influência direta do fluxo de leste da circulação marítima do Atlântico Sul, caracterizando a predominância de ar quente e úmido de origem tropical.;Primavera;;;;;;;;;;;;;;;;;;;;;
2021-10-30 00:00:00;Litoral;mTa;A região delimitada está sob forte influência do fluxo marítimo do Atlântico Sul, caracterizando o predomínio da Massa Tropical Atlântica, quente e úmida, predominante na costa les;Primavera;;;;;;;;;;;;;;;;;;;;;
2021-10-30 00:00:00;Centro;mTa;A região encontra-se sob influência da circulação da ASAS, apresentando características de temperatura e umidade típicas da massa Tropical Atlântica.;Primavera;;;;;;;;;;;;;;;;;;;;;
2021-10-30 00:00:00;Sul;mPa;A região apresenta características típicas de pós-frontal, com temperaturas mais amenas e regime de circulação associado ao avanço da massa de ar polar pelo quadrante sul.;Primavera;;;;;;;;;;;;;;;;;;;;;
2021-10-31 00:00:00;Norte;mEc;A região delimitada abrange a bacia amazônica, onde predomina a Massa Equatorial Continental, caracterizada pelo ar quente e úmido típico desta zona de baixas pressões térmicas.;Primavera;;;;;;;;;;;;;;;;;;;;;
2021-10-31 00:00:00;Nordeste;mTa;Predominio da massa Tropical Atlantica na regiao Nordeste, caracterizada por fluxos quentes e umidos sob influencia da circulacao de alta pressao do Atlantico Sul.;Primavera;;;;;;;;;;;;;;;;;;;;;
2021-10-31 00:00:00;Litoral;mTa;A regiao litoranea indicada encontra-se sob circulacao maritima quente e umida caracteristica da massa Tropical Atlantica, evidenciada pela estabilidade do escoamento zonal no seto;Primavera;;;;;;;;;;;;;;;;;;;;;
2021-10-31 00:00:00;Centro;mTa;Região sob influência da circulação do escoamento de leste/sudeste associado à ASAS, transportando umidade do Atlântico para o interior, configurando-se como Massa Tropical Atlânti;Primavera;;;;;;;;;;;;;;;;;;;;;
2021-10-31 00:00:00;Sul;mPa;A região delimitada encontra-se sob influência de massa de ar pós-frontal, apresentando declínio térmico típico do avanço da mPa, caracterizada por ventos do quadrante sul e ar mai;Primavera;;;;;;;;;;;;;;;;;;;;;
2021-11-01 00:00:00;Norte;mEc;Região sob influência predominante da Massa Equatorial Continental, caracterizada pela circulação equatorial e elevados níveis de umidade e temperatura sobre a bacia amazônica.;Primavera;;;;;;;;;;;;;;;;;;;;;
2021-11-01 00:00:00;Nordeste;mTa;A região encontra-se sob influência de um campo de alta pressão, caracterizando o domínio da massa Tropical Atlântica com fluxo de Leste que transporta umidade para o setor.;Primavera;;;;;;;;;;;;;;;;;;;;;
2021-11-01 00:00:00;Litoral;mTa;A área encontra-se sob influência do escoamento marítimo persistente associado à circulação anticiclônica oceânica, caracterizando o predomínio e transporte da massa Tropical Atlân;Primavera;;;;;;;;;;;;;;;;;;;;;
2021-11-01 00:00:00;Centro;mTa;A regiao delimitada esta sob influencia direta do escoamento maritimo da alta pressao do Atlantico, caracterizando o fluxo de mTa sobre o centro-sul do Brasil.;Primavera;;;;;;;;;;;;;;;;;;;;;
2021-11-01 00:00:00;Sul;mTa;A regiao delimitada esta sob influencia direta do escoamento maritimo associado ao sistema de alta pressao do Atlantico Sul, caracterizando o dominio da Massa Tropical Atlantica.;Primavera;;;;;;;;;;;;;;;;;;;;;
2021-11-02 00:00:00;Norte;mEc;Regiao central e norte do pais sob influencia de massa de ar quente e umida de origem continental (Amazonia), caracterizando o predominio da mEc na area delimitada.;Primavera;;;;;;;;;;;;;;;;;;;;;
2021-11-02 00:00:00;Nordeste;mTa;Regiao sob fluxo predominante de leste/sudeste associado a circulacao maritima, transportando calor e umidade do oceano para o continente, caracterizando a dominancia da mTa.;Primavera;;;;;;;;;;;;;;;;;;;;;
2021-11-02 00:00:00;Litoral;mTa;A regiao delimitada esta sob influencia direta do fluxo zonal de leste associado a ASAS, caracterizando o transporte de umidade e calor tipico da Massa Tropical Atlantica.;Primavera;;;;;;;;;;;;;;;;;;;;;
2021-11-02 00:00:00;Centro;mPa;A região delimitada está sob influência da circulação pós-frontal, com incursão de ar mais frio e denso, caracterizando o domínio da massa Polar Atlântica sobre o setor.;Primavera;;;;;;;;;;;;;;;;;;;;;
2021-11-02 00:00:00;Sul;mPa;A região delimitada no setor Sul encontra-se sob influência de uma massa de ar pós-frontal, caracterizada por temperaturas mais amenas e regime de circulação anticiclônica.;Primavera;;;;;;;;;;;;;;;;;;;;;
2021-11-03 00:00:00;Norte;mEc;Região central e norte da carta sob influência da Massa Equatorial Continental, caracterizada pela baixa pressão térmica e elevado teor de umidade sobre a Bacia Amazônica.;Primavera;;;;;;;;;;;;;;;;;;;;;
2021-11-03 00:00:00;Nordeste;mTa;Regiao sob fluxo predominante de leste/sudeste associado ao escoamento da alta subtropical, caracterizando o dominio da Massa Tropical Atlantica (mTa) sobre o setor.;Primavera;;;;;;;;;;;;;;;;;;;;;
2021-11-03 00:00:00;Litoral;mTa;A região delimitada situa-se sob a influência do escoamento marítimo de leste/sudeste associado à circulação anticiclônica do Atlântico Sul, caracterizando a predominância da mTa.;Primavera;;;;;;;;;;;;;;;;;;;;;
2021-11-03 00:00:00;Centro;mTc;Região situada no interior do continente, sob influência de estabilidade e ar quente e seco típico da massa tropical continental (Depressão do Chaco).;Primavera;;;;;;;;;;;;;;;;;;;;;
2021-11-03 00:00:00;Sul;mPa;A região apresenta declínio nas temperaturas e umidade característica pós-passagem de sistema frontal, evidenciando o avanço e a predominância da massa de ar Polar Atlântica.;Primavera;;;;;;;;;;;;;;;;;;;;;
2021-11-04 00:00:00;Norte;mEc;A regiao delimitada esta sob influencia direta da massa de ar Equatorial Continental, caracterizada pela predominancia de umidade e calor sobre o setor amazonico.;Primavera;;;;;;;;;;;;;;;;;;;;;
2021-11-04 00:00:00;Nordeste;mTa;A região delimitada encontra-se sob influência do fluxo de leste/sudeste associado à ASAS sobre o Atlântico, caracterizando o domínio da massa de ar Tropical Atlântica (mTa).;Primavera;;;;;;;;;;;;;;;;;;;;;
2021-11-04 00:00:00;Litoral;mTa;A região delimitada está sob o domínio de um centro de alta pressão no oceano, caracterizando a atuação da massa tropical marítima, com estabilidade e transporte de umidade.;Primavera;;;;;;;;;;;;;;;;;;;;;
2021-11-04 00:00:00;Centro;mTa;A região encontra-se sob influência do escoamento marítimo associado ao anticiclone subtropical, caracterizando a predominância da massa de ar Tropical Atlântica (mTa).;Primavera;;;;;;;;;;;;;;;;;;;;;
2021-11-04 00:00:00;Sul;mPa;A região delimitada encontra-se sob influência de um sistema frontal com fluxo de ar frio e úmido característico de retaguarda de frente fria, predominando a Massa Polar Atlântica.;Primavera;;;;;;;;;;;;;;;;;;;;;
2021-11-05 00:00:00;Norte;mEc;Região central da Bacia Amazônica sob domínio da massa quente e úmida de origem continental, sem influência de sistemas frontais ou massas de ar polar no setor.;Primavera;;;;;;;;;;;;;;;;;;;;;
2021-11-05 00:00:00;Nordeste;mTa;A região demarcada apresenta domínio de um centro de alta pressão oceânico, favorecendo o ingresso e a persistência da massa tropical atlântica sobre o setor.;Primavera;;;;;;;;;;;;;;;;;;;;;
2021-11-05 00:00:00;Litoral;mEa;A região delimitada no litoral nordestino encontra-se sob influência do fluxo equatorial marítimo, caracterizando a predominância da Massa Equatorial Atlântica (mEa).;Primavera;;;;;;;;;;;;;;;;;;;;;
2021-11-05 00:00:00;Centro;mTa;Região central sob influência da circulação da ASAS, apresentando características típicas da massa Tropical Atlântica com transporte de umidade e temperaturas elevadas.;Primavera;;;;;;;;;;;;;;;;;;;;;
2021-11-05 00:00:00;Sul;mPa;A região encontra-se submetida ao fluxo de sul/sudeste pós-frontal, evidenciado pelas baixas temperaturas e a persistência da massa polar sobre o Sudeste brasileiro.;Primavera;;;;;;;;;;;;;;;;;;;;;
2021-11-06 00:00:00;Norte;mEc;Regiao centralizada na bacia amazonica sem influencia de sistemas frontais externos, caracterizada por subsidencia e dominio de ar quente e umido de origem equatorial continental.;Primavera;;;;;;;;;;;;;;;;;;;;;
2021-11-06 00:00:00;Nordeste;mTa;A região delimitada está sob forte influência do escoamento marítimo associado à alta pressão do Atlântico Sul, caracterizando o predomínio da Massa Tropical Atlântica.;Primavera;;;;;;;;;;;;;;;;;;;;;
2021-11-06 00:00:00;Litoral;mTa;Região sob influência direta da circulação marítima do quadrante leste/sudeste, mantendo características de temperatura e umidade típicas da massa Tropical Atlântica.;Primavera;;;;;;;;;;;;;;;;;;;;;
2021-11-06 00:00:00;Centro;mTa;A região encontra-se sob influência do fluxo da circulação marítima, com estabilidade térmica característica da massa tropical atlântica, predominante na área central descrita.;Primavera;;;;;;;;;;;;;;;;;;;;;
2021-11-06 00:00:00;Sul;mPa;A região delimitada encontra-se na retaguarda de um sistema frontal, caracterizada pela incursão de ar mais frio e seco típico da Massa Polar Atlântica.;Primavera;;;;;;;;;;;;;;;;;;;;;
2021-11-06 00:00:00;Norte;mEc;Regiao central e norte da Amazonia sob influencia da massa de ar quente e umida caracteristica, com estabilidade atmosferica local predominante na ausencia de instabilidades fronta;Primavera;;;;;;;;;;;;;;;;;;;;;
2021-11-06 00:00:00;Nordeste;mEa;A região delimitada encontra-se sob influência predominante da massa Equatorial Atlântica, caracterizada pelo ar quente e úmido que ingressa pelo setor leste/nordeste brasileiro.;Primavera;;;;;;;;;;;;;;;;;;;;;
2021-11-06 00:00:00;Litoral;mTa;A regiao delimitada esta sob influencia direta do fluxo marítimo da massa Tropical Atlantica, caracterizada pelo transporte de umidade e estabilidade vindo do oceano.;Primavera;;;;;;;;;;;;;;;;;;;;;
2021-11-06 00:00:00;Centro;mTc;A região delimitada encontra-se sobre o interior do continente, apresentando características térmicas de ar quente e seco, típica da Depressão do Chaco e massas continentais.;Primavera;;;;;;;;;;;;;;;;;;;;;
2021-11-06 00:00:00;Sul;mPa;A região apresenta o avanço e a consolidação de uma massa de ar frio e úmido após a passagem de sistema frontal, evidenciada pelos valores de pressão e declínio térmico local.;Primavera;;;;;;;;;;;;;;;;;;;;;
2021-11-07 00:00:00;Norte;mEc;A região delimitada abrange a bacia amazônica, onde predomina uma massa de ar quente e úmida de origem continental, caracterizando a atuação típica da Massa Equatorial Continental.;Primavera;;;;;;;;;;;;;;;;;;;;;
2021-11-07 00:00:00;Nordeste;mTa;A região é dominada pelo fluxo marítimo de sudeste/leste, característico da circulação da alta subtropical do Atlântico Sul, transportando umidade e estabelecendo a mTa.;Primavera;;;;;;;;;;;;;;;;;;;;;
2021-11-07 00:00:00;Litoral;mTa;A região delimitada encontra-se sob domínio da circulação marítima quente e úmida, característica da Massa Tropical Atlântica, preservando as condições de estabilidade na costa.;Primavera;;;;;;;;;;;;;;;;;;;;;
2021-11-07 00:00:00;Centro;mPa;A região apresenta baixas temperaturas e umidade associadas ao avanço recente de uma massa polar após a passagem de sistema frontal, caracterizando a atuação da mPa no centro do pa;Primavera;;;;;;;;;;;;;;;;;;;;;
2021-11-07 00:00:00;Sul;mPa;A região delimitada encontra-se no setor pós-frontal, sob influência de advecção fria e umidade, características típicas da Massa Polar Atlântica avançando pela região Sul.;Primavera;;;;;;;;;;;;;;;;;;;;;
2021-11-08 00:00:00;Norte;mEc;Regiao central do Norte sob influencia direta da circulacao amazonica, apresentando caracteristicas tipicas de massa quente e umida sem interferencia de sistemas frontais externos.;Primavera;;;;;;;;;;;;;;;;;;;;;
2021-11-08 00:00:00;Nordeste;mTa;A região do Nordeste encontra-se sob o fluxo do escoamento de leste marítimo, característico da circulação da alta pressão subtropical, configurando o domínio da mTa.;Primavera;;;;;;;;;;;;;;;;;;;;;
2021-11-08 00:00:00;Litoral;mTa;A área delimitada encontra-se sob efeito da circulação marítima da Alta Subtropical do Atlântico Sul, caracterizando o domínio da massa Tropical Atlântica com fluxo de umidade.;Primavera;;;;;;;;;;;;;;;;;;;;;
2021-11-08 00:00:00;Centro;mTc;A região central delimitada encontra-se sob influência da massa Tropical Continental, caracterizada pela estabilidade e ar quente sobre o interior do continente.;Primavera;;;;;;;;;;;;;;;;;;;;;
2021-11-08 00:00:00;Sul;mPa;A região delimitada está sob a influência do fluxo de ar frio e seco após a passagem de uma frente fria, caracterizando o avanço e ocupação da Massa Polar Atlântica no setor.;Primavera;;;;;;;;;;;;;;;;;;;;;
2021-11-09 00:00:00;Norte;mEc;A região demarcada encontra-se sobre a bacia amazônica, caracterizada por altas temperaturas e elevada umidade, sob domínio da massa Equatorial Continental.;Primavera;;;;;;;;;;;;;;;;;;;;;
2021-11-09 00:00:00;Nordeste;mTa;Região sob influência direta do fluxo de leste/sudeste proveniente do Atlântico Tropical, caracterizando o domínio da massa tropical marítima sobre o setor leste do Nordeste.;Primavera;;;;;;;;;;;;;;;;;;;;;
2021-11-09 00:00:00;Litoral;mTa;A região encontra-se sob influência do fluxo equatorial e tropical oceânico, caracterizado por ar quente e úmido transportado pela circulação marítima, predominante na costa leste.;Primavera;;;;;;;;;;;;;;;;;;;;;
2021-11-09 00:00:00;Centro;mTa;A região central encontra-se sob influência da circulação da alta pressão subtropical do Atlântico Sul, caracterizando o predomínio de ar quente e úmido de origem marítima.;Primavera;;;;;;;;;;;;;;;;;;;;;
2021-11-09 00:00:00;Sul;mPa;A região delimitada encontra-se sob a influência direta do transporte de ar frio e úmido após a passagem de sistema frontal, caracterizando o predomínio da massa polar atlântica (m;Primavera;;;;;;;;;;;;;;;;;;;;;
2021-11-10 00:00:00;Norte;mEc;Regiao central e norte do pais sob influencia direta da massa equatorial continental, caracterizada por baixos gradientes de pressao e estabilidade tropical continental.;Primavera;;;;;;;;;;;;;;;;;;;;;
2021-11-10 00:00:00;Nordeste;mTa;A região destacada encontra-se sob o fluxo do quadrante leste transportando umidade do Atlântico, caracterizando o domínio da massa Tropical Atlântica na área.;Primavera;;;;;;;;;;;;;;;;;;;;;
2021-11-10 00:00:00;Litoral;mTa;Região sob influência direta do fluxo de sudeste/leste advindo do anticiclone sobre o Atlântico Sul, caracterizando a predominância da massa tropical atlântica no litoral.;Primavera;;;;;;;;;;;;;;;;;;;;;
2021-11-10 00:00:00;Centro;mTa;Regiao sob influencia do escoamento do Atlantico Sul, apresentando caracteristicas tipicas de subsidencia e estabilidade da ASAS, configurando a predominancia da massa Tropical Atl;Primavera;;;;;;;;;;;;;;;;;;;;;
2021-11-10 00:00:00;Sul;mPa;A região apresenta a presença de ar frio e seco na retaguarda de um sistema frontal, caracterizando o avanço claro da massa polar atlântica sobre o setor sul do Brasil.;Primavera;;;;;;;;;;;;;;;;;;;;;
2021-11-11 00:00:00;Norte;mEc;A regiao delimitada esta sob influencia da massa de ar quente e umida caracteristica da bacia amazonica, sem interferencia de sistemas frontais ou alta pressao oceanica.;Primavera;;;;;;;;;;;;;;;;;;;;;
2021-11-11 00:00:00;Nordeste;mTa;A região do Nordeste delimitada encontra-se sob influência direta do escoamento marítimo associado à circulação da alta subtropical, caracterizando a predominância da mTa.;Primavera;;;;;;;;;;;;;;;;;;;;;
2021-11-11 00:00:00;Litoral;mTa;A área delimitada no litoral está sob influência direta do fluxo oceânico da circulação de alta pressão, caracterizando a predominância da massa de ar Tropical Atlântica.;Primavera;;;;;;;;;;;;;;;;;;;;;
2021-11-11 00:00:00;Centro;mPa;A regiao encontra-se imediatamente a retaguarda da frente fria (pos-frontal) no Sudeste e Centro-Oeste, caracterizada pelo avancamento de ar frio e seco de origem polar.;Primavera;;;;;;;;;;;;;;;;;;;;;
2021-11-11 00:00:00;Sul;mPa;A região delimitada apresenta características de subsidência pós-frontal com queda nas temperaturas e umidade no Sul do Brasil, caracterizando a atuação de uma massa polar.;Primavera;;;;;;;;;;;;;;;;;;;;;
2021-11-12 00:00:00;Norte;mEc;Regiao situada sobre a Amazonia central/norte, apresentando caracteristicas tipicas de subsidencia ou difluencia da massa de ar quente e umida de origem continental.;Primavera;;;;;;;;;;;;;;;;;;;;;
2021-11-12 00:00:00;Nordeste;mTa;A região demarcada encontra-se sob influência das correntes de leste advindas do flanco da Alta Subtropical do Atlântico Sul, caracterizando o predomínio da Massa Tropical Atlântic;Primavera;;;;;;;;;;;;;;;;;;;;;
2021-11-12 00:00:00;Litoral;mTa;Predominância de fluxo marítimo de sudeste/leste vindo do oceano, característico da atuação da massa Tropical Atlântica sobre o setor leste do Brasil.;Primavera;;;;;;;;;;;;;;;;;;;;;
2021-11-12 00:00:00;Centro;mTa;A região encontra-se sob influência do fluxo de circulação marítima da alta pressão, caracterizando a predominância da massa Tropical Atlântica com padrões de umidade elevados.;Primavera;;;;;;;;;;;;;;;;;;;;;
2021-11-12 00:00:00;Sul;mPa;A região apresenta o avanço de uma massa polar após a passagem de sistema frontal, evidenciado pelas temperaturas mais amenas e fluxo de sul/sudeste sobre o setor.;Primavera;;;;;;;;;;;;;;;;;;;;;
2021-11-13 00:00:00;Norte;mEc;Região central da Bacia Amazônica sob domínio característico da Massa Equatorial Continental, apresentando alta umidade e temperaturas elevadas sem interferência de frentes.;Primavera;;;;;;;;;;;;;;;;;;;;;
2021-11-13 00:00:00;Nordeste;mTa;A região delimitada encontra-se sob influência do escoamento do quadrante leste, característico da circulação de borda do anticiclone subtropical, configurando o domínio da mTa.;Primavera;;;;;;;;;;;;;;;;;;;;;
2021-11-13 00:00:00;Litoral;mTa;A região delimitada encontra-se sob influência do escoamento marítimo persistente associado ao gradiente de pressão periférico da ASAS, caracterizando a predominância da mTa.;Primavera;;;;;;;;;;;;;;;;;;;;;
2021-11-13 00:00:00;Centro;mPa;A região do retângulo apresenta o avanço de uma frente fria, com a circulação pós-frontal estabelecendo o predomínio da massa polar atlântica (mPa) sobre o centro do continente.;Primavera;;;;;;;;;;;;;;;;;;;;;
2021-11-13 00:00:00;Sul;mPa;Região sob influência de um sistema frontal (frente fria) que favorece a incursão e o domínio de ar polar, caracterizando a atuação da mPa sobre o setor sul.;Primavera;;;;;;;;;;;;;;;;;;;;;
2021-11-14 00:00:00;Norte;mEc;A regiao delimitada esta sob influencia direta da circulacao sobre a Amazonia, com caracteristicas de alta umidade e temperaturas elevadas, configurando o dominio da Massa Equatori;Primavera;;;;;;;;;;;;;;;;;;;;;
2021-11-14 00:00:00;Nordeste;mTa;Região sob influência direta do fluxo de leste da alta pressão subtropical do Atlântico Sul, caracterizando a predominância da massa de ar Tropical Atlântica (mTa).;Primavera;;;;;;;;;;;;;;;;;;;;;
2021-11-14 00:00:00;Litoral;mTa;Região sob influência da circulação anticiclônica do Atlântico Sul, caracterizando o domínio da massa de ar Tropical Atlântica com fluxo de umidade vindo do oceano.;Primavera;;;;;;;;;;;;;;;;;;;;;
2021-11-14 00:00:00;Centro;mTa;A região encontra-se sob o fluxo do quadrante norte/nordeste oriundo do oceano, caracterizando o predomínio da mTa, que fornece umidade e calor para este setor do território.;Primavera;;;;;;;;;;;;;;;;;;;;;
2021-11-14 00:00:00;Sul;mPa;A região delimitada encontra-se sob influência de massa de ar frio e seco, caracterizada por temperaturas amenas após a passagem de sistema frontal, evidenciando o domínio da mPa.;Primavera;;;;;;;;;;;;;;;;;;;;;
2021-11-15 00:00:00;Norte;mEc;A região demarcada encontra-se sobre a bacia amazônica. Na ausência de sistemas frontais atuantes, a massa de ar quente e úmida de origem continental predomina no setor.;Primavera;;;;;;;;;;;;;;;;;;;;;
2021-11-15 00:00:00;Nordeste;mTa;Predominância da massa Tropical Atlântica sob o setor, caracterizada pela circulação marítima de leste que transporta umidade para a região, mantendo condições típicas de estabilid;Primavera;;;;;;;;;;;;;;;;;;;;;
2021-11-15 00:00:00;Litoral;mTa;A região delimitada encontra-se sob efeito do fluxo de leste/sudeste associado à circulação marítima, caracterizando a predominância da Massa Tropical Atlântica (mTa) no setor.;Primavera;;;;;;;;;;;;;;;;;;;;;
2021-11-15 00:00:00;Centro;mPa;A regiao delimitada esta sob a influencia direta do fluxo de subsidencia pos-frontal, caracterizado por temperaturas mais baixas e estabilidade, configurando o avanco da mPa.;Primavera;;;;;;;;;;;;;;;;;;;;;
2021-11-15 00:00:00;Sul;mPa;A regiao delimitada esta sob a influencia direta da circulacao pos-frontal, caracterizada por temperaturas amenas e subsidencia apos a passagem da frente fria.;Primavera;;;;;;;;;;;;;;;;;;;;;
2021-11-16 00:00:00;Norte;mEc;Dominio da massa equatorial continental sobre a regiao Amazonica, caracterizada pelo ar quente e umido, sem influencia direta de sistemas frontais ou circulatorios extratropicais.;Primavera;;;;;;;;;;;;;;;;;;;;;
2021-11-16 00:00:00;Nordeste;mTa;A região selecionada está sob o domínio do escoamento marítimo associado à alta do Atlântico Sul, caracterizando a atuação predominante da massa tropical atlântica.;Primavera;;;;;;;;;;;;;;;;;;;;;
2021-11-16 00:00:00;Litoral;mTa;A região sob o retângulo vermelho encontra-se sob influência da circulação do escoamento marítimo provindo do Atlântico Sul, caracterizando o domínio da massa Tropical Atlântica.;Primavera;;;;;;;;;;;;;;;;;;;;;
2021-11-16 00:00:00;Centro;mPa;A região delimitada encontra-se sob efeito direto de um avanço frontal, caracterizado pelo ingresso de ar frio e seco na retaguarda do sistema, típico da atuação da mPa.;Primavera;;;;;;;;;;;;;;;;;;;;;
2021-11-16 00:00:00;Sul;mPa;A região encontra-se no quadrante posterior ao sistema frontal, caracterizada por valores de temperatura mais baixos e influxo de ar de origem polar.;Primavera;;;;;;;;;;;;;;;;;;;;;
2021-11-17 00:00:00;Norte;mEc;A região central e norte do Brasil apresenta características de calor e alta umidade típicas da massa equatorial continental, que predomina no setor na ausência de sistemas frontai;Primavera;;;;;;;;;;;;;;;;;;;;;
2021-11-17 00:00:00;Nordeste;mTa;Região sob influência direta do fluxo de leste da alta pressão subtropical. A massa de ar Tropical Atlântica predomina, mantendo o transporte de umidade e calor sobre o setor.;Primavera;;;;;;;;;;;;;;;;;;;;;
2021-11-17 00:00:00;Litoral;mTa;Região sob influência direta do fluxo de sudeste/leste provindo do oceano, caracterizando o domínio da massa Tropical Atlântica com transporte de umidade em direção ao litoral.;Primavera;;;;;;;;;;;;;;;;;;;;;
2021-11-17 00:00:00;Centro;mPa;A região sob o retângulo vermelho está situada na retaguarda de uma frente fria que avança sobre o Sudeste e Centro-Oeste, caracterizando a entrada e domínio da massa polar atlânti;Primavera;;;;;;;;;;;;;;;;;;;;;
2021-11-17 00:00:00;Sul;mPa;A região sob o retângulo vermelho encontra-se na retaguarda de um sistema frontal, caracterizando o ingresso e domínio de ar frio e úmido de origem polar.;Primavera;;;;;;;;;;;;;;;;;;;;;
2021-11-18 00:00:00;Norte;mEc;A região delimitada compreende a bacia amazônica. Verifica-se o predomínio da Massa Equatorial Continental, caracterizada por ser quente e úmida, típica desta área do território br;Primavera;;;;;;;;;;;;;;;;;;;;;
2021-11-18 00:00:00;Nordeste;mTa;A regiao delimitada esta sob influencia direta do fluxo zonal de leste, caracterizando a predominancia da Massa Tropical Atlantica, com adveccao de umidade vinda do oceano.;Primavera;;;;;;;;;;;;;;;;;;;;;
2021-11-18 00:00:00;Litoral;mTa;A regiao delimitada sob a influencia ciclonica do Atlantico Sul apresenta caracteristicas de ar quente e umido, tipicas da predominancia da Massa Tropical Atlantica no setor.;Primavera;;;;;;;;;;;;;;;;;;;;;
2021-11-18 00:00:00;Centro;mPa;A região destacada encontra-se atrás de uma frente fria que avança pelo Sudeste, evidenciando o ingresso e predomínio de ar frio e úmido de origem polar.;Primavera;;;;;;;;;;;;;;;;;;;;;
2021-11-18 00:00:00;Sul;mPa;A região demarcada apresenta temperaturas em declínio e característica de pós-frontal, com o avanço da massa de ar de origem polar, identificada após a passagem do sistema frio.;Primavera;;;;;;;;;;;;;;;;;;;;;
2021-11-19 00:00:00;Norte;mEc;Região predominantemente sobre o domínio da bacia amazônica, caracterizada por alta nebulosidade e elevada umidade, configurando o predomínio da Massa Equatorial Continental.;Primavera;;;;;;;;;;;;;;;;;;;;;
2021-11-19 00:00:00;Nordeste;mTa;Predominância de escoamento marítimo quente e úmido sobre o setor, sob influência da circulação anticiclônica do Atlântico Sul, caracterizando a mTa sobre a região Nordeste.;Primavera;;;;;;;;;;;;;;;;;;;;;
2021-11-19 00:00:00;Litoral;mTa;A região delimitada encontra-se sob influência do fluxo de sudeste/leste característico da circulação de alta pressão do Atlântico, predominando a massa Tropical Atlântica (mTa).;Primavera;;;;;;;;;;;;;;;;;;;;;
2021-11-19 00:00:00;Centro;mPa;A região destacada encontra-se na retaguarda de uma frente fria, caracterizando o ingresso e domínio da massa de ar polar, evidenciado pela trajetória do sistema em direção ao nort;Primavera;;;;;;;;;;;;;;;;;;;;;
2021-11-19 00:00:00;Sul;mPa;A região delimitada está sob forte influência de uma massa de ar frio e seco (mPa), evidenciado pelas temperaturas mais baixas e declínio acentuado após a passagem da frente fria.;Primavera;;;;;;;;;;;;;;;;;;;;;
2021-11-20 00:00:00;Norte;mEc;A regiao delimitada esta sob influencia direta da bacia Amazonica, caracterizada por baixos gradientes de pressao e elevadas temperaturas e umidade, tipicas da massa Equatorial Con;Primavera;;;;;;;;;;;;;;;;;;;;;
2021-11-20 00:00:00;Nordeste;mTa;A região é dominada pelo fluxo de leste/sudeste, transportando ar quente e úmido sobre o setor costeiro e interior do Nordeste, característico da atuação da massa Tropical Atlântic;Primavera;;;;;;;;;;;;;;;;;;;;;
2021-11-20 00:00:00;Litoral;mTa;A região encontra-se sob o fluxo do escoamento marítimo de leste/sudeste, com características tropicais e úmidas típicas da atuação da massa Tropical Atlântica.;Primavera;;;;;;;;;;;;;;;;;;;;;
2021-11-20 00:00:00;Centro;mTa;A região delimitada encontra-se sob influência da circulação da ASAS sobre o Atlântico, caracterizando o predomínio de ar quente e úmido de origem marítima (mTa).;Primavera;;;;;;;;;;;;;;;;;;;;;
2021-11-20 00:00:00;Sul;mPa;A região destacada apresenta o ingresso de uma massa de ar frio e seco, caracterizada por temperaturas mais baixas, deslocando-se atrás de um sistema frontal no Sul do país.;Primavera;;;;;;;;;;;;;;;;;;;;;
2021-11-21 00:00:00;Norte;mEc;Região sob influência predominante da massa equatorial continental, caracterizada por alta umidade e temperaturas elevadas típicas do domínio amazônico, sem interferência de sistem;Primavera;;;;;;;;;;;;;;;;;;;;;
2021-11-21 00:00:00;Nordeste;mTa;A região encontra-se sob influência do fluxo equatorial/tropical marítimo proveniente do oceano, caracterizando a predominância da massa de ar Tropical Atlântica (mTa).;Primavera;;;;;;;;;;;;;;;;;;;;;
2021-11-21 00:00:00;Litoral;mEa;A região delimitada no litoral nordeste encontra-se sob influência predominante da massa Equatorial Atlântica, caracterizada pelo ar quente e úmido típico das baixas latitudes.;Primavera;;;;;;;;;;;;;;;;;;;;;
2021-11-21 00:00:00;Centro;mTa;Dominio do fluxo marítimo de sudeste/leste, com transporte de umidade e nebulosidade vindo do Atlântico para o interior, configurando a atuação da massa Tropical Atlântica.;Primavera;;;;;;;;;;;;;;;;;;;;;
2021-11-21 00:00:00;Sul;mTa;A região delimitada encontra-se sob influência da circulação da ASAS, apresentando características de temperatura e umidade típicas da Massa Tropical Atlântica.;Primavera;;;;;;;;;;;;;;;;;;;;;
2021-11-22 00:00:00;Norte;mEc;A região demarcada encontra-se sobre a bacia amazônica, caracterizada por altas temperaturas e umidade, sob domínio da massa Equatorial Continental, sem influência de sistemas fron;Primavera;;;;;;;;;;;;;;;;;;;;;
2021-11-22 00:00:00;Nordeste;mTa;A região encontra-se sob influência do escoamento marítimo associado aos ventos alísios, caracterizando o domínio da massa Tropical Atlântica com transporte de umidade para o setor;Primavera;;;;;;;;;;;;;;;;;;;;;
2021-11-22 00:00:00;Litoral;mTa;A área delimitada encontra-se sob domínio do escoamento marítimo provindo do anticiclone oceânico, caracterizando o fluxo típico da Massa Tropical Atlântica.;Primavera;;;;;;;;;;;;;;;;;;;;;
2021-11-22 00:00:00;Centro;mPa;Região sob influência da incursão de ar polar, evidenciada pela retaguarda de sistema frontal que avança sobre o Sudeste e Centro-Oeste brasileiro, provocando queda de temperatura.;Primavera;;;;;;;;;;;;;;;;;;;;;
2021-11-22 00:00:00;Sul;mPa;A regiao delimitada esta sob influencia de uma massa de ar frio e seco, posicionada no setor de retaguarda de uma frente fria que atua sobre o Sudeste e o oceano adjacente.;Primavera;;;;;;;;;;;;;;;;;;;;;
2021-11-23 00:00:00;Norte;mEc;Regiao central e norte da Amazonia sob influencia da Massa Equatorial Continental, caracterizada por alta umidade e temperaturas elevadas, sem a presenca de sistemas frontais.;Primavera;;;;;;;;;;;;;;;;;;;;;
2021-11-23 00:00:00;Nordeste;mTa;A região encontra-se sob influência do fluxo de leste marítimo associado à circulação da alta pressão subtropical, caracterizando a predominância da massa Tropical Atlântica (mTa).;Primavera;;;;;;;;;;;;;;;;;;;;;
2021-11-23 00:00:00;Litoral;mEa;A região delimitada no litoral nordestino encontra-se sob influência predominante da massa Equatorial Atlântica, caracterizada pelo ar quente e úmido típico de baixas latitudes.;Primavera;;;;;;;;;;;;;;;;;;;;;
2021-11-23 00:00:00;Centro;mEc;A região central encontra-se sob domínio de ar quente e úmido característico da mEc, apresentando valores de temperatura e ponto de orvalho elevados, típicos da circulação continen;Primavera;;;;;;;;;;;;;;;;;;;;;
2021-11-23 00:00:00;Sul;mPa;A região delimitada encontra-se atrás de um sistema frontal, caracterizada pelo ingresso de uma massa de ar frio e seco, consolidando o predomínio da mPa no setor.;Primavera;;;;;;;;;;;;;;;;;;;;;
2021-11-24 00:00:00;Norte;mEc;Região sob influência direta da massa equatorial continental, caracterizada por baixas pressões, alta umidade e temperaturas elevadas típicas da bacia amazônica e adjacências.;Primavera;;;;;;;;;;;;;;;;;;;;;
2021-11-24 00:00:00;Nordeste;mTa;Região sob influência direta da circulação marítima do Anticiclone Subtropical do Atlântico Sul, caracterizando a predominância de ar quente e úmido da Massa Tropical Atlântica.;Primavera;;;;;;;;;;;;;;;;;;;;;
2021-11-24 00:00:00;Litoral;mTa;A regiao delimitada esta sob influencia direta do fluxo zonal de leste, caracteristico da circulacao maritima quente e umida da massa Tropical Atlantica.;Primavera;;;;;;;;;;;;;;;;;;;;;
2021-11-24 00:00:00;Centro;mTa;Região sob influência da circulação da alta pressão do Atlântico Sul, caracterizada por fluxo de ar quente e úmido vindo do oceano, predominante nas latitudes tropicais.;Primavera;;;;;;;;;;;;;;;;;;;;;
2021-11-24 00:00:00;Sul;mPa;A região delimitada encontra-se no setor pós-frontal, sob influência de uma massa de ar polar com advecção fria, caracterizada pelos valores térmicos e de pressão observados.;Primavera;;;;;;;;;;;;;;;;;;;;;
2021-11-25 00:00:00;Norte;mEc;Regiao central amazonica sob influencia de massas de ar quente e umido, caracteristica da mEc, mantendo-se estavel sem interferencia de frentes frias ou outras forcas dinamicas nes;Primavera;;;;;;;;;;;;;;;;;;;;;
2021-11-25 00:00:00;Nordeste;mTa;Dominio do fluxo de leste-sudeste proveniente do Atlantico Sul, sob influencia da circulacao periferica da ASAS, caracterizando uma massa de ar quente e umida sobre o Nordeste.;Primavera;;;;;;;;;;;;;;;;;;;;;
2021-11-25 00:00:00;Litoral;mTa;Regiao sob fluxo de leste/sudeste associado ao escoamento da alta subtropical, caracterizando o dominio da Massa Tropical Atlantica (mTa) quente e umida no setor litoraneo.;Primavera;;;;;;;;;;;;;;;;;;;;;
2021-11-25 00:00:00;Centro;mTa;Regiao sob influencia do escoamento leste do Atlantico Sul, caracterizada pela predominancia de umidade e estabilidade, posicionada no setor de dominio da circulacao maritima.;Primavera;;;;;;;;;;;;;;;;;;;;;
2021-11-25 00:00:00;Sul;mPa;A região apresenta características de baixas temperaturas e umidade associadas ao avanço recente de uma frente fria, caracterizando a presença da Massa Polar Atlântica.;Primavera;;;;;;;;;;;;;;;;;;;;;
2021-11-26 00:00:00;Norte;mEc;A região delimitada compreende a bacia amazônica, onde a massa de ar Equatorial Continental (mEc), caracterizada por elevadas temperaturas e umidade, predomina de forma estável.;Primavera;;;;;;;;;;;;;;;;;;;;;
2021-11-26 00:00:00;Nordeste;mTa;Predominio da massa tropical atlantica caracterizada por fluxo de leste/sudeste, transportando ar quente e umido do oceano para o interior do setor delimitado.;Primavera;;;;;;;;;;;;;;;;;;;;;
2021-11-26 00:00:00;Litoral;mTa;A regiao apresenta predominancia do escoamento maritimo associado ao transporte de umidade e calor sob o dominio da massa tropical atlantica, caracterizando estabilidade e ar quent;Primavera;;;;;;;;;;;;;;;;;;;;;
2021-11-26 00:00:00;Centro;mTa;Regiao sob influencia direta da circulacao periferica da alta pressao do Atlantico Sul, caracterizando o dominio da Massa Tropical Atlantica (mTa) com fluxo de leste.;Primavera;;;;;;;;;;;;;;;;;;;;;
2021-11-26 00:00:00;Sul;mPa;A região encontra-se sob o setor pós-frontal, apresentando declínio térmico e gradiente de alta pressão, caracterizando a permanência e influência da massa polar atlântica.;Primavera;;;;;;;;;;;;;;;;;;;;;
2021-11-27 00:00:00;Norte;mEc;Regiao central e norte da Amazonia sob dominio da Massa Equatorial Continental, caracterizada por temperaturas elevadas e alta umidade, sem influencia de sistemas frontais.;Primavera;;;;;;;;;;;;;;;;;;;;;
2021-11-27 00:00:00;Nordeste;mTa;Predominância de escoamento vindo do Atlântico associado à circulação anticiclônica oceânica, caracterizando o transporte de ar quente e úmido sobre a região nordestina.;Primavera;;;;;;;;;;;;;;;;;;;;;
2021-11-27 00:00:00;Litoral;mEa;A região delimitada no litoral nordestino encontra-se sob influência da Massa Equatorial Atlântica, caracterizada pelo transporte de umidade em baixas latitudes.;Primavera;;;;;;;;;;;;;;;;;;;;;
2021-11-27 00:00:00;Centro;mTa;A área em questão encontra-se sob o fluxo predominante da circulação anticiclônica marítima, transportando ar quente e úmido sobre o continente, caracterizando a mTa.;Primavera;;;;;;;;;;;;;;;;;;;;;
2021-11-27 00:00:00;Sul;mPa;A região delimitada encontra-se sob a influência direta do fluxo pós-frontal sul/sudeste, caracterizado pela incursão de ar polar frio e estável na retaguarda do sistema frontal.;Primavera;;;;;;;;;;;;;;;;;;;;;
2021-11-28 00:00:00;Norte;mEc;A regiao delimitada esta sob influencia direta da massa de ar quente e umida caracteristica da Bacia Amazonica, posicionada sobre o continente sem a presenca de sistemas frontais.;Primavera;;;;;;;;;;;;;;;;;;;;;
2021-11-28 00:00:00;Nordeste;mTa;A região encontra-se sob influência do fluxo de leste/sudeste proveniente da ASAS, caracterizando o transporte de ar quente e úmido oceânico sobre o setor.;Primavera;;;;;;;;;;;;;;;;;;;;;
2021-11-28 00:00:00;Litoral;mTa;A regiao encontra-se sob a influencia direta do fluxo zonal de leste, caracteristico do dominio da Massa Tropical Atlantica em todo o trecho litoraneo do Nordeste brasileiro.;Primavera;;;;;;;;;;;;;;;;;;;;;
2021-11-28 00:00:00;Centro;mTa;Região sob influência direta da circulação marítima da ASAS, apresentando características de temperatura e umidade típicas de uma massa tropical marítima no setor central do país.;Primavera;;;;;;;;;;;;;;;;;;;;;
2021-11-28 00:00:00;Sul;mPa;A região delimitada encontra-se sob influência de massa de ar frio e úmido após a passagem de um sistema frontal, caracterizando o domínio da mPa no setor.;Primavera;;;;;;;;;;;;;;;;;;;;;
2021-11-29 00:00:00;Norte;mEc;Região localizada sobre a bacia amazônica caracterizada por alta umidade e temperaturas elevadas, configurando o predomínio da massa equatorial continental.;Primavera;;;;;;;;;;;;;;;;;;;;;
2021-11-29 00:00:00;Nordeste;mTa;Regiao sob clara influencia do fluxo marítimo de sudeste/leste, característico da massa tropical atlántica, apresentando estabilidade e umidade sobre o setor nordestino.;Primavera;;;;;;;;;;;;;;;;;;;;;
2021-11-29 00:00:00;Litoral;mTa;Predominio da subsidencia e circulacao marítima leste sobre o setor, caracterizando a influencia da massa tropical atlantica na regiao costeira mencionada.;Primavera;;;;;;;;;;;;;;;;;;;;;
2021-11-29 00:00:00;Centro;mTa;Regiao sob predominio de escoamento maritimo associado ao sistema de alta pressao, com caracteristicas de massa de ar tropical quente e umida.;Primavera;;;;;;;;;;;;;;;;;;;;;
2021-11-29 00:00:00;Sul;mPa;A região delimitada encontra-se na retaguarda do sistema frontal, com valores de temperatura e ponto de orvalho em declínio, caracterizando o ingresso e predomínio da massa polar a;Primavera;;;;;;;;;;;;;;;;;;;;;
2021-11-30 00:00:00;Norte;mEc;A regiao delimitada sobre a bacia amazonica apresenta caracteristicas de ar quente e umido, tipicas da massa equatorial continental, sem influencia direta de sistemas frontais ou A;Primavera;;;;;;;;;;;;;;;;;;;;;
2021-11-30 00:00:00;Nordeste;mTa;A região do Nordeste delimitada encontra-se sob influência do escoamento marítimo associado ao Anticiclone Subtropical, caracterizando a predominância da Massa Tropical Atlântica.;Primavera;;;;;;;;;;;;;;;;;;;;;
2021-11-30 00:00:00;Litoral;mTa;A regiao apresenta predominancia de fluxo de leste/sudeste, indicativo da circulacao da massa de ar Tropical Atlantica, com caracteristicas de estabilidade e umidade no litoral.;Primavera;;;;;;;;;;;;;;;;;;;;;
2021-11-30 00:00:00;Centro;mPa;A região delimitada encontra-se sob efeito direto do avanço de uma massa de ar frio e úmido após a passagem de um sistema frontal, caracterizando o domínio da mPa no setor.;Primavera;;;;;;;;;;;;;;;;;;;;;
2021-11-30 00:00:00;Sul;mPa;Região sob influência direta de um sistema frontal em deslocamento. O gradiente de pressão e a configuração sinótica indicam o avanço de ar polar atrás da frente fria.;Primavera;;;;;;;;;;;;;;;;;;;;;
2021-12-01 00:00:00;Norte;mEc;Região sob influência direta da massa equatorial continental, caracterizada por ambiente quente e úmido típico da bacia amazônica, sem intrusão de sistemas frontais.;Primavera;;;;;;;;;;;;;;;;;;;;;
2021-12-01 00:00:00;Nordeste;mTa;Regiao sob clara influencia do escoamento de leste/sudeste, transportando ar quente e umido diretamente do oceano Atlantico para o continente, caracterizando o dominio da mTa.;Primavera;;;;;;;;;;;;;;;;;;;;;
2021-12-01 00:00:00;Litoral;mTa;A regiao delimitada esta sob influencia direta do fluxo marítimo vindo do Atlantico Sul, caracterizando a predominancia da Massa Tropical Atlantica (mTa) no setor costeiro.;Primavera;;;;;;;;;;;;;;;;;;;;;
2021-12-01 00:00:00;Centro;mPa;A regiao delimitada encontra-se sob a influência direta do avanço de um sistema frontal, caracterizando a presença da Massa Polar Atlântica (mPa) na retaguarda da frente.;Primavera;;;;;;;;;;;;;;;;;;;;;
2021-12-01 00:00:00;Sul;mPa;A região delimitada encontra-se no setor pós-frontal, sob influência de uma massa de ar frio e seco (mPa), caracterizada por ventos do quadrante sul/sudoeste e quedas de temperatur;Primavera;;;;;;;;;;;;;;;;;;;;;
2021-12-02 00:00:00;Norte;mEc;Região sob influência da circulação equatorial continental, caracterizada por altos teores de umidade e temperaturas elevadas típicas do domínio amazônico.;Primavera;;;;;;;;;;;;;;;;;;;;;
2021-12-02 00:00:00;Nordeste;mTa;A região encontra-se sob influência predominante do fluxo de leste/sudeste associado à circulação marítima, caracterizando a atuação da massa de ar Tropical Atlântica.;Primavera;;;;;;;;;;;;;;;;;;;;;
2021-12-02 00:00:00;Litoral;mTa;A regiao delimitada esta sob influencia direta do escoamento maritimo associado ao sistema de alta pressao do Atlantico Sul, caracterizando o dominio da Massa Tropical Atlantica.;Primavera;;;;;;;;;;;;;;;;;;;;;
2021-12-02 00:00:00;Centro;mPa;A região delimitada encontra-se atrás de uma frente fria que avança sobre o Brasil central, caracterizando o ingresso e domínio da massa de ar polar (mPa) no setor.;Primavera;;;;;;;;;;;;;;;;;;;;;
2021-12-02 00:00:00;Sul;mPa;A região apresenta características típicas de pós-frontal, com temperaturas mais amenas e regime de circulação condicionado pelo avanço de uma massa de ar polar sobre o setor Sul.;Primavera;;;;;;;;;;;;;;;;;;;;;
2021-12-03 00:00:00;Norte;mEc;A região delimitada localiza-se sobre a bacia amazônica, onde predomina a Massa Equatorial Continental, caracterizada por ser quente e úmida e ocupar o centro-norte do continente.;Primavera;;;;;;;;;;;;;;;;;;;;;
2021-12-03 00:00:00;Nordeste;mTa;A região destacada está sob influência do fluxo marítimo da alta pressão subtropical do Atlântico Sul, caracterizando o predomínio da mTa com transporte de umidade para o litoral.;Primavera;;;;;;;;;;;;;;;;;;;;;
2021-12-03 00:00:00;Litoral;mTa;O litoral indicado está sob a influência do fluxo marítimo da massa tropical atlântica, caracterizada por ventos que transportam umidade oceânica para a costa.;Primavera;;;;;;;;;;;;;;;;;;;;;
2021-12-03 00:00:00;Centro;mTa;A região delimitada apresenta características de umidade e temperatura típicas do escoamento marítimo persistente na porção central do país, sob influência da circulação da mTa.;Primavera;;;;;;;;;;;;;;;;;;;;;
2021-12-03 00:00:00;Sul;mTa;Região sob influência direta do fluxo de ar quente e úmido proveniente do Atlântico Sul, característico do domínio da massa Tropical Atlântica na circulação anticiclônica.;Primavera;;;;;;;;;;;;;;;;;;;;;
2021-12-04 00:00:00;Norte;mEc;A região demarcada abrange a bacia amazônica e áreas continentais adjacentes, onde a massa de ar quente e úmida de origem continental (mEc) é soberana e permanente.;Primavera;;;;;;;;;;;;;;;;;;;;;
2021-12-04 00:00:00;Nordeste;mTa;A região do Nordeste delimitada encontra-se sob influência predominante do escoamento marítimo de leste e sudeste, característico da atuação da Massa Tropical Atlântica na costa.;Primavera;;;;;;;;;;;;;;;;;;;;;
2021-12-04 00:00:00;Litoral;mEa;Regiao sob influencia do escoamento de leste caracteristico da Massa Equatorial Atlantica, mantendo condicoes de umidade e calor na porcao litoranea do Nordeste brasileiro.;Primavera;;;;;;;;;;;;;;;;;;;;;
2021-12-04 00:00:00;Centro;mTc;Região central do continente sob influência de ar quente e seco, característico de massas tropicais continentais, apresentando baixos teores de umidade e altas temperaturas típicas;Primavera;;;;;;;;;;;;;;;;;;;;;
2021-12-04 00:00:00;Sul;mPa;A região delimitada encontra-se na retaguarda de uma frente fria, caracterizada pela incursão de ar mais frio e denso típico da massa polar atlântica.;Primavera;;;;;;;;;;;;;;;;;;;;;
2021-12-05 00:00:00;Norte;mEc;Região sob influência direta da massa equatorial continental, caracterizada por ambiente quente e úmido típico sobre a bacia amazônica.;Primavera;;;;;;;;;;;;;;;;;;;;;
2021-12-05 00:00:00;Nordeste;mTa;Regiao sob fluxo predominante de leste/sudeste associado ao transporte de umidade do oceano, caracterizando a dominancia da massa tropical atlantica sobre o setor.;Primavera;;;;;;;;;;;;;;;;;;;;;
2021-12-05 00:00:00;Litoral;mTa;Regiao sob influencia da circulacao periferica da alta pressao subtropical, caracterizando o dominio da Massa Tropical Atlantica, quente e umida sobre o litoral brasileiro.;Primavera;;;;;;;;;;;;;;;;;;;;;
2021-12-05 00:00:00;Centro;mEc;Região sob influência da massa Equatorial Continental (mEc), caracterizada por ar quente e úmido no interior do continente, mantendo estabilidade térmica sobre o Centro-Oeste.;Primavera;;;;;;;;;;;;;;;;;;;;;
2021-12-05 00:00:00;Sul;mPa;A região delimitada apresenta características de fluxo polar, com temperaturas mais amenas e regime de circulação condicionado ao avanço de sistema frontal anteriormente posicionad;Primavera;;;;;;;;;;;;;;;;;;;;;
2021-12-06 00:00:00;Norte;mEc;Dominio latitudinal sobre a regiao Amazonica com caracteristicas de estabilidade termica e alta umidade, tipicas da massa de ar equatorial continental.;Primavera;;;;;;;;;;;;;;;;;;;;;
2021-12-06 00:00:00;Nordeste;mTa;Região sob influência predominante do fluxo de leste/sudeste, transportando ar quente e úmido do oceano para o continente, caracterizando o domínio da massa tropical atlântica.;Primavera;;;;;;;;;;;;;;;;;;;;;
2021-12-06 00:00:00;Litoral;mTa;A região delimitada está sob influência do fluxo marítimo da Alta Subtropical do Atlântico Sul, caracterizando a predominância de ar quente e úmido da massa Tropical Atlântica.;Primavera;;;;;;;;;;;;;;;;;;;;;
2021-12-06 00:00:00;Centro;mTa;Região sob influência da circulação da ASAS, apresentando características de massa quente e úmida, típicas da mTa, transportando umidade marítima para o interior do país.;Primavera;;;;;;;;;;;;;;;;;;;;;
2021-12-06 00:00:00;Sul;mPa;A região demarcada apresenta temperaturas baixas e fluxo de sul/sudeste, caracterizando a permanência da Massa Polar Atlântica após a passagem de sistema frontal pelo setor.;Primavera;;;;;;;;;;;;;;;;;;;;;
2021-12-07 00:00:00;Norte;mEc;A região delimitada encontra-se sobre a bacia amazônica, sob predomínio da massa de ar quente e úmida de origem continental, mantendo características térmicas estáveis na área.;Primavera;;;;;;;;;;;;;;;;;;;;;
2021-12-07 00:00:00;Nordeste;mTa;Predomínio de característica quente e úmida associada ao fluxo marítimo na borda de alta pressão oceânica que incide sobre o setor nordeste, configurando a massa tropical atlântica;Primavera;;;;;;;;;;;;;;;;;;;;;
2021-12-07 00:00:00;Litoral;mTa;A região delimitada no litoral leste do Brasil encontra-se sob influência do fluxo equatorial estabelecido pela alta pressão subtropical do Atlântico, configurando o domínio da mTa;Primavera;;;;;;;;;;;;;;;;;;;;;
2021-12-07 00:00:00;Centro;mTc;Regiao central sob influencia do centro de baixa pressao termica (Depressao do Chaco), caracterizando ar quente e seco com gradientes termicos elevados na area delimitada.;Primavera;;;;;;;;;;;;;;;;;;;;;
2021-12-07 00:00:00;Sul;mPa;A região apresenta declínio de temperaturas e valores higrométricos condizentes com a presença de massa de ar pós-frontal, configurando o avanço da mPa sobre o Sul do país.;Primavera;;;;;;;;;;;;;;;;;;;;;
2021-12-08 00:00:00;Norte;mEc;Região central da Bacia Amazônica sob domínio característico da Massa Equatorial Continental, apresentando umidade elevada e temperaturas altas, sem influência de sistemas frontais;Primavera;;;;;;;;;;;;;;;;;;;;;
2021-12-08 00:00:00;Nordeste;mTa;Regiao sob influencia do escoamento de leste-sudeste proveniente da alta pressao subtropical do Atlantico Sul, caracterizando a predominancia de massa tropical quente e umida.;Primavera;;;;;;;;;;;;;;;;;;;;;
2021-12-08 00:00:00;Litoral;mTa;A região encontra-se sob influência do escoamento marítimo de leste, característico da circulação da ASAS, favorecendo o transporte de ar quente e úmido sobre o litoral.;Primavera;;;;;;;;;;;;;;;;;;;;;
2021-12-08 00:00:00;Centro;mTa;Regiao sob influencia do escoamento de umidade do oceano para o continente, mantendo temperaturas elevadas e umidade significativa, caracteristicas da mTa que circula o anticiclone;Primavera;;;;;;;;;;;;;;;;;;;;;
2021-12-08 00:00:00;Sul;mPa;A região delimitada encontra-se sob a influência direta do avanço de uma massa de ar frio e seco (mPa), caracterizada pela queda de temperatura e declínio do ponto de orvalho.;Primavera;;;;;;;;;;;;;;;;;;;;;
2021-12-09 00:00:00;Norte;mEc;A região delimitada abrange a bacia amazônica e áreas continentais adjacentes, onde a massa de ar quente e úmida de origem continental (mEc) é soberana e permanente.;Primavera;;;;;;;;;;;;;;;;;;;;;
2021-12-09 00:00:00;Nordeste;mTa;Regiao sob clara influencia do fluxo de leste/sudeste proveniente do Atlantico Sul, caracterizando a predominancia da massa tropical atlantica quente e umida sobre o setor.;Primavera;;;;;;;;;;;;;;;;;;;;;
2021-12-09 00:00:00;Litoral;mTa;Regiao sob influencia do escoamento do quadrante leste/sudeste associado ao cinturão de alta pressao do Atlantico Sul, caracterizando o fluxo de ar quente e umido da mTa.;Primavera;;;;;;;;;;;;;;;;;;;;;
2021-12-09 00:00:00;Centro;mTc;A região delimitada sobre o interior do continente apresenta características de baixa pressão térmica, indicando o domínio da massa Tropical Continental, quente e seca.;Primavera;;;;;;;;;;;;;;;;;;;;;
2021-12-09 00:00:00;Sul;mPa;A região delimitada encontra-se sob a influência direta do avanço da massa polar atlântica, caracterizada pelo gradiente térmico e fluxo de sul pós-frontal no setor.;Primavera;;;;;;;;;;;;;;;;;;;;;
2021-12-10 00:00:00;Norte;mEc;Regiao central e norte da Amazonia sob influencia direta da massa Equatorial Continental, caracterizada pela predominancia de altas temperaturas e elevada umidade atmosferica.;Primavera;;;;;;;;;;;;;;;;;;;;;
2021-12-10 00:00:00;Nordeste;mTa;A região demarcada encontra-se sob domínio do escoamento marítimo quente e úmido de leste/sudeste, característico da massa Tropical Atlântica que circula o sistema de alta pressão.;Primavera;;;;;;;;;;;;;;;;;;;;;
2021-12-10 00:00:00;Litoral;mPa;A regiao delimitada encontra-se instavel devido a presenca de uma frente fria. A massa de ar que avanca logo apos este sistema e tipicamente a mPa, caracterizada por ser fria e umi;Primavera;;;;;;;;;;;;;;;;;;;;;
2021-12-10 00:00:00;Centro;mPa;A regiao delimitada encontra-se sob a influência direta do transporte de ar frio e úmido após a passagem de uma frente fria, caracterizando o domínio da massa polar atlântica.;Primavera;;;;;;;;;;;;;;;;;;;;;
2021-12-10 00:00:00;Sul;mPa;A região delimitada encontra-se sob influência de um anticiclone pós-frontal, com advecção fria característica da Massa Polar Atlântica avançando sobre o setor sul do continente.;Primavera;;;;;;;;;;;;;;;;;;;;;
2021-12-11 00:00:00;Norte;mEc;A regiao delimitada esta sob influencia direta da Massa Equatorial Continental, caracterizada pela predominancia de umidade e calor, tipica da bacia amazonica e sem interferencia f;Primavera;;;;;;;;;;;;;;;;;;;;;
2021-12-11 00:00:00;Nordeste;mTa;A região apresenta predominância de umidade e calor sob influência do escoamento marítimo persistente proveniente da periferia da alta pressão subtropical do Atlântico Sul.;Primavera;;;;;;;;;;;;;;;;;;;;;
2021-12-11 00:00:00;Litoral;mPa;A regiao delimitada esta posicionada a retaguarda da frente fria, caracterizando o avanco e a atuacao da massa de ar polar, que promove queda de temperatura e umidade.;Primavera;;;;;;;;;;;;;;;;;;;;;
2021-12-11 00:00:00;Centro;mTc;Região sob influência de ar quente e seco de origem continental, caracterizada pela subsidência associada à depressão térmica do Chaco e ausência de incursão de massa polar.;Primavera;;;;;;;;;;;;;;;;;;;;;
2021-12-11 00:00:00;Sul;mTa;Na regiao delimitada, observa-se o predominio de fluxo de norte/nordeste associado ao escoamento da ASAS sobre o oceano, caracterizando a atuacao da mTa.;Primavera;;;;;;;;;;;;;;;;;;;;;
2021-12-12 00:00:00;Norte;mEc;Regiao central e norte da Amazonia sob influencia da massa Equatorial Continental, caracterizada pela predominancia de ar quente e umido em ambiente de pressao difusa.;Primavera;;;;;;;;;;;;;;;;;;;;;
2021-12-12 00:00:00;Nordeste;mTa;Predominância de circulação marítima sobre o setor nordestino, com transporte de umidade e calor sob influência da estabilidade da alta subtropical do Atlântico Sul.;Primavera;;;;;;;;;;;;;;;;;;;;;
2021-12-12 00:00:00;Litoral;mTa;Regiao sob influencia do fluxo marítimo do quadrante leste/sudeste, condicionado pelo escoamento da alta subtropical, caracterizando o domínio da massa Tropical Atlântica.;Primavera;;;;;;;;;;;;;;;;;;;;;
2021-12-12 00:00:00;Centro;mTa;Predominância de ar quente e úmido vindo do oceano sob influência da circulação anticiclônica do Atlântico Sul que estabelece o fluxo sobre a região central do Brasil.;Primavera;;;;;;;;;;;;;;;;;;;;;
2021-12-12 00:00:00;Sul;mPa;A regiao delimitada esta sob influencia de adveccao de ar frio e seco apos a passagem de um sistema frontal, caracterizando o avanco e predominio da massa polar atlantica.;Primavera;;;;;;;;;;;;;;;;;;;;;
2021-12-13 00:00:00;Norte;mEc;A região delimitada abrange a bacia amazônica e áreas continentais adjacentes, onde predomina a Massa Equatorial Continental, caracterizada por elevados teores de umidade e calor l;Primavera;;;;;;;;;;;;;;;;;;;;;
2021-12-13 00:00:00;Nordeste;mTa;A região sob o retângulo vermelho encontra-se sob influência do escoamento marítimo predominantemente quente e úmido vindo do Atlântico, caracterizando o domínio da massa Tropical ;Primavera;;;;;;;;;;;;;;;;;;;;;
2021-12-13 00:00:00;Litoral;mTa;A região delimitada está sob forte influência do escoamento marítimo vindo do Atlântico Sul, caracterizando a predominância e estabilidade da massa de ar Tropical Atlântica.;Primavera;;;;;;;;;;;;;;;;;;;;;
2021-12-13 00:00:00;Centro;mTa;Região sob influência da circulação da ASAS, apresentando características de massa quente e úmida, típicas do transporte de umidade do Atlântico para o interior do país.;Primavera;;;;;;;;;;;;;;;;;;;;;
2021-12-13 00:00:00;Sul;mPa;A região delimitada encontra-se sob a influência direta do avanço de uma massa de ar polar, caracterizada pelo gradiente de pressão pós-frontal identificável no setor Sul.;Primavera;;;;;;;;;;;;;;;;;;;;;
2021-12-14 00:00:00;Norte;mEc;Região situada na bacia Amazônica, caracterizada por baixos gradientes de pressão e condições de umidade elevada, típicas da massa Equatorial Continental em seu domínio térmico.;Primavera;;;;;;;;;;;;;;;;;;;;;
2021-12-14 00:00:00;Nordeste;mTa;Dominio do fluxo de leste-nordeste oriundo do oceano Atlantico tropical, caracterizando a atuacao da massa de ar Tropical Atlantica na regiao nordestina.;Primavera;;;;;;;;;;;;;;;;;;;;;
2021-12-14 00:00:00;Litoral;mTa;A região do litoral leste encontra-se sob influência do escoamento marítimo associado à circulação anticiclônica oceânica, caracterizando a predominância da mTa.;Primavera;;;;;;;;;;;;;;;;;;;;;
2021-12-14 00:00:00;Centro;mTa;Região situada sob influência do escoamento marítimo e umidade oceânica, caracterizada por temperaturas amenas e condições típicas do transporte de umidade da circulação marítima.;Primavera;;;;;;;;;;;;;;;;;;;;;
2021-12-14 00:00:00;Sul;mPa;A região delimitada no setor Sul encontra-se sob influência direta do avanço de uma massa de ar pós-frontal, caracterizada pelo ingresso de ar frio e úmido sobre o continente.;Primavera;;;;;;;;;;;;;;;;;;;;;
2021-12-15 00:00:00;Norte;mEc;A região delimitada abrange a bacia amazônica e áreas continentais adjacentes, onde a massa de ar quente e úmida de origem continental predomina no campo de pressão verificado.;Primavera;;;;;;;;;;;;;;;;;;;;;
2021-12-15 00:00:00;Nordeste;mTa;Regiao sob fluxo predominante de leste, caracteristico da circulacao periferica da alta subtropical do Atlantico Sul, configurando o dominio da massa Tropical Atlantica.;Primavera;;;;;;;;;;;;;;;;;;;;;
2021-12-15 00:00:00;Litoral;mTa;A região destacada está sob a influência do escoamento marítimo provocado pela Alta Subtropical do Atlântico Sul, caracterizando a presença da Massa Tropical Atlântica.;Primavera;;;;;;;;;;;;;;;;;;;;;
2021-12-15 00:00:00;Centro;mTa;Região sob influência direta do fluxo de umidade do oceano provindo da circulação marítima, caracterizando a predominância da massa tropical atlântica.;Primavera;;;;;;;;;;;;;;;;;;;;;
2021-12-15 00:00:00;Sul;mPa;A região delimitada está sob influência da massa polar atlântica, caracterizada pelo ingresso de ar frio e gradiente de pressão pós-frontal observado no setor sul e sudeste.;Primavera;;;;;;;;;;;;;;;;;;;;;
2021-12-16 00:00:00;Norte;mEc;A região delimitada abrange a bacia amazônica, onde predomina a Massa Equatorial Continental, caracterizada por ser quente e úmida, típica da estação chuvosa na região Norte.;Primavera;;;;;;;;;;;;;;;;;;;;;
2021-12-16 00:00:00;Nordeste;mTa;A região encontra-se sob influência do escoamento marítimo de leste/sudeste associado à circulação periférica da alta pressão subtropical, caracterizando o predomínio da mTa.;Primavera;;;;;;;;;;;;;;;;;;;;;
2021-12-16 00:00:00;Litoral;mTa;Região sob influência direta da circulação marítima da alta pressão, caracterizando a atuação da massa Tropical Atlântica com transporte de umidade para o litoral.;Primavera;;;;;;;;;;;;;;;;;;;;;
2021-12-16 00:00:00;Centro;mEc;A região central encontra-se sob domínio de umidade e instabilidade características da Massa Equatorial Continental, que atua de forma persistente sobre o interior do Brasil.;Primavera;;;;;;;;;;;;;;;;;;;;;
2021-12-16 00:00:00;Sul;mTa;A região delimitada está sob o domínio do fluxo subsidente e circulatório do anticiclone oceânico, caracterizando a predominância da massa de ar Tropical Atlântica (mTa).;Primavera;;;;;;;;;;;;;;;;;;;;;
2021-12-17 00:00:00;Norte;mEc;Regiao central e norte do continente sob influencia de baixas pressoes termicas, caracteristica da Massa Equatorial Continental, com elevada umidade e ausencia de frentes frias.;Primavera;;;;;;;;;;;;;;;;;;;;;
2021-12-17 00:00:00;Nordeste;mTa;A região encontra-se sob influência do escoamento de leste/sudeste associado à ASAS sobre o Atlântico, caracterizando o predomínio da mTa, quente e úmida, na costa e interior do NE;Primavera;;;;;;;;;;;;;;;;;;;;;
2021-12-17 00:00:00;Litoral;mTa;A região demarcada apresenta domínio de um campo de alta pressão oceânica, caracterizando a atuação da massa Tropical Atlântica (mTa), quente e úmida, sobre o litoral do Nordeste.;Primavera;;;;;;;;;;;;;;;;;;;;;
2021-12-17 00:00:00;Centro;mTc;A região central apresenta características de ar quente e seco, típica da Depressão do Chaco, sob influência térmica continental sem a presença direta de sistemas de umidade maríti;Primavera;;;;;;;;;;;;;;;;;;;;;
2021-12-17 00:00:00;Sul;mTa;A região encontra-se sob influência do escoamento marítimo associado ao sistema de alta pressão oceânica, caracterizando a atuação predominante da massa Tropical Atlântica (mTa).;Primavera;;;;;;;;;;;;;;;;;;;;;
2021-12-18 00:00:00;Norte;mEc;A regiao compreende a bacia Amazonica, onde a presenca desta massa quente e umida e persistente, caracterizando as condicoes termodinâmicas predominantes sobre o continente.;Primavera;;;;;;;;;;;;;;;;;;;;;
2021-12-18 00:00:00;Nordeste;mTa;A região delimitada está sob forte influência do escoamento marítimo oriundo do Atlântico Sul, caracterizando a predominância da massa Tropical Atlântica (mTa) em toda a costa e in;Primavera;;;;;;;;;;;;;;;;;;;;;
2021-12-18 00:00:00;Litoral;mTa;Região sob influência direta do fluxo zonal marítimo de leste, característico da circulação da alta subtropical sobre o Atlântico Sul, infundindo umidade no setor costeiro.;Primavera;;;;;;;;;;;;;;;;;;;;;
2021-12-18 00:00:00;Centro;mEc;Região central sob influência da massa Equatorial Continental, caracterizada pela presença de umidade e instabilidade constantes sobre o interior do continente, sem atuação de fren;Primavera;;;;;;;;;;;;;;;;;;;;;
2021-12-18 00:00:00;Sul;mTa;A regiao delimitada esta sob influencia direta do fluxo zonal associado a alta pressao do Atlantico Sul, caracterizando a predominancia de caracteristicas da Massa Tropical Atlanti;Primavera;;;;;;;;;;;;;;;;;;;;;
2021-12-19 00:00:00;Norte;mEc;A região delimitada abrange a bacia amazônica, onde predomina uma massa de ar quente e úmida de origem continental, característica da mEc, sem influência de sistemas frontais.;Primavera;;;;;;;;;;;;;;;;;;;;;
2021-12-19 00:00:00;Nordeste;mTa;Região sob influência direta do fluxo de leste/sudeste proveniente do Atlântico Tropical, caracterizando a predominância de ar quente e úmido associado à circulação marítima.;Primavera;;;;;;;;;;;;;;;;;;;;;
2021-12-19 00:00:00;Litoral;mTa;A região delimitada está sob forte influência do fluxo marítimo do Atlântico Sul, caracterizado por ar quente e úmido, evidenciando o domínio da massa Tropical Atlântica no litoral;Primavera;;;;;;;;;;;;;;;;;;;;;
2021-12-19 00:00:00;Centro;mTa;A região encontra-se sob influência do fluxo equatorial/tropical marítimo proveniente do oceano, caracterizando uma massa quente e úmida que domina boa parte do Brasil central.;Primavera;;;;;;;;;;;;;;;;;;;;;
2021-12-19 00:00:00;Sul;mPa;A região delimitada encontra-se atrás de uma frente fria, sob influência da circulação de uma massa de ar frio e úmido que avança sobre o Sul e Sudeste do Brasil.;Primavera;;;;;;;;;;;;;;;;;;;;;
2021-12-20 00:00:00;Norte;mEc;A região delimitada encontra-se sobre a bacia amazônica, livre de influência de sistemas frontais, caracterizando o predomínio da massa equatorial continental (mEc), quente e úmida;Primavera;;;;;;;;;;;;;;;;;;;;;
2021-12-20 00:00:00;Nordeste;mTa;Região sob influência direta do fluxo de leste/sudeste associado ao transporte marítimo, caracterizando a predominância da Massa Tropical Atlântica sobre o setor.;Primavera;;;;;;;;;;;;;;;;;;;;;
2021-12-20 00:00:00;Litoral;mTa;Regiao sob dominio da circulacao maritima leste/sudeste associada ao escoamento da alta pressao sobre o Oceano Atlantico, caracterizando massa de ar quente e umida.;Primavera;;;;;;;;;;;;;;;;;;;;;
2021-12-20 00:00:00;Centro;mEc;Região central sob influência de massa de ar quente e úmida de origem continental, predominante sobre o interior do Brasil, caracterizada pelos altos valores de temperatura e umida;Primavera;;;;;;;;;;;;;;;;;;;;;
2021-12-20 00:00:00;Sul;mPa;A região delimitada encontra-se sob influência do avanço de uma massa polar após a passagem da frente fria, caracterizada pela queda nas temperaturas e mudança na direção dos vento;Primavera;;;;;;;;;;;;;;;;;;;;;
2021-12-21 00:00:00;Norte;mEc;A região delimitada abrange a bacia amazônica e áreas continentais adjacentes, onde predomina o ar quente e úmido característico da massa Equatorial Continental devido à ausência d;Verão;;;;;;;;;;;;;;;;;;;;;
2021-12-21 00:00:00;Nordeste;mTa;Região sob influência direta do escoamento marítimo de leste/sudeste associado ao gradiente de pressão no Oceano Atlântico, caracterizando a predominância da Massa Tropical Atlânti;Verão;;;;;;;;;;;;;;;;;;;;;
2021-12-21 00:00:00;Litoral;mTa;A região delimitada encontra-se sob a influência direta do escoamento marítimo de leste/nordeste associado à célula de alta pressão do Atlântico Sul, caracterizando a mTa.;Verão;;;;;;;;;;;;;;;;;;;;;
2021-12-21 00:00:00;Centro;mTa;A região encontra-se sob influência da circulação da ASAS, caracterizando o predomínio de ar quente e úmido transportado do Atlântico para o continente.;Verão;;;;;;;;;;;;;;;;;;;;;
2021-12-21 00:00:00;Sul;mTa;A regiao apresenta predominancia do fluxo da circulaçao maritima associada ao anticiclone subtropical, configurando o dominio da Massa Tropical Atlantica (mTa) sobre a area delimit;Verão;;;;;;;;;;;;;;;;;;;;;
2021-12-22 00:00:00;Norte;mEc;Regiao central sob influencia da massa equatorial continental, caracterizada por altas temperaturas e elevada umidade, tipica do interior da Amazonia brasileira.;Verão;;;;;;;;;;;;;;;;;;;;;
2021-12-22 00:00:00;Nordeste;mTa;Dominância do escoamento de leste/sudeste associado ao transporte de umidade do oceano para o continente, mantendo características de massa quente e úmida sobre o Nordeste.;Verão;;;;;;;;;;;;;;;;;;;;;
2021-12-22 00:00:00;Litoral;mTa;A regiao delimitada esta sob o regime de circulacao do escoamento zonal de leste, caracteristico da atuacao da mTa, mantendo condicoes de estabilidade e umidade no litoral.;Verão;;;;;;;;;;;;;;;;;;;;;
2021-12-22 00:00:00;Centro;mEc;A região está situada sobre o interior do continente, sob influência de ar quente e úmido característico da massa equatorial continental, predominante na estação e sem influência d;Verão;;;;;;;;;;;;;;;;;;;;;
2021-12-22 00:00:00;Sul;mTa;A região delimitada está sob forte influência do escoamento marítimo de leste/nordeste associado à ASAS, caracterizando o domínio da massa Tropical Atlântica (mTa) quente e úmida.;Verão;;;;;;;;;;;;;;;;;;;;;
2021-12-23 00:00:00;Norte;mEc;Regiao central e norte da Amazonia, caracterizada por altas temperaturas e elevada umidade, evidenciando o dominio da Massa Equatorial Continental sobre o continente.;Verão;;;;;;;;;;;;;;;;;;;;;
2021-12-23 00:00:00;Nordeste;mTa;Predominio da massa Tropical Atlantica, caracterizada pelo fluxo de leste quente e umido proveniente do oceano sobre a regiao Nordeste, sob influencia do campo de alta pressao.;Verão;;;;;;;;;;;;;;;;;;;;;
2021-12-23 00:00:00;Litoral;mTa;A região do litoral delimitada está sob influência do fluxo marítimo persistente associado à circulação anticiclônica do Atlântico Sul, caracterizando a predominância da mTa.;Verão;;;;;;;;;;;;;;;;;;;;;
2021-12-23 00:00:00;Centro;mTc;Regiao central do continente caracterizada por estabilidade termica e baixa umidade, sob influencia direta da massa tropical continental (Depressao do Chaco).;Verão;;;;;;;;;;;;;;;;;;;;;
2021-12-23 00:00:00;Sul;mTa;Predominancia de escoamento maritimo proveniente do Atlantico Sul, sob a influencia direta da circulacao de alta pressao que transporta ar quente e umido para a regiao Sul.;Verão;;;;;;;;;;;;;;;;;;;;;
2021-12-24 00:00:00;Norte;mEc;Região central da Bacia Amazônica sob domínio da Massa Equatorial Continental, caracterizada pela predominância de ar quente e úmido em padrão de circulação térmica continental.;Verão;;;;;;;;;;;;;;;;;;;;;
2021-12-24 00:00:00;Nordeste;mTa;A região encontra-se sob influência do escoamento de leste do Atlântico associado à circulação marítima quente e úmida, característica da Massa Tropical Atlântica.;Verão;;;;;;;;;;;;;;;;;;;;;
2021-12-24 00:00:00;Litoral;mTa;A regiao delimitada encontra-se sob a influencia direta do fluxo maritimo constante do Atlantico Sul, caracteristico da massa Tropical Atlantica, mantendo estabilidade e umidade.;Verão;;;;;;;;;;;;;;;;;;;;;
2021-12-24 00:00:00;Centro;mTa;A região delimitada encontra-se sob influência da circulação da alta pressão do Atlântico Sul, caracterizando a predominância de ar quente e úmido da massa Tropical Atlântica.;Verão;;;;;;;;;;;;;;;;;;;;;
2021-12-24 00:00:00;Sul;mPa;A região delimitada encontra-se sob influência de um sistema frontal, com circulação de ar frio e úmido característica de uma massa de ar polar avançando pelo Sul do país.;Verão;;;;;;;;;;;;;;;;;;;;;
2021-12-25 00:00:00;Norte;mEc;A região delimitada compreende a bacia Amazônica, onde a Massa Equatorial Continental estabelece seu domínio característico de baixas pressões, alta temperatura e elevada umidade.;Verão;;;;;;;;;;;;;;;;;;;;;
2021-12-25 00:00:00;Nordeste;mTa;A região destacada está sob influência do fluxo marítimo vindo do Atlântico Sul, caracterizando o predomínio de ar quente e úmido de origem tropical marítima.;Verão;;;;;;;;;;;;;;;;;;;;;
2021-12-25 00:00:00;Litoral;mEa;A região delimitada no litoral nordeste encontra-se sob influência da circulação equatorial úmida, caracterizando o domínio da massa Equatorial Atlântica.;Verão;;;;;;;;;;;;;;;;;;;;;
2021-12-25 00:00:00;Centro;mTa;Zona sob influência do escoamento marítimo vindo do Atlântico, configurando o predomínio da massa Tropical Atlântica com ventos de leste/sudeste trazendo umidade para a região.;Verão;;;;;;;;;;;;;;;;;;;;;
2021-12-25 00:00:00;Sul;mTa;A região sob análise está sob influência direta do fluxo marítimo da alta pressão do Atlântico Sul, caracterizando a predominância da massa Tropical Atlântica.;Verão;;;;;;;;;;;;;;;;;;;;;
2021-12-26 00:00:00;Norte;mEc;Região sob influência da Massa Equatorial Continental, caracterizada por ar quente e úmido, predominante na bacia amazônica e sem presença de influência direta de sistemas frontais;Verão;;;;;;;;;;;;;;;;;;;;;
2021-12-26 00:00:00;Nordeste;mTa;Regiao sob influencia do escoamento de leste-nordeste oriundo do oceano, caracterizando a presenca da Massa Tropical Atlantica (mTa) com transporte de umidade para o setor.;Verão;;;;;;;;;;;;;;;;;;;;;
2021-12-26 00:00:00;Litoral;mTa;A região delimitada está sob influência do escoamento marítimo quente e úmido de leste/sudeste, característico da Massa Tropical Atlântica que domina o setor costeiro.;Verão;;;;;;;;;;;;;;;;;;;;;
2021-12-26 00:00:00;Centro;mPa;A região demarcada encontra-se sob o avanço de uma frente fria, caracterizando o ingresso e predomínio de uma massa de ar mais fria e úmida de origem polar (mPa) no setor.;Verão;;;;;;;;;;;;;;;;;;;;;
2021-12-26 00:00:00;Sul;mPa;A região delimitada encontra-se sob influência de massa de ar pós-frontal, com advecção de ar frio e seco, caracterizando o domínio da mPa após a passagem de um sistema frontal.;Verão;;;;;;;;;;;;;;;;;;;;;
2021-12-27 00:00:00;Norte;mEc;A região delimitada abrange a bacia amazônica, onde a mEc predomina como uma massa de ar quente e úmida, característica da sua localização geográfica e período sazonal em análise.;Verão;;;;;;;;;;;;;;;;;;;;;
2021-12-27 00:00:00;Nordeste;mTa;Predominancia da Massa Tropical Atlantica, evidenciada pelo fluxo de leste a sudeste oriundo do oceano, transportando ar quente e umido sobre a regiao nordeste.;Verão;;;;;;;;;;;;;;;;;;;;;
2021-12-27 00:00:00;Litoral;mEa;A região delimitada encontra-se sob influência do fluxo equatorial observado no litoral norte e nordeste, caracterizando a predominância de características da mEa.;Verão;;;;;;;;;;;;;;;;;;;;;
2021-12-27 00:00:00;Centro;mEc;A região central encontra-se sob domínio de um sistema de baixa pressão térmica, indicando influência predominante da massa equatorial continental (mEc), característica da estação.;Verão;;;;;;;;;;;;;;;;;;;;;
2021-12-27 00:00:00;Sul;mPa;A região delimitada sofre influência direta do avanço de uma frente fria, caracterizando a penetração da massa de ar Polar Atlântica (mPa) sobre o setor.;Verão;;;;;;;;;;;;;;;;;;;;;
2021-12-28 00:00:00;Norte;mEc;A regiao delimitada esta inteiramente sobre a bacia Amazonica, caracterizada pela predominancia da massa de ar quente e umida de origem continental, tipica do setor continental nor;Verão;;;;;;;;;;;;;;;;;;;;;
2021-12-28 00:00:00;Nordeste;mTa;A região delimitada está sob a influência do escoamento marítimo associado ao sistema de alta pressão do Atlântico Sul, caracterizando a predominância da Massa Tropical Atlântica.;Verão;;;;;;;;;;;;;;;;;;;;;
2021-12-28 00:00:00;Litoral;mTa;A área delimitada situa-se sob influência persistente do fluxo marítimo de sudeste, característico da Massa Tropical Atlântica (mTa), mantendo condições quentes e úmidas no litoral;Verão;;;;;;;;;;;;;;;;;;;;;
2021-12-28 00:00:00;Centro;mTa;A região encontra-se sob influência do fluxo marítimo de sudeste associado à ASAS, caracterizando o transporte de ar quente e úmido sobre o setor delimitado.;Verão;;;;;;;;;;;;;;;;;;;;;
2021-12-28 00:00:00;Sul;mTa;A região encontra-se sob o quadrante noroeste do sistema de alta pressão oceânico, caracterizando o fluxo marítimo e a predominância da massa Tropical Atlântica (mTa).;Verão;;;;;;;;;;;;;;;;;;;;;
2021-12-29 00:00:00;Norte;mEc;A regiao delimitada esta sob a influencia direta da massa de ar quente e umida de origem continental (Amazonia), caracteristica da circulacao equatorial neste setor.;Verão;;;;;;;;;;;;;;;;;;;;;
2021-12-29 00:00:00;Nordeste;mTa;Regiao sob clara influencia da circulacao de umidade e calor proveniente do Oceano Atlantico, caracteristica do transporte marítimo da massa Tropical Atlantica.;Verão;;;;;;;;;;;;;;;;;;;;;
2021-12-29 00:00:00;Litoral;mTa;Regiao sob dominio do fluxo de leste/sudeste associado a alta pressao do Atlantico Sul, caracterizando a presenca da Massa Tropical Atlantica (mTa) quente e umida no setor costeiro;Verão;;;;;;;;;;;;;;;;;;;;;
2021-12-29 00:00:00;Centro;mEc;A região central encontra-se sob domínio da massa de ar quente e úmida de origem continental (mEc), apresentando características de instabilidade tropical sobre o interior do país.;Verão;;;;;;;;;;;;;;;;;;;;;
2021-12-29 00:00:00;Sul;mTa;Região sob influência direta da circulação marítima quente e úmida transportada pelos ventos de quadrante leste/nordeste associados à presença da circulação anticiclônica oceânica.;Verão;;;;;;;;;;;;;;;;;;;;;
2021-12-30 00:00:00;Norte;mEc;A região delimitada abrange a bacia amazônica e áreas continentais adjacentes, onde predomina a massa Equatorial Continental, caracterizada por ser quente e úmida.;Verão;;;;;;;;;;;;;;;;;;;;;
2021-12-30 00:00:00;Nordeste;mTa;A região encontra-se sob influência do fluxo equatorial e tropical oceânico, caracterizada pela predominância da massa Tropical Atlântica, que escoa do oceano para o continente.;Verão;;;;;;;;;;;;;;;;;;;;;
2021-12-30 00:00:00;Litoral;mTa;Area sob influencia do fluxo maritimo vindo do oceano, caracteristico da circulacao de alta pressao que transporta ar quente e umido para o litoral brasileiro.;Verão;;;;;;;;;;;;;;;;;;;;;
2021-12-30 00:00:00;Centro;mTc;A região central delimitada encontra-se sob domínio da Depressão Térmica do Chaco, caracterizando a influência da Massa Tropical Continental, típica de ar quente e seco no interior;Verão;;;;;;;;;;;;;;;;;;;;;
2021-12-30 00:00:00;Sul;mTa;A região delimitada está sob influência do fluxo marítimo estabelecido pela gradiente de pressão do oceano, caracterizando a predominância da massa de ar Tropical Atlântica (mTa).;Verão;;;;;;;;;;;;;;;;;;;;;
2021-12-31 00:00:00;Norte;mEc;Região sob influência direta da massa de ar quente e úmida de origem continental, mantendo características de estabilidade térmica típicas da bacia amazônica e adjacências.;Verão;;;;;;;;;;;;;;;;;;;;;
2021-12-31 00:00:00;Nordeste;mTa;A região demarcada apresenta domínio dos ventos de leste provenientes do oceano Atlântico, caracterizando a influência predominante da massa Tropical Atlântica na subida da costa.;Verão;;;;;;;;;;;;;;;;;;;;;
2021-12-31 00:00:00;Litoral;mTa;A região delimitada está sob forte influência do escoamento marítimo oriundo do sistema de alta pressão sobre o oceano, caracterizando o domínio da massa Tropical Atlântica.;Verão;;;;;;;;;;;;;;;;;;;;;
2021-12-31 00:00:00;Centro;mTc;A região delimitada situa-se sobre o interior do continente, sob influência da Depressão do Chaco, caracterizando-se pela atuação da Massa Tropical Continental (mTc), quente e seca;Verão;;;;;;;;;;;;;;;;;;;;;
2021-12-31 00:00:00;Sul;mPa;A região demarcada encontra-se sob influência de um avanço de massa de ar pós-frontal, característica de uma mPa, evidenciada pela circulação sinótica de sul/sudeste sobre a área.;Verão;;;;;;;;;;;;;;;;;;;;;
;;;;;;;;;;;;;;;;;;;;;;;;;
;;;;;;;;;;;;;;;;;;;;;;;;;
;;;;;;;;;;;;;;;;;;;;;;;;;
;;;;;;2022;;;;;;;;;;;;;;;;;;;
;;;;;;;;;;;;;;;;;;;;;;;;;
;;;;;;;;;;;;;;;;;;;;;;;;;
;;;;;;;;;;;;;;;;;;;;;;;;;
;;;;;;;;;;;;;;;;;;;;;;;;;
;;;;;;;;;;;;;;;;;;;;;;;;;
;;;;;;;;;;;;;;;;;;;;;;;;;
