DATA CARTA;REGIÃO;MASSA DE AR;DESCRIÇÃO;;;;;;;;;;;;;;;;;
2022-01-01 00:00:00;Norte;mEc;Regiao central e norte da Amazonia apresentando caracteristicas tipicas de uma massa quente e umida, mantendo estabilidade continental sem influencia de frentes frias.;Verão;;;;;;;;;;;;;;;;
2022-01-01 00:00:00;Nordeste;mTa;Predominância de ar quente e úmido transportado pelos ventos de leste provenientes do setor oceânico, caracterizando a influência da massa Tropical Atlântica na região delimitada.;Verão;;;;;;;;;;;;;;;;
2022-01-01 00:00:00;Litoral;mTa;A região delimitada está sob forte influência do escoamento marítimo de leste, característico da circulação da massa tropical atlântica, garantindo ar quente e úmido no litoral.;Verão;;;;;;;;;;;;;;;;
2022-01-01 00:00:00;Centro;mTc;Região do interior do continente, sob influência de ar quente e seco típico da Depressão do Chaco, sem influência direta de ar polar ou fluxo úmido oceânico.;Verão;;;;;;;;;;;;;;;;
2022-01-01 00:00:00;Sul;mTa;A região destacada apresenta circulação anticiclônica associada à alta pressão oceânica, caracterizando a atuação da Massa Tropical Atlântica com tempo quente e úmido.;Verão;;;;;;;;;;;;;;;;
2022-01-02 00:00:00;Norte;mEc;Região central e norte da Amazônia sob influência da massa Equatorial Continental, caracterizada por elevados índices de umidade e calor sobre o interior do continente.;Verão;;;;;;;;;;;;;;;;
2022-01-02 00:00:00;Nordeste;mTa;Predominio de fluxo marítimo sob influência do anticiclone subtropical do Atlântico Sul, transportando ar quente e úmido para o setor leste da região Nordeste.;Verão;;;;;;;;;;;;;;;;
2022-01-02 00:00:00;Litoral;mTa;A regiao apresenta caracteristicas de alta pressao subtropical, sob forte controle da circulacao maritima que transporta umidade e calor, definindo o dominio da mTa.;Verão;;;;;;;;;;;;;;;;
2022-01-02 00:00:00;Centro;mTc;Região situada no interior continental sobre o Mato Grosso do Sul e norte do Paraná, caracterizada por temperaturas altas e estabilidade típica do Chaco, sem influência oceânica.;Verão;;;;;;;;;;;;;;;;
2022-01-02 00:00:00;Sul;mTa;A região encontra-se sob influência da circulação marítima característica da massa Tropical Atlântica, mantendo condições térmicas e de umidade típicas do setor leste do continente;Verão;;;;;;;;;;;;;;;;
2022-01-03 00:00:00;Norte;mEc;A região delimitada abrange a bacia amazônica, onde o regime térmico e a umidade elevada confirmam a atuação predominante da Massa Equatorial Continental.;Verão;;;;;;;;;;;;;;;;
2022-01-03 00:00:00;Nordeste;mTa;Regiao sob predominio do fluxo de leste da alta pressao subtropical do Atlantico Sul, caracterizando a atuacao da massa de ar Tropical Atlantica, quente e umida.;Verão;;;;;;;;;;;;;;;;
2022-01-03 00:00:00;Litoral;mTa;A regiao delimitada esta sob influencia direta do fluxo maritimo do quadrante leste, caracteristico da Massa Tropical Atlantica, que predomina em toda a faixa costeira do litoral l;Verão;;;;;;;;;;;;;;;;
2022-01-03 00:00:00;Centro;mTa;A região encontra-se sob influência da circulação anticiclônica do Atlântico Sul, caracterizando o predomínio de ar quente e úmido de origem marítima (mTa).;Verão;;;;;;;;;;;;;;;;
2022-01-03 00:00:00;Sul;mTa;A região delimitada está sob forte influência do escoamento marítimo oriundo da alta pressão do Atlântico Sul, caracterizando a predominância de ar quente e úmido (mTa).;Verão;;;;;;;;;;;;;;;;
2022-01-04 00:00:00;Norte;mEc;A região delimitada abrange a bacia amazônica e áreas continentais adjacentes, onde a massa equatoral continental (mEc) prevalece como a massa de ar quente e úmida característica.;Verão;;;;;;;;;;;;;;;;
2022-01-04 00:00:00;Nordeste;mTa;A região do Nordeste delimitada encontra-se sob influência direta do escoamento marítimo de leste/sudeste associado à massa de ar quente e úmida que domina a costa.;Verão;;;;;;;;;;;;;;;;
2022-01-04 00:00:00;Litoral;mTa;Região sob influência direta da circulação marítima oceânica, caracterizada por temperaturas elevadas e alta umidade, configurando o domínio da Massa Tropical Atlântica no litoral.;Verão;;;;;;;;;;;;;;;;
2022-01-04 00:00:00;Centro;mTa;Região sob influência da circulação da ASAS, favorecendo o transporte de umidade do oceano para o leste e sudeste do continente, caracterizando o predomínio da massa Tropical Atlân;Verão;;;;;;;;;;;;;;;;
2022-01-04 00:00:00;Sul;mPa;A região delimitada encontra-se sob influência de um avanço de massa de ar pós-frontal, com gradiente de pressão e declínio de temperatura características da massa polar atlântica ;Verão;;;;;;;;;;;;;;;;
2022-01-05 00:00:00;Norte;mEc;A região delimitada abrange a bacia amazônica, onde predomina uma massa de ar quente e úmida de origem continental, característica da mEc, sem influência direta de sistemas frontai;Verão;;;;;;;;;;;;;;;;
2022-01-05 00:00:00;Nordeste;mTa;Regiao sob predominio de fluxo marítimo de leste, característico da atuação da massa Tropical Atlântica transportando umidade e mantendo temperaturas elevadas sobre o Nordeste.;Verão;;;;;;;;;;;;;;;;
2022-01-05 00:00:00;Litoral;mTa;A região encontra-se sob influência da circulação anticiclônica oceânica, caracterizada por transporte de ar quente e úmido vindo do Atlântico, configurando o domínio da mTa.;Verão;;;;;;;;;;;;;;;;
2022-01-05 00:00:00;Centro;mTa;A região delimitada está sob influência do escoamento marítimo associado à circulação da ASAS, caracterizando o transporte de umidade e calor mTa sobre o Sudeste/Centro-Oeste.;Verão;;;;;;;;;;;;;;;;
2022-01-05 00:00:00;Sul;mPa;A região delimitada situa-se na retaguarda da frente fria, caracterizada pelo fluxo de sul/sudeste com perda de calor e umidade, configurando o avanço e domínio da mPa.;Verão;;;;;;;;;;;;;;;;
2022-01-06 00:00:00;Norte;mEc;Região central da Bacia Amazônica sob influência da massa Equatorial Continental, caracterizada por altas temperaturas e elevada umidade, sem interferência de sistemas frontais.;Verão;;;;;;;;;;;;;;;;
2022-01-06 00:00:00;Nordeste;mTa;A região delimitada está sob o domínio do escoamento marítimo tropical, caracterizado pela umidade trazida pelo anticiclone subtropical, predominando a massa Tropical Atlântica.;Verão;;;;;;;;;;;;;;;;
2022-01-06 00:00:00;Litoral;mTa;Região sob influência direta do fluxo de leste/sudeste associado ao gradiente de pressão do oceano, caracterizando um ambiente quente e úmido típico da massa Tropical Atlântica.;Verão;;;;;;;;;;;;;;;;
2022-01-06 00:00:00;Centro;mTa;Regiao sob influencia do escoamento marítimo vindo do Atlantico Sul, caracterizado por transporte de umidade e estabilidade térmica típica da massa Tropical Atlantica.;Verão;;;;;;;;;;;;;;;;
2022-01-06 00:00:00;Sul;mTa;A região delimitada encontra-se sob sobressalto do fluxo de leste/nordeste associado à circulação periférica da ASAS, evidenciando o predomínio da Massa Tropical Atlântica.;Verão;;;;;;;;;;;;;;;;
2022-01-07 00:00:00;Norte;mEc;A região delimitada encontra-se sobre a bacia amazônica, caracterizada por altas temperaturas e elevada umidade, evidenciando o domínio da Massa Equatorial Continental.;Verão;;;;;;;;;;;;;;;;
2022-01-07 00:00:00;Nordeste;mTa;Predominio da massa tropical atlantica na regiao nordeste, caracterizada por altas temperaturas e umidade significativa aportada pelos ventos de leste provenientes do oceano.;Verão;;;;;;;;;;;;;;;;
2022-01-07 00:00:00;Litoral;mTa;A área delimitada encontra-se sob influência do fluxo equatorial/tropical marítimo, caracterizado por ar quente e úmido, típico da circulação de leste do Atlântico Sul.;Verão;;;;;;;;;;;;;;;;
2022-01-07 00:00:00;Centro;mEc;Região central sob influência da massa de ar quente e úmida de origem amazônica, caracterizada por baixas pressões e convergência de umidade sobre o interior do continente.;Verão;;;;;;;;;;;;;;;;
2022-01-07 00:00:00;Sul;mPa;A região delimitada situa-se no setor pós-frontal, sob influência direta do escoamento de uma massa de ar frio e úmido característica da mPa, acompanhada de declínio de temperatura;Verão;;;;;;;;;;;;;;;;
2022-01-08 00:00:00;Norte;mEc;A região delimitada abrange a bacia amazônica e áreas continentais adjacentes, onde predomina uma massa de ar quente e úmida de origem continental, característica da mEc.;Verão;;;;;;;;;;;;;;;;
2022-01-08 00:00:00;Nordeste;mTa;Regiao sob predominio do fluxo de leste/sudeste associado a circulacao periferica da alta pressao do Atlantico Sul, caracterizando a atuacao da massa Tropical Atlantica.;Verão;;;;;;;;;;;;;;;;
2022-01-08 00:00:00;Litoral;mTa;A regiao delimitada encontra-se sob a influencia direta do fluxo zonal leste/nordeste da circulacao oceanica de alta pressao, caracterizando a predominancia da massa Tropical Atlan;Verão;;;;;;;;;;;;;;;;
2022-01-08 00:00:00;Centro;mTa;Regiao sob influencia do escoamento oceanico do anticiclone subtropical do Atlantico Sul, caracterizando a predominancia de ar quente e umido de origem maritima.;Verão;;;;;;;;;;;;;;;;
2022-01-08 00:00:00;Sul;mPa;A região delimitada encontra-se atrás de uma frente fria posicionada a norte, caracterizando a entrada e o domínio de massa polar atlântica (mPa) com temperaturas mais amenas.;Verão;;;;;;;;;;;;;;;;
2022-01-09 00:00:00;Norte;mEc;Regiao central e norte da Amazonia sob dominio da massa quente e umida de origem continental, caracterizada por estabilidade termica e alta umidade, sem influencia de sistemas fron;Verão;;;;;;;;;;;;;;;;
2022-01-09 00:00:00;Nordeste;mTa;A região demarcada apresenta predomínio de fluxo marítimo de base, associado às características de umidade e temperatura típicas da Massa Tropical Atlântica (mTa).;Verão;;;;;;;;;;;;;;;;
2022-01-09 00:00:00;Litoral;mTa;A região encontra-se sob influência do fluxo equatorial e persistente gradiente de pressão do oceano, caracterizando o domínio da massa Tropical Atlântica no litoral.;Verão;;;;;;;;;;;;;;;;
2022-01-09 00:00:00;Centro;mPa;Regiao sob incidencia de massa polar atlantica, caracterizada pelo avanco de frente fria pos-frontal sobre o Centro-Oeste brasileiro, evidenciada pela configuracao dos ventos.;Verão;;;;;;;;;;;;;;;;
2022-01-09 00:00:00;Sul;mPa;A região encontra-se retrograda ao sistema frontal, sob a advecção de ar frio e úmido característica da Massa Polar Atlântica, evidenciada pela configuração dos ventos e pressão.;Verão;;;;;;;;;;;;;;;;
2022-01-10 00:00:00;Norte;mEc;A região delimitada abrange a bacia amazônica e áreas continentais adjacentes, onde predomina uma massa de ar quente e úmida de origem continental, sem influência de outros sistema;Verão;;;;;;;;;;;;;;;;
2022-01-10 00:00:00;Nordeste;mTa;Predominância de escoamento marítimo quente e úmido sobre a região nordestina, sob influência do campo de alta pressão do Atlântico Sul, caracterizando a atuação da mTa.;Verão;;;;;;;;;;;;;;;;
2022-01-10 00:00:00;Litoral;mTa;A regiao delimitada esta sob influencia direta do fluxo da alta pressao do Atlantico, caracterizando a predominancia da massa Tropical Atlantica com predominio de umidade e calor.;Verão;;;;;;;;;;;;;;;;
2022-01-10 00:00:00;Centro;mTa;A região demarcada encontra-se sob influência predominante do fluxo de umidade oceânica tropical, característico do domínio da mTa, transportado no flanco da ASAS.;Verão;;;;;;;;;;;;;;;;
2022-01-10 00:00:00;Sul;mPa;A região delimitada encontra-se sob influência direta da massa de ar polar, evidenciada pelos gradientes de pressão e temperaturas mais amenas após a passagem de sistema frontal.;Verão;;;;;;;;;;;;;;;;
2022-01-11 00:00:00;Norte;mEc;Região central da Bacia Amazônica sob domínio característico da Massa Equatorial Continental, apresentando umidade elevada e estabilidade térmica típica da gênese continental.;Verão;;;;;;;;;;;;;;;;
2022-01-11 00:00:00;Nordeste;mTa;Predominancia da mTa sobre a regiao, caracterizada pelo fluxo de leste-nordeste proveniente da alta pressao subtropical do Atlantico, garantindo transporte de umidade e calor.;Verão;;;;;;;;;;;;;;;;
2022-01-11 00:00:00;Litoral;mTa;A regiao delimitada esta sob influencia direta do fluxo maritimo oriundo da ASAS, caracterizando o dominio da massa Tropical Atlantica quente e umida sobre o setor costeiro.;Verão;;;;;;;;;;;;;;;;
2022-01-11 00:00:00;Centro;mTc;A região apresenta baixos gradientes de pressão e características térmicas elevadas típicas do interior do continente, configurando a predominância da Massa Tropical Continental.;Verão;;;;;;;;;;;;;;;;
2022-01-11 00:00:00;Sul;mTa;A região encontra-se sob domínio da circulação marítima predominante, característica da massa tropical atlântica, garantindo o fluxo de umidade e calor na área delimitada.;Verão;;;;;;;;;;;;;;;;
2022-01-12 00:00:00;Norte;mEc;A região delimitada abrange a bacia amazônica, onde predomina a Massa Equatorial Continental, caracterizada por ser quente e úmida, típica da configuração sazonal de verão.;Verão;;;;;;;;;;;;;;;;
2022-01-12 00:00:00;Nordeste;mTa;Predominio da massa tropical atlantica na regiao nordeste, caracterizada por fluxos de leste-sudeste que transportam umidade do oceano para o continente sob regime de alta pressao.;Verão;;;;;;;;;;;;;;;;
2022-01-12 00:00:00;Litoral;mTa;A região delimitada encontra-se sob a influência direta do escoamento marítimo provindo do Atlântico Sul, caracterizando a predominância da Massa Tropical Atlântica (mTa).;Verão;;;;;;;;;;;;;;;;
2022-01-12 00:00:00;Centro;mEc;A região central encontra-se sob domínio da mEc, característica do verão, com transporte de umidade e nebulosidade vindo da bacia amazônica e ausência de sistemas frontais locais.;Verão;;;;;;;;;;;;;;;;
2022-01-12 00:00:00;Sul;mPa;A região delimitada encontra-se sob influência de massa de ar frio e úmido após a passagem de uma frente fria, caracterizada pela queda nas temperaturas e mudança na circulação.;Verão;;;;;;;;;;;;;;;;
2022-01-13 00:00:00;Norte;mEc;A região demarcada está inserida sobre a bacia amazônica e sob influência de baixas pressões relativas, caracterizando a atuação predominante da massa de ar Equatorial Continental.;Verão;;;;;;;;;;;;;;;;
2022-01-13 00:00:00;Nordeste;mTa;Regiao sob influencia predominante do fluxo de leste da alta pressao subtropical do Atlantico Sul, caracterizando a presenca de massa de ar tropical quente e umida.;Verão;;;;;;;;;;;;;;;;
2022-01-13 00:00:00;Litoral;mTa;Região situada sob o domínio periférico da Alta do Atlântico Sul, caracterizando a atuação da massa Tropical Atlântica com fluxo de umidade do oceano para o continente.;Verão;;;;;;;;;;;;;;;;
2022-01-13 00:00:00;Centro;mTc;A regiao delimitada esta sob influencia da Depressao do Chaco, caracterizada por altas temperaturas e baixa umidade relativa, tipicas da massa de ar Tropical Continental.;Verão;;;;;;;;;;;;;;;;
2022-01-13 00:00:00;Sul;mTa;Região sob influência da circulação anticiclônica oceânica, caracterizada por transporte de umidade e estabilidade térmica, predominando a massa Tropical Atlântica no setor.;Verão;;;;;;;;;;;;;;;;
2022-01-14 00:00:00;Norte;mEc;A regiao delimitada sobre a Amazonia apresenta características de estabilidade térmica e umidade elevada, típicas da massa Equatorial Continental, sem a influência de sistemas fron;Verão;;;;;;;;;;;;;;;;
2022-01-14 00:00:00;Nordeste;mTa;Predominância de escoamento vindo do Atlântico Tropical sobre a região Nordeste, caracterizando a atuação da massa de ar quente e úmida (mTa) sob influência do gradiente barométric;Verão;;;;;;;;;;;;;;;;
2022-01-14 00:00:00;Litoral;mTa;A área delimitada situa-se sob o fluxo do quadrante leste/sudeste, sob influência da circulação anticiclônica oceânica, caracterizando o predomínio da massa Tropical Atlântica.;Verão;;;;;;;;;;;;;;;;
2022-01-14 00:00:00;Centro;mTc;Regiao situada sobre o interior do continente, caracterizada por temperaturas elevadas e baixas pressões, sofrendo influencia direta da massa de ar Tropical Continental.;Verão;;;;;;;;;;;;;;;;
2022-01-14 00:00:00;Sul;mTa;A região demarcada apresenta domínio de um campo de alta pressão, característico de fluxo quente e úmido transportado pelo escoamento marítimo, configurando a atuação da mTa.;Verão;;;;;;;;;;;;;;;;
2022-01-15 00:00:00;Norte;mEc;Região situada sobre a bacia amazônica e áreas centrais do país, caracterizada por calor e elevada umidade, evidenciando o domínio da Massa Equatorial Continental durante o verão.;Verão;;;;;;;;;;;;;;;;
2022-01-15 00:00:00;Nordeste;mTa;A região do Nordeste delimitada encontra-se sob influência predominante do fluxo de leste da circulação marítima, caracterizando a atuação da massa de ar Tropical Atlântica.;Verão;;;;;;;;;;;;;;;;
2022-01-15 00:00:00;Litoral;mTa;Regiao sob clara influencia da circulacao de um sistema de alta pressao sobre o Oceano Atlantico, caracterizando o dominio da massa Tropical Atlantica no setor costeiro indicado.;Verão;;;;;;;;;;;;;;;;
2022-01-15 00:00:00;Centro;mEc;A região central do país é dominada pela massa de ar quente e úmida de origem continental, típica do verão, favorecendo o transporte de umidade da bacia amazônica para o interior.;Verão;;;;;;;;;;;;;;;;
2022-01-15 00:00:00;Sul;mTa;A região delimitada encontra-se sob domínio do escoamento marítimo associado à circulação anticiclônica do Atlântico Sul, configurando o predomínio da Massa Tropical Atlântica.;Verão;;;;;;;;;;;;;;;;
2022-01-16 00:00:00;Norte;mEc;A região delimitada abrange a bacia amazônica. A ausência de frentes frias e a localização continental caracterizam a predominância da Massa Equatorial Continental (mEc).;Verão;;;;;;;;;;;;;;;;
2022-01-16 00:00:00;Nordeste;mEa;Região sob influência direta do fluxo de leste marítimo, caracterizado pela massa de ar quente e úmida que ingressa no litoral setentrional e porções do interior do Nordeste.;Verão;;;;;;;;;;;;;;;;
2022-01-16 00:00:00;Litoral;mEa;A região sob análise está localizada na faixa litorânea do Nordeste brasileiro, área de atuação característica da Massa Equatorial Atlântica (mEa), que apresenta características qu;Verão;;;;;;;;;;;;;;;;
2022-01-16 00:00:00;Centro;mEc;Região sob influência da massa Equatorial Continental, caracterizada pela presença de umidade e temperaturas elevadas típicas do regime de monção amazônica no setor central do Bras;Verão;;;;;;;;;;;;;;;;
2022-01-16 00:00:00;Sul;mPa;A região delimitada encontra-se sob influência de um sistema frontal, com características de avanço de ar frio e úmido após a passagem da frente, configurando a massa de ar polar.;Verão;;;;;;;;;;;;;;;;
2022-01-17 00:00:00;Norte;mEc;Região central da Bacia Amazônica sob influência da massa Equatorial Continental, caracterizada por elevados índices de umidade e instabilidade térmica intrínseca a este setor cont;Verão;;;;;;;;;;;;;;;;
2022-01-17 00:00:00;Nordeste;mTa;A região do Nordeste delimitada encontra-se sob influência direta do escoamento marítimo vindo do Atlântico Sul, caracterizando a predominância da Massa Tropical Atlântica.;Verão;;;;;;;;;;;;;;;;
2022-01-17 00:00:00;Litoral;mTa;Regiao sob influencia do fluxo marítimo oriundo da alta subtropical do Atlantico Sul, caracterizando uma massa de ar quente e umida sobre o litoral leste brasileiro.;Verão;;;;;;;;;;;;;;;;
2022-01-17 00:00:00;Centro;mTa;Região sob influência da circulação da ASAS, apresentando temperaturas e umidade elevadas, características típicas da Massa Tropical Atlântica operando sobre o Brasil Central.;Verão;;;;;;;;;;;;;;;;
2022-01-17 00:00:00;Sul;mTa;A região encontra-se sob influência do fluxo quente e úmido de nordeste, característico da massa tropical atlântica, predominante na circulação periférica do sistema de alta pressã;Verão;;;;;;;;;;;;;;;;
2022-01-18 00:00:00;Norte;mEc;Regiao central e norte da Amazonia sob influencia da Massa Equatorial Continental, caracterizada por alto teor de umidade e instabilidade termodinamica tipica da bacia amazonica.;Verão;;;;;;;;;;;;;;;;
2022-01-18 00:00:00;Nordeste;mEa;A região delimitada no setor litorâneo e adjacência do Nordeste está sob influência direta do fluxo marítimo quente e úmido característico da Massa Equatorial Atlântica.;Verão;;;;;;;;;;;;;;;;
2022-01-18 00:00:00;Litoral;mTa;Regiao sob influencia do fluxo marítimo quente e úmido vindo do Atlântico Sul, caracterizando a predominancia da massa Tropical Atlantica no setor costeiro indicado.;Verão;;;;;;;;;;;;;;;;
2022-01-18 00:00:00;Centro;mTc;Região do interior do continente, caracterizada por temperaturas elevadas e baixa umidade relativa, típica da influência da massa quente e seca que atua no Centro-Oeste.;Verão;;;;;;;;;;;;;;;;
2022-01-18 00:00:00;Sul;mPa;A região delimitada encontra-se na retaguarda de um sistema frontal, sob a influência direta do avanço de uma massa de ar frio e úmido de origem polar.;Verão;;;;;;;;;;;;;;;;
2022-01-19 00:00:00;Norte;mEc;Regiao situada sobre a Bacia Amazonica, caracterizada por baixos gradientes de pressao e elevada umidade, indicando a predominancia da Massa Equatorial Continental.;Verão;;;;;;;;;;;;;;;;
2022-01-19 00:00:00;Nordeste;mTa;Predomínio de mTa na região, caracterizada por transporte de umidade do oceano para o continente sob influência da circulação anticiclônica do Atlântico Sul.;Verão;;;;;;;;;;;;;;;;
2022-01-19 00:00:00;Litoral;mTa;O setor delimitado encontra-se sob sob o domínio do escoamento de leste/sudeste associado ao escoamento periférico da alta pressão oceânica, caracterizando a atuação da mTa.;Verão;;;;;;;;;;;;;;;;
2022-01-19 00:00:00;Centro;mEc;Região central sob influência da massa Equatorial Continental, caracterizada por altas temperaturas e elevada umidade, típica da circulação equatorial durante o verão.;Verão;;;;;;;;;;;;;;;;
2022-01-19 00:00:00;Sul;mPa;A região demarcada apresenta o avanço de uma massa de ar frio e úmido após a passagem de uma frente fria, caracterizando o domínio da mPa no setor.;Verão;;;;;;;;;;;;;;;;
2022-01-20 00:00:00;Norte;mEc;A região amazônica, delimitada na carta, encontra-se sob o domínio da Massa Equatorial Continental, que apresenta características de alta umidade e temperaturas elevadas.;Verão;;;;;;;;;;;;;;;;
2022-01-20 00:00:00;Nordeste;mTa;A região delimitada está sob forte influência do escoamento marítimo tropical, característico do transporte de umidade da circulação periférica do sistema de alta pressão oceânico.;Verão;;;;;;;;;;;;;;;;
2022-01-20 00:00:00;Litoral;mEa;A região delimitada no litoral norte/nordeste encontra-se sob influência da Massa Equatorial Atlântica, caracterizada pelo fluxo quente e úmido predominante na área.;Verão;;;;;;;;;;;;;;;;
2022-01-20 00:00:00;Centro;mTa;A região encontra-se sob influência do fluxo zonal marítimo da alta pressão, caracterizando o domínio da massa Tropical Atlântica com transporte de umidade e características térmic;Verão;;;;;;;;;;;;;;;;
2022-01-20 00:00:00;Sul;mPa;A região encontra-se sob influência do escoamento pós-frontal, com advecção de ventos do quadrante sul que caracterizam o domínio da massa de ar Polar Atlântica.;Verão;;;;;;;;;;;;;;;;
2022-01-21 00:00:00;Norte;mEc;Regiao posicionada sobre a bacia Amazonica com ausencia de incursões frontais, caracterizada pela predominancia da massa de ar quente e umida de origem continental.;Verão;;;;;;;;;;;;;;;;
2022-01-21 00:00:00;Nordeste;mTa;A regiao eh dominada pelo fluxo de leste/sudeste proveniente do Atlantico Sul, caracterizando a atuacao predominante da Massa Tropical Atlantica, quente e umida sobre o setor.;Verão;;;;;;;;;;;;;;;;
2022-01-21 00:00:00;Litoral;mTa;A região delimitada está sob a influência do fluxo marítimo da alta pressão do Atlântico, transportando ar quente e úmido para o litoral.;Verão;;;;;;;;;;;;;;;;
2022-01-21 00:00:00;Centro;mTa;Região central sob influência da circulação da alta pressão do Atlântico, caracterizada por transporte de umidade oceânica para o interior, configurando o domínio da mTa.;Verão;;;;;;;;;;;;;;;;
2022-01-21 00:00:00;Sul;mTa;Região sob influência direta do fluxo de circulação marítima da alta pressão do Atlântico, caracterizando o domínio da massa tropical atlântica quente e úmida sobre o setor.;Verão;;;;;;;;;;;;;;;;
2022-01-22 00:00:00;Norte;mEc;Região central da Bacia Amazônica sob domínio da Massa Equatorial Continental, caracterizada por elevados índices de umidade e calor, típicos da circulação continental equatorial.;Verão;;;;;;;;;;;;;;;;
2022-01-22 00:00:00;Nordeste;mTa;A região delimitada está sob forte influência marítima do Atlântico Sul, caracterizando a prevalência de ar quente e úmido tipicamente associado à Massa Tropical Atlântica.;Verão;;;;;;;;;;;;;;;;
2022-01-22 00:00:00;Litoral;mTa;Região sob influência direta do escoamento marítimo de leste, característico da massa tropical atlântica, garantindo umidade e temperaturas elevadas ao longo do litoral nordeste.;Verão;;;;;;;;;;;;;;;;
2022-01-22 00:00:00;Centro;mEc;Região central sob influência da Massa Equatorial Continental, caracterizada por elevados teores de umidade e temperaturas tropicais, mantendo-se ao norte do sistema frontal.;Verão;;;;;;;;;;;;;;;;
2022-01-22 00:00:00;Sul;mPa;A região delimitada encontra-se sob a influência direta do avanço de uma massa de ar pós-frontal, apresentando as características térmicas e de estabilidade típicas da mPa.;Verão;;;;;;;;;;;;;;;;
2022-01-23 00:00:00;Norte;mEc;A região delimitada abrange a bacia amazônica e áreas continentais adjacentes, onde a massa de ar quente e úmida de origem continental predomina sem influência de sistemas frontais;Verão;;;;;;;;;;;;;;;;
2022-01-23 00:00:00;Nordeste;mTa;A região do Nordeste delimitada encontra-se sob influência do escoamento marítimo associado ao sistema de alta pressão no oceano, determinando a predominância da Massa Tropical Atl;Verão;;;;;;;;;;;;;;;;
2022-01-23 00:00:00;Litoral;mEa;A região delimitada no litoral nordeste encontra-se sob o fluxo marítimo característico da Massa Equatorial Atlântica, mantendo condições térmicas elevadas e umidade constante.;Verão;;;;;;;;;;;;;;;;
2022-01-23 00:00:00;Centro;mEc;A região delimitada localiza-se sobre o interior do continente, sob influência de ar quente e úmido de origem amazônica, caracterizando a predominância da Massa Equatorial Continen;Verão;;;;;;;;;;;;;;;;
2022-01-23 00:00:00;Sul;mPa;A região encontra-se submetida ao fluxo pós-frontal de um sistema que avança sobre o Sul do Brasil, caracterizando o aporte de uma massa de ar frio e úmido de origem polar.;Verão;;;;;;;;;;;;;;;;
2022-01-24 00:00:00;Norte;mEc;A regiao delimitada esta sob influencia da Massa Equatorial Continental, caracterizada por condicoes de calor e alta umidade sobre a bacia amazonica, sem a presenca de sistemas fro;Verão;;;;;;;;;;;;;;;;
2022-01-24 00:00:00;Nordeste;mTa;Na regiao indicada, observa-se o predominio do escoamento de leste vindo do oceano, caracterizando a influencia da massa de ar tropical atlantica em toda a faixa costeira e interio;Verão;;;;;;;;;;;;;;;;
2022-01-24 00:00:00;Litoral;mEa;A região delimitada no setor litorâneo do Nordeste brasileiro está sob influência direta da Massa Equatorial Atlântica, caracterizada pelo fluxo quente e úmido de leste/nordeste.;Verão;;;;;;;;;;;;;;;;
2022-01-24 00:00:00;Centro;mTa;Região sob influência da circulação da ASAS, apresentando características de massa quente e úmida típica da massa Tropical Atlântica predominante no centro-leste do Brasil.;Verão;;;;;;;;;;;;;;;;
2022-01-24 00:00:00;Sul;mPa;A região do retângulo encontra-se atrás de um sistema frontal com predominância de ventos do quadrante sul, caracterizando o avanço e sobriedade da massa de ar polar.;Verão;;;;;;;;;;;;;;;;
2022-01-25 00:00:00;Norte;mEc;Região localizada sobre a Bacia Amazônica, apresentando características de ar quente e úmido típicas da Massa Equatorial Continental, sem influência de sistemas frontais.;Verão;;;;;;;;;;;;;;;;
2022-01-25 00:00:00;Nordeste;mTa;A região encontra-se sob influência do fluxo marítimo dos ventos de leste provenientes do Atlântico Sul, caracterizando a predominância da Massa Tropical Atlântica (mTa).;Verão;;;;;;;;;;;;;;;;
2022-01-25 00:00:00;Litoral;mTa;Predominancia de fluxos maritimos quentes e umidos sob influencia direta do campo de alta pressao no Atlantico Sul, caracterizando a circulacao da Massa Tropical Atlantica.;Verão;;;;;;;;;;;;;;;;
2022-01-25 00:00:00;Centro;mEc;Região central sob influência da Massa Equatorial Continental, caracterizada por temperaturas elevadas e alta umidade, predominante na área sem a incursão de sistemas polares.;Verão;;;;;;;;;;;;;;;;
2022-01-25 00:00:00;Sul;mTa;A região delimitada está sob forte influência do fluxo marítimo da alta pressão do Atlântico, caracterizando o predomínio de ar quente e úmido com estabilidade atmosférica.;Verão;;;;;;;;;;;;;;;;
2022-01-26 00:00:00;Norte;mEc;Região central da Bacia Amazônica sob domínio de massa de ar quente e úmida de origem continental, sem influência de sistemas frontais, caracterizando a mEc nesta época do ano.;Verão;;;;;;;;;;;;;;;;
2022-01-26 00:00:00;Nordeste;mTa;A região é dominada pelo fluxo de leste e sudeste associado ao escoamento da alta pressão subtropical do Atlântico Sul, caracterizando a predominância da massa Tropical Atlântica.;Verão;;;;;;;;;;;;;;;;
2022-01-26 00:00:00;Litoral;mTa;A região delimitada está sob forte influência do fluxo zonal marítimo de leste/sudeste associado à circulação anticiclônica oceânica, caracterizando a predominância da mTa.;Verão;;;;;;;;;;;;;;;;
2022-01-26 00:00:00;Centro;mTa;Regiao sob influencia do escoamento zonal e meridional de leste/nordeste proveniente do Atlantico Sul, caracterizando a predominancia da massa de ar tropical quente e umida.;Verão;;;;;;;;;;;;;;;;
2022-01-26 00:00:00;Sul;mPa;A região apresenta o avanço de uma massa de ar pós-frontal, com temperaturas mais amenas e ventos com padrão de subsidência característicos da mPa sobre o Sul do Brasil.;Verão;;;;;;;;;;;;;;;;
2022-01-27 00:00:00;Norte;mEc;Regiao central da Amazonia brasileira caracterizada pela predominancia de ar quente e umido, tipico da Massa Equatorial Continental, sem inflencia direta de outros sistemas.;Verão;;;;;;;;;;;;;;;;
2022-01-27 00:00:00;Nordeste;mTa;Regiao sob incidencia de fluxo de leste/sudeste associado ao escoamento da alta subtropical, caracterizando o dominio da Massa Tropical Atlantica (mTa) sobre o setor nordestino.;Verão;;;;;;;;;;;;;;;;
2022-01-27 00:00:00;Litoral;mTa;A regiao delimitada esta sob a influencia do fluxo instavel e umido proveniente do Oceano Atlantico, caracterizando o predominio da Massa Tropical Atlantica (mTa).;Verão;;;;;;;;;;;;;;;;
2022-01-27 00:00:00;Centro;mEc;Região central sob influência da massa Equatorial Continental, caracterizada por alta umidade e temperaturas elevadas típicas do verão amazônico, sem influência de sistemas frontai;Verão;;;;;;;;;;;;;;;;
2022-01-27 00:00:00;Sul;mPa;A regiao delimitada esta sob a influencia direta do avanco de uma massa de ar frio logo atras do sistema frontal (frente fria), caracterizando o dominio da mPa no Sul do pais.;Verão;;;;;;;;;;;;;;;;
2022-01-28 00:00:00;Norte;mEc;Região localizada sobre a bacia amazônica, caracterizada por altas temperaturas e umidade, sem influência de sistemas frontais, configurando o domínio da massa equatorial continent;Verão;;;;;;;;;;;;;;;;
2022-01-28 00:00:00;Nordeste;mTa;Predominância de escoamento marítimo quente e úmido sobre o setor leste da região Nordeste, característico da atuação da Massa Tropical Atlântica sob regime de estabilidade.;Verão;;;;;;;;;;;;;;;;
2022-01-28 00:00:00;Litoral;mTa;A região delimitada no setor leste do NE encontra-se sob influência do fluxo de circulação marítima da mTa, mantendo condições quentes e úmidas características da periferia da ASAS;Verão;;;;;;;;;;;;;;;;
2022-01-28 00:00:00;Centro;mEc;A região do Centro-Oeste está sob influência direta da massa equatorial continental, caracterizada pelo fluxo úmido e quente vindo da bacia amazônica, sem influência de sistemas fr;Verão;;;;;;;;;;;;;;;;
2022-01-28 00:00:00;Sul;mPa;A região delimitada encontra-se sob influência de massa de ar frio e úmido, posicionada na retaguarda de um sistema frontal que avança pelo setor sul/sudeste do Brasil.;Verão;;;;;;;;;;;;;;;;
2022-01-29 00:00:00;Norte;mEc;Regiao central do Norte sob influencia da massa de ar quente e umida de origem continental, tipica da bacia amazonica, caracterizando o dominio da mEc.;Verão;;;;;;;;;;;;;;;;
2022-01-29 00:00:00;Nordeste;mTa;Predomínio de fluxo de sudeste associado à circulação anticiclônica marítima, caracterizando a atuação da massa Tropical Atlântica sobre o setor do Nordeste brasileiro.;Verão;;;;;;;;;;;;;;;;
2022-01-29 00:00:00;Litoral;mTa;A região delimitada encontra-se sob influência do escoamento marítimo de leste/sudeste associado à célula de alta pressão, caracterizando a predominância da massa Tropical Atlântic;Verão;;;;;;;;;;;;;;;;
2022-01-29 00:00:00;Centro;mPa;A região delimitada está sob a influência do deslocamento pós-frontal, com incursão de ar mais frio e denso proveniente do quadrante sul/sudoeste após a passagem da frente fria.;Verão;;;;;;;;;;;;;;;;
2022-01-29 00:00:00;Sul;mPa;A região delimitada encontra-se sob influência de massa de ar frio e úmida, posicionada na retaguarda de um sistema frontal que avança pelo setor sul/sudeste do Brasil.;Verão;;;;;;;;;;;;;;;;
2022-01-30 00:00:00;Norte;mEc;A região demarcada encontra-se sobre a bacia amazônica, caracterizada pela predominância de ar quente e úmido, típicas das propriedades da Massa Equatorial Continental.;Verão;;;;;;;;;;;;;;;;
2022-01-30 00:00:00;Nordeste;mTa;A regiao delimitada esta sob influencia direta do fluxo zonal associado ao escoamento da alta pressao do Atlantico Sul, caracterizando o dominio da Massa Tropical Atlantica.;Verão;;;;;;;;;;;;;;;;
2022-01-30 00:00:00;Litoral;mTa;Predominância da Massa Tropical Atlântica, caracterizada pelo escoamento marítimo quente e úmido sob influência direta do centro de alta pressão posicionado no Atlântico Sul.;Verão;;;;;;;;;;;;;;;;
2022-01-30 00:00:00;Centro;mTa;A região delimitada encontra-se sob a influência direta do escoamento marítimo de leste/nordeste associado à ASAS, configurando a predominância da Massa Tropical Atlântica (mTa).;Verão;;;;;;;;;;;;;;;;
2022-01-30 00:00:00;Sul;mPa;A região delimitada encontra-se na retaguarda de uma frente fria, caracterizando o ingresso e domínio da massa de ar polar atlântica (mPa) no setor.;Verão;;;;;;;;;;;;;;;;
2022-01-31 00:00:00;Norte;mEc;A região delimitada abrange a bacia amazônica, onde predomina o ar quente e úmido característico da Massa Equatorial Continental, sem influência direta de sistemas frontais ou oceâ;Verão;;;;;;;;;;;;;;;;
2022-01-31 00:00:00;Nordeste;mTa;A região delimitada está sob forte influência do fluxo marítimo da alta pressão do Atlântico, caracterizando o predomínio de ar quente e úmido transportado por essa circulação.;Verão;;;;;;;;;;;;;;;;
2022-01-31 00:00:00;Litoral;mTa;Predominio da massa Tropical Atlantica, caracterizada por gradientes de pressao associados a circulacao do anticiclone subtropical sobre o Atlantico Sul, atuando no setor.;Verão;;;;;;;;;;;;;;;;
2022-01-31 00:00:00;Centro;mEc;A regiao central do Brasil esta sob influencia de um fluxo de umidade vindo da Amazonia, com caracteristicas termodinamicas tipicas da massa quente e umida de origem continental.;Verão;;;;;;;;;;;;;;;;
2022-01-31 00:00:00;Sul;mTa;A regiao encontra-se sob predominio de escoamento vindo do oceano, caracterizando a influencia de uma massa de ar quente e umida de origem maritima sobre o setor.;Verão;;;;;;;;;;;;;;;;
2022-02-01 00:00:00;Norte;mEc;Região centrada sobre a bacia amazônica e áreas adjacentes, caracterizada por alta umidade e temperaturas elevadas, sem influência direta de sistemas frontais ou circulação marítim;Verão;;;;;;;;;;;;;;;;
2022-02-01 00:00:00;Nordeste;mTa;A região delimitada está sob a influência do escoamento marítimo associado aos ventos do quadrante leste, caracterizando a predominância da Massa Tropical Atlântica (mTa).;Verão;;;;;;;;;;;;;;;;
2022-02-01 00:00:00;Litoral;mTa;Regiao sob dominio da circulacao maritima com transporte de umidade do oceano para o continente, caracteristica da atuacao da massa de ar Tropical Atlantica.;Verão;;;;;;;;;;;;;;;;
2022-02-01 00:00:00;Centro;mPa;A região apresenta o posicionamento de uma frente fria, com o setor sudeste do retângulo sob influência clara de ar mais frio e denso, característico da massa polar atlântica.;Verão;;;;;;;;;;;;;;;;
2022-02-01 00:00:00;Sul;mPa;A região delimitada encontra-se na retaguarda de uma frente fria que avança sobre o Sudeste, evidenciando o ingresso e predomínio de ar polar frio e estável (mPa).;Verão;;;;;;;;;;;;;;;;
2022-02-02 00:00:00;Norte;mEc;Região central da Bacia Amazônica sob influência da Massa Equatorial Continental, caracterizada por elevados índices de umidade e temperaturas tropicais típicas da estação.;Verão;;;;;;;;;;;;;;;;
2022-02-02 00:00:00;Nordeste;mTa;A região apresenta características típicas de regime tropical marítimo, com umidade e temperaturas elevadas sob a influência predominante do fluxo de leste da alta pressão subtropi;Verão;;;;;;;;;;;;;;;;
2022-02-02 00:00:00;Litoral;mTa;A área delimitada no litoral nordeste encontra-se sob influência do escoamento marítimo quente e úmido derivado da circulação da alta pressão subtropical do Atlântico Sul.;Verão;;;;;;;;;;;;;;;;
2022-02-02 00:00:00;Centro;mPa;A região delimitada situa-se imediatamente a retaguarda do sistema frontal (frente fria), caracterizando o avanço e a predominância da massa de ar polar sobre o setor.;Verão;;;;;;;;;;;;;;;;
2022-02-02 00:00:00;Sul;mTa;A região delimitada dentro do retângulo encontra-se sob influência de um campo de alta pressão, caracterizando o predomínio de ar quente e úmido oceânico.;Verão;;;;;;;;;;;;;;;;
2022-02-03 00:00:00;Norte;mEc;Região central e norte da Amazônia dominada pela Massa Equatorial Continental. Instabilidade térmica característica e persistência de umidade sobre o setor amazônico.;Verão;;;;;;;;;;;;;;;;
2022-02-03 00:00:00;Nordeste;mEa;A região destacada apresenta influência direta dos fluxos oceânicos tropicais, caracterizados pela umidade e calor típicos da atuação da massa Equatorial Atlântica sobre o setor.;Verão;;;;;;;;;;;;;;;;
2022-02-03 00:00:00;Litoral;mTa;A regiao delimitada esta sob a influencia do fluxo maritimo associado ao sistema de alta pressao do Atlantico Sul, caracterizando o dominio da Massa Tropical Atlantica.;Verão;;;;;;;;;;;;;;;;
2022-02-03 00:00:00;Centro;mTa;Identificada a predominância de fluxo tropical sobre a região central, caracterizado por temperaturas elevadas e transporte de umidade do oceano para o continente sob regime de alt;Verão;;;;;;;;;;;;;;;;
2022-02-03 00:00:00;Sul;mTa;A região apresenta características de baixas latitudes com predomínio de fluxo marítimo associado à circulação anticiclônica oceânica, configurando a massa Tropical Atlântica.;Verão;;;;;;;;;;;;;;;;
2022-02-04 00:00:00;Norte;mEc;A regiao delimitada posiciona-se sobre a bacia Amazonica, caracterizada pelo dominio de ar quente e umido de origem continental, sem influencia de sistemas frontais ou massas polar;Verão;;;;;;;;;;;;;;;;
2022-02-04 00:00:00;Nordeste;mTa;A região encontra-se sob influência do escoamento marítimo quente e úmido transportado pela circulação periférica da ASAS, caracterizando a predominância da massa Tropical Atlântic;Verão;;;;;;;;;;;;;;;;
2022-02-04 00:00:00;Litoral;mTa;Região sob influência direta da circulação marítima quente e úmida persistente, característica da atuação da Massa Tropical Atlântica no litoral leste do Brasil.;Verão;;;;;;;;;;;;;;;;
2022-02-04 00:00:00;Centro;mTa;A região delimitada localiza-se sob a influência direta do escoamento oceânico, característico da massa tropical atlântica, que mantém umidade e temperaturas elevadas na área.;Verão;;;;;;;;;;;;;;;;
2022-02-04 00:00:00;Sul;mPa;A região delimitada apresenta características de ar frio e seco, consolidando-se pelo avanço de massas de origem polar que atuam sobre o Sul do Brasil após a passagem de sistema fr;Verão;;;;;;;;;;;;;;;;
2022-02-05 00:00:00;Norte;mEc;A região destacada sobre a bacia amazônica caracteriza-se por elevada umidade e instabilidade térmica, típicas da Massa Equatorial Continental, que predomina no setor norte do país;Verão;;;;;;;;;;;;;;;;
2022-02-05 00:00:00;Nordeste;mTa;Predominância da Massa Tropical Atlântica, caracterizada pelo escoamento de leste/sudeste, garantindo o transporte de umidade e calor sobre o setor nordestino da carta sinótica.;Verão;;;;;;;;;;;;;;;;
2022-02-05 00:00:00;Litoral;mTa;Região sob influência direta da circulação marítima da alta pressão subtropical. A massa de ar tropical atlântica predomina, mantendo condições quentes e úmidas sobre o setor coste;Verão;;;;;;;;;;;;;;;;
2022-02-05 00:00:00;Centro;mTa;A região encontra-se sob influência do escoamento da circulação marítima, com estabilidade atmosférica característica da massa tropical atlântica que atua no leste do Brasil.;Verão;;;;;;;;;;;;;;;;
2022-02-05 00:00:00;Sul;mTa;A região, localizada ao norte da frente fria, encontra-se sob influência da circulação marítima de leste/nordeste, característica do predomínio da Massa Tropical Atlântica.;Verão;;;;;;;;;;;;;;;;
2022-02-06 00:00:00;Norte;mEc;Região central da Bacia Amazônica sob domínio de ar quente e úmido, característico da circulação equatorial continental, sem influência de frentes.;Verão;;;;;;;;;;;;;;;;
2022-02-06 00:00:00;Nordeste;mTa;Região sob influência direta da circulação marítima quente e úmida vinda do Atlântico, característica da massa Tropical Atlântica que domina o setor leste e centro-nordestino.;Verão;;;;;;;;;;;;;;;;
2022-02-06 00:00:00;Litoral;mEa;A região delimitada no litoral nordeste encontra-se sob influência da Massa Equatorial Atlântica, caracterizada pelo fluxo de ar quente e úmido predominante nesta latitude.;Verão;;;;;;;;;;;;;;;;
2022-02-06 00:00:00;Centro;mEc;A região central apresenta características de ar quente e úmido típicas da massa continental equatorial, com forte convecção e predomínio de umidade sobre o interior do continente.;Verão;;;;;;;;;;;;;;;;
2022-02-06 00:00:00;Sul;mPa;A região demarcada encontra-se sob influência de subsidência e advecção de ar frio após a passagem de sistema frontal, caracterizando o avanço e domínio da massa de ar polar.;Verão;;;;;;;;;;;;;;;;
2022-02-07 00:00:00;Norte;mEc;A região situada sobre a Bacia Amazônica apresenta condições de alta instabilidade e umidade, características típicas da massa Equatorial Continental, sem influência de sistemas ex;Verão;;;;;;;;;;;;;;;;
2022-02-07 00:00:00;Nordeste;mTa;Região sob influência direta do fluxo de ar quente e úmido proveniente do Atlântico Sul, característico do domínio da massa tropical atlântica nos setores litorâneo e interior.;Verão;;;;;;;;;;;;;;;;
2022-02-07 00:00:00;Litoral;mTa;A área encontra-se sob influência do escoamento marítimo associado ao sistema de alta pressão oceânico, caracterizando o predomínio e o transporte de umidade da massa Tropical Atlâ;Verão;;;;;;;;;;;;;;;;
2022-02-07 00:00:00;Centro;mPa;A região delimitada encontra-se sob influência de massa de ar frio e úmido após a passagem de uma frente fria, evidenciada pelos gradientes de pressão e temperaturas reduzidas.;Verão;;;;;;;;;;;;;;;;
2022-02-07 00:00:00;Sul;mPa;A região delimitada encontra-se sob o fluxo pós-frontal, com o avanço de uma massa de ar frio e seco, característica da mPa, substituindo o ar quente e úmido pré-frontal.;Verão;;;;;;;;;;;;;;;;
2022-02-08 00:00:00;Norte;mEc;A região delimitada abrange a bacia amazônica, onde predomina a Massa Equatorial Continental, caracterizada por elevados índices de umidade e temperaturas elevadas.;Verão;;;;;;;;;;;;;;;;
2022-02-08 00:00:00;Nordeste;mTa;Predominio da massa Tropical Atlantica na regiao solicitada, caracterizada pelo fluxo de circulacao maritima que transporta calor e umidade do oceano para o interior do Nordeste br;Verão;;;;;;;;;;;;;;;;
2022-02-08 00:00:00;Litoral;mTa;A região delimitada está sob forte influência de circulação marítima quente e úmida, característica da Massa Tropical Atlântica que domina o litoral leste do país.;Verão;;;;;;;;;;;;;;;;
2022-02-08 00:00:00;Centro;mTa;A região encontra-se sob o fluxo do quadrante leste/nordeste associado ao domínio da circulação marítima, caracterizando a predominância da Massa Tropical Atlântica (mTa).;Verão;;;;;;;;;;;;;;;;
2022-02-08 00:00:00;Sul;mPa;A região delimitada encontra-se na retaguarda de um sistema frontal, caracterizada pela incursão de ar frio e seco, consolidando o predomínio da massa polar atlântica.;Verão;;;;;;;;;;;;;;;;
2022-02-08 00:00:00;Norte;mEc;Região central da Bacia Amazônica sob influência de ar quente e úmido característico da mEc, apresentando condições típicas de instabilidade tropical sem influência de massas polar;Verão;;;;;;;;;;;;;;;;
2022-02-08 00:00:00;Nordeste;mTa;Região sob influência direta do fluxo de leste da alta pressão subtropical. A massa Tropical Atlântica domina o setor, caracterizada por transporte de umidade e calor na costa.;Verão;;;;;;;;;;;;;;;;
2022-02-08 00:00:00;Litoral;mTa;Regiao sob influencia do escoamento do anticiclone subtropical do Atlantico Sul, caracterizando a atuacao da massa Tropical Atlantica com adveccao de umidade e calor no litoral.;Verão;;;;;;;;;;;;;;;;
2022-02-08 00:00:00;Centro;mPa;A região destacada apresenta o avanço de uma massa de ar polar, evidenciado pela presença do sistema frontal a norte/nordeste do retângulo, caracterizando a entrada de ar mais frio;Verão;;;;;;;;;;;;;;;;
2022-02-08 00:00:00;Sul;mPa;A região delimitada encontra-se sob influência de massa de ar frio e úmido após a passagem de uma frente fria, caracterizada por temperaturas mais baixas e declínio de pressão.;Verão;;;;;;;;;;;;;;;;
2022-02-08 00:00:00;Norte;mEc;Região central da Bacia Amazônica sob influência predominante de ar quente e úmido, característico da massa de origem continental em condições de estabilidade térmica.;Verão;;;;;;;;;;;;;;;;
2022-02-08 00:00:00;Nordeste;mTa;Area sob influencia do fluxo maritimo do Atlantico Sul, caracterizado por transporte de umidade e estabilidade, definindo o predominio da massa tropical maritima sobre a regiao.;Verão;;;;;;;;;;;;;;;;
2022-02-08 00:00:00;Litoral;mTa;Regiao sob dominio do fluxo do oceano Atlantico, caracterizada por temperaturas elevadas e alta umidade, sendo influenciada pela circulacao da borda da ASAS no setor costeiro leste;Verão;;;;;;;;;;;;;;;;
2022-02-08 00:00:00;Centro;mTa;A região delimitada encontra-se sob o domínio da circulação marítima, com transporte de umidade e calor pelo fluxo do Atlântico, configurando a predominância da massa Tropical Atlâ;Verão;;;;;;;;;;;;;;;;
2022-02-08 00:00:00;Sul;mPa;A região delimitada está sob influência da massa de ar pós-frontal, caracterizada por temperaturas mais amenas e fluxo de sul/sudeste, predominante logo após a passagem da frente f;Verão;;;;;;;;;;;;;;;;
2022-02-09 00:00:00;Norte;mEc;Região central da Bacia Amazônica, caracterizada por baixas pressões e alta umidade, sob domínio da massa de ar quente e úmida de origem continental sem influência de sistemas extr;Verão;;;;;;;;;;;;;;;;
2022-02-09 00:00:00;Nordeste;mTa;Regiao sob clara influencia do fluxo zonal de leste associado a ASAS, caracterizando a predominancia da massa Tropical Atlantica com transporte de umidade em baixos niveis.;Verão;;;;;;;;;;;;;;;;
2022-02-09 00:00:00;Litoral;mTa;A região delimitada está sob influência do escoamento oceânico zonal que transporta umidade para o litoral, caracterizando o domínio da massa Tropical Atlântica (mTa).;Verão;;;;;;;;;;;;;;;;
2022-02-09 00:00:00;Centro;mPa;A região sob o retângulo vermelho encontra-se sob influência de subsidência e advecção de ar frio e seco, caracterizando a atuação da massa polar atlântica após a passagem de siste;Verão;;;;;;;;;;;;;;;;
2022-02-09 00:00:00;Sul;mPa;A região destacada apresenta o ingresso de uma massa de ar pós-frontal, com queda nas temperaturas e valores específicos de umidade característicos do avanço da mPa no setor sul.;Verão;;;;;;;;;;;;;;;;
2022-02-10 00:00:00;Norte;mEc;A região delimitada abrange a bacia amazônica, caracterizada por baixas pressões e elevada umidade, evidenciando o domínio da massa equatorial continental (mEc).;Verão;;;;;;;;;;;;;;;;
2022-02-10 00:00:00;Nordeste;mTa;A região encontra-se sob influência do fluxo equatorial e persistência da advecção marítima quente e úmida, característica da massa tropical atlântica na faixa costeira e interior.;Verão;;;;;;;;;;;;;;;;
2022-02-10 00:00:00;Litoral;mTa;Regiao sob fluxo predominante de leste/sudeste associado ao escoamento da massa tropical atlantica, mantendo condicoes de estabilidade e umidade no litoral do Nordeste.;Verão;;;;;;;;;;;;;;;;
2022-02-10 00:00:00;Centro;mTc;Região sob influência de ar quente e seco continental, característico da atuação da massa Tropical Continental sobre o interior do Brasil central.;Verão;;;;;;;;;;;;;;;;
2022-02-10 00:00:00;Sul;mPa;A região sul delimitada encontra-se sob influência de massa de ar pós-frontal, apresentando declínio térmico e gradiente de pressão característico da mPa em deslocamento.;Verão;;;;;;;;;;;;;;;;
2022-02-11 00:00:00;Norte;mEc;Região localizada sobre a bacia amazônica, caracterizada por altas temperaturas e umidade elevada, típicas da massa Equatorial Continental, sem influência de sistemas extratropicai;Verão;;;;;;;;;;;;;;;;
2022-02-11 00:00:00;Nordeste;mTa;Região sob influência direta do escoamento marítimo de leste/sudeste associado à célula de alta pressão do Atlântico Sul, mantendo características de massa quente e úmida.;Verão;;;;;;;;;;;;;;;;
2022-02-11 00:00:00;Litoral;mTa;O setor delimitado encontra-se sob influência do escoamento marítimo persistente proveniente do Atlântico Sul, caracterizando o domínio da massa Tropical Atlântica (mTa).;Verão;;;;;;;;;;;;;;;;
2022-02-11 00:00:00;Centro;mPa;A região demarcada apresenta a incursão de ar mais frio e denso, característico da porção continental da mPa, que avança por trás do sistema frontal sobre o Brasil Central.;Verão;;;;;;;;;;;;;;;;
2022-02-11 00:00:00;Sul;mTa;Região predominantemente sob influência da circulação da Alta Subtropical do Atlântico Sul, caracterizando o domínio da massa Tropical Atlântica com fluxo de umidade do oceano.;Verão;;;;;;;;;;;;;;;;
2022-02-12 00:00:00;Norte;mEc;Regiao central e norte da Amazonia apresentando caracteristicas tipicas de dominio da massa quente e umida de origem continental, mantendo estabilidade termica sem influencias exte;Verão;;;;;;;;;;;;;;;;
2022-02-12 00:00:00;Nordeste;mTa;A região delimitada encontra-se sob influência do escoamento marítimo associado à alta pressão do Atlântico, caracterizando a predominância da Massa Tropical Atlântica.;Verão;;;;;;;;;;;;;;;;
2022-02-12 00:00:00;Litoral;mTa;Região sob influência direta do escoamento marítimo associado à circulação anticiclônica do Atlântico Sul, caracterizando a predominância de ar quente e úmido no setor costeiro.;Verão;;;;;;;;;;;;;;;;
2022-02-12 00:00:00;Centro;mTa;Regiao sob predominio de escoamento de leste/nordeste associado a ASAS, caracterizando o transporte de umidade e calor da massa Tropical Atlantica sobre o centro do Brasil.;Verão;;;;;;;;;;;;;;;;
2022-02-12 00:00:00;Sul;mPa;A regiao apresenta adveccao de ar frio e umido pos-frontal sobre o Sul do Brasil, caracterizando o avanco e influencia predominante da massa de ar polar na area delimitada.;Verão;;;;;;;;;;;;;;;;
2022-02-13 00:00:00;Norte;mEc;A região delimitada abrange a bacia amazônica e adjacências, sob domínio de ar quente e úmido de origem continental, característico da Massa Equatorial Continental.;Verão;;;;;;;;;;;;;;;;
2022-02-13 00:00:00;Nordeste;mTa;Regiao sob fluxo predominante de leste/sudeste associado a circulacao maritima, caracterizando a atuacao da massa Tropical Atlantica sobre a costa e porcao oriental do Nordeste.;Verão;;;;;;;;;;;;;;;;
2022-02-13 00:00:00;Litoral;mTa;Regiao sob influencia do escoamento de leste-sudeste associado a area de alta pressao do Atlantico Sul, caracterizando a predominancia da massa Tropical Atlantica quente e umida.;Verão;;;;;;;;;;;;;;;;
2022-02-13 00:00:00;Centro;mTc;Região central caracterizada por baixas pressões relativas e valores de temperatura elevados, coerentes com a atuação da massa de ar tropical continental sobre o interior do contin;Verão;;;;;;;;;;;;;;;;
2022-02-13 00:00:00;Sul;mPa;A região delimitada encontra-se na retaguarda de um sistema frontal, caracterizada pela presença de ar mais frio e denso, típico do escoamento da mPa sobre o Sul do Brasil.;Verão;;;;;;;;;;;;;;;;
2022-02-14 00:00:00;Norte;mEc;A região demarcada encontra-se sobre a bacia amazônica, caracterizada por altas temperaturas e elevada umidade, sob domínio da Massa Equatorial Continental.;Verão;;;;;;;;;;;;;;;;
2022-02-14 00:00:00;Nordeste;mTa;Predominio de circulacao maritima com transporte de umidade do oceano para o interior do Nordeste, caracterizando a influencia da massa Tropical Atlantica na regiao.;Verão;;;;;;;;;;;;;;;;
2022-02-14 00:00:00;Litoral;mTa;Regiao sob fluxo predominante de leste/sudeste associado a circulacao maritima em superficie, caracterizando a influencia direta de massa quente e umida de origem maritima.;Verão;;;;;;;;;;;;;;;;
2022-02-14 00:00:00;Centro;mEc;Massa Equatorial Continental influenciando o Centro-Oeste brasileiro, caracterizada por temperaturas elevadas e alta umidade, predominando sobre o setor na carta sinótica.;Verão;;;;;;;;;;;;;;;;
2022-02-14 00:00:00;Sul;mPa;A região destacada apresenta o ingresso de uma massa de ar pós-frontal (setor frio), caracterizada pelos baixos valores de temperatura e umidade associados ao avanço da mPa.;Verão;;;;;;;;;;;;;;;;
2022-02-15 00:00:00;Norte;mEc;A região delimitada abrange a bacia amazônica e adjacências, onde predomina uma massa de ar quente e úmida de origem continental, característica da mEc, sem influência polar.;Verão;;;;;;;;;;;;;;;;
2022-02-15 00:00:00;Nordeste;mTa;Regiao sob influencia direta do fluxo zonal de leste, caracterizando a atuacao da mTa, que se estabelece sobre o Nordeste brasileiro com caracteristicas quentes e umidas.;Verão;;;;;;;;;;;;;;;;
2022-02-15 00:00:00;Litoral;mTa;Regiao sob influencia do escoamento do quadrante leste, caracteristico da massa tropical atlantica, promovendo transporte de umidade e calor sobre o litoral leste brasileiro.;Verão;;;;;;;;;;;;;;;;
2022-02-15 00:00:00;Centro;mTc;A região central encontra-se sob influência de subsidência e ar quente de características continentais, típica da depressão do Chaco, mantendo temperaturas elevadas no interior.;Verão;;;;;;;;;;;;;;;;
2022-02-15 00:00:00;Sul;mTa;A região delimitada está sob forte influência do escoamento marítimo associado ao sistema de alta pressão oceânica, caracterizando o predomínio da Massa Tropical Atlântica.;Verão;;;;;;;;;;;;;;;;
2022-02-16 00:00:00;Norte;mEc;A região apresenta o domínio da massa equatorial continental, característica de ambientes amazônicos com alta umidade e temperaturas elevadas, sem influência de sistemas frontais.;Verão;;;;;;;;;;;;;;;;
2022-02-16 00:00:00;Nordeste;mTa;Predomínio da mTa, caracterizada pela circulação marítima quente e úmida sob influência da alta pressão subtropical do Atlântico Sul atuando sobre o litoral e interior do NE.;Verão;;;;;;;;;;;;;;;;
2022-02-16 00:00:00;Litoral;mTa;A regiao delimitada esta sob influencia direta do escoamento marítimo associado ao sistema de alta pressao do Atlantico Sul, caracterizando a predominancia da massa Tropical Atlant;Verão;;;;;;;;;;;;;;;;
2022-02-16 00:00:00;Centro;mTa;A região encontra-se sob o fluxo do escoamento zonal da alta pressão subtropical do Atlântico Sul, caracterizando a predominância de ar quente e úmido de origem marítima.;Verão;;;;;;;;;;;;;;;;
2022-02-16 00:00:00;Sul;mPa;A região delimitada encontra-se na retaguarda de um sistema frontal, caracterizada pela incursão de ar mais frio e dente, configurando o domínio da mPa no setor sul.;Verão;;;;;;;;;;;;;;;;
2022-02-16 00:00:00;Norte;mEc;Regiao central e norte da Amazonia sob influencia da massa de ar quente e umida de origem continental, caracterizando a mEc no setor delimitado.;Verão;;;;;;;;;;;;;;;;
2022-02-16 00:00:00;Nordeste;mTa;A região delimitada encontra-se sob influência da circulação do Anticiclone Subtropical do Atlântico Sul, caracterizando o predomínio de ar quente e úmido de origem marítima.;Verão;;;;;;;;;;;;;;;;
2022-02-16 00:00:00;Litoral;mEa;A região delimitada no litoral nordeste está sob influência da massa Equatorial Atlântica, caracterizada pelo fluxo de ar quente e úmido vindo de baixas latitudes oceânicas.;Verão;;;;;;;;;;;;;;;;
2022-02-16 00:00:00;Centro;mTa;Região sob influência da circulação da ASAS, caracterizada por temperaturas amenas e padrão de umidade típico da massa tropical atlântica que penetra o interior do continente.;Verão;;;;;;;;;;;;;;;;
2022-02-16 00:00:00;Sul;mPa;A regiao delimitada esta sob a influencia do avanco de um sistema frontal, caracterizando a presenca de uma Massa Polar Atlantica (mPa) com adveccao de ar mais frio e seco.;Verão;;;;;;;;;;;;;;;;
2022-02-17 00:00:00;Norte;mEc;A regiao delimitada esta sob influencia da Massa Equatorial Continental, caracterizada por altas temperaturas e elevada umidade, tipicas da bacia amazonica e estacao chuvosa.;Verão;;;;;;;;;;;;;;;;
2022-02-17 00:00:00;Nordeste;mTa;A região do Nordeste delimitada encontra-se sob total influência do fluxo marítimo de sudeste, característico da massa Tropical Atlântica (mTa), que domina a costa e o interior do ;Verão;;;;;;;;;;;;;;;;
2022-02-17 00:00:00;Litoral;mTa;Região sob influência direta do fluxo de leste da circulação marítima, caracterizando a predominância da massa Tropical Atlântica com transporte de umidade para o litoral.;Verão;;;;;;;;;;;;;;;;
2022-02-17 00:00:00;Centro;mTa;Região central sob influência da circulação do escoamento marítimo, caracterizando o domínio da massa de ar Tropical Atlântica com transporte de umidade para o interior.;Verão;;;;;;;;;;;;;;;;
2022-02-17 00:00:00;Sul;mPa;A região encontra-se no quadrante posterior ao sistema frontal, caracterizando o ingresso e domínio da massa polar atlântica sobre o setor Sul.;Verão;;;;;;;;;;;;;;;;
2022-02-18 00:00:00;Norte;mEc;Região central da Bacia Amazônica sob domínio da massa equatorial continental, caracterizada por altas temperaturas e elevada umidade, sem influência de sistemas extratropicais.;Verão;;;;;;;;;;;;;;;;
2022-02-18 00:00:00;Nordeste;mTa;A região delimitada está sob forte influência do escoamento marítimo associado à circulação anticiclônica do Atlântico Sul, caracterizando a predominância da massa Tropical Atlânti;Verão;;;;;;;;;;;;;;;;
2022-02-18 00:00:00;Litoral;mTa;A área delimitada encontra-se sob influência de um fluxo marítimo associado ao sistema de alta pressão oceânico, caracterizando a atuação típica da massa Tropical Atlântica (mTa).;Verão;;;;;;;;;;;;;;;;
2022-02-18 00:00:00;Centro;mTa;A região destacada encontra-se sob domínio da circulação periférica da ASAS, apresentando características de massa de ar quente e úmida, típica da influência marítima tropical.;Verão;;;;;;;;;;;;;;;;
2022-02-18 00:00:00;Sul;mPa;A região delimitada encontra-se sob influência de subsidência e advecção fria, caracterizando o avanço de uma massa de ar polar após a passagem de sistema frontal pelo setor.;Verão;;;;;;;;;;;;;;;;
2022-02-19 00:00:00;Norte;mEc;Regiao central e norte da Amazonia sob dominio da massa equatorial continental, caracterizada pelo ar quente e umido, sem influencia de sistemas frontais ou alta subtropical.;Verão;;;;;;;;;;;;;;;;
2022-02-19 00:00:00;Nordeste;mTa;A região apresenta o predomínio de características de estabilidade e umidade associadas ao fluxo marítimo do Atlântico, configurando a influência da Massa Tropical Atlântica.;Verão;;;;;;;;;;;;;;;;
2022-02-19 00:00:00;Litoral;mTa;O setor delimitado encontra-se sob domínio da circulação marítima da Alta Subtropical do Atlântico Sul, caracterizando o predomínio da Massa Tropical Atlântica (mTa).;Verão;;;;;;;;;;;;;;;;
2022-02-19 00:00:00;Centro;mTc;A região central delimitada situa-se sobre o interior do continente, sob influência da circulação característica de baixas pressões térmicas da Depressão do Chaco, definindo a mTc.;Verão;;;;;;;;;;;;;;;;
2022-02-19 00:00:00;Sul;mTa;Regiao sob fluxo predominante de leste/nordeste sob influencia da alta subtropica, caracterizando o dominio da massa quente e umida de origem maritima sobre o setor.;Verão;;;;;;;;;;;;;;;;
2022-02-20 00:00:00;Norte;mEc;Região central da Bacia Amazônica sob domínio característico da Massa Equatorial Continental, apresentando alta umidade e temperaturas elevadas típicas do seu núcleo de atuação.;Verão;;;;;;;;;;;;;;;;
2022-02-20 00:00:00;Nordeste;mTa;Região sob influência direta do fluxo de leste da alta pressão subtropical do Atlântico, predominando características de massa tropical marítima quente e úmida.;Verão;;;;;;;;;;;;;;;;
2022-02-20 00:00:00;Litoral;mTa;A região delimitada no litoral encontra-se sob influência do escoamento marítimo de leste, característico da massa de ar Tropical Atlântica (mTa), quente e úmida.;Verão;;;;;;;;;;;;;;;;
2022-02-20 00:00:00;Centro;mTa;Area sob influência da circulação anticiclônica oceânica que transporta umidade e calor para o interior, configurando o predomínio da massa Tropical Atlântica.;Verão;;;;;;;;;;;;;;;;
2022-02-20 00:00:00;Sul;mTa;A região encontra-se sob influência do fluxo de circulação marítima da alta pressão, caracterizando a atuação da massa tropical atlântica, quente e úmida, predominante no setor.;Verão;;;;;;;;;;;;;;;;
2022-02-21 00:00:00;Norte;mEc;Regiao central e norte da Amazonia sob influencia da Massa Equatorial Continental, caracterizada por alto teor de umidade e instabilidade termodinamica tipica da bacia amazonica.;Verão;;;;;;;;;;;;;;;;
2022-02-21 00:00:00;Nordeste;mTa;A região demarcada apresenta-se sob a influência direta do escoamento de leste e sudeste, característico da circulação da massa de ar Tropical Atlântica, quente e úmida.;Verão;;;;;;;;;;;;;;;;
2022-02-21 00:00:00;Litoral;mTa;Região sob influência direta da circulação marítima do Atlântico Sul, caracterizando a permanência da Massa Tropical Atlântica com escoamento de leste a sudeste.;Verão;;;;;;;;;;;;;;;;
2022-02-21 00:00:00;Centro;mTa;A região delimitada está sob a influência do escoamento marítimo oriundo do oceano Atlântico, caracterizando o predomínio de ar quente e úmido típico da massa Tropical Atlântica.;Verão;;;;;;;;;;;;;;;;
2022-02-21 00:00:00;Sul;mPa;A região delimitada encontra-se sob a influência direta do avanço de uma massa de ar frio e úmido após a passagem de uma frente fria, caracterizando o domínio da mPa.;Verão;;;;;;;;;;;;;;;;
2022-02-22 00:00:00;Norte;mEc;A região delimitada abrange a bacia amazônica e áreas continentais adjacentes, onde a massa de ar quente e úmida de origem continental predomina nesta época do ano.;Verão;;;;;;;;;;;;;;;;
2022-02-22 00:00:00;Nordeste;mTa;Predominancia de escoamento vindo do oceano sobre a regiao, transportando ar quente e umido associado ao fluxo do anticiclone subtropical do Atlantico Sul.;Verão;;;;;;;;;;;;;;;;
2022-02-22 00:00:00;Litoral;mEa;A região delimitada no litoral do Nordeste está sob influência direta do escoamento marítimo quente e úmido característico da massa Equatorial Atlântica.;Verão;;;;;;;;;;;;;;;;
2022-02-22 00:00:00;Centro;mPa;A região destacada encontra-se atrás de um sistema frontal, sob a trajetória de avanço de uma massa de ar mais frio e denso de origem polar, caracterizando a atuação da mPa.;Verão;;;;;;;;;;;;;;;;
2022-02-22 00:00:00;Sul;mPa;A região delimitada encontra-se sob influência do avanço de uma massa polar após a passagem de sistema frontal, evidenciada pelos gradientes de pressão e campo de temperaturas.;Verão;;;;;;;;;;;;;;;;
2022-02-23 00:00:00;Norte;mEc;A regiao delimitada esta sob influencia direta da massa de ar quente e umida de origem continental, que domina o setor amazonico neste periodo sazonal.;Verão;;;;;;;;;;;;;;;;
2022-02-23 00:00:00;Nordeste;mTa;Regiao sob influencia direta do escoamento de leste do anticiclone subtropical, caracterizando a predominancia da massa tropical atlantica quente e umida sobre o setor nordestino.;Verão;;;;;;;;;;;;;;;;
2022-02-23 00:00:00;Litoral;mTa;Região sob influência direta do fluxo de leste da alta pressão subtropical do Atlântico Sul, caracterizando a predominância da massa de ar Tropical Atlântica no setor litorâneo.;Verão;;;;;;;;;;;;;;;;
2022-02-23 00:00:00;Centro;mTa;A região encontra-se sob influência de um fluxo marítimo associado à alta pressão do Atlântico, caracterizando a predominância da Massa Tropical Atlântica.;Verão;;;;;;;;;;;;;;;;
2022-02-23 00:00:00;Sul;mPa;A região delimitada encontra-se sob influência de massa de ar frio e úmido após a passagem de uma frente fria, caracterizada pela circulação anticiclônica que avança sobre o Sul.;Verão;;;;;;;;;;;;;;;;
2022-02-24 00:00:00;Norte;mEc;A regiao delimitada esta sob influencia direta da massa de ar Equatorial Continental, caracterizada por alto teor de umidade e temperaturas elevadas tipicas da Amazonia.;Verão;;;;;;;;;;;;;;;;
2022-02-24 00:00:00;Nordeste;mTa;Predomínio de fluxo marítimo típico da periferia da alta subtropical sobre o oceano, transportando ar quente e úmido para a faixa costeira e interior do Nordeste brasileiro.;Verão;;;;;;;;;;;;;;;;
2022-02-24 00:00:00;Litoral;mTa;A regiao sob o retangulo encontra-se sob predominio do fluxo de ar quente e umido vindo do Atlantico Sul, caracterizando a atuacao estavel da massa Tropical Atlantica neste setor.;Verão;;;;;;;;;;;;;;;;
2022-02-24 00:00:00;Centro;mTa;A região delimitada encontra-se sob domínio da circulação do anticiclone subtropical, caracterizando a influência da massa Tropical Atlântica com escoamento úmido sobre o setor.;Verão;;;;;;;;;;;;;;;;
2022-02-24 00:00:00;Sul;mTa;A região delimitada encontra-se sob influência do fluxo marítimo quente e úmido característico da periferia da ASAS, configurando o predomínio da Massa Tropical Atlântica (mTa).;Verão;;;;;;;;;;;;;;;;
2022-02-25 00:00:00;Norte;mEc;A regiao delimitada esta sob influencia da Massa Equatorial Continental, caracterizada por alta umidade e temperaturas elevadas, atuando sobre a bacia amazonica e regioes adjacente;Verão;;;;;;;;;;;;;;;;
2022-02-25 00:00:00;Nordeste;mTa;Predominância da massa Tropical Atlântica, caracterizada pelo fluxo de ar úmido e quente vindo do oceano, influenciando o setor leste da região Nordeste no período.;Verão;;;;;;;;;;;;;;;;
2022-02-25 00:00:00;Litoral;mTa;Regiao sob fluxo predominante de leste/sudeste associado ao transporte de umidade do oceano, caracterizando a influencia da massa Tropical Atlantica no litoral em questao.;Verão;;;;;;;;;;;;;;;;
2022-02-25 00:00:00;Centro;mTa;Região central sob influência direta do fluxo de umidade do oceano, caracterizando o predomínio da massa Tropical Atlântica com temperaturas elevadas e umidade significativa.;Verão;;;;;;;;;;;;;;;;
2022-02-25 00:00:00;Sul;mPa;A região delimitada encontra-se na retaguarda de um sistema frontal, sob forte influência da advecção de ar frio e seco característica da Massa Polar Atlântica.;Verão;;;;;;;;;;;;;;;;
2022-02-26 00:00:00;Norte;mEc;Regiao central amazonica sob predominancia de altos indices de umidade e temperaturas elevadas, caracteristica da Massa Equatorial Continental, sem influecia direta de fronts frios;Verão;;;;;;;;;;;;;;;;
2022-02-26 00:00:00;Nordeste;mTa;Região sob o domínio do escoamento de leste-sudeste, característico da circulação da ASAS, que transporta ar quente e úmido sobre o setor oriental do Nordeste brasileiro.;Verão;;;;;;;;;;;;;;;;
2022-02-26 00:00:00;Litoral;mTa;Predominância de fluxo marítimo sob influência de alta pressão no oceano, caracterizando uma massa de ar quente e úmida sobre o setor costeiro analisado.;Verão;;;;;;;;;;;;;;;;
2022-02-26 00:00:00;Centro;mTa;A região central sob análise está inserida no fluxo predominante de leste/sudeste, sob influência do escoamento marítimo quente e úmido vindo do Atlântico.;Verão;;;;;;;;;;;;;;;;
2022-02-26 00:00:00;Sul;mTa;A região destacada encontra-se sob domínio do fluxo orientado pela circulação anticiclônica marítima, caracterizando a predominância de ar quente e úmido de origem tropical.;Verão;;;;;;;;;;;;;;;;
2022-02-27 00:00:00;Norte;mEc;Regiao continental norte sem influencia de sistemas frontais ou ASAS, caracterizada pela predominancia da massa de ar quente e umida de origem amazonica.;Verão;;;;;;;;;;;;;;;;
2022-02-27 00:00:00;Nordeste;mTa;Predominância da circulação de leste/sudeste associada à periferia da ASAS, transportando umidade e ar quente oceânico sobre o setor leste e interior da região Nordeste.;Verão;;;;;;;;;;;;;;;;
2022-02-27 00:00:00;Litoral;mTa;A região delimitada está sob forte influência da circulação marítima do Atlântico Sul, caracterizando o predomínio de ar quente e úmido típico da massa Tropical Atlântica.;Verão;;;;;;;;;;;;;;;;
2022-02-27 00:00:00;Centro;mTa;A região encontra-se sob influência da circulação anticiclônica do Atlântico Sul, caracterizando a predominância de ar quente e úmido transportado por fluxos de leste/nordeste.;Verão;;;;;;;;;;;;;;;;
2022-02-27 00:00:00;Sul;mTa;A região delimitada está sob influência do fluxo equatorial e marítimo típico da mTa, caracterizada por temperaturas elevadas e alta umidade, predominando antes do avanço frontal.;Verão;;;;;;;;;;;;;;;;
2022-02-28 00:00:00;Norte;mEc;A região delimitada abrange a bacia amazônica e áreas centrais do continente, onde a massa de ar equatorial continental (mEc) prevalece devido a elevados teores de umidade e calor.;Verão;;;;;;;;;;;;;;;;
2022-02-28 00:00:00;Nordeste;mTa;Predominancia da mTa sobre a regiao, caracterizada pelo fluxo de ar quente e umido vindo do Oceano Atlantico sob a influencia da circulacao periferica da ASAS.;Verão;;;;;;;;;;;;;;;;
2022-02-28 00:00:00;Litoral;mTa;Area sob influencia da circulacao periferica da alta pressao subtropical, caracterizando o dominio da Massa Tropical Atlantica, com transporte de umidade e calor na costa.;Verão;;;;;;;;;;;;;;;;
2022-02-28 00:00:00;Centro;mTc;Região central sob influência de ar quente e seco de origem continental (Depressão do Chaco), característico das baixas pressões térmicas do interior do continente.;Verão;;;;;;;;;;;;;;;;
2022-02-28 00:00:00;Sul;mTa;Regiao sob incidencia de fluxo de transporte de umidade do quadrante leste-nordeste, proveniente do Oceano Atlantico, caracterizando predominio de massa quente e umida.;Verão;;;;;;;;;;;;;;;;
2022-03-01 00:00:00;Norte;mEc;Região situada sobre a bacia amazônica e áreas centrais do Brasil, apresentando características de ar quente e úmido, sob domínio da massa Equatorial Continental.;Verão;;;;;;;;;;;;;;;;
2022-03-01 00:00:00;Nordeste;mTa;Predominância da Massa Tropical Atlântica, caracterizada pelo fluxo de ar quente e úmido vindo do oceano, influenciando o setor leste da região Nordeste no período.;Verão;;;;;;;;;;;;;;;;
2022-03-01 00:00:00;Litoral;mTa;Regiao sob predominio de escoamento vindo do oceano, caracteristico da massa Tropical Atlantica, que se estabelece sobre o setor leste do pais neste periodo.;Verão;;;;;;;;;;;;;;;;
2022-03-01 00:00:00;Centro;mEc;Região sob influência da massa Equatorial Continental (mEc), caracterizada por ar quente e úmido, predominante sobre o interior do Brasil central na ausência de sistemas frontais.;Verão;;;;;;;;;;;;;;;;
2022-03-01 00:00:00;Sul;mPa;A regiao delimitada esta sob influencia direta do escoamento de ar frio e seco pos-frontal, caracteristico do avanco de uma massa polar sobre o Sul do Brasil.;Verão;;;;;;;;;;;;;;;;
2022-03-02 00:00:00;Norte;mEc;A regiao delimitada esta sob influencia direta da Massa Equatorial Continental, caracterizada pelo ar quente e umido tipico da bacia amazonica, sem interferencia de sistemas fronta;Verão;;;;;;;;;;;;;;;;
2022-03-02 00:00:00;Nordeste;mTa;Regiao sob predominio do fluxo de transporte de umidade do oceano Atlantico para o continente, caracterizando o dominio da massa de ar Tropical Atlantica nesta faixa litoranea.;Verão;;;;;;;;;;;;;;;;
2022-03-02 00:00:00;Litoral;mTa;O setor delimitado encontra-se sob influência do fluxo de circulação marítima da alta pressão, caracterizando o domínio da massa Tropical Atlântica, quente e úmida no litoral.;Verão;;;;;;;;;;;;;;;;
2022-03-02 00:00:00;Centro;mTc;Posicionada na região central do continente, a massa apresenta características térmicas típicas da mTc, dominando o setor delimitado longe da influência oceânica ou polar direta.;Verão;;;;;;;;;;;;;;;;
2022-03-02 00:00:00;Sul;mPa;A região delimitada está posicionada imediatamente atrás do segmento de frente fria em deslocamento pelo Oceano Atlântico, indicando a predominância de advecção de ar polar.;Verão;;;;;;;;;;;;;;;;
2022-03-03 00:00:00;Norte;mEc;Região sob influência direta da massa de ar Equatorial Continental, caracterizada por altas temperaturas e elevada umidade sobre a bacia amazônica e adjacências.;Verão;;;;;;;;;;;;;;;;
2022-03-03 00:00:00;Nordeste;mTa;Predominio da massa de ar tropical atlantica na regiao, favorecida pelo fluxo de leste vindo do oceano sobre o Nordeste brasileiro, garantindo caracteristicas quentes e umidas.;Verão;;;;;;;;;;;;;;;;
2022-03-03 00:00:00;Litoral;mTa;A regiao delimitada esta sob o regime de circulacao maritima quente e umida caracteristica da massa Tropical Atlantica, que predomina no litoral leste do Brasil.;Verão;;;;;;;;;;;;;;;;
2022-03-03 00:00:00;Centro;mTc;A região central apresenta características de ar quente e seco, com temperaturas elevadas registradas, típica da atuação da massa tropical continental sobre o interior do continent;Verão;;;;;;;;;;;;;;;;
2022-03-03 00:00:00;Sul;mPa;A região encontra-se no setor pós-frontal, sob a influência direta do avanço da Massa Polar Atlântica, caracterizada pelo resfriamento das temperaturas e estabilização do tempo.;Verão;;;;;;;;;;;;;;;;
2022-03-04 00:00:00;Norte;mEc;Região central da Amazônia sob influência de massa quente e úmida de origem equatorial continental, caracterizada pela estabilidade térmica e elevados índices de umidade.;Verão;;;;;;;;;;;;;;;;
2022-03-04 00:00:00;Nordeste;mEa;A região delimitada no setor leste da interface continental é dominada por fluxo marítimo de origem equatorial, caracterizando a influência da Massa Equatorial Atlântica (mEa).;Verão;;;;;;;;;;;;;;;;
2022-03-04 00:00:00;Litoral;mTa;Região sob influência direta do escoamento marítimo de leste/nordeste associado à circulação de alta pressão oceânica, caracterizando a atuação da massa Tropical Atlântica.;Verão;;;;;;;;;;;;;;;;
2022-03-04 00:00:00;Centro;mTa;A região encontra-se sob influência do fluxo marítimo da ASAS, caracterizando a permanência da Massa Tropical Atlântica com transporte de umidade em baixos níveis sobre o setor.;Verão;;;;;;;;;;;;;;;;
2022-03-04 00:00:00;Sul;mPa;A região apresenta o avanço de uma massa de ar frio e úmido na retaguarda de um sistema frontal, caracterizando a presença da mPa sobre o Sul do país.;Verão;;;;;;;;;;;;;;;;
2022-03-05 00:00:00;Norte;mEc;A regiao delimitada posiciona-se sobre a Amazonia, com registros de altos teores de umidade e temperaturas elevadas, caracterizando o dominio da massa equatorial continental (mEc).;Verão;;;;;;;;;;;;;;;;
2022-03-05 00:00:00;Nordeste;mTa;Regiao sob predominio da circulacao maritima quente e umida vinda do Atlantico Sul, caracterizando a influencia da massa tropical atlantica sobre o Nordeste brasileiro.;Verão;;;;;;;;;;;;;;;;
2022-03-05 00:00:00;Litoral;mTa;Regiao sob predominio de escoamento maritimo quente e umido, caracteristico da massa tropical atlantica que atua estavelmente sobre a costa leste do Brasil.;Verão;;;;;;;;;;;;;;;;
2022-03-05 00:00:00;Centro;mEc;A região central encontra-se sob domínio da mEc, caracterizada por massas de ar quentes e úmidas de origem continental, mantendo características térmicas tropicais predominantes.;Verão;;;;;;;;;;;;;;;;
2022-03-05 00:00:00;Sul;mPa;A região delimitada encontra-se sob a influência direta do ingresso de ar polar na retaguarda da frente fria, caracterizado pelos menores valores de temperatura e ponto de orvalho.;Verão;;;;;;;;;;;;;;;;
2022-03-06 00:00:00;Norte;mEc;A região apresenta as características térmicas e de umidade típicas da massa Equatorial Continental, que domina o interior amazônico nesta época do ano.;Verão;;;;;;;;;;;;;;;;
2022-03-06 00:00:00;Nordeste;mTa;A região encontra-se sob domínio do escoamento do quadrante leste/sudeste, característico da circulação periférica oceânica que transporta umidade continental adentro.;Verão;;;;;;;;;;;;;;;;
2022-03-06 00:00:00;Litoral;mTa;A regiao delimitada esta sob influencia direta do escoamento marítimo associado ao sistema de alta pressao do Atlantico Sul, caracterizando a predominancia da massa Tropical Atlant;Verão;;;;;;;;;;;;;;;;
2022-03-06 00:00:00;Centro;mTa;Regiao sob influencia do escoamento oceanico de leste/nordeste, caracteristico da circulacao periferica da ASAS, que transporta calor e umidade para o interior da regiao Sudeste.;Verão;;;;;;;;;;;;;;;;
2022-03-06 00:00:00;Sul;mPa;A região delimitada encontra-se sob influência direta da massa de ar polar, evidenciada pelo gradiente de pressão e posição a retaguarda da frente fria que avança sobre o Sul do Br;Verão;;;;;;;;;;;;;;;;
2022-03-07 00:00:00;Norte;mEc;A região mapeada encontra-se sobre a bacia amazônica, sob influência direta e exclusiva da Massa Equatorial Continental, caracterizada pela predominância de ar quente e úmido.;Verão;;;;;;;;;;;;;;;;
2022-03-07 00:00:00;Nordeste;mTa;Predominio de ar quente e umido proveniente do oceano Atlantico Sul, sob a influancia das correntes de leste associadas ao escoamento da alta subtropical que atua na regiao.;Verão;;;;;;;;;;;;;;;;
2022-03-07 00:00:00;Litoral;mTa;A regiao apresenta características de estabilidade e escoamento marítimo típico da circulacao da alta subtropical do Atlântico Sul, caracterizando a atuação da mTa.;Verão;;;;;;;;;;;;;;;;
2022-03-07 00:00:00;Centro;mEc;Região central sob influência da massa de ar quente e úmida de origem equatorial que se expande sobre o continente, caracterizando as condições de tempo na área delimitada.;Verão;;;;;;;;;;;;;;;;
2022-03-07 00:00:00;Sul;mPa;A região delimitada encontra-se sob influência de uma massa de ar pós-frontal, com gradiente de pressão e perfil térmico característicos da atuação da mPa no setor.;Verão;;;;;;;;;;;;;;;;
2022-03-08 00:00:00;Norte;mEc;Regiao central da Amazonia caracterizada por ar quente e umido, sem influencia de frentes frias ou sistemas oceanicos, configurando o dominio da Massa Equatorial Continental.;Verão;;;;;;;;;;;;;;;;
2022-03-08 00:00:00;Nordeste;mEa;Região sob influência direta da circulação marítima equatorial, com transporte de umidade e calor sobre o litoral e interior do Nordeste, característica marcante da mEa.;Verão;;;;;;;;;;;;;;;;
2022-03-08 00:00:00;Litoral;mTa;A regiao delimitada esta sob o dominio do fluxo de leste/sudeste associado ao escoamento da alta pressao subtropical, caracterizando a presenca da Massa Tropical Atlantica (mTa).;Verão;;;;;;;;;;;;;;;;
2022-03-08 00:00:00;Centro;mTa;A região encontra-se sob influência da circulação anticiclônica do Atlântico Sul, transportando umidade e ar quente marítimo sobre o interior do Brasil central.;Verão;;;;;;;;;;;;;;;;
2022-03-08 00:00:00;Sul;mPa;A região delimitada está sob influência direta da massa de ar pós-frontal, caracterizada por temperaturas mais amenas associadas ao avanço da mPa sobre o Sul do Brasil.;Verão;;;;;;;;;;;;;;;;
2022-03-09 00:00:00;Norte;mEc;Regiao central e norte da Amazonia sob dominio da massa equatorial continental, caracterizada por alta umidade e temperaturas elevadas, sem influencia de sistemas frontais.;Verão;;;;;;;;;;;;;;;;
2022-03-09 00:00:00;Nordeste;mTa;A região delimitada está sob a influência do fluxo marítimo de sudeste, característico do transporte de umidade e calor provido pela massa tropical atlântica no setor.;Verão;;;;;;;;;;;;;;;;
2022-03-09 00:00:00;Litoral;mTa;A região delimitada está sob influência do fluxo equatorial/tropical do Atlântico, caracterizando a atuação da massa de ar Tropical Atlântica com transporte de umidade.;Verão;;;;;;;;;;;;;;;;
2022-03-09 00:00:00;Centro;mTa;Predominio de umidade e temperaturas elevadas na regiao central, caracteristicas da circulacao da massa Tropical Atlantica sobre o continente no setor monitorado.;Verão;;;;;;;;;;;;;;;;
2022-03-09 00:00:00;Sul;mTa;A região delimitada encontra-se sob influência de um fluxo quente e úmido proveniente do quadrante norte/nordeste associado ao escoamento da ASAS, caracterizando o predomínio de mT;Verão;;;;;;;;;;;;;;;;
2022-03-10 00:00:00;Norte;mEc;Regiao central e norte da Amazonia, com elevada umidade e instabilidade termica caracteristica, sob dominio da massa de ar Equatorial Continental.;Verão;;;;;;;;;;;;;;;;
2022-03-10 00:00:00;Nordeste;mTa;A região sob análise é dominada pelo fluxo de leste da alta pressão oceânica, caracterizando a atuação predominante da Massa Tropical Atlântica (mTa) sobre o setor.;Verão;;;;;;;;;;;;;;;;
2022-03-10 00:00:00;Litoral;mEa;Regiao situada no litoral do Nordeste brasileiro, sob influencia predominante da massa de ar quente e umida de origem equatorial, caracterizando o ambiente tropical da costa norte-;Verão;;;;;;;;;;;;;;;;
2022-03-10 00:00:00;Centro;mTa;Regiao sob incidencia de fluxo subtropical umido vindo do Atlantico, caracteristica da circulacao da ASAS que transporta ar quente e instavel para o Sudeste/Centro-Oeste.;Verão;;;;;;;;;;;;;;;;
2022-03-10 00:00:00;Sul;mPa;A região sob o retângulo vermelho encontra-se localizada logo atrás do eixo da frente fria, sob influência do fluxo de ar frio e úmido característico da mPa em deslocamento.;Verão;;;;;;;;;;;;;;;;
2022-03-11 00:00:00;Norte;mEc;A regiao delimitada posiciona-se sobre a bacia Amazonica, area de geracao e predominio da massa de ar quente e umida de origem equatorial continental.;Verão;;;;;;;;;;;;;;;;
2022-03-11 00:00:00;Nordeste;mTa;Predominio de caracteristicas da Massa Tropical Atlantica sobre o setor, caracterizada por fluxos de leste influenciados pelos ventos alisios e umidade do oceano.;Verão;;;;;;;;;;;;;;;;
2022-03-11 00:00:00;Litoral;mTa;Regiao sob influencia do escoamento oceanico quente e umido de leste/sudeste, caracteristico da circulacao de um centro de alta pressao no Atlantico que predomina no litoral citado;Verão;;;;;;;;;;;;;;;;
2022-03-11 00:00:00;Centro;mTa;A região delimitada está sob influência do escoamento marítimo provindo do Atlântico Sul, caracterizando o domínio da massa Tropical Atlântica com alta umidade e temperaturas eleva;Verão;;;;;;;;;;;;;;;;
2022-03-11 00:00:00;Sul;mPa;A região delimitada encontra-se na retaguarda de um sistema frontal, caracterizada pela incursão de ar frio e úmido de origem polar, indicando o domínio da massa polar atlântica.;Verão;;;;;;;;;;;;;;;;
2022-03-12 00:00:00;Norte;mEc;A região selecionada está posicionada sobre a bacia amazônica, caracterizada pelo domínio da massa equatorial continental, quente e úmida, sem influência de sistemas extratropicais;Verão;;;;;;;;;;;;;;;;
2022-03-12 00:00:00;Nordeste;mTa;Região sob influência direta da circulação marítima quente e úmida vinda do Atlântico, caracterizando o domínio da massa tropical atlântica predominante no setor leste-nordeste.;Verão;;;;;;;;;;;;;;;;
2022-03-12 00:00:00;Litoral;mTa;Regiao sob influencia direta do escoamento marítimo oriundo do Anticiclone Subtropical do Atlântico Sul, caracterizando a atuação constante da massa de ar Tropical Atlântica.;Verão;;;;;;;;;;;;;;;;
2022-03-12 00:00:00;Centro;mTa;A região central sob o retângulo é dominada pela circulação de leste do Atlântico, transportando ar quente e úmido característico da massa Tropical Atlântica.;Verão;;;;;;;;;;;;;;;;
2022-03-12 00:00:00;Sul;mPa;A região delimitada encontra-se na retaguarda do sistema frontal, sob influência de advecção de ar frio e seco, caracterizando o avanço de uma Massa Polar Atlântica sobre o setor.;Verão;;;;;;;;;;;;;;;;
2022-03-13 00:00:00;Norte;mEc;A região delimitada abrange a bacia amazônica, onde predomina o ar quente e úmido característico da Massa Equatorial Continental, sob regime de baixas pressões relativas.;Verão;;;;;;;;;;;;;;;;
2022-03-13 00:00:00;Nordeste;mTa;Predominância de ar quente e úmido transportado pelos ventos de leste do Atlântico sobre o setor nordeste, mantendo características de estabilidade térmica da Massa Tropical Atlânt;Verão;;;;;;;;;;;;;;;;
2022-03-13 00:00:00;Litoral;mEa;A região delimitada no litoral norte/nordeste encontra-se sob influência da Massa Equatorial Atlântica, caracterizada por ser quente e úmida, predominante no setor setentrional.;Verão;;;;;;;;;;;;;;;;
2022-03-13 00:00:00;Centro;mTa;Região sob influência da circulação da alta subtropical sobre o oceano, estabelecendo o predomínio da massa tropical atlântica, caracterizada por ser quente e úmida.;Verão;;;;;;;;;;;;;;;;
2022-03-13 00:00:00;Sul;mPa;A região delimitada encontra-se sob influência de uma massa de ar pós-frontal, apresentando quedas térmicas e umidade associadas ao avanço recente de um sistema frontal.;Verão;;;;;;;;;;;;;;;;
2022-03-14 00:00:00;Norte;mEc;A região delimitada encontra-se sobre a bacia amazônica, caracterizada por altas temperaturas e elevada umidade, evidenciando o domínio da Massa Equatorial Continental.;Verão;;;;;;;;;;;;;;;;
2022-03-14 00:00:00;Nordeste;mTa;Predominio da massa Tropical Atlantica sobre a regiao nordestina, caracterizada pelo fluxo de leste que transporta umidade do oceano para o continente sob influencia da circulacao ;Verão;;;;;;;;;;;;;;;;
2022-03-14 00:00:00;Litoral;mEa;A região delimitada no litoral nordeste encontra-se sob influência da massa Equatorial Atlântica, caracterizada pelo ar quente e úmido predominante nos baixos níveis tropicais.;Verão;;;;;;;;;;;;;;;;
2022-03-14 00:00:00;Centro;mEc;A região central encontra-se sob domínio de uma massa de ar quente e úmida de origem continental, mantendo características térmicas típicas da mEc antes do avanço do sistema fronta;Verão;;;;;;;;;;;;;;;;
2022-03-14 00:00:00;Sul;mPa;A região delimitada encontra-se atrás de uma frente fria que avança em direção ao oceano, caracterizando o domínio da massa de ar polar atlântica (mPa) no setor.;Verão;;;;;;;;;;;;;;;;
2022-03-15 00:00:00;Norte;mEc;A região delimitada abrange a bacia amazônica, onde predomina a Massa Equatorial Continental, caracterizada por ser quente e úmida, sem influência de sistemas frontais extratropica;Verão;;;;;;;;;;;;;;;;
2022-03-15 00:00:00;Nordeste;mTa;Regiao sob clara influencia da circulacao do anticiclone subtropical do Atlantico Sul, caracterizando a permanencia e predominancia da massa Tropical Atlantica neste setor.;Verão;;;;;;;;;;;;;;;;
2022-03-15 00:00:00;Litoral;mTa;Predominância de ar quente e úmido no litoral do Nordeste brasileiro, sob influência do fluxo da circulação marítima oceânica tropical.;Verão;;;;;;;;;;;;;;;;
2022-03-15 00:00:00;Centro;mEc;A região central apresenta características térmicas e de umidade típicas da massa Equatorial Continental, que domina o interior do continente neste período sem influência de sistem;Verão;;;;;;;;;;;;;;;;
2022-03-15 00:00:00;Sul;mPa;A região destacada encontra-se atrás de um sistema frontal (frente fria), caracterizada por um gradiente de temperatura e umidade típico do avanço de uma massa de ar frio.;Verão;;;;;;;;;;;;;;;;
2022-03-16 00:00:00;Norte;mEc;A região delimitada abrange a bacia amazônica e áreas continentais adjacentes, onde a massa de ar equatorial continental (mEc) é predominante, caracterizada por altas temperaturas ;Verão;;;;;;;;;;;;;;;;
2022-03-16 00:00:00;Nordeste;mEa;Dominio de massa quente e umida sobre o setor norte/nordeste do Brasil, caracteristica da regiao equatorial sob influencia maritima, sem a presenca de sistemas frontais.;Verão;;;;;;;;;;;;;;;;
2022-03-16 00:00:00;Litoral;mTa;A região delimitada no litoral leste do Brasil está sob influência do fluxo equatorial/tropical do Atlântico Sul, caracterizando a atuação predominante da massa tropical atlântica.;Verão;;;;;;;;;;;;;;;;
2022-03-16 00:00:00;Centro;mEc;A região delimitada está sob domínio da massa equatorial continental, caracterizada por altas temperaturas e elevada umidade, típica da cobertura atmosférica sobre o interior do Br;Verão;;;;;;;;;;;;;;;;
2022-03-16 00:00:00;Sul;mPa;A região delimitada situa-se sob influência de massa de ar frio e seco, caracterizada pela subsidência pós-frontal e valores térmicos reduzidos típicos da mPa.;Verão;;;;;;;;;;;;;;;;
2022-03-17 00:00:00;Norte;mEc;Região central da Bacia Amazônica sob influência predominante da Massa Equatorial Continental, caracterizada por alta umidade e temperaturas elevadas típicas do interior do contine;Verão;;;;;;;;;;;;;;;;
2022-03-17 00:00:00;Nordeste;mTa;Predominância de fluxo marítimo de sudeste/leste, transportando ar quente e úmido do Atlântico Tropical para a região, caracterizando a influência da Massa Tropical Atlântica.;Verão;;;;;;;;;;;;;;;;
2022-03-17 00:00:00;Litoral;mTa;A regiao delimitada esta sob influencia direta do fluxo maritimo oriundo do oceano Atlantico, caracterizando a predominancia da massa de ar Tropical Atlantica (mTa) no setor.;Verão;;;;;;;;;;;;;;;;
2022-03-17 00:00:00;Centro;mEc;Região central sob influência da massa Equatorial Continental, caracterizada por elevados índices de umidade e temperaturas tropicais típicas do interior do continente.;Verão;;;;;;;;;;;;;;;;
2022-03-17 00:00:00;Sul;mPa;A região delimitada encontra-se sob efeito direto de uma massa de ar frio e úmido após a passagem de sistema frontal, evidenciado pelas características dos dados sinóticos locais.;Verão;;;;;;;;;;;;;;;;
2022-03-18 00:00:00;Norte;mEc;Região central da Bacia Amazônica sob domínio de massa de ar quente e úmida, característica da mEc, consolidada na região continental sem influência direta de sistemas frontais.;Verão;;;;;;;;;;;;;;;;
2022-03-18 00:00:00;Nordeste;mTa;Região sob influência direta do fluxo de leste da alta pressão oceânica, caracterizando a predominância da Massa Tropical Atlântica com características quentes e úmidas.;Verão;;;;;;;;;;;;;;;;
2022-03-18 00:00:00;Litoral;mTa;Regiao sob influencia predominante do escoamento maritimo da alta pressao subtropical, caracterizando o transporte de ar quente e umido sobre o litoral leste brasileiro.;Verão;;;;;;;;;;;;;;;;
2022-03-18 00:00:00;Centro;mTa;Regiao sob dominio da alta pressao do Atlantico Sul, caracterizada pela circulacao de leste/nordeste que transporta umidade e calor para o interior do Sudeste e Centro-Oeste.;Verão;;;;;;;;;;;;;;;;
2022-03-18 00:00:00;Sul;mPa;A região delimitada encontra-se na retaguarda de uma frente fria que avança sobre o Sudeste/Sul, caracterizando a atuação da massa de ar polar com declínio de temperatura.;Verão;;;;;;;;;;;;;;;;
2022-03-19 00:00:00;Norte;mEc;Regiao central da Amazonia sem influencias frontais, apresentando caracteristicas tipicas de massa de ar equatorial quente e umida de origem continental.;Verão;;;;;;;;;;;;;;;;
2022-03-19 00:00:00;Nordeste;mEa;A região delimitada está sob forte influência do escoamento marítimo quente e úmido transportado pela circulação zonal básica, característico da atuação da Massa Equatorial Atlânti;Verão;;;;;;;;;;;;;;;;
2022-03-19 00:00:00;Litoral;mTa;A área demarcada encontra-se sob domínio do fluxo marítimo persistente proveniente do Atlântico Sul, caracterizando a atuação da Massa Tropical Atlântica com umidade e calor.;Verão;;;;;;;;;;;;;;;;
2022-03-19 00:00:00;Centro;mTa;A região delimitada está sob a influência do fluxo marítimo da alta pressão, caracterizando a atuação da massa de ar Tropical Atlântica com características de estabilidade.;Verão;;;;;;;;;;;;;;;;
2022-03-19 00:00:00;Sul;mPa;Observa-se o ingresso de ar frio e seco na retaguarda da frente fria (indicada pelo símbolo B), caracterizando a atuação da mPa sobre a região delimitada no Sul do Brasil.;Verão;;;;;;;;;;;;;;;;
2022-03-20 00:00:00;Norte;mEc;A região delimitada abrange a bacia amazônica, onde predomina uma massa de ar quente e úmida de origem continental, característica da mEc durante o verão austral.;Outono;;;;;;;;;;;;;;;;
2022-03-20 00:00:00;Nordeste;mTa;A região encontra-se sob domínio da circulação periférica do sistema de alta pressão do Atlântico Sul, caracterizando a atuação da massa Tropical Atlântica.;Outono;;;;;;;;;;;;;;;;
2022-03-20 00:00:00;Litoral;mTa;A região encontra-se sob influência da circulação marítima do quadrante leste, característica da massa tropical atlântica, mantendo o transporte de umidade para o litoral leste bra;Outono;;;;;;;;;;;;;;;;
2022-03-20 00:00:00;Centro;mPa;A região destacada encontra-se sob sob influência de uma incursão de ar frio e seco, caracterizada pelo posicionamento pós-frontal de uma intensa frente fria que avança pelo sudest;Outono;;;;;;;;;;;;;;;;
2022-03-20 00:00:00;Sul;mPa;Regiao situada a retaguarda da frente fria, caracterizada pela penetracao de uma massa de ar frio e umido de origem polar.;Outono;;;;;;;;;;;;;;;;
2022-03-21 00:00:00;Norte;mEc;Regiao central e norte da Amazonia sob influencia da Massa Equatorial Continental, caracterizada por alto teor de umidade e instabilidade termodinamica intrinseca a area continenta;Outono;;;;;;;;;;;;;;;;
2022-03-21 00:00:00;Nordeste;mEa;A região delimitada no setor norte do Nordeste brasileiro está sob influência direta da Massa Equatorial Atlântica, caracterizada pelo ar quente e úmido vindo do oceano.;Outono;;;;;;;;;;;;;;;;
2022-03-21 00:00:00;Litoral;mTa;A região apresenta características típicas de um ambiente oceânico quente e úmido, sob influência da circulação da ASAS, configurando a predominância da Massa Tropical Atlântica.;Outono;;;;;;;;;;;;;;;;
2022-03-21 00:00:00;Centro;mTa;A região delimitada encontra-se sob influência do fluxo de leste/nordeste proveniente do oceano, caracterizando o domínio da massa Tropical Atlântica (mTa).;Outono;;;;;;;;;;;;;;;;
2022-03-21 00:00:00;Sul;mPa;A região delimitada encontra-se sob influência de massa de ar frio e úmido após a passagem de uma frente fria, evidenciado pelos gradientes de pressão e queda de temperatura observ;Outono;;;;;;;;;;;;;;;;
2022-03-22 00:00:00;Norte;mEc;Região central da Bacia Amazônica sob domínio da Massa Equatorial Continental, caracterizada por elevados índices de umidade e temperaturas tropicais quentes e estáveis.;Outono;;;;;;;;;;;;;;;;
2022-03-22 00:00:00;Nordeste;mEa;A região delimitada está sob forte influência de fluxo marítimo úmido e quente oceânico, característico da Massa Equatorial Atlântica em atuação sobre o litoral do Nordeste.;Outono;;;;;;;;;;;;;;;;
2022-03-22 00:00:00;Litoral;mTa;Região sob influência direta do fluxo de estabilidade da alta subtropical, caracterizando-se como quente e úmida, típica da atuação da Massa Tropical Atlântica no litoral brasileir;Outono;;;;;;;;;;;;;;;;
2022-03-22 00:00:00;Centro;mPa;A região delimitada apresenta características de uma massa de ar pós-frontal, com temperaturas em queda e umidade, sob influência direta do avanço da mPa pelo setor do Sudeste.;Outono;;;;;;;;;;;;;;;;
2022-03-22 00:00:00;Sul;mPa;A região delimitada encontra-se sob influência de massa de ar frio e úmido após a passagem de uma frente fria, evidenciada pelos gradientes de pressão e queda das temperaturas loca;Outono;;;;;;;;;;;;;;;;
2022-03-23 00:00:00;Norte;mEc;Região central da Bacia Amazônica sob influência da massa Equatorial Continental, caracterizada por baixos gradientes de pressão e ar quente e úmido predominante.;Outono;;;;;;;;;;;;;;;;
2022-03-23 00:00:00;Nordeste;mTa;A região encontra-se sob o fluxo do escoamento marítimo persistente proveniente do Atlântico Sul, caracterizando o domínio da massa Tropical Atlântica na área delimitada.;Outono;;;;;;;;;;;;;;;;
2022-03-23 00:00:00;Litoral;mEa;A região delimitada no litoral nordestino encontra-se sob influência da Massa Equatorial Atlântica, caracterizada pelo ar quente e úmido predominante na faixa costeira do Norte/Nor;Outono;;;;;;;;;;;;;;;;
2022-03-23 00:00:00;Centro;mPa;A região demarcada encontra-se sob influência de massa de ar frio pós-frontal, com temperaturas reduzidas e gradiente de alta pressão, caracterizando o ingresso de ar polar.;Outono;;;;;;;;;;;;;;;;
2022-03-23 00:00:00;Sul;mTa;A região delimitada está sob o domínio do fluxo marítimo da alta pressão do Atlântico, caracterizando a atuação predominante da massa Tropical Atlântica (mTa), quente e úmida.;Outono;;;;;;;;;;;;;;;;
2022-03-24 00:00:00;Norte;mEc;A região mapeada no interior do continente é caracterizada pelo predomínio da massa Equatorial Continental, que dita as condições de alta umidade e calor típicas da bacia amazônica;Outono;;;;;;;;;;;;;;;;
2022-03-24 00:00:00;Nordeste;mTa;Predominio de circulacao maritima com transporte de umidade do oceano para o continente, sob influencia da alta pressao subtropical, caracterizando a atuacao da mTa no setor.;Outono;;;;;;;;;;;;;;;;
2022-03-24 00:00:00;Litoral;mTa;A regiao do retangulo encontra-se sob circulacao de leste/sudeste associada ao fluxo maritimo, caracterizando o predominio de umidade e calor tipicos da Massa Tropical Atlantica.;Outono;;;;;;;;;;;;;;;;
2022-03-24 00:00:00;Centro;mTa;A região delimitada está sob influência do escoamento de leste/sudeste associado à circulação marítima, caracterizando o predomínio da Massa Tropical Atlântica (mTa).;Outono;;;;;;;;;;;;;;;;
2022-03-24 00:00:00;Sul;mPa;Observa-se o avanço de uma massa de ar frio e úmido na retaguarda da frente fria, caracterizando a atuação da mPa sobre a região delimitada.;Outono;;;;;;;;;;;;;;;;
2022-03-25 00:00:00;Norte;mEc;Regiao sobre a bacia Amazonica apresentando caracteristicas tipicas de massas equatoriais continentais, com elevado teor de umidade e instabilidade termodinamica predominante no se;Outono;;;;;;;;;;;;;;;;
2022-03-25 00:00:00;Nordeste;mEa;A região apresenta influência predominante da massa equatorial atlântica, caracterizada por temperaturas elevadas e alta umidade, compatíveis com a circulação barotrópica tropical.;Outono;;;;;;;;;;;;;;;;
2022-03-25 00:00:00;Litoral;mTa;A regiao delimitada esta sob influencia direta do fluxo zonal de leste, caracteristico da massa de ar Tropical Atlantica, com gradiente de pressao tipico de sua circulacao.;Outono;;;;;;;;;;;;;;;;
2022-03-25 00:00:00;Centro;mTa;A região encontra-se sob influência da circulação da alta pressão do Atlântico, caracterizando o predomínio de ar tropical marítimo quente e úmido no setor central do Brasil.;Outono;;;;;;;;;;;;;;;;
2022-03-25 00:00:00;Sul;mPa;A regiao encontra-se sob influencia direta da massa de ar polar na retaguarda do sistema frontal, evidenciada pelas baixas temperaturas e pelo escoamento de sul/sudoeste.;Outono;;;;;;;;;;;;;;;;
2022-03-26 00:00:00;Norte;mEc;Região central da Bacia Amazônica sob influência da massa Equatorial Continental, caracterizada por baixos gradientes de pressão e condições de umidade e calor predominantes.;Outono;;;;;;;;;;;;;;;;
2022-03-26 00:00:00;Nordeste;mTa;Regiao sob influencia do escoamento do Atlantico Sul, predominando caracteristicas quentes e umidas transportadas pelo fluxo zonal sobre o setor leste e interior da regiao.;Outono;;;;;;;;;;;;;;;;
2022-03-26 00:00:00;Litoral;mTa;Regiao sob influencia do escoamento marítimo associado aos ventos alísios e regime de alta pressão oceânica, caracterizando a predominância da Massa Tropical Atlântica no setor.;Outono;;;;;;;;;;;;;;;;
2022-03-26 00:00:00;Centro;mPa;A regiao delimitada esta sob influencia de adveccao de ar frio e umido pos-frontal, caracterizando a atuacao da mPa no setor central do continente.;Outono;;;;;;;;;;;;;;;;
2022-03-26 00:00:00;Sul;mPa;A região apresenta o avanço de uma massa de ar pós-frontal, com gradiente térmico e fluxos de sul/sudeste característicos da entrada de ar frio e denso sobre o Rio Grande do Sul.;Outono;;;;;;;;;;;;;;;;
2022-03-27 00:00:00;Norte;mEc;Região sob influência da Massa Equatorial Continental, caracterizada por altos teores de umidade e instabilidade térmica intrínseca à bacia amazônica.;Outono;;;;;;;;;;;;;;;;
2022-03-27 00:00:00;Nordeste;mTa;A região do Nordeste delimitada encontra-se sob influência do fluxo equatorial e persistente de umidade marítima, caracterizando a dominância da massa tropical atlântica.;Outono;;;;;;;;;;;;;;;;
2022-03-27 00:00:00;Litoral;mTa;Regiao sob fluxo predominante de leste/sudeste associado a circulacao maritima, caracterizando o transporte de umidade e calor da Massa Tropical Atlantica sobre a costa leste.;Outono;;;;;;;;;;;;;;;;
2022-03-27 00:00:00;Centro;mTc;A região apresenta características de baixos teores de umidade e temperaturas elevadas, típicas da massa Tropical Continental, influenciando o interior do continente.;Outono;;;;;;;;;;;;;;;;
2022-03-27 00:00:00;Sul;mPa;A região está situada no setor pós-frontal, sob influência de uma massa de ar polar com escoamento de sul, caracterizada por temperaturas mais baixas e gradiente térmico negativo.;Outono;;;;;;;;;;;;;;;;
2022-03-28 00:00:00;Norte;mEc;Região sob influência direta da Massa Equatorial Continental, caracterizada pela predominância de baixas pressões térmicas e elevada umidade sobre a bacia amazônica.;Outono;;;;;;;;;;;;;;;;
2022-03-28 00:00:00;Nordeste;mTa;Regiao sob fluxo de leste influenciado pela circulacao maritima da alta subtropical, caracterizando a predominancia da massa Tropical Atlantica com adveccao de calor e umidade.;Outono;;;;;;;;;;;;;;;;
2022-03-28 00:00:00;Litoral;mTa;Predominância de escoamento marítimo vindo do oceano sobre o litoral do Nordeste brasileiro, caracterizando a influência da Massa Tropical Atlântica nesta parcela da costa.;Outono;;;;;;;;;;;;;;;;
2022-03-28 00:00:00;Centro;mTa;A região encontra-se sob influência da circulação marítima da borda da ASAS, apresentando características de transporte de umidade e estabilidade, típicas da mTa no Brasil Central.;Outono;;;;;;;;;;;;;;;;
2022-03-28 00:00:00;Sul;mPa;A região delimitada encontra-se sob influência de massa de ar frio e úmido após a passagem de uma frente fria, caracterizada pelos valores térmicos reduzidos e gradiente de pressão;Outono;;;;;;;;;;;;;;;;
2022-03-29 00:00:00;Norte;mEc;A região delimitada sobre a bacia amazônica está sob influência direta da massa de ar quente e úmida de origem continental, característica da região no período.;Outono;;;;;;;;;;;;;;;;
2022-03-29 00:00:00;Nordeste;mTa;Predominio da massa de ar Tropical Atlantica na regiao devido ao fluxo de leste influenciado pela alta pressao subtropical, caracterizando ar quente e umido sobre o setor.;Outono;;;;;;;;;;;;;;;;
2022-03-29 00:00:00;Litoral;mTa;Região sob influência direta do fluxo de ar quente e úmido proveniente do Atlântico Sul, caracterizando a predominância da massa Tropical Atlântica no litoral leste.;Outono;;;;;;;;;;;;;;;;
2022-03-29 00:00:00;Centro;mTa;A região delimitada está sob influência do fluxo equatorial e tropical de leste, caracterizando a atuação predominante da mTa, responsável pelas condições de umidade na área centra;Outono;;;;;;;;;;;;;;;;
2022-03-29 00:00:00;Sul;mPa;A região delimitada encontra-se sob a influência direta do avanço da massa de ar polar, transportada após a passagem de sistema frontal, caracterizando-se por ventos do quadrante s;Outono;;;;;;;;;;;;;;;;
2022-03-30 00:00:00;Norte;mEc;Região central e norte da América do Sul sob domínio de massa quente e úmida, originada na Amazônia, sem influência de sistemas frontais ou massas de ar distintas na área demarcada;Outono;;;;;;;;;;;;;;;;
2022-03-30 00:00:00;Nordeste;mTa;Regiao sob influencia do escoamento do Atlantico Sul, caracterizada pela predominancia da massa Tropical Atlantica, com transporte de umidade e estabilidade termica na area.;Outono;;;;;;;;;;;;;;;;
2022-03-30 00:00:00;Litoral;mEa;A região delimitada no litoral nordeste encontra-se sob influência da Massa Equatorial Atlântica, caracterizada pelo fluxo de ar quente e úmido vindo do setor oceânico.;Outono;;;;;;;;;;;;;;;;
2022-03-30 00:00:00;Centro;mTa;Regiao sob fluxo marítimo estável, característico da circulação da Alta Subtropical do Atlântico Sul, transportando umidade e calor para o setor, definindo o domínio da mTa.;Outono;;;;;;;;;;;;;;;;
2022-03-30 00:00:00;Sul;mPa;A região delimitada encontra-se na retaguarda da linha de instabilidade, caracterizada pelo ingresso de ar mais frio e denso, típico do deslocamento norte de uma massa polar atlânt;Outono;;;;;;;;;;;;;;;;
2022-03-31 00:00:00;Norte;mEc;A regiao delimitada esta sob influencia da Massa Equatorial Continental, caracterizada por altas temperaturas e elevada umidade, cobrindo a bacia Amazonica sem interferencia polar.;Outono;;;;;;;;;;;;;;;;
2022-03-31 00:00:00;Nordeste;mTa;A região delimitada está sob forte influência do escoamento marítimo quente e úmido transportado por fluxos do Atlântico Sul, caracterizando a predominância da massa Tropical Atlân;Outono;;;;;;;;;;;;;;;;
2022-03-31 00:00:00;Litoral;mTa;A regiao delimitada esta sob influencia direta da circulacao oceanica de alta pressao, caracterizando o dominio da Massa Tropical Atlantica, com massas de ar quente e umidas.;Outono;;;;;;;;;;;;;;;;
2022-03-31 00:00:00;Centro;mTa;Predominância da massa Tropical Atlântica com características de ar quente e úmido, ocupando o setor central sob influência da circulação anticiclônica periférica.;Outono;;;;;;;;;;;;;;;;
2022-03-31 00:00:00;Sul;mPa;A regiao delimitada encontra-se na retaguarda de um sistema frontal, caracterizada pelo ingresso de ar frio e seco, consolidando o dominio da Massa Polar Atlantica no setor.;Outono;;;;;;;;;;;;;;;;
2022-04-01 00:00:00;Norte;mEc;Região central da Bacia Amazônica, caracterizada por altas temperaturas e elevada umidade, evidenciando o domínio termodinâmico da massa equatorial continental.;Outono;;;;;;;;;;;;;;;;
2022-04-01 00:00:00;Nordeste;mTa;A região demarcada encontra-se sob influência do fluxo de leste/sudeste proveniente do Oceano Atlântico, caracterizando a predominância da massa Tropical Atlântica (mTa).;Outono;;;;;;;;;;;;;;;;
2022-04-01 00:00:00;Litoral;mTa;Região predominantemente sob influência do escoamento marítimo de leste, caracterizando a atuação da massa de ar Tropical Atlântica (mTa) no setor litorâneo do Nordeste brasileiro.;Outono;;;;;;;;;;;;;;;;
2022-04-01 00:00:00;Centro;mPa;A região apresenta queda de temperatura e regime de ventos de sul/sudeste, caracterizando a incursão de massa de ar pós-frontal sobre o Centro-Oeste brasileiro.;Outono;;;;;;;;;;;;;;;;
2022-04-01 00:00:00;Sul;mPa;A regiao delimitada encontra-se sob a influencia da retaguarda de uma frente fria, caracterizada pela incursao de massa de ar frio e umido de origem polar.;Outono;;;;;;;;;;;;;;;;
2022-04-02 00:00:00;Norte;mEc;Regiao situada sobre a Bacia Amazonica, caracterizada pelo dominio de ar quente e umido de origem continental, mantendo estabilidade termica e alta umidade tipicas da mEc.;Outono;;;;;;;;;;;;;;;;
2022-04-02 00:00:00;Nordeste;mTa;Regiao sob predominio de fluxo maritimo de sudeste, caracteristico da massa tropical atlantica, que transporta calor e umidade para o setor costeiro e interior do Nordeste.;Outono;;;;;;;;;;;;;;;;
2022-04-02 00:00:00;Litoral;mTa;Regiao sob dominio do fluxo de leste da alta subtropical, caracterizando prevalencia de ar quente e umido de origem maritima que ingressa no litoral do Nordeste brasileiro.;Outono;;;;;;;;;;;;;;;;
2022-04-02 00:00:00;Centro;mPa;A região apresenta o avanço nítido de uma frente fria com queda de temperaturas, indicando a predominância da mPa que ocupa o retro da zona frontal no setor central do Brasil.;Outono;;;;;;;;;;;;;;;;
2022-04-02 00:00:00;Sul;mPa;Regiao sob influencia de uma massa de ar frio e seco, consolidando-se no setor pos-frontal conforme a circulacao ciclonica observada na carta sinotica.;Outono;;;;;;;;;;;;;;;;
2022-04-03 00:00:00;Norte;mEc;A região amazônica, delimitada pelo retângulo, apresenta características de calor e elevada umidade, sob domínio da Massa Equatorial Continental, sem influência de sistemas frontai;Outono;;;;;;;;;;;;;;;;
2022-04-03 00:00:00;Nordeste;mTa;A região encontra-se sob influência predominante do escoamento marítimo de leste, característico da massa tropical atlântica, que mantém as condições de umidade e calor na área.;Outono;;;;;;;;;;;;;;;;
2022-04-03 00:00:00;Litoral;mTa;A área delimitada no litoral nordeste encontra-se sob o fluxo marítimo estabelecido pelo sistema de alta pressão oceânica, caracterizando o domínio da massa Tropical Atlântica.;Outono;;;;;;;;;;;;;;;;
2022-04-03 00:00:00;Centro;mTa;Região sob influência predominante do escoamento marítimo associado à alta subtropical, caracterizando o transporte de umidade e estabilidade térmica da massa Tropical Atlântica.;Outono;;;;;;;;;;;;;;;;
2022-04-03 00:00:00;Sul;mPa;A região delimitada está sob forte influência de pós-frontal, com temperaturas em declínio e gradiente térmico característico do avanço da massa de ar frio e úmido polar.;Outono;;;;;;;;;;;;;;;;
2022-04-04 00:00:00;Norte;mEc;Região situada sobre a bacia amazônica, caracterizada por altas temperaturas e elevada umidade, sob domínio da massa equatoriana continental, sem influência de fluxos polares.;Outono;;;;;;;;;;;;;;;;
2022-04-04 00:00:00;Nordeste;mTa;A região do Nordeste delimitada encontra-se sob influência predominante do fluxo de leste da alta pressão subtropical do Atlântico Sul, caracterizando a atuação da mTa.;Outono;;;;;;;;;;;;;;;;
2022-04-04 00:00:00;Litoral;mTa;A área delimitada no litoral encontra-se sob influência da circulação da Alta Subtropical do Atlântico Sul, caracterizando o domínio da massa Tropical Atlântica, quente e úmida.;Outono;;;;;;;;;;;;;;;;
2022-04-04 00:00:00;Centro;mTa;Região situada sob domínio de gradientes báricos da ASAS, favorecendo o fluxo quente e úmido vindo do Atlântico, predominando características de massa tropical marítima.;Outono;;;;;;;;;;;;;;;;
2022-04-04 00:00:00;Sul;mPa;A região apresenta características de decréscimo térmico e umidade, condizentes com o avanço de uma massa de ar frio e seco na retaguarda da frente fria.;Outono;;;;;;;;;;;;;;;;
2022-04-05 00:00:00;Norte;mEc;Região central da Amazônia com predominância de ar quente e úmido, característica da Massa Equatorial Continental, sem influência de sistemas frontais ou de altas pressões oceânica;Outono;;;;;;;;;;;;;;;;
2022-04-05 00:00:00;Nordeste;mTa;Predominio da massa de ar Tropical Atlantica na regiao do Nordeste, caracterizada pelo fluxo quente e umido vindo do oceano, mantendo as condicoes de estabilidade maritima no setor;Outono;;;;;;;;;;;;;;;;
2022-04-05 00:00:00;Litoral;mEa;A região delimitada no litoral norte/nordeste encontra-se sob influência da massa Equatorial Atlântica, característica pelo fluxo de leste aquecido e úmido no setor.;Outono;;;;;;;;;;;;;;;;
2022-04-05 00:00:00;Centro;mPa;A região apresenta o avanço de uma massa polar após a passagem de uma frente fria, caracterizada pela queda nas temperaturas e umidade na área central.;Outono;;;;;;;;;;;;;;;;
2022-04-05 00:00:00;Sul;mPa;A região delimitada localiza-se na retaguarda de uma frente fria que se desloca pelo oceano, caracterizando o avanço de ar frio e seco de origem polar (mPa) sobre o setor.;Outono;;;;;;;;;;;;;;;;
2022-04-06 00:00:00;Norte;mEc;A regiao delimitada sobre a Amazonia apresenta caracteristicas de baixa pressao e alta umidade, sendo dominada pela Massa Equatorial Continental (mEc), tipica da bacia amazonica.;Outono;;;;;;;;;;;;;;;;
2022-04-06 00:00:00;Nordeste;mTa;A regiao delimitada esta sob influencia predominante do fluxo de leste da alta subtropical, caracterizando a atuacao da massa Tropical Atlantica em todo o setor costeiro e interior;Outono;;;;;;;;;;;;;;;;
2022-04-06 00:00:00;Litoral;mEa;A região delimitada no setor leste do Nordeste encontra-se sob influência da massa Equatorial Atlântica, caracterizada pelo transporte de umidade do oceano para o continente.;Outono;;;;;;;;;;;;;;;;
2022-04-06 00:00:00;Centro;mTa;A região delimitada está sob forte influência do escoamento zonal e anticiclônico do Atlântico Sul, caracterizando o predomínio de ar quente e úmido da massa Tropical Atlântica (mT;Outono;;;;;;;;;;;;;;;;
2022-04-06 00:00:00;Sul;mPa;A região encontra-se submetida à retaguarda de um sistema frontal, caracterizada pelo ingresso e estabilização de ar frio e seco, típico da Massa Polar Atlântica.;Outono;;;;;;;;;;;;;;;;
2022-04-07 00:00:00;Norte;mEc;A região apresenta características de baixas latitudes sobre a bacia amazônica, livre de sistemas frontais, sendo dominada pela massa de ar quente e úmida de origem continental.;Outono;;;;;;;;;;;;;;;;
2022-04-07 00:00:00;Nordeste;mTa;Região sob influência direta da circulação marítima do Atlântico Sul, caracterizada pela predominância de ar quente e úmido transportado para o litoral e interior do Nordeste.;Outono;;;;;;;;;;;;;;;;
2022-04-07 00:00:00;Litoral;mEa;A região delimitada no litoral nordeste encontra-se sob influência da Massa Equatorial Atlântica, caracterizada pelo transporte de umidade e calor da zona intertropical oceânica.;Outono;;;;;;;;;;;;;;;;
2022-04-07 00:00:00;Centro;mTa;A região delimitada está sob influência do fluxo equatorial de leste do Atlântico, caracterizando a predominância da Massa Tropical Atlântica com transporte de umidade e calor.;Outono;;;;;;;;;;;;;;;;
2022-04-07 00:00:00;Sul;mPa;A região delimitada encontra-se sob influência de um sistema frontal com gradiente térmico e fluxo de ar frio e úmido característicos do avanço da massa polar atlântica sobre o Sul;Outono;;;;;;;;;;;;;;;;
2022-04-08 00:00:00;Norte;mEc;A região delimitada compreende a bacia Amazônica, onde predomina a característica massa de ar quente e úmida de origem continental, mantendo estabilidade térmica no setor central d;Outono;;;;;;;;;;;;;;;;
2022-04-08 00:00:00;Nordeste;mTa;A região encontra-se sob influência do fluxo equatorial de leste associado ao escoamento marítimo, caracterizando a predominância e o transporte de umidade da mTa sobre o Nordeste.;Outono;;;;;;;;;;;;;;;;
2022-04-08 00:00:00;Litoral;mEa;Regiao sob influencia da Massa Equatorial Atlantica, caracterizada por transporte de umidade e nebulosidade vindo do oceano, predominando no litoral nordestino nesta configuracao.;Outono;;;;;;;;;;;;;;;;
2022-04-08 00:00:00;Centro;mTa;A regiao delimitada esta sob influencia direta da circulacao oceanica de leste/nordeste, caracterizando o dominio da Massa Tropical Atlantica (mTa) com transporte de umidade.;Outono;;;;;;;;;;;;;;;;
2022-04-08 00:00:00;Sul;mPa;Região sob influência direta de massa de ar frio e seco, posicionada na retaguarda do sistema frontal que avança pelo setor, caracterizada pela queda nas temperaturas e umidade.;Outono;;;;;;;;;;;;;;;;
2022-04-09 00:00:00;Norte;mEc;Regiao central e norte da Amazonia, caracterizada por alta pluviosidade e umidade, sob influencia direta da Massa Equatorial Continental, sem a presenca de sistemas frontais.;Outono;;;;;;;;;;;;;;;;
2022-04-09 00:00:00;Nordeste;mTa;Predominio da massa tropical atlantica na regiao nordeste, caracterizada pelo transporte de umidade do oceano para o continente sob influencia do anticiclone subtropical.;Outono;;;;;;;;;;;;;;;;
2022-04-09 00:00:00;Litoral;mTa;Regiao sob influencia de escoamento de leste-nordeste oriundo do Atlantico Sul, caracterizando a atuacao predominante da Massa Tropical Atlantica (mTa) no setor costeiro indicado.;Outono;;;;;;;;;;;;;;;;
2022-04-09 00:00:00;Centro;mTa;Região central sob influência da circulação marítima da ASAS, apresentando características de temperatura e umidade típicas da massa Tropical Atlântica.;Outono;;;;;;;;;;;;;;;;
2022-04-09 00:00:00;Sul;mPa;A região delimitada encontra-se na retaguarda de um sistema frontal (frente fria), caracterizada pelo ingresso de ar frio e seco, típico de uma Massa Polar Atlântica.;Outono;;;;;;;;;;;;;;;;
2022-04-10 00:00:00;Norte;mEc;A regiao apresenta predominancia da Massa Equatorial Continental, caracterizada por ser quente e umida, ocupando a bacia amazonica e regioes adjacentes livres de sistemas frontais.;Outono;;;;;;;;;;;;;;;;
2022-04-10 00:00:00;Nordeste;mTa;A região do Nordeste delimitada encontra-se sob influência predominante do fluxo de leste da alta pressão subtropical do Atlântico Sul, caracterizando a atuação da mTa.;Outono;;;;;;;;;;;;;;;;
2022-04-10 00:00:00;Litoral;mTa;Região litorânea sob influência da circulação da alta pressão do Atlântico, apresentando condições de estabilidade térmica e umidade características da massa tropical atlântica.;Outono;;;;;;;;;;;;;;;;
2022-04-10 00:00:00;Centro;mTa;Regiao sob influencia do escoamento maritimo associado ao sistema de alta pressao do Atlantico Sul, caracterizando a predominancia de massa quente e umida sobre o setor central.;Outono;;;;;;;;;;;;;;;;
2022-04-10 00:00:00;Sul;mTa;A região delimitada encontra-se sob a influência do fluxo marítimo da alta pressão, caracterizando o predomínio de ar quente e úmido de origem tropical atlântica.;Outono;;;;;;;;;;;;;;;;
2022-04-11 00:00:00;Norte;mEc;A região destacada abrange a bacia amazônica e adjacências, caracterizada por ambiente quente e úmido, sob influência da Massa Equatorial Continental (mEc) sem interferência fronta;Outono;;;;;;;;;;;;;;;;
2022-04-11 00:00:00;Nordeste;mEa;Predominância da Massa Equatorial Atlântica, caracterizada pelo fluxo de ar quente e úmido transportado pelos ventos alísios sobre a região costeira e adjacências do Nordeste.;Outono;;;;;;;;;;;;;;;;
2022-04-11 00:00:00;Litoral;mTa;Região sob influência direta do escoamento marítimo quente e úmido estabelecido pela circulação de alta pressão no oceano, caracterizando a predominância da Massa Tropical Atlântic;Outono;;;;;;;;;;;;;;;;
2022-04-11 00:00:00;Centro;mTa;Regiao sob dominio da circulacao maritima associada ao escoamento da ASAS, apresentando caracteristicas tipicas de fluxo de leste/sudeste com umidade e temperaturas tropicais.;Outono;;;;;;;;;;;;;;;;
2022-04-11 00:00:00;Sul;mPa;A região encontra-se submetida ao fluxo de quadrante sul posterior à passagem de sistema frontal, evidenciando o avanço e a predominância da Massa Polar Atlântica sobre o setor.;Outono;;;;;;;;;;;;;;;;
2022-04-12 00:00:00;Norte;mEc;A região delimitada encontra-se sobre a bacia amazônica, caracterizada por altas temperaturas e elevada umidade, sob domínio da massa equatorial continental.;Outono;;;;;;;;;;;;;;;;
2022-04-12 00:00:00;Nordeste;mTa;Região sob influência direta do fluxo de leste da alta pressão subtropical do Atlântico Sul, caracterizando o domínio da massa Tropical Atlântica quente e úmida sobre o Nordeste.;Outono;;;;;;;;;;;;;;;;
2022-04-12 00:00:00;Litoral;mTa;Area sob influencia do escoamento marítimo de leste/sudeste associado ao anticiclone do Atlantico Sul, caracterizando o dominio da Massa Tropical Atlantica no litoral em questao.;Outono;;;;;;;;;;;;;;;;
2022-04-12 00:00:00;Centro;mTa;A região encontra-se sob influência do escoamento zonal e anticiclônico do Atlântico, sendo dominada pela massa Tropical Atlântica com características quentes e úmidas.;Outono;;;;;;;;;;;;;;;;
2022-04-12 00:00:00;Sul;mPa;A região delimitada encontra-se na retaguarda de uma frente fria, caracterizada pelo ingresso de ar frio e seco, consolidando o domínio da mPa sobre o setor.;Outono;;;;;;;;;;;;;;;;
2022-04-13 00:00:00;Norte;mEc;Região sob influência da Massa Equatorial Continental, caracterizada por calor e elevada umidade, típica do domínio amazônico preservado na ausência de incursões de sistemas polare;Outono;;;;;;;;;;;;;;;;
2022-04-13 00:00:00;Nordeste;mEa;A região delimitada está sob forte influência do fluxo marítimo equatorial, característico da massa Equatorial Atlântica, responsável por manter a umidade e temperaturas elevadas n;Outono;;;;;;;;;;;;;;;;
2022-04-13 00:00:00;Litoral;mTa;A região delimitada está sob forte influência do escoamento marítimo associado aos ventos de leste/sudeste, caracterizando a predominância da massa Tropical Atlântica (mTa).;Outono;;;;;;;;;;;;;;;;
2022-04-13 00:00:00;Centro;mTa;A região delimitada encontra-se sob o domínio do escoamento marítimo oriundo da alta pressão subtropical do Atlântico Sul, caracterizando a predominância da mTa.;Outono;;;;;;;;;;;;;;;;
2022-04-13 00:00:00;Sul;mPa;A região delimitada encontra-se no setor pós-frontal, sob a influência da incursão de uma Massa Polar Atlântica, caracterizada pelo resfriamento e deslocamento do ar polar.;Outono;;;;;;;;;;;;;;;;
2022-04-14 00:00:00;Norte;mEc;Região sob influência direta da massa equatorial continental, caracterizada por alta umidade e temperaturas elevadas, típica da bacia amazônica na ausência de sistemas frontais.;Outono;;;;;;;;;;;;;;;;
2022-04-14 00:00:00;Nordeste;mTa;Predominância de circulação marítima quente e úmida sob influência do fluxo de leste da periferia da alta pressão subtropical do Atlântico Sul sobre a região Nordeste.;Outono;;;;;;;;;;;;;;;;
2022-04-14 00:00:00;Litoral;mTa;Regiao sob influencia do fluxo maritimo vindo do oceano Atlantico Sul, caracterizado por ar quente e umido, mantendo condicoes tipicas da massa Tropical Atlantica no litoral.;Outono;;;;;;;;;;;;;;;;
2022-04-14 00:00:00;Centro;mTa;A região encontra-se sob influência do setor norte da circulação anticiclônica do Atlântico Sul, caracterizando o predomínio da Massa Tropical Atlântica (mTa) com fluxo de leste.;Outono;;;;;;;;;;;;;;;;
2022-04-14 00:00:00;Sul;mPa;A região delimitada encontra-se na retaguarda de um sistema frontal, caracterizada pelo ingresso de ar frio e seco, consolidando o avanço e domínio da massa polar atlântica.;Outono;;;;;;;;;;;;;;;;
2022-04-15 00:00:00;Norte;mEc;Regiao central e norte da Amazonia, caracterizada por baixos gradientes de pressao e estabilidade termodinamica tipica da massa equatorial continental.;Outono;;;;;;;;;;;;;;;;
2022-04-15 00:00:00;Nordeste;mTa;Região sob influência predominante do fluxo de leste/sudeste associado ao escoamento da alta pressão subtropical do Atlântico Sul, caracterizando ar quente e úmido.;Outono;;;;;;;;;;;;;;;;
2022-04-15 00:00:00;Litoral;mTa;A região delimitada está sob forte influência do escoamento marítimo provindo do anticiclone do Atlântico Sul, caracterizando a predominância da massa Tropical Atlântica.;Outono;;;;;;;;;;;;;;;;
2022-04-15 00:00:00;Centro;mPa;A região demarcada encontra-se sob a influência direta do avanço de uma massa de ar frio pós-frontal, caracterizada por temperaturas amenas e fluxo de brisa do quadrante sul.;Outono;;;;;;;;;;;;;;;;
2022-04-15 00:00:00;Sul;mPa;A região destacada encontra-se na retaguarda de sistema frontal, apresentando características de ar frio e úmido, típicas do avanço da Massa Polar Atlântica sobre o setor.;Outono;;;;;;;;;;;;;;;;
2022-04-16 00:00:00;Norte;mEc;Regiao situada sobre a bacia Amazonica, caracterizada pelo dominio de massa de ar quente e umida de origem continental, tipica do periodo e da localizacao geografica descrita.;Outono;;;;;;;;;;;;;;;;
2022-04-16 00:00:00;Nordeste;mTa;A região é dominada pelo fluxo de leste da alta pressão, transportando ar quente e úmido do oceano, caracterizando a atuação da Massa Tropical Atlântica sobre o setor.;Outono;;;;;;;;;;;;;;;;
2022-04-16 00:00:00;Litoral;mTa;A região delimitada encontra-se sob a influência direta do escoamento de leste/sudeste associado à circulação marítima quente e úmida, caracterizando o predomínio da massa Tropical;Outono;;;;;;;;;;;;;;;;
2022-04-16 00:00:00;Centro;mPa;A região delimitada encontra-se na retaguarda da frente fria indicada pela linha de instabilidade, caracterizando o avanço e domínio de uma massa de ar frio e úmido de origem polar;Outono;;;;;;;;;;;;;;;;
2022-04-16 00:00:00;Sul;mPa;Região sob influência direta de ar frio e seco após a passagem de sistema frontal, evidenciado pelas temperaturas reduzidas e baixos pontos de orvalho registrados nas estações.;Outono;;;;;;;;;;;;;;;;
2022-04-17 00:00:00;Norte;mEc;Região central e norte sob influência de ar quente e úmido de origem continental, predominante sobre a bacia amazônica na ausência de sistemas frontais ativos no setor.;Outono;;;;;;;;;;;;;;;;
2022-04-17 00:00:00;Nordeste;mTa;A região encontra-se sob influência da circulação marítima da alta pressão, caracterizando a predominância da Massa Tropical Atlântica, quente e úmida, sobre o setor nordestino.;Outono;;;;;;;;;;;;;;;;
2022-04-17 00:00:00;Litoral;mTa;A área delimitada encontra-se sob influência do escoamento marítimo de leste/nordeste associado ao transporte de umidade e calor da circulação oceânica predominante.;Outono;;;;;;;;;;;;;;;;
2022-04-17 00:00:00;Centro;mPa;A região delimitada apresenta queda de temperatura e umidade característica do avanço de uma massa de ar frio e seco, posicionada pela retaguarda de um sistema frontal no litoral.;Outono;;;;;;;;;;;;;;;;
2022-04-17 00:00:00;Sul;mPa;O setor delimitado encontra-se sob a influência direta do avanço da massa de ar pós-frontal, caracterizada pelo resfriamento e declínio das temperaturas após a passagem da frente.;Outono;;;;;;;;;;;;;;;;
2022-04-18 00:00:00;Norte;mEc;Região central e norte da América do Sul sob domínio de massa quente e úmida, característica da circulação amazônica, sem influência de sistemas frontais ou massas polares.;Outono;;;;;;;;;;;;;;;;
2022-04-18 00:00:00;Nordeste;mTa;Região sob influência direta do fluxo de leste da circulação marítima, transportando ar quente e úmido do oceano para o continente, caracterizando a dominância da mTa.;Outono;;;;;;;;;;;;;;;;
2022-04-18 00:00:00;Litoral;mTa;A região delimitada encontra-se sob influência da circulação anticiclônica do Atlântico Sul, caracterizando a predominância da Massa Tropical Atlântica (mTa), quente e úmida.;Outono;;;;;;;;;;;;;;;;
2022-04-18 00:00:00;Centro;mPa;A regiao apresenta adveccao de ar frio com declinio de temperatura e umidade pos-passagem de frente fria, caracterizando o dominio da Massa Polar Atlantica sobre o Centro-Oeste.;Outono;;;;;;;;;;;;;;;;
2022-04-18 00:00:00;Sul;mPa;A região delimitada encontra-se na retaguarda de uma frente fria, caracterizada pela presença de ar mais frio e denso, típico do domínio da Massa Polar Atlântica sobre o setor.;Outono;;;;;;;;;;;;;;;;
2022-04-19 00:00:00;Norte;mEc;A região demarcada encontra-se sobre a bacia amazônica, caracterizada por temperaturas elevadas e alta umidade, sem influência de sistemas extratropicais, configurando a mEc.;Outono;;;;;;;;;;;;;;;;
2022-04-19 00:00:00;Nordeste;mTa;A região sob análise é dominada pelo fluxo marítimo de sudeste, característico da circulação da alta pressão subtropical do Atlântico Sul, transportando ar quente e úmido.;Outono;;;;;;;;;;;;;;;;
2022-04-19 00:00:00;Litoral;mPa;O setor delimitado encontra-se sob efeito do avanço de uma massa polar após a passagem de frente fria, caracterizada pela queda nas temperaturas e mudança na direção do vento.;Outono;;;;;;;;;;;;;;;;
2022-04-19 00:00:00;Centro;mPa;A região sob o retângulo exibe queda nas temperaturas e valores específicos de bulbo úmido compatíveis com o avanço de uma massa de ar frio logo após a passagem da frente fria.;Outono;;;;;;;;;;;;;;;;
2022-04-19 00:00:00;Sul;mPa;A região delimitada encontra-se após a passagem de uma frente fria, com escoamento de sul/sudeste característico do avanço da massa de ar polar atlântica sobre o setor.;Outono;;;;;;;;;;;;;;;;
2022-04-20 00:00:00;Norte;mEc;Região sobre o interior da Amazônia caracterizada por altas temperaturas e elevada umidade, sob domínio da massa equatorial continental, sem influência direta de sistemas frontais.;Outono;;;;;;;;;;;;;;;;
2022-04-20 00:00:00;Nordeste;mTa;Regiao sob influêcia do fluxo marítimo predominante do Atlântico Sul, caracterizado por ar quente e úmido transportado pelos ventos alísios para o setor leste da região Nordeste.;Outono;;;;;;;;;;;;;;;;
2022-04-20 00:00:00;Litoral;mTa;A região sob análise encontra-se influenciada pelo fluxo de umidade e calor oceânico advindo da circulação anticiclônica, caracterizando a predominância da Massa Tropical Atlântica;Outono;;;;;;;;;;;;;;;;
2022-04-20 00:00:00;Centro;mPa;A regiao apresenta adveccao de ar frio e seco logo apos a passagem de uma frente fria, caracterizada pela queda das temperaturas e reducao da umidade no setor central.;Outono;;;;;;;;;;;;;;;;
2022-04-20 00:00:00;Sul;mPa;A região destacada encontra-se sob a influência direta do avanço de uma massa de ar frio e seco, posicionada retaguarda da frente fria que atua sobre o Sudeste e Sul do Brasil.;Outono;;;;;;;;;;;;;;;;
2022-04-21 00:00:00;Norte;mEc;A região demarcada encontra-se sobre a bacia amazônica, caracterizada pela atuação da Massa Equatorial Continental, que apresenta características de calor e elevada umidade.;Outono;;;;;;;;;;;;;;;;
2022-04-21 00:00:00;Nordeste;mTa;A região encontra-se sob influência do escoamento marítimo de leste, característico da massa Tropical Atlântica, garantindo condições de temperatura elevada e umidade na costa.;Outono;;;;;;;;;;;;;;;;
2022-04-21 00:00:00;Litoral;mTa;A região delimitada encontra-se sob influência da circulação anticiclônica do Atlântico Sul, caracterizando o predomínio de ar quente e úmido transportado por esta massa.;Outono;;;;;;;;;;;;;;;;
2022-04-21 00:00:00;Centro;mTa;A região delimitada encontra-se sob domínio da alta pressão oceânica, caracterizando o fluxo de uma massa de ar quente e úmida marítima sobre o setor central do Brasil.;Outono;;;;;;;;;;;;;;;;
2022-04-21 00:00:00;Sul;mPa;A região delimitada encontra-se na retaguarda de uma frente fria, caracterizando o ingresso e domínio da massa de ar polar, evidenciado pela trajetória do sistema oceânico.;Outono;;;;;;;;;;;;;;;;
2022-04-22 00:00:00;Norte;mEc;Regiao sobre a bacia amazonica, caracterizada pelo dominio de altas temperaturas e elevada umidade, tipico da massa equatorial continental sem influencia de sistemas frontais.;Outono;;;;;;;;;;;;;;;;
2022-04-22 00:00:00;Nordeste;mTa;A região demarcada apresenta domínio de correntes de ar do quadrante leste de origem oceânica, caracterizando a influência da massa tropical atlântica na faixa leste do Nordeste.;Outono;;;;;;;;;;;;;;;;
2022-04-22 00:00:00;Litoral;mEa;A região delimitada no litoral nordeste encontra-se sob influência da massa Equatorial Atlântica, caracterizada pelo fluxo de ar tropical úmido e quente sobre a costa norte/nordest;Outono;;;;;;;;;;;;;;;;
2022-04-22 00:00:00;Centro;mPa;A região sob análise está a retaguarda de um sistema frontal, apresentando queda nas temperaturas e valores térmicos característicos do avanço de uma massa de ar frio.;Outono;;;;;;;;;;;;;;;;
2022-04-22 00:00:00;Sul;mPa;A regiao delimitada encontra-se sob a influencia da massa polar atlantica, evidenciada pela adveccao de ar frio e seco apos a passagem de sistema frontal pelo setor.;Outono;;;;;;;;;;;;;;;;
2022-04-23 00:00:00;Norte;mEc;Regiao centralizada na bacia amazonica, caracterizada pelo predominio de ar quente e umido de origem equatorial, sem influencia direta de sistemas frontais ou circulações oceanicas;Outono;;;;;;;;;;;;;;;;
2022-04-23 00:00:00;Nordeste;mTa;A região delimitada está sob forte influência do escoamento de leste-sudeste, característico da circulação da ASAS, que transporta ar quente e úmido sobre o setor costeiro e interi;Outono;;;;;;;;;;;;;;;;
2022-04-23 00:00:00;Litoral;mTa;A regiao delimitada esta sob influencia direta do fluxo maritimo oriundo do oceano, caracterizando o dominio da mTa, transportando umidade constante para a faixa litoranea.;Outono;;;;;;;;;;;;;;;;
2022-04-23 00:00:00;Centro;mTa;Região situada sob o domínio da circulação anticiclônica do Atlântico Sul, caracterizada pela predominância da massa de ar Tropical Atlântica, quente e úmida.;Outono;;;;;;;;;;;;;;;;
2022-04-23 00:00:00;Sul;mPa;A região delimitada encontra-se sob influência de massa de ar frio e seco, caracterizada pelo gradiente de pressão pós-frontal que desloca ar polar para latitudes menores.;Outono;;;;;;;;;;;;;;;;
2022-04-24 00:00:00;Norte;mEc;Região sob influência da Massa Equatorial Continental, caracterizada pela presença de ar quente e úmido no interior do continente amazônico, sem influência de sistemas frontais.;Outono;;;;;;;;;;;;;;;;
2022-04-24 00:00:00;Nordeste;mEa;Regiao sob incidencia de fluxo constante do Atlantico tropical, caracterizando a atuacao da mEa, que transporta umidade e calor para o setor nordeste do pais.;Outono;;;;;;;;;;;;;;;;
2022-04-24 00:00:00;Litoral;mTa;Predominio da massa Tropical Atlantica, caracterizada por altas temperaturas e umidade, mantendo estabilidade sobre o litoral do Nordeste brasileiro.;Outono;;;;;;;;;;;;;;;;
2022-04-24 00:00:00;Centro;mPa;A região apresenta o avanço de uma massa de ar pós-frontal, com queda de temperaturas e ventos no quadrante sul, caracterizando o domínio da massa polar atlântica.;Outono;;;;;;;;;;;;;;;;
2022-04-24 00:00:00;Sul;mPa;A região delimitada encontra-se na retaguarda de um sistema frontal, sob a influência direta do escoamento de uma massa polar atlântica (mPa), caracterizada por ar frio e estável.;Outono;;;;;;;;;;;;;;;;
2022-04-25 00:00:00;Norte;mEc;A região delimitada compreende a bacia amazônica. A estabilidade das pressões e a ausência de interferências de sistemas de médias latitudes confirmam a predominância da mEc.;Outono;;;;;;;;;;;;;;;;
2022-04-25 00:00:00;Nordeste;mTa;Predominio da massa Tropical Atlantica na regiao Nordeste, caracterizada pelo transporte de umidade e calor sobre o setor sob influencia do fluxo zonal do Atlantico Sul.;Outono;;;;;;;;;;;;;;;;
2022-04-25 00:00:00;Litoral;mTa;Predominância de fluxo marítimo sob influência de alta pressão no oceano, transportando ar quente e úmido para a faixa litorânea do Nordeste brasileiro.;Outono;;;;;;;;;;;;;;;;
2022-04-25 00:00:00;Centro;mTa;A região encontra-se sob o fluxo do escoamento marítimo vindo do Atlântico, influenciada pela alta pressão oceânica, caracterizando a predominância da massa tropical atlântica.;Outono;;;;;;;;;;;;;;;;
2022-04-25 00:00:00;Sul;mPa;A região delimitada encontra-se sob influência de um sistema frontal com circulação ciclônica, transportando ar frio e úmido característico da mPa para o setor.;Outono;;;;;;;;;;;;;;;;
2022-04-26 00:00:00;Norte;mEc;A região delimitada abrange a bacia amazônica, onde predomina a Massa Equatorial Continental, caracterizada por temperaturas elevadas e alta umidade, sem influência de sistemas pol;Outono;;;;;;;;;;;;;;;;
2022-04-26 00:00:00;Nordeste;mTa;Predominância de escoamento marítimo associado aos ventos alísios, transportando ar quente e úmido oceânico para o interior do setor delimitado.;Outono;;;;;;;;;;;;;;;;
2022-04-26 00:00:00;Litoral;mTa;Região sob influência direta do fluxo de ar quente e úmido proveniente do Atlântico Tropical, característico da predominância da massa Tropical Atlântica no litoral.;Outono;;;;;;;;;;;;;;;;
2022-04-26 00:00:00;Centro;mTc;A região demarcada encontra-se sob influência persistente da mTc, caracterizada por temperaturas elevadas e baixa umidade, típica da atuação da Depressão Térmica do Chaco.;Outono;;;;;;;;;;;;;;;;
2022-04-26 00:00:00;Sul;mPa;A região delimitada situa-se na retaguarda da frente fria indicada pela linha azul, caracterizando o ingresso e predomínio da massa de ar polar atlântica.;Outono;;;;;;;;;;;;;;;;
2022-04-27 00:00:00;Norte;mEc;Região central da Bacia Amazônica, caracterizada por baixos gradientes de pressão, elevados teores de umidade e ausência de influência direta de sistemas frontais ou oceânicos.;Outono;;;;;;;;;;;;;;;;
2022-04-27 00:00:00;Nordeste;mEa;A região delimitada no Nordeste encontra-se sob influência predominante da massa Equatorial Atlântica, caracterizada pelo fluxo de ar quente e úmido vindo do oceano tropical.;Outono;;;;;;;;;;;;;;;;
2022-04-27 00:00:00;Litoral;mTa;A região sob o retângulo está sob a influência direta do escoamento marítimo associado à circulação da alta subtropical, caracterizando o domínio da massa Tropical Atlântica.;Outono;;;;;;;;;;;;;;;;
2022-04-27 00:00:00;Centro;mTa;Regiao sob influencia do escoamento do anticiclone subtropical, mantendo predominio de caracteristicas tropicais maritimas de umidade e calor na area delimitada.;Outono;;;;;;;;;;;;;;;;
2022-04-27 00:00:00;Sul;mPa;A região apresenta características de subsidência e temperaturas mais amenas típicas do pós-frontal, configurando o avanço de uma massa de ar frio e úmida sobre o setor Sul.;Outono;;;;;;;;;;;;;;;;
2022-04-28 00:00:00;Norte;mEc;Regiao central e norte do Brasil caracterizada por baixas latitudes, apresentando alta umidade e temperaturas elevadas típicas da origem continental equatorial.;Outono;;;;;;;;;;;;;;;;
2022-04-28 00:00:00;Nordeste;mTa;Regiao sob fluxo de leste-sudeste proveniente do Atlantico Sul, caracterizada pela predominancia da massa Tropical Atlantica, que transporta umidade para o setor oriental do Nordes;Outono;;;;;;;;;;;;;;;;
2022-04-28 00:00:00;Litoral;mTa;Regiao sob influencia do escoamento oceanico do anticiclone subtropical, caracterizada por subsidencia e transporte de umidade maritima, mantendo caracteristicas tropicais.;Outono;;;;;;;;;;;;;;;;
2022-04-28 00:00:00;Centro;mTa;Regiao sob regime de subsidencia e estabilidade associada ao anticiclone, caracterizando predominio de ar quente e umido de origem maritima com persistencia da mTa.;Outono;;;;;;;;;;;;;;;;
2022-04-28 00:00:00;Sul;mPa;A região delimitada encontra-se na retaguarda de um sistema frontal, caracterizada pela entrada e predomínio da massa polar atlântica, evidenciada pelas menores temperaturas.;Outono;;;;;;;;;;;;;;;;
2022-04-29 00:00:00;Norte;mEc;Região central da Bacia Amazônica sob domínio da massa quente e úmida de origem continental, caracterizada por baixos gradientes de pressão e ausência de incursões polares.;Outono;;;;;;;;;;;;;;;;
2022-04-29 00:00:00;Nordeste;mTa;Predominio da massa tropical atlantica devido ao fluxo do quadrante leste, estabelecendo condicoes quentes e umidas sob influencia da circulacao de alta pressao sobre o oceano.;Outono;;;;;;;;;;;;;;;;
2022-04-29 00:00:00;Litoral;mTa;A região delimitada no setor leste do Nordeste encontra-se sob influência da circulação marítima da massa tropical atlântica, garantindo umidade e temperaturas elevadas no litoral.;Outono;;;;;;;;;;;;;;;;
2022-04-29 00:00:00;Centro;mPa;A região apresenta o avanço e a estabilização de uma massa de ar frio e seco (mPa), caracterizada pela queda nas temperaturas e umidade após a passagem de uma frente fria.;Outono;;;;;;;;;;;;;;;;
2022-04-29 00:00:00;Sul;mPa;A região delimitada encontra-se sob a influência direta do avanço de uma massa polar após a passagem de sistema frontal, evidenciado pelas temperaturas mais baixas e ventos do quad;Outono;;;;;;;;;;;;;;;;
2022-04-30 00:00:00;Norte;mEc;A região apresenta características de baixas latitudes e ambiente continental amazônico, caracterizado por ar quente e úmido, sem influência de sistemas extratropicais ou marítimos;Outono;;;;;;;;;;;;;;;;
2022-04-30 00:00:00;Nordeste;mTa;Regiao sob influencia do escoamento de leste do anticiclone subtropical, caracterizando a predominancia da massa tropical atlantica, quente e umida sobre o setor leste nordestino.;Outono;;;;;;;;;;;;;;;;
2022-04-30 00:00:00;Litoral;mTa;A regiao delimitada esta sob influencia direta da circulacao oceanica de ventos quentes e umidos oriundos do Atlantico Sul, caracteristica predominante da Massa Tropical Atlantica.;Outono;;;;;;;;;;;;;;;;
2022-04-30 00:00:00;Centro;mPa;A região delimitada encontra-se na retaguarda de um sistema frontal, caracterizada pela incursão de ar polar, evidenciada pelos valores térmicos reduzidos e fluxo de sul.;Outono;;;;;;;;;;;;;;;;
2022-04-30 00:00:00;Sul;mPa;Observa-se o ingresso de ar frio e seco na retaguarda de um sistema frontal, caracterizando a atuação da massa de ar polar sobre o setor delimitado.;Outono;;;;;;;;;;;;;;;;
2022-05-01 00:00:00;Norte;mEc;A região delimitada cobre a porção central da Bacia Amazônica, onde predomina ar quente e úmido de origem continental, caracterizando a influência direta da massa Equatorial Contin;Outono;;;;;;;;;;;;;;;;
2022-05-01 00:00:00;Nordeste;mTa;A região encontra-se sob influência do escoamento marítimo de leste, característico do transporte de umidade e calor da massa Tropical Atlântica sobre o setor litorâneo e interior.;Outono;;;;;;;;;;;;;;;;
2022-05-01 00:00:00;Litoral;mEa;A região delimitada no setor norte/nordeste do litoral é predominada pela massa Equatorial Atlântica, caracterizada pelo ar quente e úmido característico da região equatorial.;Outono;;;;;;;;;;;;;;;;
2022-05-01 00:00:00;Centro;mPa;A região encontra-se sob influência de massa de ar frio e seco (mPa), evidenciada pelos valores de temperatura do ponto de orvalho em declínio e fluxo de sul no setor sul do contin;Outono;;;;;;;;;;;;;;;;
2022-05-01 00:00:00;Sul;mPa;Região sob influência direta de um núcleo de alta pressão pós-frontal, com advecção fria e queda nas temperaturas em superfície, caracterizando o ingresso da mPa.;Outono;;;;;;;;;;;;;;;;
2022-05-02 00:00:00;Norte;mEc;Região central da Bacia Amazônica sob domínio da massa equatorial continental, caracterizada por temperaturas elevadas e elevada umidade em um arranjo de fraco gradiente bárico.;Outono;;;;;;;;;;;;;;;;
2022-05-02 00:00:00;Nordeste;mTa;Região sob influência direta do fluxo de leste da alta subtropical, caracterizando o domínio de uma massa quente e úmida originada sobre o Atlântico Sul.;Outono;;;;;;;;;;;;;;;;
2022-05-02 00:00:00;Litoral;mTa;Predominância de fluxo marítimo sob influência de gradiente favorável à circulação tropical, caracterizando a atuação da Massa Tropical Atlântica na faixa litorânea.;Outono;;;;;;;;;;;;;;;;
2022-05-02 00:00:00;Centro;mTa;A região encontra-se sob influência do escoamento marítimo de leste/nordeste associado à crista da alta pressão subtropical, caracterizando a predominância da massa Tropical Atlânt;Outono;;;;;;;;;;;;;;;;
2022-05-02 00:00:00;Sul;mPa;A região delimitada encontra-se sob a influência direta do avanço de uma massa de ar frio e seco, posicionada claramente a retaguarda da frente fria que atua no setor.;Outono;;;;;;;;;;;;;;;;
2022-05-03 00:00:00;Norte;mEc;Regiao sobre o dominio da Amazonia, caracterizada por baixo gradiente de pressao, alta umidade e temperaturas elevadas, configurando a predominancia da massa equatorial continental;Outono;;;;;;;;;;;;;;;;
2022-05-03 00:00:00;Nordeste;mTa;Região sob influência direta do fluxo de leste da alta pressão subtropical do Atlântico Sul, caracterizando a predominância de ar quente e úmido de origem marítima.;Outono;;;;;;;;;;;;;;;;
2022-05-03 00:00:00;Litoral;mTa;Região sob influência direta do escoamento marítimo associado à circulação de alta pressão, caracterizando a predominância de ar quente e úmido de origem tropical marítima.;Outono;;;;;;;;;;;;;;;;
2022-05-03 00:00:00;Centro;mPa;A região demarcada encontra-se sob influência de um sistema frontal em deslocamento, com a massa de ar polar (mPa) avançando e posicionada a retaguarda do sistema.;Outono;;;;;;;;;;;;;;;;
2022-05-03 00:00:00;Sul;mPa;A região delimitada encontra-se sob a influência direta do ingresso de uma massa de ar frio e úmido após a passagem de uma frente fria, caracterizada pela queda nas temperaturas.;Outono;;;;;;;;;;;;;;;;
2022-05-04 00:00:00;Norte;mEc;A região delimitada compreende a bacia amazônica e áreas continentais adjacentes, onde predomina a massa equatorial continental, caracterizada por ser quente e úmida.;Outono;;;;;;;;;;;;;;;;
2022-05-04 00:00:00;Nordeste;mEa;A regiao delimitada esta sob influencia direta do fluxo equatorial maritimo, caracteristica da mEa, que transporta umidade do Atlantico tropical para o setor norte do Brasil.;Outono;;;;;;;;;;;;;;;;
2022-05-04 00:00:00;Litoral;mTa;Predomínio de fluxo marítimo sob influência de alta pressão no oceano, caracterizando uma massa de ar quente e úmida típica da região costeira do Nordeste.;Outono;;;;;;;;;;;;;;;;
2022-05-04 00:00:00;Centro;mPa;A região delimitada encontra-se na retaguarda de um sistema frontal, caracterizada pela incursão de ar frio e seco, típico da atuação da Massa Polar Atlântica.;Outono;;;;;;;;;;;;;;;;
2022-05-04 00:00:00;Sul;mPa;A regiao encontra-se nitidamente a retaguarda de uma frente fria, caracterizada pelo avanco de ar frio e seco, consolidando o dominio da Massa Polar Atlantica sobre o setor.;Outono;;;;;;;;;;;;;;;;
2022-05-05 00:00:00;Norte;mEc;Regiao central e norte da Amazonia sob influencia direta da Massa Equatorial Continental, caracterizada por ar quente e umido, sem interferencia frontal na porcao interna.;Outono;;;;;;;;;;;;;;;;
2022-05-05 00:00:00;Nordeste;mEa;A região delimitada no setor norte do Nordeste encontra-se sob influência predominante da massa Equatorial Atlântica, caracterizada pelo fluxo de ar quente e úmido vindo do oceano.;Outono;;;;;;;;;;;;;;;;
2022-05-05 00:00:00;Litoral;mTa;A região delimitada está sob influência do fluxo marítimo da alta pressão subtropical, caracterizando a mTa, com condições térmicas e de umidade típicas do setor tropical oceânico.;Outono;;;;;;;;;;;;;;;;
2022-05-05 00:00:00;Centro;mPa;A regiao delimitada encontra-se sob a influência direta do avanço de uma massa de ar frio e seco, posicionada na retaguarda da frente fria que atravessa o setor central do país.;Outono;;;;;;;;;;;;;;;;
2022-05-05 00:00:00;Sul;mPa;A região delimitada está sob influência da massa polar atlântica, caracterizada pelo ingresso de ar frio e seco logo após a passagem da frente fria observada no setor.;Outono;;;;;;;;;;;;;;;;
2022-05-06 00:00:00;Norte;mEc;A região amazônica, delimitada pelo retângulo, encontra-se sob domínio da mEc, caracterizada por ser quente e úmida, típica da atuação sobre a bacia continental brasileira.;Outono;;;;;;;;;;;;;;;;
2022-05-06 00:00:00;Nordeste;mTa;A região do retângulo é dominada pelo fluxo de leste/sudeste associado à circulação marítima, caracterizando a atuação predominante da massa de ar Tropical Atlântica.;Outono;;;;;;;;;;;;;;;;
2022-05-06 00:00:00;Litoral;mEa;A região delimitada no litoral nordestino encontra-se sob influência da Massa Equatorial Atlântica, caracterizada por ser quente e úmida, predominante nesta faixa latitudinal.;Outono;;;;;;;;;;;;;;;;
2022-05-06 00:00:00;Centro;mPa;A região apresenta queda de temperatura e declínio na pressão após a passagem de uma frente fria, caracterizando o ingresso e predomínio da massa de ar Polar Atlântica.;Outono;;;;;;;;;;;;;;;;
2022-05-06 00:00:00;Sul;mPa;A região sob o retângulo vermelho encontra-se no setor pós-frontal, submetida ao avanço e estabilização de uma Massa Polar Atlântica, caracterizada por temperaturas e umidade reduz;Outono;;;;;;;;;;;;;;;;
2022-05-07 00:00:00;Norte;mEc;Região central da Bacia Amazônica sob domínio da massa quente e úmida de origem continental, sem influência de sistemas frontais ou circulação oceânica direta.;Outono;;;;;;;;;;;;;;;;
2022-05-07 00:00:00;Nordeste;mTa;Predominância da Massa Tropical Atlântica, caracterizada pelo fluxo de ar marítimo quente e úmido transportado por ventos de leste para o interior da região Nordeste.;Outono;;;;;;;;;;;;;;;;
2022-05-07 00:00:00;Litoral;mTa;A região encontra-se sob influência do fluxo de sudeste estabelecido na periferia do sistema de alta pressão oceânico, com características de ar quente e úmido sobre o litoral.;Outono;;;;;;;;;;;;;;;;
2022-05-07 00:00:00;Centro;mPa;Região situada no pós-frontal. Observa-se a incursão de ar frio e estável sobre o Centro-Oeste, caracterizando o avanço claro da massa de ar polar na retaguarda da frente fria.;Outono;;;;;;;;;;;;;;;;
2022-05-07 00:00:00;Sul;mPa;A região delimitada encontra-se sob influência de massa de ar frio e seco, caracterizada pela subsidência pós-frontal e valores térmicos reduzidos típicos da mPa.;Outono;;;;;;;;;;;;;;;;
2022-05-08 00:00:00;Norte;mEc;A região delimitada abrange a bacia amazônica e áreas continentais adjacentes, onde predomina a massa tropical continental quente e úmida, característica da circulação amazônica.;Outono;;;;;;;;;;;;;;;;
2022-05-08 00:00:00;Nordeste;mTa;Região sob influência direta do escoamento marítimo de leste, característico da massa de ar Tropical Atlântica, mantendo condições quentes e úmidas sobre o setor nordestino.;Outono;;;;;;;;;;;;;;;;
2022-05-08 00:00:00;Litoral;mTa;Região sob influência direta do escoamento marítimo de leste/sudeste associado à circulação anticiclônica oceânica, caracterizando a atuação da massa de ar tropical atlântica.;Outono;;;;;;;;;;;;;;;;
2022-05-08 00:00:00;Centro;mTa;Região sob influência da circulação da ASAS, apresentando características termodinâmicas de ar tropical quente e úmido transportado do Atlântico para o interior do continente.;Outono;;;;;;;;;;;;;;;;
2022-05-08 00:00:00;Sul;mPa;A região encontra-se submetida ao fluxo pós-frontal, com o avanço de uma massa de ar fria e estável, caracterizando o domínio da mPa no setor sul do retângulo delimitado.;Outono;;;;;;;;;;;;;;;;
2022-05-09 00:00:00;Norte;mEc;A região delimitada sobre a bacia amazônica caracteriza o domínio da massa equatorial continental, apresentando ar quente e úmido, típico da região sem influência de sistemas front;Outono;;;;;;;;;;;;;;;;
2022-05-09 00:00:00;Nordeste;mTa;Predominância da massa de ar Tropical Atlântica, caracterizada pelo transporte de umidade do oceano para o continente sob influência do campo de alta pressão.;Outono;;;;;;;;;;;;;;;;
2022-05-09 00:00:00;Litoral;mTa;A região delimitada está sob forte influência do escoamento marítimo associado à circulação anticiclônica sobre o Atlântico Sul, caracterizando o predomínio de mTa quente e úmida.;Outono;;;;;;;;;;;;;;;;
2022-05-09 00:00:00;Centro;mTc;A região delimitada no interior do continente apresenta características de estabilidade e baixa umidade, típicas da influência da massa de ar quente e seca Tropical Continental.;Outono;;;;;;;;;;;;;;;;
2022-05-09 00:00:00;Sul;mPa;A região delimitada situa-se na retaguarda de um sistema frontal, sob a influência direta do avanço de ar frio e seco, caracterizando a predominância da massa polar atlântica.;Outono;;;;;;;;;;;;;;;;
2022-05-10 00:00:00;Norte;mEc;Região central da Bacia Amazônica sob domínio da massa Equatorial Continental, caracterizada por altas temperaturas e elevada umidade em um regime de estabilidade atmosférica.;Outono;;;;;;;;;;;;;;;;
2022-05-10 00:00:00;Nordeste;mTa;Predominio da massa Tropical Atlantica na regiao Nordeste, caracterizada pelo transporte de umidade do oceano para o continente sob influencia da circulacao de alta pressao.;Outono;;;;;;;;;;;;;;;;
2022-05-10 00:00:00;Litoral;mTa;A região delimitada encontra-se sob domínio da circulação marítima da Alta Subtropical do Atlântico Sul, caracterizando a presença da Massa Tropical Atlântica (mTa).;Outono;;;;;;;;;;;;;;;;
2022-05-10 00:00:00;Centro;mPa;A região delimitada encontra-se sob efeito da advecção de ar frio e seco após a passagem de uma frente fria, caracterizando a atuação da massa de ar polar atlântica.;Outono;;;;;;;;;;;;;;;;
2022-05-10 00:00:00;Sul;mPa;A região delimitada encontra-se no quadrante posterior a uma frente fria, caracterizando o ingresso de ar frio e seco típico da Massa Polar Atlântica.;Outono;;;;;;;;;;;;;;;;
2022-05-10 00:00:00;Norte;mEc;Região central da Amazônia com características térmicas elevadas e umidade persistente, sem influência direta de sistemas frontais ou circulação de alta pressão oceânica.;Outono;;;;;;;;;;;;;;;;
2022-05-10 00:00:00;Nordeste;mEa;Dominio sob influencia da massa Equatorial Atlantica, caracterizada por fluxos quentes e umidos provenientes do oceano para a regiao Nordeste.;Outono;;;;;;;;;;;;;;;;
2022-05-10 00:00:00;Litoral;mTa;A região delimitada está sob o domínio do fluxo marítimo da massa tropical atlântica, caracterizada pelo transporte de umidade e ar quente proveniente do oceano.;Outono;;;;;;;;;;;;;;;;
2022-05-10 00:00:00;Centro;mPa;A regiao delimitada encontra-se apos a passagem de uma frente fria, caracterizada pela queda nas temperaturas e ingresso de ar mais frio e estavel sob dominio da mPa.;Outono;;;;;;;;;;;;;;;;
2022-05-10 00:00:00;Sul;mPa;A regiao delimitada esta sob a influencia direta da circulacao pos-frontal, evidenciando o avanco de uma massa de ar frio e seco (mPa) sobre o setor Sul e Sudeste.;Outono;;;;;;;;;;;;;;;;
2022-05-11 00:00:00;Norte;mEc;Região sob influência da Massa Equatorial Continental, caracterizada por elevados índices térmicos e de umidade, típicos do interior da bacia amazônica.;Outono;;;;;;;;;;;;;;;;
2022-05-11 00:00:00;Nordeste;mTa;Predominância de fluxo marítimo de sudeste/leste, característico da atuação da massa tropical atlântica, garantindo umidade e temperaturas elevadas na região delimitada.;Outono;;;;;;;;;;;;;;;;
2022-05-11 00:00:00;Litoral;mTa;A região delimitada no litoral responde ao fluxo marítimo característico do bordejamento da circulação anticiclônica do Atlântico Sul, transportando ar quente e úmido para o setor.;Outono;;;;;;;;;;;;;;;;
2022-05-11 00:00:00;Centro;mPa;A região encontra-se no setor pós-frontal, sob influência de forte incursão de ar polar avançando do quadrante sul, caracterizada por temperaturas amenas e subsidência associada.;Outono;;;;;;;;;;;;;;;;
2022-05-11 00:00:00;Sul;mPa;A região encontra-se submetida à retaguarda de um sistema frontal, caracterizada por temperaturas amenas e fluxo de sul, indicando predominância de Massa Polar Atlântica.;Outono;;;;;;;;;;;;;;;;
2022-05-12 00:00:00;Norte;mEc;Regiao central e norte da Amazonia sob influencia da mEc, caracterizada por temperaturas elevadas e alta umidade, sem a presenca de sistemas frontais na area delimitada.;Outono;;;;;;;;;;;;;;;;
2022-05-12 00:00:00;Nordeste;mTa;Região sob influência direta da circulação marítima da alta pressão do Atlântico, caracterizando o predomínio da Massa Tropical Atlântica, quente e úmida.;Outono;;;;;;;;;;;;;;;;
2022-05-12 00:00:00;Litoral;mTa;A região delimitada no litoral nordeste encontra-se sob influência da circulação marítima característica da massa tropical atlântica, apresentando padrão de umidade e calor oceânic;Outono;;;;;;;;;;;;;;;;
2022-05-12 00:00:00;Centro;mPa;A regiao encontra-se sob a influencia da subsidencia pos-frontal, com queda de temperatura e caracteristicas de uma massa de ar frio e estavel avançando pelo interior do continente;Outono;;;;;;;;;;;;;;;;
2022-05-12 00:00:00;Sul;mPa;A região delimitada encontra-se na retaguarda de sistema frontal, evidenciada por temperaturas reduzidas e circulação de sul, caracterizando o ingresso e domínio da massa polar.;Outono;;;;;;;;;;;;;;;;
2022-05-13 00:00:00;Norte;mEc;Regiao situada sobre a Bacia Amazonica, caracterizada pelo predominio de ar quente e umido de origem tropical continental, sem a influencia direta de sistemas frontais no setor.;Outono;;;;;;;;;;;;;;;;
2022-05-13 00:00:00;Nordeste;mTa;Predominância da Massa Tropical Atlântica, caracterizada pelo fluxo zonal do leste que transporta umidade para o interior do Nordeste brasileiro sob regime de alta pressão oceânica;Outono;;;;;;;;;;;;;;;;
2022-05-13 00:00:00;Litoral;mTa;Predominancia da Massa Tropical Atlantica no setor demarcado, caracterizada por fluxos de leste influenciados pela circulacao ciclonica maritima e estabilidade termica maritima.;Outono;;;;;;;;;;;;;;;;
2022-05-13 00:00:00;Centro;mPa;A região encontra-se submetida ao fluxo de ar frio e seco após a passagem de sistema frontal, evidenciado pelas temperaturas mais baixas e estabilidade característica da mPa.;Outono;;;;;;;;;;;;;;;;
2022-05-13 00:00:00;Sul;mPa;A região encontra-se no setor de retaguarda de uma frente fria, caracterizada pela incursão de ar frio e úmido de origem polar, marcando o gradiente térmico e a advecção de frio.;Outono;;;;;;;;;;;;;;;;
2022-05-14 00:00:00;Norte;mEc;Região central da Bacia Amazônica sob domínio subtropical de baixas pressões térmicas, com características de alta umidade e temperaturas elevadas típicas da Massa Equatorial Conti;Outono;;;;;;;;;;;;;;;;
2022-05-14 00:00:00;Nordeste;mTa;A região encontra-se sob domínio da circulação marítima direta, condicionada pelo transporte de umidade e calor característico da Massa Tropical Atlântica na costa equatorial/leste;Outono;;;;;;;;;;;;;;;;
2022-05-14 00:00:00;Litoral;mEa;A região destacada está sob influência do fluxo equatorial, caracterizado por ar quente e úmido predominante no setor costeiro do Nordeste brasileiro.;Outono;;;;;;;;;;;;;;;;
2022-05-14 00:00:00;Centro;mTa;Região central sob influência da circulação da ASAS, apresentando características de estabilidade e escoamento típico de massa quente e úmida oceânica predominante no setor.;Outono;;;;;;;;;;;;;;;;
2022-05-14 00:00:00;Sul;mPa;A região delimitada encontra-se sob a influência direta de um sistema frontal, caracterizado pelo avanço de ar frio e seco, típico da incursão da Massa Polar Atlântica.;Outono;;;;;;;;;;;;;;;;
2022-05-15 00:00:00;Norte;mEc;A regiao delimitada esta sob dominio da massa equatorial continental, caracterizada por alta umidade e temperaturas elevadas tipicas da bacia amazonica, sem influencia de sistemas ;Outono;;;;;;;;;;;;;;;;
2022-05-15 00:00:00;Nordeste;mTa;Predominancia da Massa Tropical Atlantica, com fluxo de leste transportando umidade do oceano para o continente, mantendo temperaturas elevadas e estabelecendo condicoes tipicas da;Outono;;;;;;;;;;;;;;;;
2022-05-15 00:00:00;Litoral;mTa;A região delimitada está sob influência da circulação marítima característica da Massa Tropical Atlântica, mantendo condições térmicas e de umidade típicas do setor leste brasileir;Outono;;;;;;;;;;;;;;;;
2022-05-15 00:00:00;Centro;mPa;A regiao delimitada encontra-se na retaguarda de um sistema frontal, caracterizada pelo ingresso de ar frio e seco, consolidando o avanco da massa polar sobre o Centro-Oeste.;Outono;;;;;;;;;;;;;;;;
2022-05-15 00:00:00;Sul;mPa;Região sob influência direta de massa polar com temperaturas reduzidas e gradiente térmico característico, posicionada na retaguarda de sistema frontal em deslocamento pelo setor.;Outono;;;;;;;;;;;;;;;;
2022-05-16 00:00:00;Norte;mEc;A região delimitada abrange a bacia amazônica e adjacências, sob domínio característico da Massa Equatorial Continental, mantendo elevadas temperaturas e umidade na ausência de fro;Outono;;;;;;;;;;;;;;;;
2022-05-16 00:00:00;Nordeste;mTa;Predominio da massa Tropical Atlantica na região, caracterizada pelo fluxo de leste que transporta umidade do oceano para o interior do Nordeste brasileiro.;Outono;;;;;;;;;;;;;;;;
2022-05-16 00:00:00;Litoral;mTa;A região delimitada encontra-se sob influência do escoamento marítimo vindo do Atlântico Sul, caracterizando a atuação e o domínio da Massa Tropical Atlântica (mTa).;Outono;;;;;;;;;;;;;;;;
2022-05-16 00:00:00;Centro;mPa;A região encontra-se submetida aos efeitos da subsidência e incursão de ar frio logo após a passagem da frente fria, caracterizando o avanço da massa de ar polar.;Outono;;;;;;;;;;;;;;;;
2022-05-16 00:00:00;Sul;mPa;A região delimitada situa-se na retaguarda de um sistema frontal, caracterizada pelo ingresso de ar frio e seco, indicando o domínio da massa de ar polar atlântica (mPa).;Outono;;;;;;;;;;;;;;;;
2022-05-17 00:00:00;Norte;mEc;A região amazônica, delimitada pelo retângulo, encontra-se sob domínio da massa Equatorial Continental, caracterizada pela predominância de ar quente e úmido no interior do contine;Outono;;;;;;;;;;;;;;;;
2022-05-17 00:00:00;Nordeste;mTa;A região encontra-se sob o fluxo do escoamento marítimo vindo do Atlântico Sul, característico de massa de ar quente e úmida, predominando sobre os estados do Nordeste brasileiro.;Outono;;;;;;;;;;;;;;;;
2022-05-17 00:00:00;Litoral;mTa;A região delimitada no litoral encontra-se sob influência de um campo de alta pressão, característico da atuação da massa Tropical Atlântica, mantendo o tempo quente e úmido.;Outono;;;;;;;;;;;;;;;;
2022-05-17 00:00:00;Centro;mPa;A regiao delimitada encontra-se sob a influência direta do avanço de uma massa de ar frio e seco, posicionada nitidamente no setor pós-frontal da frente fria que atua no Sudeste/Ce;Outono;;;;;;;;;;;;;;;;
2022-05-17 00:00:00;Sul;mPa;A região delimitada encontra-se sob a influência direta de um núcleo de alta pressão pós-frontal, apresentando características de ar polar, frio e seco, avançando sobre o Sul do Br;Outono;;;;;;;;;;;;;;;;
2022-05-18 00:00:00;Norte;mPa;A regiao delimitada encontra-se sob a influência direta do avanço de uma massa de ar frio e seco, posicionada ao sul da linha frontal que cruza o setor, caracterizando a atuação da;Outono;;;;;;;;;;;;;;;;
2022-05-18 00:00:00;Nordeste;mTa;A região destacada está sob a influência do fluxo marítimo estável, característico da massa de ar Tropical Atlântica, que predomina no setor leste do Nordeste.;Outono;;;;;;;;;;;;;;;;
2022-05-18 00:00:00;Litoral;mPa;A região delimitada encontra-se sob influência de massa de ar frio e seco (mPa), pós-passagem de sistema frontal que avança sobre o Sudeste/Nordeste brasileiro.;Outono;;;;;;;;;;;;;;;;
2022-05-18 00:00:00;Centro;mPa;A regiao apresenta caracteristicas de subsidencia e adveccao fria pos-frontal, com predominio da massa polar atlantica avançando sobre o sudeste brasileiro.;Outono;;;;;;;;;;;;;;;;
2022-05-18 00:00:00;Sul;mPa;A região apresenta o avanço de uma massa de ar frio e seco na retaguarda de um sistema frontal, caracterizando a atuação nítida da mPa sobre o setor.;Outono;;;;;;;;;;;;;;;;
2022-05-19 00:00:00;Norte;mEc;Região sob influência da circulação da massa equatorial continental, caracterizada por altas temperaturas e elevada umidade, típica do domínio amazônico na ausência de sistemas fro;Outono;;;;;;;;;;;;;;;;
2022-05-19 00:00:00;Nordeste;mPa;A região delimitada encontra-se sob a influência direta do avanço de uma massa de ar frio e úmida, posicionada na retaguarda do sistema frontal que atua sobre o litoral leste.;Outono;;;;;;;;;;;;;;;;
2022-05-19 00:00:00;Litoral;mTa;Região sob influência direta da circulação marítima da borda da ASAS, caracterizada pelo transporte de umidade e temperaturas elevadas típico do domínio da Massa Tropical Atlântica;Outono;;;;;;;;;;;;;;;;
2022-05-19 00:00:00;Centro;mPa;A região apresenta temperaturas reduzidas e gradiente de pressão característico após a passagem de sistema frontal, evidenciando o ingresso e estabilização da massa de ar polar.;Outono;;;;;;;;;;;;;;;;
2022-05-19 00:00:00;Sul;mPa;A região delimitada está sob forte influência de uma incursão de massa de ar polar, caracterizada por baixas temperaturas típicas após a passagem de sistema frontal.;Outono;;;;;;;;;;;;;;;;
2022-05-20 00:00:00;Norte;mEc;Região sob influência da Massa Equatorial Continental, caracterizada pela baixa pressão térmica e umidade elevada típicas da bacia amazônica e adjacências norte.;Outono;;;;;;;;;;;;;;;;
2022-05-20 00:00:00;Nordeste;mTa;A região delimitada encontra-se sob o fluxo do quadrante leste, característico da circulação da alta pressão subtropical do Atlântico Sul, transportando ar quente e úmido para o in;Outono;;;;;;;;;;;;;;;;
2022-05-20 00:00:00;Litoral;mEa;A região delimitada no setor nordeste do litoral brasileiro encontra-se sob o domínio da Massa Equatorial Atlântica, caracterizada por transporte de umidade e calor na costa.;Outono;;;;;;;;;;;;;;;;
2022-05-20 00:00:00;Centro;mPa;A região delimitada está sob influência direta do ingresso de ar frio após a passagem de uma frente fria, caracterizando a atuação da massa polar atlântica.;Outono;;;;;;;;;;;;;;;;
2022-05-20 00:00:00;Sul;mPa;A região delimitada encontra-se sob influência direta da massa polar atlântica, caracterizada pelo ingresso de ar frio e seco após a passagem de uma frente fria sobre o Sul do Bras;Outono;;;;;;;;;;;;;;;;
2022-05-21 00:00:00;Norte;mEc;Região central da América do Sul caracterizada pela predominância de ar quente e úmido de origem continental, sem influência de sistemas frontais na área delimitada.;Outono;;;;;;;;;;;;;;;;
2022-05-21 00:00:00;Nordeste;mTa;A regiao encontra-se sob predominio do escoamento de leste e sudeste caracteristico da circulacao de alta pressao oceanica, transportando o ar quente e umido da mTa.;Outono;;;;;;;;;;;;;;;;
2022-05-21 00:00:00;Litoral;mPa;A regiao delimitada encontra-se sob a influencia direta da circulacao pos-frontal, caracterizada pelo avancamento de ar frio e seco sob a costa do Sudeste.;Outono;;;;;;;;;;;;;;;;
2022-05-21 00:00:00;Centro;mPa;A região encontra-se submetida ao fluxo de sul/sudeste posicionado na retaguarda de frente fria, caracterizando o ingresso e domínio da massa de ar polar sobre o setor.;Outono;;;;;;;;;;;;;;;;
2022-05-21 00:00:00;Sul;mPa;A região delimitada encontra-se no quadrante posterior a uma frente fria, caracterizada por temperaturas reduzidas e circulação de sul, típicas do avanço de uma massa polar atlânti;Outono;;;;;;;;;;;;;;;;
2022-05-22 00:00:00;Norte;mEc;Regiao sobre a bacia Amazonica sob influencia direta de massas quentes e umidas de origem continental, caracterizando-se pela estabilidade termica tipica da mEc nesta latitude.;Outono;;;;;;;;;;;;;;;;
2022-05-22 00:00:00;Nordeste;mTa;A região encontra-se sob influência do fluxo zonal marítimo predominante, caracterizado pelo transporte de umidade do oceano para o continente, sob domínio da circulação tropical a;Outono;;;;;;;;;;;;;;;;
2022-05-22 00:00:00;Litoral;mTa;Regiao sob influencia do gradiente barometrico da ASAS, favorecendo o transporte de umidade e estabilidade, caracterizando o dominio da Massa Tropical Atlantica no setor costeiro.;Outono;;;;;;;;;;;;;;;;
2022-05-22 00:00:00;Centro;mPa;A regiao delimitada encontra-se sob a influencia de uma massa de ar frio e seco, caracterizada pelo gradiente de pressao pos-frontal que avanca pelo interior do continente.;Outono;;;;;;;;;;;;;;;;
2022-05-22 00:00:00;Sul;mPa;A região encontra-se submetida ao fluxo de ar frio e seco após a passagem de sistema frontal, evidenciado pelos baixos valores de temperatura e ponto de orvalho característicos da ;Outono;;;;;;;;;;;;;;;;
2022-05-23 00:00:00;Norte;mEc;Regiao situada integralmente sobre a bacia Amazonica, apresentando caracteristicas termodinamicas de alta temperatura e umidade, tipicas da predominancia da massa de ar Equatorial ;Outono;;;;;;;;;;;;;;;;
2022-05-23 00:00:00;Nordeste;mTa;Região sob influência direta do fluxo zonal marítimo predominante, caracterizado pelo transporte de umidade e calor sob o domínio do sistema de alta pressão oceânica.;Outono;;;;;;;;;;;;;;;;
2022-05-23 00:00:00;Litoral;mTa;A região delimitada está sob influência do escoamento marítimo associado à circulação anticiclônica do Atlântico Sul, caracterizando a predominância da Massa Tropical Atlântica.;Outono;;;;;;;;;;;;;;;;
2022-05-23 00:00:00;Centro;mPa;A região apresenta o avanço de uma massa de ar frio e seco (mPa) na retaguarda de um sistema frontal, caracterizada por temperaturas mais baixas e declínio de pressão no setor.;Outono;;;;;;;;;;;;;;;;
2022-05-23 00:00:00;Sul;mPa;A região encontra-se submetida ao fluxo de sul/sudeste após a passagem de uma frente fria, caracterizando o avanço e a predominância da Massa Polar Atlântica sobre o setor.;Outono;;;;;;;;;;;;;;;;
2022-05-24 00:00:00;Norte;mEc;Regiao central da Amazonia sem influencia de sistemas frontais, caracterizada pela predominancia da massa de ar quente e umida de origem continental.;Outono;;;;;;;;;;;;;;;;
2022-05-24 00:00:00;Nordeste;mTa;A área é dominada pela circulação periférica do sistema de alta pressão sobre o Atlântico Sul, estabelecendo o predomínio da mTa com transporte de umidade constante sobre o setor l;Outono;;;;;;;;;;;;;;;;
2022-05-24 00:00:00;Litoral;mTa;A regiao delimitada encontra-se sob a influencia direta do fluxo maritimo oriundo do Anticiclone Subtropical do Atlantico Sul, caracterizando o dominio da massa tropical atlantica.;Outono;;;;;;;;;;;;;;;;
2022-05-24 00:00:00;Centro;mPa;A região encontra-se submetida ao fluxo de ar frio e seco após a passagem de uma frente fria, caracterizando a permanência da Massa Polar Atlântica sobre o setor.;Outono;;;;;;;;;;;;;;;;
2022-05-24 00:00:00;Sul;mPa;A regiao encontra-se sob o fluxo pós-frontal impulsionado por um sistema de baixa pressao definido, caracterizando o avanço claro da Massa Polar Atlantica sobre o setor.;Outono;;;;;;;;;;;;;;;;
2022-05-25 00:00:00;Norte;mEc;Regiao central da Amazonia sem influencias frontais, apresentando caracteristicas tipicas de massa quente e umida de origem continental.;Outono;;;;;;;;;;;;;;;;
2022-05-25 00:00:00;Nordeste;mTa;A região do Nordeste delimitada encontra-se sob influência predominante do fluxo de leste da circulação marítima, caracterizando a atuação e o transporte da mTa para o setor.;Outono;;;;;;;;;;;;;;;;
2022-05-25 00:00:00;Litoral;mTa;A regiao delimitada esta sob influencia direta do fluxo maritimo oriundo do oceano Atlantico Sul, caracterizando a predominancia da massa Tropical Atlantica com umidade elevada.;Outono;;;;;;;;;;;;;;;;
2022-05-25 00:00:00;Centro;mPa;A região apresenta o avanço de uma massa polar, caracterizada pela queda de temperaturas e ventos do quadrante sul, posicionada na retaguarda da frente fria atuante.;Outono;;;;;;;;;;;;;;;;
2022-05-25 00:00:00;Sul;mPa;A região delimitada encontra-se na retaguarda de uma frente fria em deslocamento para o oceano, caracterizada por temperaturas reduzidas e circulação típica de massa polar Atlântic;Outono;;;;;;;;;;;;;;;;
2022-05-26 00:00:00;Norte;mEc;A regiao delimitada esta sob influencia da Massa Equatorial Continental, caracterizada por alta umidade e temperaturas elevadas, ocupando estavelmente a bacia amazonica.;Outono;;;;;;;;;;;;;;;;
2022-05-26 00:00:00;Nordeste;mTa;Predominancia de escoamento vindo do oceano, caracteristico da Massa Tropical Atlantica, atuando com estabilidade e umidade sobre o setor delimitado.;Outono;;;;;;;;;;;;;;;;
2022-05-26 00:00:00;Litoral;mTa;A região delimitada está sob influência do escoamento marítimo subtropical, caracterizando o domínio da massa Tropical Atlântica com transporte de umidade e temperaturas elevadas.;Outono;;;;;;;;;;;;;;;;
2022-05-26 00:00:00;Centro;mPa;Regiao sob influencia de massa polar pos-frontal, evidenciada pela adveccao de ar mais frio e seco que avanca sobre o setor central do pais.;Outono;;;;;;;;;;;;;;;;
2022-05-26 00:00:00;Sul;mPa;A região delimitada encontra-se sob influência de massa de ar frio e seco, avançando pelo setor Sul após a passagem de sistema frontal, caracterizando a mPa.;Outono;;;;;;;;;;;;;;;;
2022-05-27 00:00:00;Norte;mEc;A região delimitada compreende a bacia amazônica e áreas continentais adjacentes, onde predomina a massa equatorial continental, caracterizada por ar quente e úmido no seu centro d;Outono;;;;;;;;;;;;;;;;
2022-05-27 00:00:00;Nordeste;mTa;Região sob influência direta da circulação marítima do Anticiclone sobre o Atlântico Sul, caracterizando o predomínio de massa de ar quente e úmida predominantemente tropical.;Outono;;;;;;;;;;;;;;;;
2022-05-27 00:00:00;Litoral;mTa;A região sob o retângulo está sob a influência do escoamento marítimo oriundo do anticiclone do Atlântico Sul, caracterizando o predomínio da massa tropical atlântica no litoral.;Outono;;;;;;;;;;;;;;;;
2022-05-27 00:00:00;Centro;mPa;A região apresenta o avanço de uma massa de ar polar, evidenciada pela incursão de um sistema frontal ao sul, caracterizada por valores de temperatura e ponto de orvalho mais baixo;Outono;;;;;;;;;;;;;;;;
2022-05-27 00:00:00;Sul;mPa;A região encontra-se submetida à influência de uma Massa Polar Atlântica, caracterizada por temperaturas amenas e gradiente de alta pressão pós-frontal avançando sobre o setor.;Outono;;;;;;;;;;;;;;;;
2022-05-28 00:00:00;Norte;mEc;A região amazônica, delimitada pelo retângulo, apresenta características de instabilidade e umidade típicas da massa de ar quente e úmida que domina o interior do continente.;Outono;;;;;;;;;;;;;;;;
2022-05-28 00:00:00;Nordeste;mTa;Regiao sob fluxo predominante de leste/sudeste associado ao escoamento da alta subtropical, caracterizando o dominio de massa de ar tropical quente e umida sobre o Nordeste.;Outono;;;;;;;;;;;;;;;;
2022-05-28 00:00:00;Litoral;mTa;A região delimitada encontra-se sob influência do escoamento marítimo de leste/sudeste associado à circulação da ASAS, caracterizando o predomínio de ar quente e úmido (mTa).;Outono;;;;;;;;;;;;;;;;
2022-05-28 00:00:00;Centro;mPa;A região delimitada encontra-se na retaguarda de um sistema frontal, caracterizando a incursão de uma Massa Polar Atlântica com queda de temperatura e umidade característica.;Outono;;;;;;;;;;;;;;;;
2022-05-28 00:00:00;Sul;mPa;A região encontra-se submetida ao fluxo pós-frontal de uma frente fria já estabelecida, caracterizado pela advecção de ar frio e seco, consolidando o domínio da mPa.;Outono;;;;;;;;;;;;;;;;
2022-05-29 00:00:00;Norte;mEc;Regiao central e norte da Amazonia sob influencia de ar quente e umido de origem equatorial continental, caracteristico da circulacao nativa da bacia amazonica.;Outono;;;;;;;;;;;;;;;;
2022-05-29 00:00:00;Nordeste;mTa;Região sob influência direta da circulação marítima do Atlântico Sul, caracterizando a predominância das propriedades da Massa Tropical Atlântica sobre o setor.;Outono;;;;;;;;;;;;;;;;
2022-05-29 00:00:00;Litoral;mTa;A região delimitada está sob influência do escoamento marítimo associado ao sistema de alta pressão oceânico, caracterizando a predominância de ar quente e úmido (mTa).;Outono;;;;;;;;;;;;;;;;
2022-05-29 00:00:00;Centro;mPa;A regiao encontra-se no setor pos-frontal ao norte de uma frente fria ativa, caracterizada por temperaturas e umidades reduzidas, indicando o avanco de ar polar continentalizado.;Outono;;;;;;;;;;;;;;;;
2022-05-29 00:00:00;Sul;mPa;A regiao delimitada encontra-se sob a influencia direta da circulacao pos-frontal, caracterizada por temperaturas baixas e adveccao de ar polar sobre o centro-sul do Brasil.;Outono;;;;;;;;;;;;;;;;
2022-05-30 00:00:00;Norte;mEc;A região delimitada abrange a bacia amazônica e adjacências, caracterizada por baixas latitudes e ausência de incursão polar, mantendo o predomínio da Massa Equatorial Continental.;Outono;;;;;;;;;;;;;;;;
2022-05-30 00:00:00;Nordeste;mTa;Região sob influência direta do fluxo de leste da alta pressão subtropical do Atlântico, transportando ar quente e úmido sobre o setor nordeste do continente.;Outono;;;;;;;;;;;;;;;;
2022-05-30 00:00:00;Litoral;mTa;Regiao sob influencia da circulacao de alta pressao do Atlantico, caracterizando a presenca predominante da massa Tropical Atlantica com temperaturas e umidade elevadas.;Outono;;;;;;;;;;;;;;;;
2022-05-30 00:00:00;Centro;mPa;A região encontra-se sob influência imediata do avanço de uma massa de ar polar, evidenciado pelas temperaturas mais baixas e fluxo de sul/sudeste após a passagem da frente fria.;Outono;;;;;;;;;;;;;;;;
2022-05-30 00:00:00;Sul;mPa;A região delimitada encontra-se sob influência de massa de ar frio e seco, avançando pelo setor sul do continente na retaguarda de uma frente fria bem definida.;Outono;;;;;;;;;;;;;;;;
2022-05-31 00:00:00;Norte;mEc;Regiao central da Amazonia, caracterizada por baixos gradientes de pressao e ausencia de sistemas dinamicos, mantendo as caracteristicas de uma massa quente e umida continental.;Outono;;;;;;;;;;;;;;;;
2022-05-31 00:00:00;Nordeste;mTa;Região sob influência direta da circulação marítima quente e úmida proveniente do Atlântico Sul. O padrão de pressão favorece o transporte de umidade constante para o setor.;Outono;;;;;;;;;;;;;;;;
2022-05-31 00:00:00;Litoral;mTa;A regiao delimitada sob influencia direta do fluxo marítimo do Anticiclone subtropical, configurando a massa Tropical Atlantica (mTa) com características de umidade e calor.;Outono;;;;;;;;;;;;;;;;
2022-05-31 00:00:00;Centro;mPa;A região delimitada está sob a influência direta do avanço de uma frente fria, com a circulação pós-frontal estabelecendo o domínio da massa de ar polar na área.;Outono;;;;;;;;;;;;;;;;
2022-05-31 00:00:00;Sul;mPa;A região delimitada encontra-se sob a influência direta de ar frio e seco, posicionado a retaguarda de um sistema frontal, caracterizando o avanço da Massa Polar Atlântica.;Outono;;;;;;;;;;;;;;;;
2022-06-01 00:00:00;Norte;mEc;A região delimitada abrange a bacia amazônica e áreas internas do continente, onde a massa de ar Equatorial Continental (mEc) é predominante, caracterizada por ser quente e úmida.;Outono;;;;;;;;;;;;;;;;
2022-06-01 00:00:00;Nordeste;mTa;A região do Nordeste delimitada encontra-se sob influência do fluxo de sudeste proveniente do Atlântico Sul, caracterizando o predomínio da massa Tropical Atlântica (mTa).;Outono;;;;;;;;;;;;;;;;
2022-06-01 00:00:00;Litoral;mTa;A regiao delimitada esta sob influencia direta do escoamento maritimo associado a alta pressao subtropical, caracterizando o dominio da massa de ar Tropical Atlantica (mTa).;Outono;;;;;;;;;;;;;;;;
2022-06-01 00:00:00;Centro;mPa;A regiao encontra-se sob a influência direta do avanço de uma massa de ar frio e seco, posicionada nitidamente no setor pós-frontal, caracterizada pela queda das temperaturas.;Outono;;;;;;;;;;;;;;;;
2022-06-01 00:00:00;Sul;mPa;A região sob o retângulo vermelho encontra-se no quadrante posterior ao avanço de uma frente fria, caracterizando o ingresso e domínio de ar frio, seco e de origem polar.;Outono;;;;;;;;;;;;;;;;
2022-06-02 00:00:00;Norte;mEc;A região delimitada situa-se sobre a bacia amazônica, sob influência direta de ar quente e úmido de origem continental, característico da massa Equatorial Continental.;Outono;;;;;;;;;;;;;;;;
2022-06-02 00:00:00;Nordeste;mTa;Região sob influência predominante do fluxo de leste do Atlântico, caracterizada por aquecimento e umidade, condizente com a massa tropical atlântica que atua sobre o Nordeste.;Outono;;;;;;;;;;;;;;;;
2022-06-02 00:00:00;Litoral;mTa;Região sob influência direta do escoamento marítimo de leste/sudeste associado à circulação anticiclônica oceânica, caracterizando o predomínio da Massa Tropical Atlântica.;Outono;;;;;;;;;;;;;;;;
2022-06-02 00:00:00;Centro;mPa;A região demarcada encontra-se no setor pós-frontal, com o escoamento de sul/sudoeste transportando ar mais frio e denso, caracterizando a atuação e o avanço da mPa.;Outono;;;;;;;;;;;;;;;;
2022-06-02 00:00:00;Sul;mPa;A região delimitada está sob forte influência de uma massa de ar frio e seco (mPa), evidenciado pela queda térmica acentuada após a passagem da frente fria observada no setor.;Outono;;;;;;;;;;;;;;;;
2022-06-03 00:00:00;Norte;mEc;Regiao central e norte do pais ocupada predominantemente por massas equatoriais, caracterizadas por altos indices termicos e umidade elevada tipicas da regiao amazonica.;Outono;;;;;;;;;;;;;;;;
2022-06-03 00:00:00;Nordeste;mTa;A região destacada está sob a influência do escoamento marítimo vindo do Atlântico Sul, caracterizando a predominância de ar quente e úmido de origem tropical.;Outono;;;;;;;;;;;;;;;;
2022-06-03 00:00:00;Litoral;mTa;Regiao sob dominio da circulacao maritima de leste/sudeste, com caracteristicas de alta pressao subtropical, mantendo o ar quente e umido sobre o litoral do Nordeste.;Outono;;;;;;;;;;;;;;;;
2022-06-03 00:00:00;Centro;mPa;A região delimitada encontra-se sob o domínio da retaguarda de um sistema frontal, caracterizada pela incursão de ar mais frio e seco, típico da massa polar atlântica.;Outono;;;;;;;;;;;;;;;;
2022-06-03 00:00:00;Sul;mPa;A região delimitada encontra-se atrás de uma frente fria que avança pelo litoral, caracterizando o ingresso de massa polar atlântica (mPa) com redução de temperaturas e umidade.;Outono;;;;;;;;;;;;;;;;
2022-06-04 00:00:00;Norte;mEc;Regiao sobre o dominio da Amazonia, caracterizada pela predominancia de ar quente e umido de origem continental, sem influencia de sistemas frontais ou alta pressao oceanica.;Outono;;;;;;;;;;;;;;;;
2022-06-04 00:00:00;Nordeste;mTa;Região sob influência direta do fluxo de leste marítimo associado ao Anticiclone Subtropical do Atlântico Sul, caracterizando o predomínio de ar quente e úmido sobre o Nordeste.;Outono;;;;;;;;;;;;;;;;
2022-06-04 00:00:00;Litoral;mTa;A região delimitada encontra-se sob influência do escoamento marítimo provindo do Atlântico Sul, caracterizando o domínio da massa tropical atlântica no litoral leste brasileiro.;Outono;;;;;;;;;;;;;;;;
2022-06-04 00:00:00;Centro;mPa;A região delimitada encontra-se na retaguarda de um sistema frontal (frente fria), caracterizada pelo ingresso de ar frio e úmido, evidenciado pelos gradientes térmicos negativos.;Outono;;;;;;;;;;;;;;;;
2022-06-04 00:00:00;Sul;mPa;A regiao delimitada esta sob influencia de adveccao de ar frio e seco, posicionada no setor de retaguarda de um sistema frontal, caracterizando a atuacao da massa polar atlantica.;Outono;;;;;;;;;;;;;;;;
2022-06-05 00:00:00;Norte;mEc;A região delimitada compreende a bacia amazônica, onde a Massa Equatorial Continental prevalece devido às características térmicas e de umidade típicas desta bacia continental.;Outono;;;;;;;;;;;;;;;;
2022-06-05 00:00:00;Nordeste;mTa;A regiao encontra-se sob influencia predominante do fluxo de leste/sudeste associado ao escoamento da alta subtropical, caracterizando o dominio da Massa Tropical Atlantica.;Outono;;;;;;;;;;;;;;;;
2022-06-05 00:00:00;Litoral;mTa;A região delimitada encontra-se sob influência do fluxo de escala sinótica do oceano, caracterizando o domínio da massa Tropical Atlântica, quente e úmida, na costa do Nordeste.;Outono;;;;;;;;;;;;;;;;
2022-06-05 00:00:00;Centro;mPa;A região demarcada apresenta temperaturas baixas e está posicionada logo a retaguarda de um sistema frontal, caracterizando o ingresso de uma massa de ar frio e úmida.;Outono;;;;;;;;;;;;;;;;
2022-06-05 00:00:00;Sul;mPa;A região delimitada encontra-se sob influência de massa de ar frio e úmido, evidenciado pelo posicionamento pós-frontal no setor, caracterizando a atuação nítida da mPa.;Outono;;;;;;;;;;;;;;;;
2022-06-06 00:00:00;Norte;mEc;A região delimitada situa-se sobre a bacia amazônica, onde o escoamento favorece a persistência de ar quente e úmido característico da Massa Equatorial Continental.;Outono;;;;;;;;;;;;;;;;
2022-06-06 00:00:00;Nordeste;mTa;Regiao sob incidencia de fluxo zonal de leste, com caracteristicas térmicas e de umidade típicas da massa Tropical Atlântica transportada pelo escoamento marítimo.;Outono;;;;;;;;;;;;;;;;
2022-06-06 00:00:00;Litoral;mTa;A região encontra-se sob influência do escoamento marítimo provindo do anticiclone subtropical do Atlântico Sul, caracterizando a predominância da Massa Tropical Atlântica (mTa).;Outono;;;;;;;;;;;;;;;;
2022-06-06 00:00:00;Centro;mTa;A região encontra-se no quadrante de influência da alta pressão subtropical do Atlântico Sul, caracterizando a predominância da massa Tropical Atlântica com fluxo marítimo.;Outono;;;;;;;;;;;;;;;;
2022-06-06 00:00:00;Sul;mPa;Região sob influência direta de uma massa de ar frio e seco, posicionada na retaguarda de uma frente fria deslocando-se sobre o Sudeste e Centro-Oeste brasileiro.;Outono;;;;;;;;;;;;;;;;
2022-06-07 00:00:00;Norte;mEc;A região demarcada encontra-se sobre a bacia amazônica, caracterizada pela predominância de ar quente e úmido de origem continental, sem influência de sistemas frontais.;Outono;;;;;;;;;;;;;;;;
2022-06-07 00:00:00;Nordeste;mTa;A região encontra-se sob influência predominante do fluxo de leste da circulação marítima, característica da atuação da Massa Tropical Atlântica em todo o setor costeiro e interior;Outono;;;;;;;;;;;;;;;;
2022-06-07 00:00:00;Litoral;mTa;A região delimitada está sob a influência do escoamento marítimo oriundo do sistema de alta pressão oceânica, caracterizando o predomínio da massa de ar Tropical Atlântica.;Outono;;;;;;;;;;;;;;;;
2022-06-07 00:00:00;Centro;mPa;Região sob influência de ar frio e estável, com temperaturas reduzidas e ventos do quadrante sul, caracterizando o avanço de uma massa polar após a passagem de sistema frontal.;Outono;;;;;;;;;;;;;;;;
2022-06-07 00:00:00;Sul;mPa;A região apresenta o avanço nítido de uma massa de ar frio e seco logo após a passagem da frente fria, caracterizada pelos baixos valores de ponto de orvalho e temperatura.;Outono;;;;;;;;;;;;;;;;
2022-06-08 00:00:00;Norte;mEc;Regiao sobre a bacia Amazonica apresentando caracteristicas térmicas elevadas e elevada umidade, sob influencia direta da massa equatorial continental.;Outono;;;;;;;;;;;;;;;;
2022-06-08 00:00:00;Nordeste;mTa;Predominio de umidade e temperatura elevada decorrente da circulacao maritima do Atlantico, sob influencia direta da alta pressao subtropical, caracterizando a regiao Nordeste.;Outono;;;;;;;;;;;;;;;;
2022-06-08 00:00:00;Litoral;mTa;Regiao sob fluxo marítimo estável proveniente do Atlântico Sul, caracterizando a predominância das características térmicas e de umidade da Massa Tropical Atlântica.;Outono;;;;;;;;;;;;;;;;
2022-06-08 00:00:00;Centro;mPa;A regiao delimitada encontra-se sob a influência direta do avanço de uma massa de ar frio e seco, posicionada na retaguarda da frente fria que atua no setor centro-sul do país.;Outono;;;;;;;;;;;;;;;;
2022-06-08 00:00:00;Sul;mPa;A região delimitada encontra-se sob a influência direta do avanço de uma massa de ar frio e seco (mPa) na retaguarda de um sistema frontal que atua sobre o oceano.;Outono;;;;;;;;;;;;;;;;
2022-06-09 00:00:00;Norte;mEc;Regiao sobre a bacia amazonica com predominio de ar quente e umido, caracteristico da massa equatorial continental, sem influencia mecanica de sistemas frontais extratropicais.;Outono;;;;;;;;;;;;;;;;
2022-06-09 00:00:00;Nordeste;mTa;A regiao delimitada esta sob influencia predominante do fluxo de leste/sudeste associado a ASAS, caracterizando a presenca da massa Tropical Atlantica quente e umida.;Outono;;;;;;;;;;;;;;;;
2022-06-09 00:00:00;Litoral;mTa;A área na costa leste do Brasil está sob influência da circulação anticiclônica do Atlântico Sul, caracterizando o transporte de ar quente e úmido típico da massa Tropical Atlântic;Outono;;;;;;;;;;;;;;;;
2022-06-09 00:00:00;Centro;mPa;A região delimitada encontra-se sob efeito da incursão de uma massa de ar polar, evidenciada pelas temperaturas reduzidas e circulação pós-frontal predominante no setor.;Outono;;;;;;;;;;;;;;;;
2022-06-09 00:00:00;Sul;mPa;A região delimitada encontra-se na retaguarda de um sistema frontal, sob influência direta do ingresso de ar frio e seco, caracterizando o domínio da massa Polar Atlântica.;Outono;;;;;;;;;;;;;;;;
2022-06-10 00:00:00;Norte;mEc;Regiao central e setentrional do continente sob influencia de subsidencia e estabilidade termica tipica da massa Equatorial Continental, sem presenca de sistemas frontais atuantes.;Outono;;;;;;;;;;;;;;;;
2022-06-10 00:00:00;Nordeste;mTa;Regiao sob fluxo predominante de leste/sudeste associado ao transporte de umidade e calor oceânico, características do domínio tropical atlântico sobre o Nordeste brasileiro.;Outono;;;;;;;;;;;;;;;;
2022-06-10 00:00:00;Litoral;mTa;A regiao delimitada esta sob influencia direta do escoamento oceanico associado a alta subtropical, caracterizando o dominio da Massa Tropical Atlantica (mTa) no setor leste.;Outono;;;;;;;;;;;;;;;;
2022-06-10 00:00:00;Centro;mPa;A região delimitada está sob a influência do avanço de uma massa de ar frio, caracterizada pela queda de temperatura e umidade após a passagem de uma frente fria no setor.;Outono;;;;;;;;;;;;;;;;
2022-06-10 00:00:00;Sul;mPa;A regiao delimitada esta sob influencia direta do avanco de uma massa de ar frio e instavel pos-frontal, caracterizada pela diminuicao das temperaturas e fluxo de sul.;Outono;;;;;;;;;;;;;;;;
2022-06-11 00:00:00;Norte;mEc;A região delimitada abrange a bacia amazônica, onde predomina a característica massa de ar quente e úmida de origem continental, mantendo estabilidade térmica e elevada umidade loc;Outono;;;;;;;;;;;;;;;;
2022-06-11 00:00:00;Nordeste;mTa;A regiao delimitada esta sob influencia direta do fluxo marítimo proveniente do Atlantico Sul, caracteristico da circulacao da massa Tropical Atlantica, mantendo estabilidade.;Outono;;;;;;;;;;;;;;;;
2022-06-11 00:00:00;Litoral;mEa;A região delimitada no litoral nordeste encontra-se sob influência da Massa Equatorial Atlântica, caracterizada por condições de temperatura e umidade elevadas, típicas da região.;Outono;;;;;;;;;;;;;;;;
2022-06-11 00:00:00;Centro;mPa;A região demarcada encontra-se na retaguarda de uma frente fria, caracterizada pela incursão de ar polar, evidenciada pelos gradientes térmicos e valores de temperatura mais baixos;Outono;;;;;;;;;;;;;;;;
2022-06-11 00:00:00;Sul;mPa;A região encontra-se no quadrante posterior ao deslocamento de uma frente fria, caracterizada por temperaturas amenas e ingresso de ar frio e úmido típico da massa polar.;Outono;;;;;;;;;;;;;;;;
2022-06-12 00:00:00;Norte;mEc;Regiao situada sobre a Bacia Amazonica, caracterizada pelo domínio da massa de ar quente e umida de origem continental, mantendo estabilidade térmica apesar da proximidade frontal.;Outono;;;;;;;;;;;;;;;;
2022-06-12 00:00:00;Nordeste;mTa;Predominância de fluxo marítimo sob influência de alta pressão, caracterizando o transporte de umidade e calor sobre o setor nordestino, típico da massa Tropical Atlântica.;Outono;;;;;;;;;;;;;;;;
2022-06-12 00:00:00;Litoral;mTa;Regiao sob influencia do escoamento maritimo da alta pressao subtropical, caracterizando predominio da massa tropical atlantica, quente e umida, sobre o litoral do Nordeste.;Outono;;;;;;;;;;;;;;;;
2022-06-12 00:00:00;Centro;mPa;A região delimitada está sob influência da retaguarda de um sistema frontal, caracterizando a atuação da massa de ar polar com a presença de temperaturas baixas e advecção de frio.;Outono;;;;;;;;;;;;;;;;
2022-06-12 00:00:00;Sul;mPa;A região delimitada encontra-se atrás da frente fria, sob influência direta da massa de ar polar, evidenciada pelos valores de temperatura e pressão característicos da mPa.;Outono;;;;;;;;;;;;;;;;
2022-06-13 00:00:00;Norte;mEc;Regiao central da Amazonia sem influencia direta de sistemas frontais. Predominancia da circulacao caracteristica da Massa Equatorial Continental, quente e umida.;Outono;;;;;;;;;;;;;;;;
2022-06-13 00:00:00;Nordeste;mTa;Região sob influência direta da circulação marítima da alta pressão do Atlântico, caracterizando o domínio da massa de ar Tropical Atlântica, quente e úmida.;Outono;;;;;;;;;;;;;;;;
2022-06-13 00:00:00;Litoral;mTa;A regiao delimitada esta sob influencia da circulacao periferica da ASAS, caracterizando o transporte de ar quente e umido sobre o litoral do Nordeste brasileiro.;Outono;;;;;;;;;;;;;;;;
2022-06-13 00:00:00;Centro;mPa;A região delimitada encontra-se na retaguarda de uma frente fria que avança pelo sudeste/centro-oeste, caracterizando o domínio da massa de ar polar (mPa) com queda de temperatura.;Outono;;;;;;;;;;;;;;;;
2022-06-13 00:00:00;Sul;mPa;A região encontra-se sob influência de massa de ar frio e seco, caracterizada pelo ingresso de ar polar após a passagem de sistema frontal, evidenciada pelos baixos valores de temp;Outono;;;;;;;;;;;;;;;;
2022-06-14 00:00:00;Norte;mEc;A região delimitada abrange a bacia amazônica e áreas centrais, estando sob a influência predominante da massa de ar Equatorial Continental, caracterizada por altas temperaturas e ;Outono;;;;;;;;;;;;;;;;
2022-06-14 00:00:00;Nordeste;mTa;Predominância de escoamento vindo do oceano sobre a região Nordeste, sob influência da circulação da alta subtropical, caracterizando a atuação da massa Tropical Atlântica.;Outono;;;;;;;;;;;;;;;;
2022-06-14 00:00:00;Litoral;mTa;Região sob influência direta do fluxo de leste da alta pressão subtropical, caracterizando o transporte de ar quente e úmido típico da massa tropical atlântica no litoral.;Outono;;;;;;;;;;;;;;;;
2022-06-14 00:00:00;Centro;mPa;A região encontra-se logo atrás da passagem de um sistema frontal, caracterizada por temperaturas mais baixas e declínio acentuado que identifica a avancada da mPa.;Outono;;;;;;;;;;;;;;;;
2022-06-14 00:00:00;Sul;mPa;A região delimitada encontra-se sob a influência direta de uma massa de ar frio e úmido, posicionada na retaguarda do sistema frontal que avança pelo setor sul do continente.;Outono;;;;;;;;;;;;;;;;
2022-06-15 00:00:00;Norte;mEc;A região delimitada abrange a bacia amazônica e áreas continentais adjacentes, onde a massa de ar equatorial continental, quente e úmida, predomina devido à ausência de sistemas fr;Outono;;;;;;;;;;;;;;;;
2022-06-15 00:00:00;Nordeste;mTa;Predominância da Massa Tropical Atlântica, caracterizada pelo transporte de umidade do oceano e estabilidade associada ao escoamento persistente sobre o setor Nordeste.;Outono;;;;;;;;;;;;;;;;
2022-06-15 00:00:00;Litoral;mTa;Região sob influência direta da circulação marítima quente e úmida associada ao anticiclone no Atlântico Sul, caracterizando o predomínio da massa Tropical Atlântica no litoral.;Outono;;;;;;;;;;;;;;;;
2022-06-15 00:00:00;Centro;mPa;A região apresenta o avanço de uma massa de ar frio e seco, característica da mPa, logo após a passagem de um sistema frontal, evidenciado pelos ventos do quadrante sul/sudoeste.;Outono;;;;;;;;;;;;;;;;
2022-06-15 00:00:00;Sul;mPa;A região delimitada situa-se na retaguarda da frente fria, caracterizada por temperaturas baixas e ingresso de um sistema com características de Massa Polar Atlântica.;Outono;;;;;;;;;;;;;;;;
2022-06-16 00:00:00;Norte;mEc;A regiao delimitada esta sob influencia da massa de ar quente e umida de origem continental, caracteristica da bacia amazonica, sem interferencia de sistemas frontais no setor.;Outono;;;;;;;;;;;;;;;;
2022-06-16 00:00:00;Nordeste;mTa;Região sob influência predominante do fluxo de leste/sudeste associado ao transporte de umidade do oceano, caracterizando a permanência da massa tropical atlântica na costa nordest;Outono;;;;;;;;;;;;;;;;
2022-06-16 00:00:00;Litoral;mTa;A área delimitada encontra-se sob domínio da circulação marítima da Alta Subtropical do Atlântico Sul, caracterizando a persistência da Massa Tropical Atlântica no litoral.;Outono;;;;;;;;;;;;;;;;
2022-06-16 00:00:00;Centro;mPa;A regiao apresenta caracteristicas de subsidencia e adveccao de ar mais frio apos a passagem de um sistema frontal, caracterizando o dominio da massa polar atlantica.;Outono;;;;;;;;;;;;;;;;
2022-06-16 00:00:00;Sul;mPa;A região delimitada está sob influência da massa polar atlântica, caracterizada pelo ingresso de ar frio e seco após a passagem de sistema frontal, evidenciado pelas baixas tempera;Outono;;;;;;;;;;;;;;;;
2022-06-17 00:00:00;Norte;mEc;Regiao centralizada na Amazonia, caracterizada por altas temperaturas e elevada umidade, evidenciando o domínio da Massa Equatorial Continental sem influências de sistemas frontais;Outono;;;;;;;;;;;;;;;;
2022-06-17 00:00:00;Nordeste;mTa;Predominância de escoamento marítimo quente e úmido sobre o setor leste do Nordeste, sob influência do regime de alta pressão oceânica, caracterizando a atuação da mTa na região.;Outono;;;;;;;;;;;;;;;;
2022-06-17 00:00:00;Litoral;mTa;A região encontra-se sob influência do escoamento marítimo persistente associado à circulação da alta pressão, caracterizando o domínio da massa Tropical Atlântica no litoral.;Outono;;;;;;;;;;;;;;;;
2022-06-17 00:00:00;Centro;mPa;A regiao delimitada encontra-se sob a influência direta do avanço de uma massa de ar frio e seco, posicionada nitidamente no setor pós-frontal do sistema analisado.;Outono;;;;;;;;;;;;;;;;
2022-06-17 00:00:00;Sul;mPa;A região apresenta o avanço do sistema frontal, com a massa de ar polar posicionada no seu retaguarda, caracterizando a atuação de uma massa de ar frio e úmido no setor.;Outono;;;;;;;;;;;;;;;;
2022-06-18 00:00:00;Norte;mEc;Regiao sobre a bacia Amazonica apresentando caracteristicas de estabilidade termica e alta umidade, tipicas da massa de ar Equatorial Continental, sem influecia de sistemas frontai;Outono;;;;;;;;;;;;;;;;
2022-06-18 00:00:00;Nordeste;mTa;A região delimitada está sob forte influência do transporte marítimo de umidade oriundo do Atlântico Tropical, caracterizando o domínio da massa Tropical Atlântica (mTa).;Outono;;;;;;;;;;;;;;;;
2022-06-18 00:00:00;Litoral;mTa;A região demarcada encontra-se sob influência do escoamento marítimo associado à Alta Subtropical do Atlântico Sul, caracterizando a predominância da Massa Tropical Atlântica (mTa);Outono;;;;;;;;;;;;;;;;
2022-06-18 00:00:00;Centro;mPa;A região encontra-se logo atrás do sistema frontal (frente fria associada ao centro de baixa), caracterizando o avanço e o predomínio da massa de ar polar sobre o setor.;Outono;;;;;;;;;;;;;;;;
2022-06-18 00:00:00;Sul;mPa;A região apresenta o avanço de uma massa de ar frio e seco, caracterizada pela queda acentuada das temperaturas e perfil estável, posicionada na retaguarda da frente fria.;Outono;;;;;;;;;;;;;;;;
2022-06-19 00:00:00;Norte;mEc;A região demarcada encontra-se sobre a bacia amazônica e áreas adjacentes, sob influência da massa Equatorial Continental (mEc), caracterizada por ar quente e úmido dominante na ár;Outono;;;;;;;;;;;;;;;;
2022-06-19 00:00:00;Nordeste;mTa;A região é dominada pelo fluxo de leste/sudeste proveniente do oceano, característico da atuação da massa de ar Tropical Atlântica sobre o setor oriental do Nordeste brasileiro.;Outono;;;;;;;;;;;;;;;;
2022-06-19 00:00:00;Litoral;mTa;A regiao delimitada esta sob influencia direta do fluxo marítimo da alta pressao do Atlantico Sul, caracterizando a predominancia da massa Tropical Atlantica quente e umida.;Outono;;;;;;;;;;;;;;;;
2022-06-19 00:00:00;Centro;mPa;A regiao delimitada encontra-se sob a influência direta do avanço de uma massa polar após a passagem de uma frente fria, evidenciada pelos valores térmicos reduzidos no setor.;Outono;;;;;;;;;;;;;;;;
2022-06-19 00:00:00;Sul;mPa;A região delimitada está sob influência direta do fluxo de ar frio e seco pós-frontal, característico da massa polar atlântica que avança em direção ao centro do país.;Outono;;;;;;;;;;;;;;;;
2022-06-20 00:00:00;Norte;mEc;Região central da Bacia Amazônica sob domínio da massa Equatorial Continental, caracterizada pela estabilidade térmica e umidade elevada na ausência de sistemas frontais atuantes.;Outono;;;;;;;;;;;;;;;;
2022-06-20 00:00:00;Nordeste;mTa;Regiao sob influencia do escoamento de leste caracteristico da circulacao de alta pressao subtropical, mantendo o transporte de umidade e estabilidade sobre o Nordeste brasileiro.;Outono;;;;;;;;;;;;;;;;
2022-06-20 00:00:00;Litoral;mEa;A região delimitada no setor litorâneo do Nordeste brasileiro está sob influência direta da mEa, massa quente e úmida característica das baixas latitudes do Atlântico Norte.;Outono;;;;;;;;;;;;;;;;
2022-06-20 00:00:00;Centro;mPa;A região encontra-se submetida ao fluxo pós-frontal impulsionado pelo sistema de alta pressão extratropical, caracterizando a atuação da massa de ar polar sobre o setor.;Outono;;;;;;;;;;;;;;;;
2022-06-20 00:00:00;Sul;mPa;A região delimitada encontra-se sob a influência direta do avanço de uma massa de ar frio e úmido (mPa) pós-frontal, evidenciado pelas temperaturas reduzidas nas estações sinóticas;Outono;;;;;;;;;;;;;;;;
2022-06-21 00:00:00;Norte;mEc;A regiao delimitada esta sob influencia direta da circulacao sobre a Amazonia, com caracteristicas de calor e umidade tipicas da massa predominante na regiao equatorial continental;Inverno;;;;;;;;;;;;;;;;
2022-06-21 00:00:00;Nordeste;mTa;A região encontra-se sob influência predominante do fluxo de leste/sudeste associado à circulação marítima, mantendo características de ar quente e úmido típico da massa Tropical A;Inverno;;;;;;;;;;;;;;;;
2022-06-21 00:00:00;Litoral;mTa;A regiao delimitada esta sob o regime de circulacao maritima com fluxo de leste/sudeste associado ao escoamento da alta subtropical, caracterizando o dominio da Massa Tropical Atla;Inverno;;;;;;;;;;;;;;;;
2022-06-21 00:00:00;Centro;mPa;A região apresenta características típicas de pós-frontal, com temperaturas reduzidas e gradiente de pressão indicativo do avanço da massa polar sobre o Centro-Oeste brasileiro.;Inverno;;;;;;;;;;;;;;;;
2022-06-21 00:00:00;Sul;mPa;A região apresenta a incursão de uma massa de ar frio e seco, claramente posicionada na retaguarda do sistema frontal que avança pelo setor sul e sudeste do continente.;Inverno;;;;;;;;;;;;;;;;
2022-06-22 00:00:00;Norte;mEc;Regiao localizada sobre a bacia Amazonica, caracterizada pelo predomino da massa de ar quente e umida de origem continental, mantendo estabilidade termica e elevada umidade local.;Inverno;;;;;;;;;;;;;;;;
2022-06-22 00:00:00;Nordeste;mTa;Região sob influência direta do fluxo de leste da alta pressão subtropical. A massa Tropical Atlântica domina a área, transportando umidade sobre o setor nordestino.;Inverno;;;;;;;;;;;;;;;;
2022-06-22 00:00:00;Litoral;mTa;Dominio sob influencia do escoamento marítimo provido pela circulação em torno do sistema de alta pressão no oceano, caracterizando ar quente e úmido no setor.;Inverno;;;;;;;;;;;;;;;;
2022-06-22 00:00:00;Centro;mPa;Região sob influência de ar frio e seco após a passagem de sistema frontal, evidenciada por temperaturas mais baixas e declínio acentuado nas umidades relativas.;Inverno;;;;;;;;;;;;;;;;
2022-06-22 00:00:00;Sul;mPa;A região do retângulo encontra-se atrás de um sistema frontal, sob a influência direta de uma massa de ar frio e úmido após o seu deslocamento pelo setor.;Inverno;;;;;;;;;;;;;;;;
2022-06-23 00:00:00;Norte;mEc;Região localizada sobre a bacia amazônica, caracterizada por altas temperaturas e elevada umidade, mantendo as características térmicas e higroscópicas típicas da massa Equatorial ;Inverno;;;;;;;;;;;;;;;;
2022-06-23 00:00:00;Nordeste;mTa;Area sob influencia do escoamento zonal do fluxo de leste da alta subtropical, caracterizando a predominancia de massa tropical atlantica na regiao nordestina.;Inverno;;;;;;;;;;;;;;;;
2022-06-23 00:00:00;Litoral;mTa;Regiao sob dominio do fluxo de leste/sudeste associado ao escoamento da alta pressao subtropical, caracterizando o transporte de ar quente e umido sobre o litoral.;Inverno;;;;;;;;;;;;;;;;
2022-06-23 00:00:00;Centro;mPa;A região encontra-se sob influência de um sistema de alta pressão pós-frontal, com advecção de ar frio e seco, consolidando o domínio da Massa Polar Atlântica no setor indicado.;Inverno;;;;;;;;;;;;;;;;
2022-06-23 00:00:00;Sul;mPa;A região delimitada encontra-se na retaguarda de uma frente fria, caracterizada pelo ingresso de ar frio e seco, consolidando o predomínio da Massa Polar Atlântica.;Inverno;;;;;;;;;;;;;;;;
2022-06-24 00:00:00;Norte;mEc;Regiao central da Amazonia sem influencias frontais, com caracteristicas tropicais de alta temperatura e umidade, configurando o dominio da Massa Equatorial Continental.;Inverno;;;;;;;;;;;;;;;;
2022-06-24 00:00:00;Nordeste;mTa;Regiao sob predominio do fluxo de leste transportado pela circulacao maritima, caracterizando a atuacao da massa tropical atlantica na costa e interior do Nordeste.;Inverno;;;;;;;;;;;;;;;;
2022-06-24 00:00:00;Litoral;mTa;Regiao sob influencia do escoamento do quadrante leste/sudeste, caracteristico da circulacao tropical maritima que transporta umidade para o litoral do NE brasileiro.;Inverno;;;;;;;;;;;;;;;;
2022-06-24 00:00:00;Centro;mTa;A região encontra-se sob influência do fluxo predominante da ASAS, caracterizando o domínio da massa tropical atlântica com ar quente e úmido sobre o setor central do país.;Inverno;;;;;;;;;;;;;;;;
2022-06-24 00:00:00;Sul;mPa;A região delimitada encontra-se sob influência de massa de ar frio e seco, caracterizando o pós-frontal do sistema que avança sobre o Sul e o Sudeste do Brasil.;Inverno;;;;;;;;;;;;;;;;
2022-06-25 00:00:00;Norte;mEc;Regiao sobreposta a bacia amazonica sem influencia direta de sistemas frontais, estando sob dominio da massa quente e umida de origem continental.;Inverno;;;;;;;;;;;;;;;;
2022-06-25 00:00:00;Nordeste;mTa;A região é dominada pelo fluxo de umidade do oceano Atlantico, sob influência direta da circulação da ASAS, caracterizando a permanência da Massa Tropical Atlântica.;Inverno;;;;;;;;;;;;;;;;
2022-06-25 00:00:00;Litoral;mTa;Região sob influência direta da circulação marítima quente e úmida característica da massa Tropical Atlântica, mantendo condições estáveis no litoral demarcado.;Inverno;;;;;;;;;;;;;;;;
2022-06-25 00:00:00;Centro;mPa;A região encontra-se no setor pós-frontal, sob influência de uma massa de ar frio e seco que avança sobre o Sudeste e Centro-Oeste, caracterizando a atuação da mPa.;Inverno;;;;;;;;;;;;;;;;
2022-06-25 00:00:00;Sul;mPa;A região apresenta características típicas de pós-frontal, com temperaturas baixas, umidade relativa consistente e escoamento do quadrante sul/sudoeste.;Inverno;;;;;;;;;;;;;;;;
2022-06-26 00:00:00;Norte;mEc;A região sob o retângulo vermelho está situada na bacia amazônica, caracterizada por altas temperaturas e umidade, sob domínio da mEc, sem influência de sistemas frontais.;Inverno;;;;;;;;;;;;;;;;
2022-06-26 00:00:00;Nordeste;mTa;Predominio da massa de ar Tropical Atlantica, caracterizada por subsidencia e estabilidade, exercendo influencia sobre a regiao nordestina sob o regime de alta pressao.;Inverno;;;;;;;;;;;;;;;;
2022-06-26 00:00:00;Litoral;mEa;A região delimitada no litoral norte/nordeste encontra-se sob influência da Massa Equatorial Atlântica, caracterizada pelo ar quente e úmido predominante na área.;Inverno;;;;;;;;;;;;;;;;
2022-06-26 00:00:00;Centro;mPa;A regiao delimitada encontra-se sob a influência direta do avanço de uma massa de ar frio e seco, posicionada na retaguarda da frente fria que atua sobre o Sudeste brasileiro.;Inverno;;;;;;;;;;;;;;;;
2022-06-26 00:00:00;Sul;mPa;A região demarcada apresenta temperaturas baixas e padrões de pressão característicos da retaguarda de um sistema frontal, indicando predominância de ar de origem polar.;Inverno;;;;;;;;;;;;;;;;
2022-06-27 00:00:00;Norte;mEc;Regiao continental amazonica sob dominio de ar quente e umido, caracterizando predominancia da massa equatorial continental sem influencia de sistemas frontais no setor.;Inverno;;;;;;;;;;;;;;;;
2022-06-27 00:00:00;Nordeste;mTa;Predominância de escoamento marítimo quente e úmido sobre a região Nordeste, caracterizando a influência contínua da massa Tropical Atlântica no setor oriental do continente.;Inverno;;;;;;;;;;;;;;;;
2022-06-27 00:00:00;Litoral;mTa;A região delimitada encontra-se sob o fluxo do quadrante leste/sudeste, característico da circulação da alta pressão subtropical, evidenciando o domínio da massa Tropical Atlântica;Inverno;;;;;;;;;;;;;;;;
2022-06-27 00:00:00;Centro;mPa;A regiao apresenta temperaturas diminuidas e circulacao caracteristica de subsidencia e avanco de massa de ar frio logo atras da passagem da frente fria.;Inverno;;;;;;;;;;;;;;;;
2022-06-27 00:00:00;Sul;mPa;A região encontra-se submetida ao fluxo de subsidência e advecção de ar frio e seco logo após a passagem da frente fria, caracterizando a atuação da mPa sobre o setor.;Inverno;;;;;;;;;;;;;;;;
2022-06-28 00:00:00;Norte;mEc;Regiao sobre a bacia Amazonica sem influencia de sistemas frontais, caracterizada pela predominancia da massa de ar quente e umida de origem continental.;Inverno;;;;;;;;;;;;;;;;
2022-06-28 00:00:00;Nordeste;mTa;Regiao sob influencia direta do escoamento de leste-sudeste proveniente do Atlantico Sul, caracterizando a presenca predominante da Massa Tropical Atlantica.;Inverno;;;;;;;;;;;;;;;;
2022-06-28 00:00:00;Litoral;mTa;A regiao delimitada esta sob influencia direta do fluxo zonal leste do anticiclone subtropical, caracterizando a predominancia da Massa Tropical Atlantica (mTa) no litoral leste.;Inverno;;;;;;;;;;;;;;;;
2022-06-28 00:00:00;Centro;mPa;A região apresenta declínio térmico acentuado conforme dados de superfície, evidenciando o avanço de uma massa de ar frio e úmido na retaguarda de sistema frontal.;Inverno;;;;;;;;;;;;;;;;
2022-06-28 00:00:00;Sul;mPa;A região delimitada encontra-se sob a influência direta de uma massa de ar frio e úmido após a passagem de uma frente fria, caracterizada por temperaturas reduzidas e pressão eleva;Inverno;;;;;;;;;;;;;;;;
2022-06-29 00:00:00;Norte;mEc;Região central da Amazônia sob influência de massa de ar quente e úmida característica da bacia, sem interferência de sistemas frontais nesta latitude.;Inverno;;;;;;;;;;;;;;;;
2022-06-29 00:00:00;Nordeste;mTa;Regiao sob predominio do fluxo de transporte de umidade do Atlantico Sul, caracteristico da massa Tropical Atlantica que ingressa no litoral e interior do Nordeste brasileiro.;Inverno;;;;;;;;;;;;;;;;
2022-06-29 00:00:00;Litoral;mTa;A região delimitada está sob forte influência da circulação marítima da ASAS, caracterizando a predominância da Massa Tropical Atlântica, quente e úmida, sobre o litoral do NE.;Inverno;;;;;;;;;;;;;;;;
2022-06-29 00:00:00;Centro;mPa;A região apresenta declínio de temperaturas e estabilidade pós-passagem de sistema frontal, caracterizando a incursão e o predomínio da massa de ar frio e úmido de origem polar.;Inverno;;;;;;;;;;;;;;;;
2022-06-29 00:00:00;Sul;mPa;A região delimitada encontra-se sob a influência direta do avanço de uma massa polar após a passagem de uma frente fria, evidenciada pelos baixos valores de temperatura e ponto de ;Inverno;;;;;;;;;;;;;;;;
2022-06-30 00:00:00;Norte;mEc;Regiao sobre a bacia amazonica, caracterizada por temperaturas elevadas e alta umidade, sem influencia direta de sistemas frontais ou de massa polar, mantendo as caracteristicas da;Inverno;;;;;;;;;;;;;;;;
2022-06-30 00:00:00;Nordeste;mTa;Predominio da massa Tropical Atlantica, evidenciada pela circulacao do anticiclone subtropical sobre o oceano, fluxo de leste e temperaturas elevadas na região Nordeste.;Inverno;;;;;;;;;;;;;;;;
2022-06-30 00:00:00;Litoral;mTa;Região sob influência direta da circulação marítima característica da massa Tropical Atlântica, mantendo condições térmicas e de umidade típicas do setor leste do NE brasileiro.;Inverno;;;;;;;;;;;;;;;;
2022-06-30 00:00:00;Centro;mPa;A região apresenta características de subsidência e resfriamento pós-frontal, estando sob influência direta da massa de ar polar que avança pelo interior do continente.;Inverno;;;;;;;;;;;;;;;;
2022-06-30 00:00:00;Sul;mPa;A região encontra-se sob influência de massa de ar frio e seco, caracterizada por temperaturas baixas e recuo após a passagem de sistema frontal, evidenciando o domínio da mPa.;Inverno;;;;;;;;;;;;;;;;
2022-07-01 00:00:00;Norte;mEc;A regiao delimitada esta sob dominio da Amazonia, apresentando caracteristicas tipicas de massa equatorial continental, quente e umida, sem influencia de sistemas frontais.;Inverno;;;;;;;;;;;;;;;;
2022-07-01 00:00:00;Nordeste;mTa;Predominância de fluxo marítimo sob influência da circulação do Atlântico, caracterizando uma massa de ar quente e úmida que transporta estabilidade térmica para o setor.;Inverno;;;;;;;;;;;;;;;;
2022-07-01 00:00:00;Litoral;mTa;Predominio da massa de ar Tropical Atlantica na regiao costeira, caracterizada por fluxos de leste mantendo elevadas temperaturas e umidade no setor litoraneo.;Inverno;;;;;;;;;;;;;;;;
2022-07-01 00:00:00;Centro;mPa;A região delimitada encontra-se sob efeito de advecção fria pós-frontal, com queda nas temperaturas e umidade característica do avanço de uma massa polar sobre o Sudeste/Centro-Oes;Inverno;;;;;;;;;;;;;;;;
2022-07-01 00:00:00;Sul;mPa;A região delimitada encontra-se sob efeito direto de advecção fria, evidenciado pelas baixas temperaturas e pelo perfil de pressão característico após a passagem de sistema frontal;Inverno;;;;;;;;;;;;;;;;
2022-07-02 00:00:00;Norte;mEc;Regiao central e norte da Amazonia, sob predominio de altas temperaturas e elevada umidade, tipico da circulacao interna da Massa Equatorial Continental.;Inverno;;;;;;;;;;;;;;;;
2022-07-02 00:00:00;Nordeste;mTa;Região sob influência direta do fluxo de leste da alta pressão subtropical do Atlântico Sul, caracterizando a predominância de ar quente e úmido de origem marítima (mTa).;Inverno;;;;;;;;;;;;;;;;
2022-07-02 00:00:00;Litoral;mTa;A regiao delimitada esta sob influencia da circulacao de um centro de alta pressao no Atlantico, favorecendo o transporte de umidade e calor caracteristicos da mTa no litoral.;Inverno;;;;;;;;;;;;;;;;
2022-07-02 00:00:00;Centro;mTa;A região encontra-se sob domínio do fluxo de circulação da ASAS, caracterizando o predomínio de ar quente e úmido transportado do oceano para o continente, típicos da mTa.;Inverno;;;;;;;;;;;;;;;;
2022-07-02 00:00:00;Sul;mPa;A região delimitada encontra-se sob efeito do avanço de uma massa de ar frio e úmido no setor pós-frontal, evidenciado pela trajetória e pelas pressões elevadas.;Inverno;;;;;;;;;;;;;;;;
2022-07-03 00:00:00;Norte;mEc;A região delimitada abrange a bacia amazônica, onde predomina a Massa Equatorial Continental (mEc), caracterizada pelo ar quente e úmido típico da região norte do Brasil.;Inverno;;;;;;;;;;;;;;;;
2022-07-03 00:00:00;Nordeste;mTa;A região encontra-se sob o domínio do fluxo marítimo vindo do Atlântico Sul, caracterizando a atuação da massa Tropical Atlântica, responsável pelas condições quentes e úmidas.;Inverno;;;;;;;;;;;;;;;;
2022-07-03 00:00:00;Litoral;mTa;A regiao delimitada encontra-se sob a influencia direta da circulacao oceanica da Alta Subtropical, caracterizando o dominio da Massa Tropical Atlantica (mTa) no setor leste.;Inverno;;;;;;;;;;;;;;;;
2022-07-03 00:00:00;Centro;mPa;A região delimitada situa-se no setor de retaguarda da frente fria, sob influência da circulação anticiclônica que transporta ar frio e seco de origem polar para o continente.;Inverno;;;;;;;;;;;;;;;;
2022-07-03 00:00:00;Sul;mPa;A região demarcada apresenta temperaturas baixas e fluxo de sul/sudoeste característico de uma massa polar atlântica que avança sobre o Sul e Sudeste após a passagem de sistema fro;Inverno;;;;;;;;;;;;;;;;
2022-07-04 00:00:00;Norte;mEc;A região delimitada abrange a bacia amazônica e adjacências. Na ausência de sistemas frontais, predomina o ar quente e úmido característico da Massa Equatorial Continental.;Inverno;;;;;;;;;;;;;;;;
2022-07-04 00:00:00;Nordeste;mTa;Predomínio de circulação anticiclônica oceânica influenciando o setor costeiro e interior do Nordeste, caracterizando a atuação da massa Tropical Atlântica.;Inverno;;;;;;;;;;;;;;;;
2022-07-04 00:00:00;Litoral;mTa;A regiao delimitada esta sob influencia direta do escoamento de leste/sudeste associado ao anticiclone subtropical do Atlantico Sul, caracterizando o dominio da massa Tropical Atla;Inverno;;;;;;;;;;;;;;;;
2022-07-04 00:00:00;Centro;mPa;A região apresenta temperaturas amenas e fluxo de sul/sudeste, indicando o avanço de ar polar após a passagem de uma frente fria pelo setor.;Inverno;;;;;;;;;;;;;;;;
2022-07-04 00:00:00;Sul;mPa;A região destacada encontra-se no setor pós-frontal, sob influência direta de uma massa de ar frio e úmida, caracterizada por baixas temperaturas e ventos do quadrante sul.;Inverno;;;;;;;;;;;;;;;;
2022-07-05 00:00:00;Norte;mEc;A região amazônica delimitada apresenta características típicas de umidade e estabilidade térmica impostas pela Massa Equatorial Continental, que domina o interior do continente.;Inverno;;;;;;;;;;;;;;;;
2022-07-05 00:00:00;Nordeste;mTa;Predominância da Massa Tropical Atlântica, caracterizada pelo escoamento de leste sudeste que transporta umidade oceânica para a região, mantendo condições térmicas estáveis.;Inverno;;;;;;;;;;;;;;;;
2022-07-05 00:00:00;Litoral;mEa;A região delimitada no litoral norte/nordeste encontra-se sob influência da massa Equatorial Atlântica, característica pelo fluxo de ventos alísios que transportam umidade tropical;Inverno;;;;;;;;;;;;;;;;
2022-07-05 00:00:00;Centro;mPa;A região encontra-se no quadrante posterior à frente fria, caracterizada pela entrada de ar mais frio e denso, indicando a predominância da massa polar atlântica.;Inverno;;;;;;;;;;;;;;;;
2022-07-05 00:00:00;Sul;mPa;A região delimitada apresenta características de subsidência e queda nas temperaturas logo atrás da passagem de um sistema frontal, configurando a predominância da mPa.;Inverno;;;;;;;;;;;;;;;;
2022-07-06 00:00:00;Norte;mEc;Regiao central e norte da Amazonia, apresentando condicoes termodinâmicas estaveis tipicas de calor e umidade, sem a influencia direta de sistemas frontais ou de massa polar.;Inverno;;;;;;;;;;;;;;;;
2022-07-06 00:00:00;Nordeste;mTa;A região encontra-se sob o fluxo do escoamento de leste-nordeste estabilizado, sendo dominada pela influência da circulação anticiclônica oceânica que transporta umidade para o set;Inverno;;;;;;;;;;;;;;;;
2022-07-06 00:00:00;Litoral;mTa;Regiao sob dominio do fluxo de leste da circulacao oceanica, apresentando caracteristicas tipicas de persistencia da massa tropical atlantica na costa nordestina.;Inverno;;;;;;;;;;;;;;;;
2022-07-06 00:00:00;Centro;mPa;A região sob o retângulo vermelho encontra-se posicionada na retaguarda de uma frente fria que avança sobre o Sudeste/Centro-Oeste, evidenciando o predomínio de ar frio e úmido (mP;Inverno;;;;;;;;;;;;;;;;
2022-07-06 00:00:00;Sul;mPa;A região delimitada localiza-se na retaguarda de um sistema frontal, caracterizada pelo ingresso de ar frio e seco, consolidando o domínio da massa de ar polar sobre o setor.;Inverno;;;;;;;;;;;;;;;;
2022-07-07 00:00:00;Norte;mEc;A região demarcada apresenta características de ar quente e úmido típicas da bacia amazônica, livre de influência frontal direta, configurando o predomínio da massa equatorial cont;Inverno;;;;;;;;;;;;;;;;
2022-07-07 00:00:00;Nordeste;mTa;Regiao sob atuacao da circulacao de leste/sudeste associada a alta subtropical, transportando umidade do Atlantico para o interior do setor.;Inverno;;;;;;;;;;;;;;;;
2022-07-07 00:00:00;Litoral;mTa;A regiao delimitada esta sob influencia direta do fluxo zonal de leste, caracteristico da massa tropical atlantica, mantendo condicoes de estabilidade térmica e umidade no litoral.;Inverno;;;;;;;;;;;;;;;;
2022-07-07 00:00:00;Centro;mPa;A região delimitada encontra-se na retaguarda de um sistema frontal, caracterizada pela incursão de ar mais frio e dente, configurando o domínio da mPa (Massa Polar Atlântica).;Inverno;;;;;;;;;;;;;;;;
2022-07-07 00:00:00;Sul;mPa;A regiao delimitada encontra-se sob a influência direta do avanço da massa de ar polar, caracterizada por temperaturas mais baixas e declínio acentuado dos termômetros pós-frontal.;Inverno;;;;;;;;;;;;;;;;
2022-07-08 00:00:00;Norte;mEc;Regiao central e norte da Amazonia sob dominio da Massa Equatorial Continental, caracterizada por ar quente e umido, sem influencia de sistemas frontais ou incursao de mPa.;Inverno;;;;;;;;;;;;;;;;
2022-07-08 00:00:00;Nordeste;mTa;A região encontra-se sob o fluxo do escoamento de leste característico da circulação periférica da alta subtropical, predominando a massa quente e úmida mTa.;Inverno;;;;;;;;;;;;;;;;
2022-07-08 00:00:00;Litoral;mTa;Regiao sob fluxo predominante de leste/sudeste associado ao transporte de umidade do oceano, caracterizando a predominancia da massa Tropical Atlantica no setor costeiro nordestino;Inverno;;;;;;;;;;;;;;;;
2022-07-08 00:00:00;Centro;mPa;A região delimitada apresenta temperaturas baixas e estabilidade, características do avanço de uma massa de ar frio logo após a passagem de uma frente fria pelo Sudeste do Brasil.;Inverno;;;;;;;;;;;;;;;;
2022-07-08 00:00:00;Sul;mPa;A região demarcada encontra-se sob efeito direto de uma massa de ar frio e seco, caracterizada pela subsidência após a passagem de sistema frontal, evidenciada pelas baixas tempera;Inverno;;;;;;;;;;;;;;;;
2022-07-09 00:00:00;Norte;mEc;Zona de atuação da massa Equatorial Continental, caracterizada pela predominância de ar quente e úmido sobre a região Amazônica, sem influência direta de sistemas frontais.;Inverno;;;;;;;;;;;;;;;;
2022-07-09 00:00:00;Nordeste;mTa;A região encontra-se sob influência do fluxo de leste e sudeste proveniente do Atlântico Sul, característico da massa tropical atlântica, garantindo umidade e estabilidade relativa;Inverno;;;;;;;;;;;;;;;;
2022-07-09 00:00:00;Litoral;mTa;A região delimitada está sob forte influência do escoamento marítimo associado à alta pressão do Atlântico Sul, caracterizando a predominância da massa Tropical Atlântica.;Inverno;;;;;;;;;;;;;;;;
2022-07-09 00:00:00;Centro;mPa;A regiao delimitada esta sob influencia direta do avanco de uma massa de ar frio e seco, pos-frontal, caracterizada por temperaturas e pontos de orvalho mais baixos.;Inverno;;;;;;;;;;;;;;;;
2022-07-09 00:00:00;Sul;mPa;A região delimitada apresenta baixas temperaturas e umidade característica, posicionada na retaguarda do sistema frontal que avança pelo Sul do país, indicando o domínio da mPa.;Inverno;;;;;;;;;;;;;;;;
2022-07-10 00:00:00;Norte;mEc;A região demarcada está inserida sobre a bacia amazônica, caracterizada por altas temperaturas e elevada umidade, sob domínio da massa de ar Equatorial Continental.;Inverno;;;;;;;;;;;;;;;;
2022-07-10 00:00:00;Nordeste;mTa;Predominio da Massa Tropical Atlantica, evidenciado pelo posicionamento do centro de alta pressao sobre o oceano, modulando o escoamento de umidade sobre o setor Nordeste.;Inverno;;;;;;;;;;;;;;;;
2022-07-10 00:00:00;Litoral;mTa;Regiao sob incidencia de fluxo de transporte oriundo do oceano, caracterizando ar quente e umido associado ao dominio da circulacao da alta subtropical sobre o litoral.;Inverno;;;;;;;;;;;;;;;;
2022-07-10 00:00:00;Centro;mPa;A regiao delimitada encontra-se sob a influencia da circulacao de um sistema de alta pressao pos-frontal, caracterizando o avancamento da mPa sobre o continente.;Inverno;;;;;;;;;;;;;;;;
2022-07-10 00:00:00;Sul;mPa;A região apresenta características típicas de pós-frontal, com advecção fria e umidade, confirmando o predomínio da massa de ar polar após a passagem de frente fria no setor.;Inverno;;;;;;;;;;;;;;;;
2022-07-11 00:00:00;Norte;mEc;Região central da Bacia Amazônica sob influência da massa de ar quente e úmida de origem continental, típica das latitudes equatoriais sem a presença de sistemas frontais.;Inverno;;;;;;;;;;;;;;;;
2022-07-11 00:00:00;Nordeste;mTa;Predominancia da Massa Tropical Atlantica, evidenciada pelo fluxo de leste-sudeste que transporta umidade do oceano para o interior do Nordeste brasileiro.;Inverno;;;;;;;;;;;;;;;;
2022-07-11 00:00:00;Litoral;mTa;Regiao sob fluxo de leste/sudeste associado ao escoamento da alta subtropical, caracterizando o predominio da massa Tropical Atlantica com transporte de umidade sobre o litoral.;Inverno;;;;;;;;;;;;;;;;
2022-07-11 00:00:00;Centro;mPa;A região delimitada encontra-se atrás de uma frente fria deslocando-se para o oceano, caracterizando o ingresso e domínio da massa de ar polar atlântica sobre o setor.;Inverno;;;;;;;;;;;;;;;;
2022-07-11 00:00:00;Sul;mPa;A região delimitada encontra-se na retaguarda de um sistema frontal, caracterizando a atuação e o avanço da massa de ar polar atlântica sobre o setor.;Inverno;;;;;;;;;;;;;;;;
2022-07-12 00:00:00;Norte;mEc;A região demarcada encontra-se sobre a bacia amazônica, caracterizada pela presença da Massa Equatorial Continental, que apresenta elevadas temperaturas e umidade na ausência de si;Inverno;;;;;;;;;;;;;;;;
2022-07-12 00:00:00;Nordeste;mTa;Regiao sob fluxo predominante de leste a sudeste, transportando caracteristicas tipicas da massa Tropical Atlantica, com influencia da circulacao de alta pressao oceanica.;Inverno;;;;;;;;;;;;;;;;
2022-07-12 00:00:00;Litoral;mTa;A região delimitada está sob a influência direta do transporte marítimo de umidade do Atlântico Sul, caracterizando a mTa como a massa predominante no setor leste do Brasil.;Inverno;;;;;;;;;;;;;;;;
2022-07-12 00:00:00;Centro;mPa;A região encontra-se sob influência clara da massa de ar polar, evidenciada pelos valores térmicos baixos, típico de pós-passagem de frente fria no setor centro-sudeste.;Inverno;;;;;;;;;;;;;;;;
2022-07-12 00:00:00;Sul;mPa;A região apresenta características de massa de ar frio e seco, confirmadas pelos baixos valores de temperatura e ponto de orvalho, típico de atuação de mPa após passagem de frente ;Inverno;;;;;;;;;;;;;;;;
2022-07-13 00:00:00;Norte;mEc;Regiao situada no nucleo do continente sobre a Amazonia, mantendo caracteristicas de alta umidade e temperaturas elevadas, sem influencia de sistemas frontais ou massas oceanicas.;Inverno;;;;;;;;;;;;;;;;
2022-07-13 00:00:00;Nordeste;mTa;Região sob influência direta do fluxo de leste/sudeste associado ao transporte de umidade do oceano, caracterizando a predominância da massa tropical atlântica no Nordeste.;Inverno;;;;;;;;;;;;;;;;
2022-07-13 00:00:00;Litoral;mTa;Predominio da massa Tropical Atlantica no setor costeiro do Nordeste, sob influencia da circulacao do anticiclone subtropical, mantendo condicoes de estabilidade e umidade.;Inverno;;;;;;;;;;;;;;;;
2022-07-13 00:00:00;Centro;mPa;A região demarcada encontra-se na retaguarda de um sistema frontal em deslocamento, caracterizando a intrusão e predominância de ar frio e úmido de origem polar.;Inverno;;;;;;;;;;;;;;;;
2022-07-13 00:00:00;Sul;mPa;A região delimitada encontra-se na retaguarda de uma frente fria, caracterizada pela incursão de uma Massa Polar Atlântica, evidenciada pelas baixas temperaturas e ventos do quadra;Inverno;;;;;;;;;;;;;;;;
2022-07-14 00:00:00;Norte;mEc;A regiao delimitada esta sob influencia direta da circulacao amazonica equatorial, caracterizada por temperaturas elevadas e alta umidade, tipicas da mEc em sua area de origem.;Inverno;;;;;;;;;;;;;;;;
2022-07-14 00:00:00;Nordeste;mTa;Regiao sob influencia do escoamento do quadrante leste, caracteristico da massa tropical atlantica, que domina vastas areas do Nordeste brasileiro com caracteristicas tropicais.;Inverno;;;;;;;;;;;;;;;;
2022-07-14 00:00:00;Litoral;mTa;Regiao sob influencia do escoamento do fluxo de leste/sudeste associado ao anticiclone subtropical, caracterizando a predominancia da Massa Tropical Atlantica no setor.;Inverno;;;;;;;;;;;;;;;;
2022-07-14 00:00:00;Centro;mPa;A regiao delimitada encontra-se sob a influência direta do avanço da massa de ar pós-frontal, caracterizada por gradientes de pressão e temperaturas mais amenas sobre o Sudeste.;Inverno;;;;;;;;;;;;;;;;
2022-07-14 00:00:00;Sul;mPa;A regiao apresenta caracteristicas de ar frio e seco apos a passagem de uma frente fria, caracterizando o avanco e dominancia da massa polar sobre o sudeste brasileiro.;Inverno;;;;;;;;;;;;;;;;
2022-07-15 00:00:00;Norte;mEc;A região delimitada compreende a bacia amazônica e áreas centrais, estando sob influência da massa continental quente e úmida, característica da circulação tropical local.;Inverno;;;;;;;;;;;;;;;;
2022-07-15 00:00:00;Nordeste;mTa;Predomínio de circulação marítima sobre o setor, com a estabilidade e umidade características da Massa Tropical Atlântica transportada pelo fluxo zonal de leste.;Inverno;;;;;;;;;;;;;;;;
2022-07-15 00:00:00;Litoral;mTa;A região encontra-se sob domínio do escoamento marítimo subtropical, caracterizado pela estabilidade e fluxo úmido associado à alta pressão do Atlântico que influencia o litoral.;Inverno;;;;;;;;;;;;;;;;
2022-07-15 00:00:00;Centro;mPa;Região sob a influência direta do avanço de uma massa de ar frio pós-frontal, apresentando quedas acentuadas nas temperaturas, característica típica da incursão da mPa.;Inverno;;;;;;;;;;;;;;;;
2022-07-15 00:00:00;Sul;mPa;A região delimitada está sob forte influência de uma massa de ar polar, evidenciada pelas baixas temperaturas e umidade característica após a passagem de sistema frontal.;Inverno;;;;;;;;;;;;;;;;
2022-07-16 00:00:00;Norte;mEc;A região do retângulo abrangendo a bacia amazônica apresenta atuação característica da massa quente e úmida de origem continental, sem influência de sistemas frontais externos.;Inverno;;;;;;;;;;;;;;;;
2022-07-16 00:00:00;Nordeste;mTa;Predominância de escoamento marítimo sobre a região nordeste, transportando ar quente e úmido do oceano Atlântico para o continente, sob influência da circulação da ASAS.;Inverno;;;;;;;;;;;;;;;;
2022-07-16 00:00:00;Litoral;mTa;A região delimitada está sob a influência do fluxo marítimo dos ventos alísios, caracterizando o predomínio da Massa Tropical Atlântica com características quentes e úmidas.;Inverno;;;;;;;;;;;;;;;;
2022-07-16 00:00:00;Centro;mPa;Região situada a retaguarda de um sistema frontal, caracterizada pelo ingresso de ar frio e seco, com declínio térmico e valores de temperatura compatíveis com a mPa.;Inverno;;;;;;;;;;;;;;;;
2022-07-16 00:00:00;Sul;mPa;A região delimitada encontra-se na retaguarda de uma frente fria, caracterizada por temperaturas baixas e fluxo de ar polar típico da atuação da massa polar atlântica.;Inverno;;;;;;;;;;;;;;;;
2022-07-17 00:00:00;Norte;mEc;A região delimitada abrange a bacia amazônica e áreas continentais adjacentes, onde a massa de ar equatorial continental (mEc) prevalece com elevadas temperaturas e umidade abundan;Inverno;;;;;;;;;;;;;;;;
2022-07-17 00:00:00;Nordeste;mTa;Região sob influência direta do fluxo de leste da alta pressão subtropical do Atlântico Sul, caracterizando o predomínio de ar quente e úmido de origem marítima.;Inverno;;;;;;;;;;;;;;;;
2022-07-17 00:00:00;Litoral;mTa;O setor delimitado encontra-se sob domínio do escoamento marítimo subtropical, caracterizado pela influência direta da massa de ar Tropical Atlântica, quente e úmida.;Inverno;;;;;;;;;;;;;;;;
2022-07-17 00:00:00;Centro;mPa;A região delimitada encontra-se sob influência do fluxo pós-frontal de uma massa polar, caracterizada por temperaturas reduzidas e estabilidade atmosférica no setor.;Inverno;;;;;;;;;;;;;;;;
2022-07-17 00:00:00;Sul;mPa;A região delimitada encontra-se sob efeito de advecção fria pós-frontal, com temperaturas significativamente reduzidas, caracterizando o predomínio da Massa Polar Atlântica.;Inverno;;;;;;;;;;;;;;;;
2022-07-18 00:00:00;Norte;mEc;Regiao central da Amazonia sem influencias frontais, dominada por ar quente e umido caracteristico da Massa Equatorial Continental.;Inverno;;;;;;;;;;;;;;;;
2022-07-18 00:00:00;Nordeste;mTa;Predominio da massa Tropical Atlantica, evidenciado pelo posicionamento do anticiclone subtropical sobre o oceano, transportando umidade para o setor leste da regiao Nordeste.;Inverno;;;;;;;;;;;;;;;;
2022-07-18 00:00:00;Litoral;mTa;A região encontra-se sob influência do fluxo de sudeste marítimo, caracterizado por temperaturas elevadas e umidade, sob o domínio do escoamento da massa Tropical Atlântica.;Inverno;;;;;;;;;;;;;;;;
2022-07-18 00:00:00;Centro;mPa;A região delimitada localiza-se na retaguarda do sistema frontal, com vetores de vento indicando ingresso de ar frio e seco característico da Massa Polar Atlântica.;Inverno;;;;;;;;;;;;;;;;
2022-07-18 00:00:00;Sul;mPa;A região apresenta temperaturas reduzidas e gradiente térmico característico, evidenciando o domínio da mPa logo após a passagem da frente fria.;Inverno;;;;;;;;;;;;;;;;
2022-07-19 00:00:00;Norte;mEc;Região central e norte sob influência de massa de ar quente e úmida de origem continental, caracterizando o núcleo da bacia amazônica no setor delimitado.;Inverno;;;;;;;;;;;;;;;;
2022-07-19 00:00:00;Nordeste;mEa;A região delimitada no Nordeste encontra-se sob influência do escoamento marítimo orientado pelos ventos alísios, caracterizando o domínio da massa Equatorial Atlântica (mEa).;Inverno;;;;;;;;;;;;;;;;
2022-07-19 00:00:00;Litoral;mTa;O setor delimitado encontra-se sob domínio do fluxo marítimo dos quadrantes leste/sudeste, característico da circulação da massa de ar Tropical Atlântica.;Inverno;;;;;;;;;;;;;;;;
2022-07-19 00:00:00;Centro;mPa;A região apresenta o avanço de uma massa de ar frio e seco na retaguarda de um sistema frontal, caracterizada pelos valores de ponto de orvalho em declínio e temperaturas amenas.;Inverno;;;;;;;;;;;;;;;;
2022-07-19 00:00:00;Sul;mPa;A região delimitada encontra-se sob a influência direta do pós-frontal, com incursão de ar polar caracterizado por baixas temperaturas, indicando a predominância da Massa Polar Atl;Inverno;;;;;;;;;;;;;;;;
2022-07-20 00:00:00;Norte;mEc;Região central e amazônica sob influência de ar quente e úmido característico da Massa Equatorial Continental, predominante no setor continental longe de circulação marítima direta;Inverno;;;;;;;;;;;;;;;;
2022-07-20 00:00:00;Nordeste;mTa;Predomínio de umidade e circulação marítima nos baixos níveis, com o aporte de ar quente vindo do Atlântico Tropical, caracterizando a influência clássica da massa sobre o setor.;Inverno;;;;;;;;;;;;;;;;
2022-07-20 00:00:00;Litoral;mTa;A área delimitada no litoral leste do Brasil encontra-se sob influência do fluxo equatorial/tropical marítimo, característico da massa Tropical Atlântica (mTa).;Inverno;;;;;;;;;;;;;;;;
2022-07-20 00:00:00;Centro;mPa;A região demarcada encontra-se sob sobressalto termobarométrico pós-frontal, evidenciada pela advecção fria e declínio de temperatura característicos do avanço da mPa.;Inverno;;;;;;;;;;;;;;;;
2022-07-20 00:00:00;Sul;mPa;A região delimitada localiza-se na retaguarda de um sistema frontal, caracterizada pelo ingresso e domínio da massa de ar polar, evidenciada pelas temperaturas reduzidas.;Inverno;;;;;;;;;;;;;;;;
2022-07-21 00:00:00;Norte;mEc;A região delimitada abrange a bacia amazônica e áreas centrais do continente, onde as condições de umidade e calor caracterizam a predominância da Massa Equatorial Continental.;Inverno;;;;;;;;;;;;;;;;
2022-07-21 00:00:00;Nordeste;mTa;A região delimitada está sob forte influência do fluxo de ventos alísios provenientes do oceano, caracterizando o domínio da massa de ar Tropical Atlântica (mTa) sobre o setor.;Inverno;;;;;;;;;;;;;;;;
2022-07-21 00:00:00;Litoral;mTa;A regiao delimitada esta sob influencia direta do fluxo zonal leste do Atlantico Sul, caracterizando a predominancia da massa de ar Tropical Atlantica (mTa) no litoral leste.;Inverno;;;;;;;;;;;;;;;;
2022-07-21 00:00:00;Centro;mPa;A região apresenta características típicas de pós-frontal, com temperaturas em declínio e advecção de ar frio e seco, consolidando o avanço da mPa sobre o continente.;Inverno;;;;;;;;;;;;;;;;
2022-07-21 00:00:00;Sul;mPa;A região delimitada situa-se na retaguarda da frente fria, caracterizada pela entrada de ar mais denso e frio, configurando a predominância da Massa Polar Atlântica sobre o setor.;Inverno;;;;;;;;;;;;;;;;
2022-07-22 00:00:00;Norte;mEc;A região delimitada abrange a bacia amazônica e adjacências, sob domínio característico da Massa Equatorial Continental, que apresenta elevadas temperaturas e umidade na ausência d;Inverno;;;;;;;;;;;;;;;;
2022-07-22 00:00:00;Nordeste;mTa;A região encontra-se sob influência do fluxo de leste da alta pressão subtropical do Atlântico Sul, caracterizando a predominância da massa Tropical Atlântica (mTa).;Inverno;;;;;;;;;;;;;;;;
2022-07-22 00:00:00;Litoral;mTa;Regiao sob influencia do escoamento de leste-nordeste da circulacao maritima, caracterizando o transporte de umidade da Massa Tropical Atlantica sobre a costa leste brasileira.;Inverno;;;;;;;;;;;;;;;;
2022-07-22 00:00:00;Centro;mPa;Região sob influência de ar frio e seco após a passagem de sistema frontal, caracterizado por temperaturas mais baixas e umidade reduzida nos pontos de observação do retangulo.;Inverno;;;;;;;;;;;;;;;;
2022-07-22 00:00:00;Sul;mPa;A região apresenta o avanço e a estabilização de uma massa de ar frio e seco após a passagem de uma frente fria, caracterizada pelos baixos valores de temperatura e ponto de orvalh;Inverno;;;;;;;;;;;;;;;;
2022-07-23 00:00:00;Norte;mEc;Região localizada sobre a bacia amazônica, caracterizada por altas temperaturas e elevada umidade, sob domínio da Massa Equatorial Continental (mEc), sem influência de sistemas fro;Inverno;;;;;;;;;;;;;;;;
2022-07-23 00:00:00;Nordeste;mTa;A região encontra-se sob influência do fluxo estável de leste proveniente do Atlântico Tropical, caracterizando o domínio da massa Tropical Atlântica.;Inverno;;;;;;;;;;;;;;;;
2022-07-23 00:00:00;Litoral;mTa;A região demarcada encontra-se sob domínio do fluxo adjacente à Alta Subtropical do Atlântico Sul, caracterizando a atuação da Massa Tropical Atlântica, quente e úmida.;Inverno;;;;;;;;;;;;;;;;
2022-07-23 00:00:00;Centro;mPa;A região encontra-se submetida ao fluxo pós-frontal impulsionado por um sistema de alta pressão, caracterizando a atuação da massa de ar frio sobre o Sudeste e Centro-Oeste.;Inverno;;;;;;;;;;;;;;;;
2022-07-23 00:00:00;Sul;mPa;A região delimitada encontra-se sob a influência direta do transporte de ar frio e úmido após a passagem de uma frente fria, caracterizando a atuação da mPa na retaguarda do sistem;Inverno;;;;;;;;;;;;;;;;
2022-07-24 00:00:00;Norte;mEc;A região apresenta o predomínio da Massa Equatorial Continental, caracterizada por ser quente e úmida, exercendo influência direta sobre o setor amazônico e interior do Brasil.;Inverno;;;;;;;;;;;;;;;;
2022-07-24 00:00:00;Nordeste;mTa;Regiao sob clara influencia do escoamento de leste do Atlantico Sul, caracterizando a predominancia da massa Tropical Atlantica com transporte de umidade para o litoral e interior.;Inverno;;;;;;;;;;;;;;;;
2022-07-24 00:00:00;Litoral;mTa;Região sob influência direta do escoamento marítimo do quadrante leste, característico da massa de ar Tropical Atlântica que domina o litoral do Nordeste brasileiro.;Inverno;;;;;;;;;;;;;;;;
2022-07-24 00:00:00;Centro;mPa;A região encontra-se no setor pós-frontal, sob influência de uma massa de ar frio e seco que avança sobre o Brasil central, caracterizada pela queda nas temperaturas e umidade.;Inverno;;;;;;;;;;;;;;;;
2022-07-24 00:00:00;Sul;mPa;A região apresenta temperaturas baixas (inferiores a 15°C) e ventos com componente sul após a passagem de sistema frontal, evidenciando o domínio da massa de ar polar.;Inverno;;;;;;;;;;;;;;;;
2022-07-25 00:00:00;Norte;mEc;A regiao delimitada esta sob a influencia direta da Massa Equatorial Continental, caracterizada pela predominancia de altas temperaturas e umidade sobre a bacia Amazonica.;Inverno;;;;;;;;;;;;;;;;
2022-07-25 00:00:00;Nordeste;mTa;A região encontra-se sob influência direta do fluxo zonal marítimo proveniente do Atlântico Sul, característico da massa tropical atuante na costa e interior do Nordeste.;Inverno;;;;;;;;;;;;;;;;
2022-07-25 00:00:00;Litoral;mTa;A região delimitada encontra-se sob influência do escoamento marítimo provocado pela alta pressao do Atlantico, caracterizando a predominancia da Massa Tropical Atlantica (mTa).;Inverno;;;;;;;;;;;;;;;;
2022-07-25 00:00:00;Centro;mPa;A região demarcada encontra-se atrás de um sistema frontal, caracterizando a incursão e o predomínio da massa de ar Polar Atlântica com redução de temperaturas.;Inverno;;;;;;;;;;;;;;;;
2022-07-25 00:00:00;Sul;mPa;Identificada a influência da massa de ar pós-frontal (mPa) sobre o setor, caracterizada pela estabilidade e temperaturas reduzidas na retaguarda da frente fria.;Inverno;;;;;;;;;;;;;;;;
2022-07-26 00:00:00;Norte;mEc;A região delimitada abrange a bacia amazônica e áreas centrais continentais, onde a massa de ar Equatorial Continental exerce domínio térmico e de umidade característico desta zona;Inverno;;;;;;;;;;;;;;;;
2022-07-26 00:00:00;Nordeste;mTa;Região sob influência direta do fluxo zonal de leste associado à célula de alta pressão do Atlântico Sul, mantendo características de ar quente e úmido predominante sobre o Nordest;Inverno;;;;;;;;;;;;;;;;
2022-07-26 00:00:00;Litoral;mTa;Regiao sob fluxo predominante de leste/sudeste associado ao transporte de umidade do oceano, caracterizando a predominancia da Massa Tropical Atlantica no setor costeiro indicado.;Inverno;;;;;;;;;;;;;;;;
2022-07-26 00:00:00;Centro;mPa;A região apresenta valores de temperatura e ponto de orvalho em declínio, característicos da incursão de uma Massa Polar Atlântica que avança sobre o Sudeste e Centro-Oeste.;Inverno;;;;;;;;;;;;;;;;
2022-07-26 00:00:00;Sul;mPa;A região delimitada localiza-se na retaguarda de um sistema frontal (frente fria a sul/sudeste), caracterizando o avanço e predominância da massa de ar polar (mPa).;Inverno;;;;;;;;;;;;;;;;
2022-07-27 00:00:00;Norte;mEc;A região delimitada abrange a bacia amazônica e o interior do Brasil, onde a massa de ar quente e úmida de origem continental (mEc) prevalece sem influência de sistemas frontais.;Inverno;;;;;;;;;;;;;;;;
2022-07-27 00:00:00;Nordeste;mTa;Regiao sob incidencia dos ventos aliseos de sudeste que transportam ar quente e umido do Oceano Atlantico para o litoral e interior do Nordeste brasileiro.;Inverno;;;;;;;;;;;;;;;;
2022-07-27 00:00:00;Litoral;mTa;Regiao sob influencia do escoamento do anticiclone subtropical, caracterizada pelo transporte de umidade do oceano para o leste do Brasil, configurando a massa tropical atlantica.;Inverno;;;;;;;;;;;;;;;;
2022-07-27 00:00:00;Centro;mTa;A região encontra-se sob influência de um campo de alta pressão, caracterizando o domínio da massa tropical atlântica, com estabilidade atmosférica e características de ar quente.;Inverno;;;;;;;;;;;;;;;;
2022-07-27 00:00:00;Sul;mPa;A região delimitada apresenta o domínio da massa polar atlântica, caracterizada pelas baixas temperaturas e umidade, posicionada a retaguarda da frente fria (frente oceânica).;Inverno;;;;;;;;;;;;;;;;
2022-07-28 00:00:00;Norte;mEc;Região central e norte da bacia amazônica sob domínio de massa de ar quente e úmida, característica da mEc, mantendo estabilidade térmica e umidade elevada na ausência de sistemas ;Inverno;;;;;;;;;;;;;;;;
2022-07-28 00:00:00;Nordeste;mTa;A região do Nordeste delimitada encontra-se sob o fluxo do escoamento marítimo associado à circulação da alta pressão subtropical, caracterizando a predominância da mTa.;Inverno;;;;;;;;;;;;;;;;
2022-07-28 00:00:00;Litoral;mTa;A regiao do litoral indicada esta sob a influencia do escoamento zonal e anticiclonico direto do Atlantico Sul, caracterizando o dominio da massa Tropical Atlantica.;Inverno;;;;;;;;;;;;;;;;
2022-07-28 00:00:00;Centro;mPa;Região central sob influência de massa de ar frio e seco, caracterizada pela subsidência e gradiente térmico observados após a passagem de uma frente fria pelo setor.;Inverno;;;;;;;;;;;;;;;;
2022-07-28 00:00:00;Sul;mPa;A região delimitada encontra-se sob sobressalto termobarométrico pós-frontal, com o escoamento de sul/sudoeste característico do avanço da massa de ar polar continentalizada.;Inverno;;;;;;;;;;;;;;;;
2022-07-29 00:00:00;Norte;mEc;Regiao central da Amazonia sem influencia de sistemas frontais, caracterizada pela predominancia da massa de ar quente e umida de origem equatorial continental.;Inverno;;;;;;;;;;;;;;;;
2022-07-29 00:00:00;Nordeste;mTa;A região delimitada está sob forte influência do fluxo marítimo de sudeste/leste, característico da atuação da massa Tropical Atlântica que domina o litoral e setor leste do NE.;Inverno;;;;;;;;;;;;;;;;
2022-07-29 00:00:00;Litoral;mTa;A área é dominada pela circulação anticiclônica oceânica, caracterizando a influência direta da massa Tropical Atlântica com transporte de umidade para o litoral.;Inverno;;;;;;;;;;;;;;;;
2022-07-29 00:00:00;Centro;mPa;A regiao delimitada encontra-se sob a influência direta do avanco de um sistema frontal, caracterizando a presenca de uma massa polar que desloca o ar tropical para o norte.;Inverno;;;;;;;;;;;;;;;;
2022-07-29 00:00:00;Sul;mPa;A região delimitada encontra-se na retaguarda de uma frente fria, caracterizada por temperaturas reduzidas e circulação anticiclônica típica da incursão de ar polar.;Inverno;;;;;;;;;;;;;;;;
2022-07-30 00:00:00;Norte;mEc;Regiao sobre a bacia Amazonica apresentando caracteristicas tipicas de uma massa de ar quente e umida de origem continental, predominante no setor na ausencia de sistemas frontais.;Inverno;;;;;;;;;;;;;;;;
2022-07-30 00:00:00;Nordeste;mTa;A regiao delimitada encontra-se sob a influência direta do transporte marítimo de umidade vindo do Atlantico Sul, caracterizando a predominancia da massa Tropical Atlantica.;Inverno;;;;;;;;;;;;;;;;
2022-07-30 00:00:00;Litoral;mTa;Região sob influência direta do escoamento marítimo de leste/sudeste, mantendo características de temperatura e umidade típicas da massa Tropical Atlântica na costa leste brasileir;Inverno;;;;;;;;;;;;;;;;
2022-07-30 00:00:00;Centro;mPa;A região delimitada encontra-se sob a influência direta do avanço da massa de ar polar, evidenciada pelas baixas temperaturas e pelo posicionamento pós-frontal no setor.;Inverno;;;;;;;;;;;;;;;;
2022-07-30 00:00:00;Sul;mPa;Regiao sob clara influencia da massa de ar polar, evidenciada pela circulacao anticiclonic apos a passagem de sistema frontal, resultando em baixas temperaturas e umidade no setor.;Inverno;;;;;;;;;;;;;;;;
2022-07-31 00:00:00;Norte;mEc;A regiao delimitada esta sob influencia da classica massa de ar quente e umida da Amazonia, mantendo caracteristicas termodinamicas tipicas de sua fonte continental equatorial.;Inverno;;;;;;;;;;;;;;;;
2022-07-31 00:00:00;Nordeste;mTa;A região encontra-se sob influência direta do fluxo de leste da alta pressão subtropical do Atlântico, caracterizando a predominância da massa tropical atlântica no setor.;Inverno;;;;;;;;;;;;;;;;
2022-07-31 00:00:00;Litoral;mTa;A regiao delimitada esta sob o regime de circulacao do anticiclone subtropical, sendo dominada pela massa Tropical Atlantica, caracterizada por ar quente e umido em todo o setor co;Inverno;;;;;;;;;;;;;;;;
2022-07-31 00:00:00;Centro;mPa;A região encontra-se submetida a valores de temperatura e ponto de orvalho em declínio, característicos do avanço de uma massa de ar frio pós-frontal no interior do país.;Inverno;;;;;;;;;;;;;;;;
2022-07-31 00:00:00;Sul;mPa;A região apresenta características típicas de pós-frontal, com temperaturas baixas, umidade elevada e ventos de quadrante sul, indicando a clara influência da Massa Polar Atlântica;Inverno;;;;;;;;;;;;;;;;
2022-08-01 00:00:00;Norte;mEc;A regiao delimitada posiciona-se sobre a bacia Amazonica, caracterizada pelo dominio de ar tropical continental quente e umido, tipico da Massa Equatorial Continental durante o per;Inverno;;;;;;;;;;;;;;;;
2022-08-01 00:00:00;Nordeste;mTa;Região sob influência direta do fluxo de leste da alta pressão, caracterizando o predomínio de ar quente e úmido transportado do Atlântico Tropical para o Nordeste brasileiro.;Inverno;;;;;;;;;;;;;;;;
2022-08-01 00:00:00;Litoral;mTa;A região delimitada está sob forte influência do sistema de alta pressão subtropical do Atlântico Sul, caracterizando o domínio da massa Tropical Atlântica, quente e úmida.;Inverno;;;;;;;;;;;;;;;;
2022-08-01 00:00:00;Centro;mPa;A regiao delimitada encontra-se sob a influencia da subsidencia pos-frontal, caracterizada por temperaturas amenas e predominio de alta pressao, condizente com o avancamento da mPa;Inverno;;;;;;;;;;;;;;;;
2022-08-01 00:00:00;Sul;mPa;A região demarcada apresenta temperaturas reduzidas e circulação condizente com a retaguarda de um sistema frontal, caracterizando a atuação e o domínio da massa de ar polar.;Inverno;;;;;;;;;;;;;;;;
2022-08-02 00:00:00;Norte;mEc;Regiao central da Amazonia sem influencias frontais, com caracteristicas de alta umidade e temperaturas elevadas tipicas da massa de ar Equatorial Continental.;Inverno;;;;;;;;;;;;;;;;
2022-08-02 00:00:00;Nordeste;mTa;Regiao sob incidencia dos fluxos de leste provenientes do oceano, caracterizando a predominancia da massa Tropical Atlantica sobre o Nordeste brasileiro.;Inverno;;;;;;;;;;;;;;;;
2022-08-02 00:00:00;Litoral;mTa;A região delimitada está sob forte influência do escoamento marítimo vindo do oceano, caracterizando o domínio da massa Tropical Atlântica (mTa) na costa leste do Brasil.;Inverno;;;;;;;;;;;;;;;;
2022-08-02 00:00:00;Centro;mPa;A região delimitada está sob influência da massa de ar pós-frontal, caracterizada por temperaturas mais baixas e declínio acentuado no teor de umidade, típico da mPa.;Inverno;;;;;;;;;;;;;;;;
2022-08-02 00:00:00;Sul;mPa;Observa-se o avanco de ar frio e seco na retaguarda da frente fria sobre a Regiao Sul, caracterizando o predomínio da massa de ar polar atlântica na grade delimitada.;Inverno;;;;;;;;;;;;;;;;
2022-08-03 00:00:00;Norte;mEc;A regiao delimitada sobre a Amazonia apresenta caracteristicas termodinamicas tipicas de origem continental, sem influencia de sistemas frontais, consolidando o dominio da mEc.;Inverno;;;;;;;;;;;;;;;;
2022-08-03 00:00:00;Nordeste;mTa;A região do retângulo litorâneo e parte do interior do Nordeste está sob a influência do regime de ventos de leste da circulação marítima, característica típica da massa Tropical A;Inverno;;;;;;;;;;;;;;;;
2022-08-03 00:00:00;Litoral;mTa;A região delimitada está sob a influência do fluxo marítimo da Alta Subtropical do Atlântico Sul, caracterizando a predominância da Massa Tropical Atlântica (mTa).;Inverno;;;;;;;;;;;;;;;;
2022-08-03 00:00:00;Centro;mTa;A região encontra-se sob influência da circulação da alta pressão do Atlântico Sul, caracterizando o predomínio de ar tropical quente e úmido sobre o centro do país.;Inverno;;;;;;;;;;;;;;;;
2022-08-03 00:00:00;Sul;mPa;A região delimitada encontra-se sob influência de massa de ar frio e seco, caracterizada por temperaturas baixas após a passagem de sistema frontal, típico de incursão de mPa.;Inverno;;;;;;;;;;;;;;;;
2022-08-04 00:00:00;Norte;mEc;Regiao localizada sobre a bacia Amazonica, caracterizada pelo dominio de ar quente e umido de origem continental, sem influência de sistemas frontais ou massas marítimas na área.;Inverno;;;;;;;;;;;;;;;;
2022-08-04 00:00:00;Nordeste;mTa;Regiao sob influencia do escoamento do quadrante leste, caracteristico da massa tropical atlantica, que mantém o transporte de umidade e estabilidade sobre o Nordeste brasileiro.;Inverno;;;;;;;;;;;;;;;;
2022-08-04 00:00:00;Litoral;mTa;A região do litoral nordeste brasileiro sob o retângulo encontra-se sob influência da circulação do escoamento marítimo, caracterizando o predomínio da mTa.;Inverno;;;;;;;;;;;;;;;;
2022-08-04 00:00:00;Centro;mTa;A região encontra-se sob domínio da alta pressão subtropical, caracterizada por subsidência e estabilidade, típicas da influência da Massa Tropical Atlântica no interior do país.;Inverno;;;;;;;;;;;;;;;;
2022-08-04 00:00:00;Sul;mPa;A região delimitada encontra-se sob influência clara da mPa (Massa Polar Atlântica), caracterizada por temperaturas baixas e advecção de ar frio após a passagem de sistema frontal.;Inverno;;;;;;;;;;;;;;;;
2022-08-05 00:00:00;Norte;mEc;A área delimitada abrange a bacia amazônica e regiões adjacentes, onde as características de alta temperatura e umidade evidenciam o domínio da Massa Equatorial Continental.;Inverno;;;;;;;;;;;;;;;;
2022-08-05 00:00:00;Nordeste;mTa;A região sob análise é dominada por um fluxo estável de SE/E, característica da mTa integrada à circulação periférica do sistema de alta pressão sobre o Atlântico Sul.;Inverno;;;;;;;;;;;;;;;;
2022-08-05 00:00:00;Litoral;mTa;Região sob influência direta do escoamento marítimo periférico à alta subtropical, caracterizando a predominância da Massa Tropical Atlântica com fluxo de umidade sobre o litoral.;Inverno;;;;;;;;;;;;;;;;
2022-08-05 00:00:00;Centro;mPa;A região apresenta o avanço de uma massa de ar frio e seco (mPa), caracterizada pela queda nas temperaturas e valores reduzidos de ponto de orvalho após a passagem da frente fria.;Inverno;;;;;;;;;;;;;;;;
2022-08-05 00:00:00;Sul;mPa;A regiao apresenta adveccao de ar frio e umido pos-frontal, caracterizada por temperaturas baixas e circulacao anticiclonica caracteristica da Massa Polar Atlantica.;Inverno;;;;;;;;;;;;;;;;
2022-08-06 00:00:00;Norte;mEc;A região delimitada abrange a bacia amazônica, onde predomina a Massa Equatorial Continental, caracterizada por ser quente e úmida, típica destas latitudes equatoriais.;Inverno;;;;;;;;;;;;;;;;
2022-08-06 00:00:00;Nordeste;mTa;Dominio do fluxo de leste transportando ar quente e umido do Oceano Atlantico para o interior da regiao Nordeste, caracterizando a atuacao da massa Tropical Atlantica.;Inverno;;;;;;;;;;;;;;;;
2022-08-06 00:00:00;Litoral;mTa;A área delimitada encontra-se sob domínio do fluxo marítimo persistente na periferia do sistema de alta pressão, caracterizando a atuação e influência típica da massa Tropical Atlâ;Inverno;;;;;;;;;;;;;;;;
2022-08-06 00:00:00;Centro;mPa;A região destacada encontra-se no setor condicionado pela retaguarda de um sistema frontal, caracterizando o ingresso e domínio da massa de ar Polar Atlântica sobre a área.;Inverno;;;;;;;;;;;;;;;;
2022-08-06 00:00:00;Sul;mPa;A região apresenta o avanço de uma massa de ar pós-frontal, caracterizada por temperaturas mais baixas e declínio acentuado nos valores de temperatura do ponto de orvalho.;Inverno;;;;;;;;;;;;;;;;
2022-08-07 00:00:00;Norte;mEc;A regiao delimitada esta sob influencia direta da massa equatorial continental, caracterizada por calor e umidade sobre a bacia amazonica, sem interferencia de sistemas frontais.;Inverno;;;;;;;;;;;;;;;;
2022-08-07 00:00:00;Nordeste;mTa;Região sob influência direta do fluxo de leste da alta pressão subtropical do Atlântico Sul, caracterizando o predomínio de massa de ar tropical quente e úmida sobre o setor.;Inverno;;;;;;;;;;;;;;;;
2022-08-07 00:00:00;Litoral;mTa;Regiao sob influencia do escoamento do quadrante leste/sudeste associado ao gradiente de pressao oceanico, caracterizando a atuacao da massa tropical atlantica no litoral leste.;Inverno;;;;;;;;;;;;;;;;
2022-08-07 00:00:00;Centro;mPa;A região destacada apresenta o ingresso de uma massa de ar frio logo após a passagem de uma frente fria, caracterizada pela queda das temperaturas e mudança nos ventos.;Inverno;;;;;;;;;;;;;;;;
2022-08-07 00:00:00;Sul;mPa;Região sob forte influência de massa de ar frio e seco (mPa), caracterizada pelos baixos valores de temperatura e ponto de orvalho observados na retaguarda da frente fria.;Inverno;;;;;;;;;;;;;;;;
2022-08-08 00:00:00;Norte;mEc;Regiao situada sobre a bacia Amazonica, caracterizada pelo predomino de umidade e calor orignarios da circulacao continental equatorial.;Inverno;;;;;;;;;;;;;;;;
2022-08-08 00:00:00;Nordeste;mTa;Região sob influência direta do fluxo de leste da alta pressão oceânica, caracterizando a predominância de ar quente e úmido transportado do Atlântico para o litoral nordestino.;Inverno;;;;;;;;;;;;;;;;
2022-08-08 00:00:00;Litoral;mTa;A regiao delimitada esta sob influencia da circulacao do anticiclone maritimo, caracterizando o dominio da massa Tropical Atlantica (mTa) com predominio de umidade e calor.;Inverno;;;;;;;;;;;;;;;;
2022-08-08 00:00:00;Centro;mPa;A região apresenta o avanço e a estabilização de uma massa de ar frio e úmido após a passagem de uma frente, com declínio das temperaturas observado nas estações sinóticas.;Inverno;;;;;;;;;;;;;;;;
2022-08-08 00:00:00;Sul;mPa;A região apresenta características típicas de pós-frontal, com temperaturas reduzidas e fluxo de sul/sudeste, indicando o avanço e atuação da Massa Polar Atlântica.;Inverno;;;;;;;;;;;;;;;;
2022-08-09 00:00:00;Norte;mEc;Regiao central abrangendo a Amazonia, caracterizada pela predominancia da massa de ar quente e umida de origem continental, mantendo estabilidade térmica no setor.;Inverno;;;;;;;;;;;;;;;;
2022-08-09 00:00:00;Nordeste;mTa;A regiao encontra-se sob circulacao de leste/sudeste associada ao fluxo marítimo predominante do Atlantico Sul, caracterizando a influencia da massa Tropical Atlantica.;Inverno;;;;;;;;;;;;;;;;
2022-08-09 00:00:00;Litoral;mTa;Regiao sob dominio da circulacao maritima associada ao escoamento da alta subtropical, caracterizada por transporte de ar quente e umido sobre o setor costeiro.;Inverno;;;;;;;;;;;;;;;;
2022-08-09 00:00:00;Centro;mPa;A regiao encontra-se sob efeito direto de subsidencia e adveccao de ar frio e seco apos a passagem de uma frente fria, caracterizando o dominio da massa polar.;Inverno;;;;;;;;;;;;;;;;
2022-08-09 00:00:00;Sul;mPa;A região delimitada encontra-se sob influxo de ar frio e seco, característico da retaguarda de um sistema frontal que avançou sobre o Sul e o Sudeste do Brasil.;Inverno;;;;;;;;;;;;;;;;
2022-08-10 00:00:00;Norte;mEc;Região central da Bacia Amazônica sob domínio da massa equatorial continental, mantendo características de calor e umidade, sem a influência direta da frente fria ao sul.;Inverno;;;;;;;;;;;;;;;;
2022-08-10 00:00:00;Nordeste;mTa;Regiao sob dominio do fluxo de leste da circulacao oceanica tropical, caracterizando a influencia da massa tropical atlantica na costa e interior do Nordeste brasileiro.;Inverno;;;;;;;;;;;;;;;;
2022-08-10 00:00:00;Litoral;mTa;Regiao sob influencia predominante da circulacao maritima de leste/sudeste, mantendo caracteristicas de ar quente e umido associado a estabilidade termo-higrometrica da regiao.;Inverno;;;;;;;;;;;;;;;;
2022-08-10 00:00:00;Centro;mPa;A regiao delimitada encontra-se sob o fluxo de ventos do quadrante sul/sudoeste, instalado apos a passagem de uma frente fria, caracterizando o avanço de uma massa de ar polar.;Inverno;;;;;;;;;;;;;;;;
2022-08-10 00:00:00;Sul;mPa;A região delimitada situa-se no setor pós-frontal, sob a influência direta de um anticiclone migratório posicionado à retaguarda da frente fria, caracterizando o ingresso de mPa.;Inverno;;;;;;;;;;;;;;;;
2022-08-11 00:00:00;Norte;mEc;Região central da Bacia Amazônica sob domínio da massa de ar quente e úmida de origem continental, sem influência direta de sistemas frontais ou incursões de ar polar.;Inverno;;;;;;;;;;;;;;;;
2022-08-11 00:00:00;Nordeste;mTa;Predominância de fluxo marítimo de sudeste/leste, característico da circulação da alta pressão, transportando umidade e ar quente para o setor nordeste do continente.;Inverno;;;;;;;;;;;;;;;;
2022-08-11 00:00:00;Litoral;mTa;O litoral indicado encontra-se sob sobriedade da circulacao maritima associada ao escoamento de leste/sudeste, caracterizando o predomínio da Massa Tropical Atlantica na regiao.;Inverno;;;;;;;;;;;;;;;;
2022-08-11 00:00:00;Centro;mPa;A região delimitada encontra-se na retaguarda de um sistema frontal, caracterizada pela advecção de ar frio e seco, confirmada pela queda das temperaturas registradas na área.;Inverno;;;;;;;;;;;;;;;;
2022-08-11 00:00:00;Sul;mPa;Identifica-se a mPa devido ao avanço do sistema frontal sobre a região Sul, estabelecendo uma massa de ar frio e úmido no setor após a passagem da frente, com redução de indicadore;Inverno;;;;;;;;;;;;;;;;
2022-08-12 00:00:00;Norte;mEc;Região norte do Brasil sob influência da Massa Equatorial Continental, caracterizada por baixas pressões e altos teores de umidade típicos da bacia Amazônica.;Inverno;;;;;;;;;;;;;;;;
2022-08-12 00:00:00;Nordeste;mTa;Predominio da massa de ar tropical atlantica, caracterizada por fluxos de leste influenciados pela circulacao periferica da alta pressao do Atlantico Sul sobre a regiao nordeste.;Inverno;;;;;;;;;;;;;;;;
2022-08-12 00:00:00;Litoral;mPa;A regiao delimitada encontra-se sob a influencia da massa polar atlantica (mPa), caracterizada pelo avanco do sistema frontal que provoca adveccao de ar mais frio no setor.;Inverno;;;;;;;;;;;;;;;;
2022-08-12 00:00:00;Centro;mPa;A regiao delimitada encontra-se na retaguarda da frente fria, caracterizada por temperaturas amenas e subsidencia, configurando o avanco da massa de ar polar sobre o Sudeste/Centro;Inverno;;;;;;;;;;;;;;;;
2022-08-12 00:00:00;Sul;mPa;A região destacada encontra-se sob o setor frio, imediatamente a retaguarda da frente fria, caracterizando o ingresso e estabelecimento da Massa Polar Atlântica sobre o Sul brasile;Inverno;;;;;;;;;;;;;;;;
2022-08-13 00:00:00;Norte;mEc;A região amazônica, delimitada na carta, encontra-se sob domínio de ar quente e úmido característico da Massa Equatorial Continental, sem influência de sistemas frontais.;Inverno;;;;;;;;;;;;;;;;
2022-08-13 00:00:00;Nordeste;mTa;Predomínio de escoamento marítimo influenciado pela circulação da Alta Subtropical do Atlântico Sul, transportando ar quente e úmido sobre a região Nordeste.;Inverno;;;;;;;;;;;;;;;;
2022-08-13 00:00:00;Litoral;mTa;Regiao sob influencia do escoamento do quadrante leste, caracteristico da circulacao maritima associada a massa tropical atlantica, mantendo predominio de umidade e calor.;Inverno;;;;;;;;;;;;;;;;
2022-08-13 00:00:00;Centro;mPa;Regiao sob incidencia de subsidencia e adveccao fria pos-frontal, caracterizada por temperaturas amenas e dew point reduzido em relacao ao norte do continente.;Inverno;;;;;;;;;;;;;;;;
2022-08-13 00:00:00;Sul;mPa;A região delimitada no setor Sul encontra-se sob influência de massa de ar frio e seco, caracterizando o ingresso de uma mPa logo após a passagem da frente fria.;Inverno;;;;;;;;;;;;;;;;
2022-08-14 00:00:00;Norte;mEc;A regiao delimitada esta sob influencia da Massa Equatorial Continental, caracterizada por ambiente quente e umido sobre a Amazonia, sem interferencia de sistemas frontais.;Inverno;;;;;;;;;;;;;;;;
2022-08-14 00:00:00;Nordeste;mTa;Região sob influência direta do fluxo de leste marítimo característico do escoamento da massa Tropical Atlântica, mantendo condições térmicas e de umidade típicas do setor leste.;Inverno;;;;;;;;;;;;;;;;
2022-08-14 00:00:00;Litoral;mTa;Regiao sob influencia do escoamento do quadrante leste/sudeste associado ao anticiclone subtropical, caracterizando o dominio da massa tropical atlantica no litoral.;Inverno;;;;;;;;;;;;;;;;
2022-08-14 00:00:00;Centro;mPa;A região delimitada está sob influência da massa de ar polar, evidenciada pela advecção fria e queda nas pressões após a passagem de sistema frontal pelo setor central do país.;Inverno;;;;;;;;;;;;;;;;
2022-08-14 00:00:00;Sul;mPa;A região encontra-se submetida ao fluxo pós-frontal impulsionado pelo deslocamento da massa de ar polar, caracterizado pelo adensamento das isóbaras e queda nas temperaturas.;Inverno;;;;;;;;;;;;;;;;
2022-08-15 00:00:00;Norte;mEc;Região central dos estados do Norte sob influência direta da massa equatorial continental, caracterizada por aquecimento diurno e umidade elevada, típica desta área amazônica.;Inverno;;;;;;;;;;;;;;;;
2022-08-15 00:00:00;Nordeste;mTa;A região encontra-se sob influência do fluxo marítimo de sudeste, característico da atuação da massa Tropical Atlântica, que transporta umidade para o setor costeiro e o interior.;Inverno;;;;;;;;;;;;;;;;
2022-08-15 00:00:00;Litoral;mTa;A área delimitada encontra-se sob domínio direto do anticiclone sobre o Atlântico Sul, caracterizando a predominância da Massa Tropical Atlântica com fluxo marítimo quente e úmido.;Inverno;;;;;;;;;;;;;;;;
2022-08-15 00:00:00;Centro;mPa;A região sob o retângulo vermelho encontra-se sob influência de uma massa de ar pós-frontal, apresentando declínio de temperatura e umidade, características típicas da mPa.;Inverno;;;;;;;;;;;;;;;;
2022-08-15 00:00:00;Sul;mPa;A regiao delimitada esta sob influencia de uma massa de ar frio e seco, posicionada no setor de retaguarda de um sistema frontal, caracterizando a presenca predominante da mPa.;Inverno;;;;;;;;;;;;;;;;
2022-08-16 00:00:00;Norte;mEc;A região apresenta características de baixas latitudes sobre a bacia amazônica, estando sob influência da massa quente e úmida de origem continental, sem influência de sistemas fro;Inverno;;;;;;;;;;;;;;;;
2022-08-16 00:00:00;Nordeste;mTa;Predominio da persistente circulacao subtropical do Atlantico Sul fluindo sobre a região Nordeste, caracterizando a atuação da massa Tropical Atlantica com umidade moderada.;Inverno;;;;;;;;;;;;;;;;
2022-08-16 00:00:00;Litoral;mTa;A região delimitada encontra-se sob domínio do escoamento marítimo de ar quente e úmido, característico da circulação da Massa Tropical Atlântica no setor leste do Brasil.;Inverno;;;;;;;;;;;;;;;;
2022-08-16 00:00:00;Centro;mTa;Regiao sob dominio do fluxo do quadrante norte/nordeste associado ao escoamento da alta subtropical, caracterizando o predomino da Massa Tropical Atlantica.;Inverno;;;;;;;;;;;;;;;;
2022-08-16 00:00:00;Sul;mPa;Observa-se o avanço de uma massa de ar frio logo após a passagem do sistema frontal, caracterizando a predominância da mPa sobre a região delimitada.;Inverno;;;;;;;;;;;;;;;;
2022-08-17 00:00:00;Norte;mEc;Região situada na bacia Amazônica, caracterizada por altas temperaturas e elevada umidade, sob domínio da massa Equatorial Continental, sem influência de sistemas frontais.;Inverno;;;;;;;;;;;;;;;;
2022-08-17 00:00:00;Nordeste;mTa;A região delimitada sob influência da circulação anticiclônica do Atlântico Sul, apresentando características de massa quente e úmida típica desta zona de alta pressão.;Inverno;;;;;;;;;;;;;;;;
2022-08-17 00:00:00;Litoral;mTa;Regiao sob influencia direta das configuracoes subtropicais do Atlantico, caracterizada por subsidencia e adveccao de ar quente e umido maritimo sobre o litoral do Nordeste.;Inverno;;;;;;;;;;;;;;;;
2022-08-17 00:00:00;Centro;mPa;Região sob influência da Massa Polar Atlântica, caracterizada pelo avanço de ar frio e seco após a passagem de sistema frontal, evidenciado pelas baixas temperaturas relativas.;Inverno;;;;;;;;;;;;;;;;
2022-08-17 00:00:00;Sul;mPa;A região delimitada encontra-se na retaguarda de uma frente fria, caracterizada pelo ingresso de ar frio e seco, consolidando o avanço da massa polar sobre o Sul do Brasil.;Inverno;;;;;;;;;;;;;;;;
2022-08-18 00:00:00;Norte;mEc;Região sob influência da circulação equatorial amazônica. A área apresenta condições de estabilidade térmica característica da massa Equatorial Continental com alta umidade.;Inverno;;;;;;;;;;;;;;;;
2022-08-18 00:00:00;Nordeste;mTa;A região apresenta predominância de umidade e circulação marítima, sob influência direta do escoamento do Atlântico Tropical, caracterizando o domínio da massa Tropical Atlântica.;Inverno;;;;;;;;;;;;;;;;
2022-08-18 00:00:00;Litoral;mTa;Regiao sob influencia do fluxo maritimo do Atlantico Sul, caracterizado por massas de ar quente e umida predominantes na costa leste brasileira.;Inverno;;;;;;;;;;;;;;;;
2022-08-18 00:00:00;Centro;mPa;A região delimitada encontra-se sob efeito direto do avanço e subsidência da massa de ar pós-frontal, caracterizada por temperaturas reduzidas e gradientes de pressão pós-sistema.;Inverno;;;;;;;;;;;;;;;;
2022-08-18 00:00:00;Sul;mPa;Região sob influência direta de massa de ar frio e úmido, posicionada na retaguarda de sistema frontal, caracterizada por menores temperaturas e transporte de ar polar.;Inverno;;;;;;;;;;;;;;;;
2022-08-19 00:00:00;Norte;mEc;Região situada na Bacia Amazônica, sob influência predominante da massa de ar quente e úmida de origem continental, característica da estabilidade térmica equatorial continental.;Inverno;;;;;;;;;;;;;;;;
2022-08-19 00:00:00;Nordeste;mTa;A região encontra-se sob influência da circulação anticiclônica do Atlântico Sul, caracterizando a predominância da massa Tropical Atlântica (mTa), quente e úmida.;Inverno;;;;;;;;;;;;;;;;
2022-08-19 00:00:00;Litoral;mTa;A região delimitada encontra-se sob influência da circulação da Alta Subtropical do Atlântico Sul, caracterizando o predomínio de ar quente e úmido da massa Tropical Atlântica.;Inverno;;;;;;;;;;;;;;;;
2022-08-19 00:00:00;Centro;mPa;Regiao sob incidencia de massa de ar frio e seco, caracterizada pelo avanco de sistema frontal que impulsiona o deslocamento da mPa sobre o setor centro-sul do continente.;Inverno;;;;;;;;;;;;;;;;
2022-08-19 00:00:00;Sul;mPa;A região delimitada localiza-se na retaguarda de uma frente fria, caracterizada pelo ingresso de ar frio e seco, consolidando o predomínio da Massa Polar Atlântica.;Inverno;;;;;;;;;;;;;;;;
2022-08-20 00:00:00;Norte;mEc;Região central e norte da América do Sul sob domínio de massa quente e úmida, característica da Bacia Amazônica, mantendo condições térmicas elevadas antes da chegada de sistemas f;Inverno;;;;;;;;;;;;;;;;
2022-08-20 00:00:00;Nordeste;mTa;A região encontra-se sob influência do fluxo equatorial e tropical oceânico, característico do transporte de umidade da massa tropical atlântica que domina o setor leste do Brasil.;Inverno;;;;;;;;;;;;;;;;
2022-08-20 00:00:00;Litoral;mTa;Regiao sob fluxo marítimo estável, característico da circulação da alta subtropical do Atlântico Sul, transportando umidade e mantendo temperaturas amenas a elevadas.;Inverno;;;;;;;;;;;;;;;;
2022-08-20 00:00:00;Centro;mPa;A região delimitada encontra-se no quadrante posterior a uma frente fria, caracterizando o ingresso e domínio da massa de ar Polar Atlântica sobre o setor.;Inverno;;;;;;;;;;;;;;;;
2022-08-20 00:00:00;Sul;mPa;A região delimitada encontra-se sob efeito da massa polar atlântica, caracterizada pelo avanço de ar frio e seco na retaguarda da frente fria que atua no oceano.;Inverno;;;;;;;;;;;;;;;;
2022-08-21 00:00:00;Norte;mEc;A região delimitada abrange a bacia amazônica, onde a Massa Equatorial Continental prevalece devido às características de alta temperatura e umidade da bacia hidrográfica.;Inverno;;;;;;;;;;;;;;;;
2022-08-21 00:00:00;Nordeste;mTa;A região encontra-se sob influência do fluxo de sudeste estabelecido pelo sistema de alta pressão oceânico, caracterizando o domínio da massa Tropical Atlântica na costa e interior;Inverno;;;;;;;;;;;;;;;;
2022-08-21 00:00:00;Litoral;mPa;A regiao delimitada encontra-se na retaguarda da frente fria observada no litoral do Sudeste, caracterizando o avanco e influencia direta da massa de ar polar.;Inverno;;;;;;;;;;;;;;;;
2022-08-21 00:00:00;Centro;mPa;A região delimitada encontra-se sob a influência direta do avanço de uma massa de ar frio após a passagem de uma frente fria, caracterizada pelos gradientes de pressão e temperatur;Inverno;;;;;;;;;;;;;;;;
2022-08-21 00:00:00;Sul;mPa;A regiao delimitada encontra-se sob a influência direta do fluxo pós-frontal, apresentando temperaturas reduzidas e circulação ciclônica característica da massa de ar polar.;Inverno;;;;;;;;;;;;;;;;
2022-08-22 00:00:00;Norte;mEc;A região demarcada apresenta-se sob o domínio da massa equatorial continental, caracterizada por ambiente quente e úmido, típicos da bacia amazônica na ausência de sistemas frontai;Inverno;;;;;;;;;;;;;;;;
2022-08-22 00:00:00;Nordeste;mTa;Predominio da massa Tropical Atlantica, evidenciado pelo posicionamento da alta pressao sobre o oceano adjacente, transportando umidade para o setor costeiro e interior da regiao.;Inverno;;;;;;;;;;;;;;;;
2022-08-22 00:00:00;Litoral;mTa;A região delimitada no setor leste do Brasil está sob a influência do escoamento marítimo associado à alta pressão, caracterizando o predomínio da massa Tropical Atlântica.;Inverno;;;;;;;;;;;;;;;;
2022-08-22 00:00:00;Centro;mPa;A região apresenta temperaturas reduzidas e gradientes térmicos característicos após a passagem de sistema frontal, evidenciando o predomínio da mPa sobre o setor central do Brasil;Inverno;;;;;;;;;;;;;;;;
2022-08-22 00:00:00;Sul;mPa;A região encontra-se no quadrante posterior à passagem da frente fria, caracterizada pela incursão de ar frio e seco, típico da trajetória da massa polar atlântica sobre o Sul.;Inverno;;;;;;;;;;;;;;;;
2022-08-23 00:00:00;Norte;mEc;Regiao continental amazonica caracterizada por subsidencia e umidade, sob influencia direta das propriedades termodinamicas da massa de ar quente e umida de origem equatorial conti;Inverno;;;;;;;;;;;;;;;;
2022-08-23 00:00:00;Nordeste;mTa;Predominância de escoamento marítimo quente e úmido sobre a região Nordeste, característico da atuação da Massa Tropical Atlântica, sem influência direta de sistemas frontais.;Inverno;;;;;;;;;;;;;;;;
2022-08-23 00:00:00;Litoral;mTa;A região delimitada está sob forte influência do escoamento marítimo provocado pela ASAS, caracterizando o transporte de umidade e calor típico da Massa Tropical Atlântica no litor;Inverno;;;;;;;;;;;;;;;;
2022-08-23 00:00:00;Centro;mTa;Regiao sob fluxo predominante de leste/sudeste, mantendo caracteristicas de ar quente e umido tipico da persistencia da circulacao maritima sobre o centro-sudeste do Brasil.;Inverno;;;;;;;;;;;;;;;;
2022-08-23 00:00:00;Sul;mPa;A região delimitada encontra-se sob influência pós-frontal, com temperaturas em declínio e gradiente barométrico característico de uma incursão de Massa Polar Atlântica.;Inverno;;;;;;;;;;;;;;;;
2022-08-24 00:00:00;Norte;mEc;Regiao central e norte da Amazonia sob dominio da Massa Equatorial Continental, caracterizada por alta temperatura e elevada umidade, sem influencia de sistemas frontais.;Inverno;;;;;;;;;;;;;;;;
2022-08-24 00:00:00;Nordeste;mTa;Predominância de circulação marítima de leste/sudeste, transportando ar quente e úmido do oceano para o continente sob influência direta do gradiente de pressão da ASAS.;Inverno;;;;;;;;;;;;;;;;
2022-08-24 00:00:00;Litoral;mTa;A região sob influência do anticiclone estacionado no Atlântico Sul apresenta características térmicas e de umidade típicas da massa Tropical Atlântica, sem evidências de incursão ;Inverno;;;;;;;;;;;;;;;;
2022-08-24 00:00:00;Centro;mPa;Região sob influência de um sistema frontal em deslocamento. O avanço desta frente fria pela retaguarda determina a incursão e o predomínio da massa de ar polar (mPa) no setor.;Inverno;;;;;;;;;;;;;;;;
2022-08-24 00:00:00;Sul;mPa;A região delimitada encontra-se na retaguarda de um sistema frontal, sob a influência direta do avanço de ar frio e seco característico da Massa Polar Atlântica sobre o Sul.;Inverno;;;;;;;;;;;;;;;;
2022-08-25 00:00:00;Norte;mEc;A regiao delimitada esta sob influencia direta da massa de ar quente e umida caracteristica da bacia Amazonica, mantendo estabilidade termica sem interferencia de sistemas frontais;Inverno;;;;;;;;;;;;;;;;
2022-08-25 00:00:00;Nordeste;mTa;Região sob influência direta do fluxo de leste da alta pressão subtropical do Atlântico Sul, caracterizando o predomínio de ar quente e úmido de origem marítima (mTa).;Inverno;;;;;;;;;;;;;;;;
2022-08-25 00:00:00;Litoral;mTa;A região delimitada encontra-se sob a influência direta do escoamento marítimo associado ao domínio da alta pressão subtropical no Atlântico Sul, caracterizando a mTa.;Inverno;;;;;;;;;;;;;;;;
2022-08-25 00:00:00;Centro;mPa;A região encontra-se submetida à retaguarda de um sistema frontal, caracterizada pelo ingresso de ar frio e seco, típico da incursão da Massa Polar Atlântica.;Inverno;;;;;;;;;;;;;;;;
2022-08-25 00:00:00;Sul;mPa;A regiao apresenta predominancia de temperaturas amenas e pressao elevada, caracteristica da presenca da massa polar apos a passagem de sistema frontal pelo setor sul/sudeste.;Inverno;;;;;;;;;;;;;;;;
2022-08-26 00:00:00;Norte;mEc;Região central da Bacia Amazônica sob domínio de massa de ar quente e úmida, característica da mEc, consolidada sobre o setor sem influência de sistemas frontais.;Inverno;;;;;;;;;;;;;;;;
2022-08-26 00:00:00;Nordeste;mTa;A região encontra-se sob influência direta do fluxo de leste da circulação marítima, com características de transporte de ar quente e úmido originado pelo Atlântico Tropical.;Inverno;;;;;;;;;;;;;;;;
2022-08-26 00:00:00;Litoral;mTa;A área delimitada encontra-se sob domínio do escoamento marítimo de leste, característico da circulação de alta pressão oceânica, estabelecendo o fluxo da massa Tropical Atlântica.;Inverno;;;;;;;;;;;;;;;;
2022-08-26 00:00:00;Centro;mTa;Região sob influência direta do fluxo de circulação da ASAS, caracterizada pela predominância da massa de ar Tropical Atlântica (mTa), quente e úmida.;Inverno;;;;;;;;;;;;;;;;
2022-08-26 00:00:00;Sul;mPa;A região apresenta características de baixas temperaturas e umidade após a passagem de um sistema frontal, evidenciando o domínio da massa de ar polar sobre o Sul do Brasil.;Inverno;;;;;;;;;;;;;;;;
2022-08-27 00:00:00;Norte;mEc;Regiao sob dominio da Massa Equatorial Continental, caracterizada por baixas latitudes, altas temperaturas e elevada umidade, tipica da bacia amazonica nesta epoca do ano.;Inverno;;;;;;;;;;;;;;;;
2022-08-27 00:00:00;Nordeste;mTa;Predominância da Massa Tropical Atlântica, caracterizada pelo fluxo de ar estável e quente proveniente do Oceano Atlântico sobre a região Nordeste, mantendo as condições do setor.;Inverno;;;;;;;;;;;;;;;;
2022-08-27 00:00:00;Litoral;mTa;Regiao sob influencia do escoamento marítimo de leste/sudeste associado a ASAS, caracterizando o domínio da massa Tropical Atlântica com transporte de umidade em baixos níveis.;Inverno;;;;;;;;;;;;;;;;
2022-08-27 00:00:00;Centro;mTa;Região sob influência direta da circulação marítima da alta pressão, caracterizando a predominância da massa tropical atlântica com fluxo de umidade do oceano para o continente.;Inverno;;;;;;;;;;;;;;;;
2022-08-27 00:00:00;Sul;mPa;A região delimitada encontra-se sob influência de subsidência e advecção de ar frio após a passagem de sistema frontal, evidenciada pelos valores de temperatura e pressão.;Inverno;;;;;;;;;;;;;;;;
2022-08-28 00:00:00;Norte;mEc;A regiao delimitada esta sob influencia direta da Massa Equatorial Continental, caracterizada por condicoes de calor e alta umidade tipicas da bacia amazonica.;Inverno;;;;;;;;;;;;;;;;
2022-08-28 00:00:00;Nordeste;mTa;A região encontra-se sob influência do escoamento do setor leste, característico da circulação da alta pressão subtropical, transportando umidade do Atlântico para o litoral nordes;Inverno;;;;;;;;;;;;;;;;
2022-08-28 00:00:00;Litoral;mTa;A região delimitada encontra-se sob domínio da circulação marítima da alta pressão subtropical, caracterizando a presença da massa tropical atlântica ao longo do setor leste do Bra;Inverno;;;;;;;;;;;;;;;;
2022-08-28 00:00:00;Centro;mTa;Região predominantemente sob influência da circulação da alta pressão do Atlântico, caracterizando o transporte de ar quente e úmido de origem oceânica para o Brasil Central.;Inverno;;;;;;;;;;;;;;;;
2022-08-28 00:00:00;Sul;mPa;A região apresenta a passagem de uma frente fria, com o quadrante posicionado na retaguarda do sistema, caracterizando o avanço claro da Massa Polar Atlântica sobre o setor.;Inverno;;;;;;;;;;;;;;;;
2022-08-29 00:00:00;Norte;mEc;Regiao central da Amazonia sem influencia de sistemas frontais, caracterizada por alta umidade e temperaturas elevadas, configurando o dominio da Massa Equatorial Continental.;Inverno;;;;;;;;;;;;;;;;
2022-08-29 00:00:00;Nordeste;mTa;A região delimitada encontra-se sob domínio do escoamento marítimo de leste, caracterizando a atuação da massa de ar Tropical Atlântica, que transporta umidade vinda do oceano.;Inverno;;;;;;;;;;;;;;;;
2022-08-29 00:00:00;Litoral;mTa;A região delimitada encontra-se sob influência do escoamento marítimo de leste, característico da massa Tropical Atlântica, mantendo elevados índices de umidade e temperaturas amen;Inverno;;;;;;;;;;;;;;;;
2022-08-29 00:00:00;Centro;mPa;A região destacada encontra-se no setor pós-frontal, sob a influência direta do avanço de uma massa de ar frio e seco de origem polar, caracterizada na carta pelo deslocamento a su;Inverno;;;;;;;;;;;;;;;;
2022-08-29 00:00:00;Sul;mPa;A região delimitada encontra-se sob influência imediata da retaguarda de uma frente fria, caracterizada pela incursão de ar frio e úmido de origem polar.;Inverno;;;;;;;;;;;;;;;;
2022-08-30 00:00:00;Norte;mEc;A regiao delimitada esta sob influencia direta da massa de ar quente e umida caracteristica da Bacia Amazonica, mantendo estabilidade continental sem interferencia de frentes.;Inverno;;;;;;;;;;;;;;;;
2022-08-30 00:00:00;Nordeste;mTa;A região do Nordeste delimitada encontra-se sob influência direta da circulação marítima quente e úmida proveniente do Atlântico Sul, caracterizando a predominância da massa Tropic;Inverno;;;;;;;;;;;;;;;;
2022-08-30 00:00:00;Litoral;mTa;A área encontra-se sob influência do fluxo marítimo de sudeste, característico da circulação da alta pressão subtropical, definindo a predominância da mTa.;Inverno;;;;;;;;;;;;;;;;
2022-08-30 00:00:00;Centro;mPa;A região delimitada encontra-se na retaguarda de um sistema frontal, caracterizada pela incursão de ar frio e seco, consolidando o domínio da massa de ar polar atlântica.;Inverno;;;;;;;;;;;;;;;;
2022-08-30 00:00:00;Sul;mPa;A região delimitada encontra-se na retaguarda de um sistema frontal, caracterizada por baixas temperaturas e gradiente de pressão típico do avanço da Massa Polar Atlântica.;Inverno;;;;;;;;;;;;;;;;
2022-08-31 00:00:00;Norte;mEc;A região demarcada insere-se na bacia amazônica, caracterizada por altas temperaturas e elevada umidade, sob domínio da Massa Equatorial Continental sem influência de sistemas fron;Inverno;;;;;;;;;;;;;;;;
2022-08-31 00:00:00;Nordeste;mTa;Predomínio da Massa Tropical Atlântica, caracterizada pelo transporte de umidade e calor proveniente do oceano, influenciando o fluxo de leste sobre a região Nordeste continental.;Inverno;;;;;;;;;;;;;;;;
2022-08-31 00:00:00;Litoral;mTa;A região delimitada está sob forte influência do fluxo marítimo de sudeste associado ao centro de alta pressão do Atlântico, caracterizando a predominância da Massa Tropical Atlânt;Inverno;;;;;;;;;;;;;;;;
2022-08-31 00:00:00;Centro;mPa;A região delimitada encontra-se na retaguarda de um sistema frontal, caracterizando a incursão e o domínio de uma massa de ar frio e seco de origem polar sobre o setor.;Inverno;;;;;;;;;;;;;;;;
2022-08-31 00:00:00;Sul;mPa;A região apresenta o avanço e a estabilização de uma massa de ar frio e úmido no setor pós-frontal, com temperaturas reduzidas e baixos valores de ponto de orvalho.;Inverno;;;;;;;;;;;;;;;;
2022-09-01 00:00:00;Norte;mEc;Regiao central e norte da Amazonia sob influencia persistente da massa equatorial continental, caracterizada por alta umidade e temperaturas elevadas, sem influencia de sistemas fr;Inverno;;;;;;;;;;;;;;;;
2022-09-01 00:00:00;Nordeste;mTa;Regiao sob influencia predominante do escoamento de leste-sudeste, caracteristico da circulacao periferica da ASAS, que transporta ar quente e umido sobre o setor nordeste.;Inverno;;;;;;;;;;;;;;;;
2022-09-01 00:00:00;Litoral;mTa;A região delimitada encontra-se sob a influência direta do escoamento marítimo associado ao sistema de alta pressão que estabiliza o Atlântico Sul.;Inverno;;;;;;;;;;;;;;;;
2022-09-01 00:00:00;Centro;mPa;A região delimitada encontra-se sob a influência direta do avanço de uma massa de ar frio e seco, caracterizando o pós-frontal do sistema polar que atua sobre o centro-sul do país.;Inverno;;;;;;;;;;;;;;;;
2022-09-01 00:00:00;Sul;mPa;A região delimitada encontra-se sob influência de um sistema frontal com ar frio em retaguarda, caracterizando o avanço e o domínio da Massa Polar Atlântica (mPa) no setor sul.;Inverno;;;;;;;;;;;;;;;;
2022-09-02 00:00:00;Norte;mEc;A região delimitada abrange a bacia amazônica, onde predomina a Massa Equatorial Continental, caracterizada por altas temperaturas e elevada umidade em regime de calmaria.;Inverno;;;;;;;;;;;;;;;;
2022-09-02 00:00:00;Nordeste;mTa;Predominância da Massa Tropical Atlântica, caracterizada pelo fluxo de ar estável e quente proveniente do Oceano Atlântico sobre a região Nordeste, sob influência do sistema de alt;Inverno;;;;;;;;;;;;;;;;
2022-09-02 00:00:00;Litoral;mTa;A regiao delimitada esta sob influencia direta do fluxo maritimo constante, caracterizado por ar quente e umido transportado pela circulacao dominante do Atlantico Sul.;Inverno;;;;;;;;;;;;;;;;
2022-09-02 00:00:00;Centro;mTa;A região central encontra-se sob influência do fluxo equatorial marítimo, caracterizando-se pela estabilidade térmica e umidade associadas à circulação predominante da Massa Tropic;Inverno;;;;;;;;;;;;;;;;
2022-09-02 00:00:00;Sul;mPa;A região delimitada encontra-se sob a influência direta do avanço de uma massa de ar frio e seco, caracterizada pelo gradiente de pressão pós-frontal no setor Sul.;Inverno;;;;;;;;;;;;;;;;
2022-09-03 00:00:00;Norte;mEc;Regiao central da Amazonia sob influencia de massa de ar quente e umida de origem continental, mantendo caracteristicas termodinamicas tipicas de sua regiao de formacao.;Inverno;;;;;;;;;;;;;;;;
2022-09-03 00:00:00;Nordeste;mTa;Predomínio da Massa Tropical Atlântica, devido à influência direta do fluxo de sudeste provindo do sistema de alta pressão sobre o oceano, estabelecendo condições quentes e úmidas.;Inverno;;;;;;;;;;;;;;;;
2022-09-03 00:00:00;Litoral;mTa;A regiao delimitada esta sob o dominio do fluxo do quadrante leste/sudeste, caracteristico da circulacao marinha da mTa que atua sobre o litoral do Nordeste brasileiro.;Inverno;;;;;;;;;;;;;;;;
2022-09-03 00:00:00;Centro;mPa;A região demarcada encontra-se sob a influência direta do avanço de uma massa de ar frio e úmido posicionada na retaguarda de um sistema frontal, caracterizando a mPa.;Inverno;;;;;;;;;;;;;;;;
2022-09-03 00:00:00;Sul;mPa;A região delimitada encontra-se na retaguarda de um sistema frontal, caracterizando o ingresso e domínio de uma massa de ar polar, evidenciada por baixas temperaturas e pressão em ;Inverno;;;;;;;;;;;;;;;;
2022-09-04 00:00:00;Norte;mEc;A região demarcada encontra-se sobre a bacia amazônica, caracterizada por altas temperaturas e elevada umidade, evidenciando o domínio estabelecido pela Massa Equatorial Continenta;Inverno;;;;;;;;;;;;;;;;
2022-09-04 00:00:00;Nordeste;mTa;A região demarcada apresenta a influência predominante do fluxo de leste marítimo associado ao domínio da alta pressão subtropical do Atlântico Sul, caracterizando a mTa.;Inverno;;;;;;;;;;;;;;;;
2022-09-04 00:00:00;Litoral;mTa;A região delimitada está sob forte influência do escoamento marítimo oriundo do Atlântico Sul, caracterizando a predominância da Massa Tropical Atlântica (mTa) no setor leste.;Inverno;;;;;;;;;;;;;;;;
2022-09-04 00:00:00;Centro;mPa;A região sob o retângulo vermelho encontra-se posicionada na retaguarda de uma frente fria, caracterizando o ingresso de uma massa de ar frio e úmido de origem polar.;Inverno;;;;;;;;;;;;;;;;
2022-09-04 00:00:00;Sul;mPa;A região delimitada encontra-se sob sobressalto termobarométrico pós-frontal, com predomínio de circulação de quadrante sul, caracterizando a incursão da massa de ar polar atual.;Inverno;;;;;;;;;;;;;;;;
2022-09-05 00:00:00;Norte;mEc;Região situada na bacia Amazônica, caracterizada por temperaturas elevadas e alta umidade, sem a presença de sistemas frontais, confirmando o predomínio da massa Equatorial Contine;Inverno;;;;;;;;;;;;;;;;
2022-09-05 00:00:00;Nordeste;mTa;Predominância de fluxo marítimo de sudeste associado ao escoamento da alta pressão subtropical do Atlântico Sul, caracterizando a atuação da massa Tropical Atlântica na região.;Inverno;;;;;;;;;;;;;;;;
2022-09-05 00:00:00;Litoral;mTa;Regiao sob influencia do fluxo marítimo da alta subtropical, caracterizando o domínio da massa Tropical Atlântica com transportes de umidade e estabilidade.;Inverno;;;;;;;;;;;;;;;;
2022-09-05 00:00:00;Centro;mPa;A região apresenta o avanço de uma massa de ar fria e estável, com declínio térmico e gradiente de pressão característico após a passagem de sistema frontal pelo Sudeste/Centro-Oes;Inverno;;;;;;;;;;;;;;;;
2022-09-05 00:00:00;Sul;mPa;A região apresenta temperaturas reduzidas e gradiente térmico característico do avanço de uma massa de ar frio e úmida que segue a retaguarda do sistema frontal.;Inverno;;;;;;;;;;;;;;;;
2022-09-06 00:00:00;Norte;mEc;A região delimitada compreende a bacia amazônica e áreas continentais adjacentes, onde a massa de ar quente e úmida de origem continental predomina sem influência de sistemas front;Inverno;;;;;;;;;;;;;;;;
2022-09-06 00:00:00;Nordeste;mTa;A região demarcada encontra-se sob domínio direto do fluxo periférico da alta pressão subtropical do Atlântico Sul, caracterizando a atuação da massa Tropical Atlântica.;Inverno;;;;;;;;;;;;;;;;
2022-09-06 00:00:00;Litoral;mTa;A regiao delimitada esta sob influencia direta do fluxo marítimo do Atlantico Sul, caracterizando a predominancia da Massa Tropical Atlantica em ambiente de alta pressao.;Inverno;;;;;;;;;;;;;;;;
2022-09-06 00:00:00;Centro;mPa;A regiao delimitada encontra-se sob a influência direta do avanço de uma massa de ar frio e seco, posicionada na retaguarda de uma frente fria que atua no leste do país.;Inverno;;;;;;;;;;;;;;;;
2022-09-06 00:00:00;Sul;mPa;Observa-se o avanço da retaguarda de um sistema frontal, caracterizado por temperaturas reduzidas e ventos do quadrante sul, indicando gradiente térmico típico de incursão de mPa.;Inverno;;;;;;;;;;;;;;;;
2022-09-07 00:00:00;Norte;mEc;Região situada no domínio da bacia amazônica, caracterizada por altas temperaturas e elevada umidade, típicas da massa Equatorial Continental, sem influência de sistemas frontais.;Inverno;;;;;;;;;;;;;;;;
2022-09-07 00:00:00;Nordeste;mTa;A região encontra-se sob influência do escoamento marítimo oriundo do oceano Atlântico, configurando a predominância da Massa Tropical Atlântica (mTa) sobre o setor.;Inverno;;;;;;;;;;;;;;;;
2022-09-07 00:00:00;Litoral;mTa;Região sob influência direta da circulação marítima da Alta Subtropical do Atlântico Sul, caracterizando a predominância de ar tropical quente e úmido no setor costeiro.;Inverno;;;;;;;;;;;;;;;;
2022-09-07 00:00:00;Centro;mPa;A região apresenta o avanço e a estabilização de uma massa de ar frio e úmido após a passagem de uma frente fria, caracterizando o domínio da mPa no setor central do continente.;Inverno;;;;;;;;;;;;;;;;
2022-09-07 00:00:00;Sul;mPa;A região apresenta características típicas de pós-frontal, com temperaturas reduzidas e ventos de sul/sudeste, indicando o avanço e atuação de uma massa de ar frio e úmido.;Inverno;;;;;;;;;;;;;;;;
2022-09-08 00:00:00;Norte;mEc;Regiao sobre o interior do continente, caracterizada por alta umidade e temperaturas elevadas, configurando o dominio da massa de ar quente e umida de origem amazonica.;Inverno;;;;;;;;;;;;;;;;
2022-09-08 00:00:00;Nordeste;mTa;Regiao sob fluxo de leste influenciado pela circulacao maritima, apresentando caracteristicas tipicas da Massa Tropical Atlantica, com transporte de umidade do oceano para o contin;Inverno;;;;;;;;;;;;;;;;
2022-09-08 00:00:00;Litoral;mTa;Regiao sob clara influencia do escoamento marítimo persistente associado a circulacao do anticiclone sobre o Atlantico Sul, caracterizando a predominancia de ar quente e umido.;Inverno;;;;;;;;;;;;;;;;
2022-09-08 00:00:00;Centro;mPa;A região apresenta incursão de ar frio e seco após a passagem de uma frente fria, caracterizando o domínio da massa de ar polar sobre o centro-sul brasileiro.;Inverno;;;;;;;;;;;;;;;;
2022-09-08 00:00:00;Sul;mPa;A região delimitada encontra-se sob a influência direta do avanço de uma massa de ar frio e úmida, posicionada na retaguarda da frente fria que atua sobre o litoral do Sudeste.;Inverno;;;;;;;;;;;;;;;;
2022-09-09 00:00:00;Norte;mEc;A região delimitada compreende a bacia amazônica, onde predomina a Massa Equatorial Continental, caracterizada por ser quente e úmida, típica da região equatorial brasileira.;Inverno;;;;;;;;;;;;;;;;
2022-09-09 00:00:00;Nordeste;mTa;A região encontra-se sob influência do fluxo equatorial/tropical marítimo associado ao padrão de circulação zonal oceânica, caracterizando o domínio da massa tropical atlântica.;Inverno;;;;;;;;;;;;;;;;
2022-09-09 00:00:00;Litoral;mTa;A região delimitada encontra-se sob domínio do escoamento marítimo associado à alta pressão do Atlântico, configurando a predominância de ar tropical quente e úmido.;Inverno;;;;;;;;;;;;;;;;
2022-09-09 00:00:00;Centro;mTa;A região encontra-se sob influência do escoamento marítimo oriundo do Atlântico Sul, caracterizando a predominância da Massa Tropical Atlântica com transporte de umidade e ar aquec;Inverno;;;;;;;;;;;;;;;;
2022-09-09 00:00:00;Sul;mPa;A região delimitada está sob forte influência de uma massa de ar polar evidenciada pelas baixas temperaturas e pelo posicionamento pós-frontal do sistema na carta sinótica.;Inverno;;;;;;;;;;;;;;;;
2022-09-10 00:00:00;Norte;mEc;A região delimitada abrange a bacia amazônica e áreas centrais do Brasil, onde a influência da Massa Equatorial Continental é predominante, caracterizando-se como ar quente e úmido;Inverno;;;;;;;;;;;;;;;;
2022-09-10 00:00:00;Nordeste;mTa;A região é dominada pelo fluxo marítimo de sudeste/leste, característico da atuação da massa tropical atlântica, que prevalece na costa e interior do Nordeste brasileiro.;Inverno;;;;;;;;;;;;;;;;
2022-09-10 00:00:00;Litoral;mTa;Região sob influência direta do fluxo de sudeste/leste associado à célula de alta pressão oceânica, caracterizando a atuação da massa de ar Tropical Atlântica no litoral.;Inverno;;;;;;;;;;;;;;;;
2022-09-10 00:00:00;Centro;mTa;Predominância de ar quente e úmido no setor central conforme o gradiente barométrico e fluxo marítimo associado aos setores periféricos da ASAS sobre o Atlântico Sul.;Inverno;;;;;;;;;;;;;;;;
2022-09-10 00:00:00;Sul;mPa;A região delimitada situa-se no setor pós-frontal, sob a influência direta do avanço de uma massa de ar frio e seco, caracterizando a presença da massa polar atlântica (mPa).;Inverno;;;;;;;;;;;;;;;;
2022-09-11 00:00:00;Norte;mEc;Regiao central e norte da carta sob influencia da massa de ar oriunda da Amazonia, caracterizada por altas temperaturas e elevada umidade, na ausencia de subsidencia associada.;Inverno;;;;;;;;;;;;;;;;
2022-09-11 00:00:00;Nordeste;mTa;Predominio da massa Tropical Atlantica, caracterizada por sua natureza quente e umida, exercendo influencia sobre grande parte da costa e interior da regiao selecionada.;Inverno;;;;;;;;;;;;;;;;
2022-09-11 00:00:00;Litoral;mTa;Area sob influência direta do escoamento marítimo oriundo do sistema de alta pressão oceânico, com características de ar quente e úmido predominante no litoral leste brasileiro.;Inverno;;;;;;;;;;;;;;;;
2022-09-11 00:00:00;Centro;mPa;A região delimitada está sob influência da massa de ar pós-frontal, apresentando temperaturas reduzidas e circulação anticiclônica característica de intrusão da Massa Polar Atlânti;Inverno;;;;;;;;;;;;;;;;
2022-09-11 00:00:00;Sul;mPa;A regiao delimitada encontra-se sob a influencia da subsidencia de um sistema de alta pressao pos-frontal, caracterizando o ingresso e a predominancia de massa de ar frio e seco.;Inverno;;;;;;;;;;;;;;;;
2022-09-12 00:00:00;Norte;mEc;A região delimitada sobre a bacia amazônica caracteriza-se pela predominância de ar quente e úmido de origem continental, sem influência de sistemas frontais ou massas polares.;Inverno;;;;;;;;;;;;;;;;
2022-09-12 00:00:00;Nordeste;mTa;A região destacada é dominada pelo fluxo de leste/sudeste proveniente do Atlântico Tropical, caracterizando a presença da Massa Tropical Atlântica, quente e úmida.;Inverno;;;;;;;;;;;;;;;;
2022-09-12 00:00:00;Litoral;mTa;Região sob influência direta do escoamento marítimo persistente associado à circulação anticiclônica oceânica, caracterizando a atuação predominante da massa Tropical Atlântica.;Inverno;;;;;;;;;;;;;;;;
2022-09-12 00:00:00;Centro;mTc;Região central sob influência da Massa Tropical Continental, caracterizada pela predominância de baixos teores de umidade e temperaturas elevadas no interior do continente.;Inverno;;;;;;;;;;;;;;;;
2022-09-12 00:00:00;Sul;mPa;A região delimitada no setor Sul encontra-se sob influência direta do fluxo pós-frontal, apresentando declínio de temperatura e umidade característica da massa polar atlântica.;Inverno;;;;;;;;;;;;;;;;
2022-09-13 00:00:00;Norte;mEc;Regiao continental norte sob dominio termodinâmico da massa equatorial continental, caracterizada pelo ar quente e úmido típico das baixas latitudes da Amazonia.;Inverno;;;;;;;;;;;;;;;;
2022-09-13 00:00:00;Nordeste;mTa;A região encontra-se sob influência do escoamento do quadrante leste, característico da circulação da alta subtropical, transportando umidade do Atlântico para o setor oriental do ;Inverno;;;;;;;;;;;;;;;;
2022-09-13 00:00:00;Litoral;mTa;Região sob influência direta da circulação marítima quente e úmida característica da massa tropical atlântica, garantindo o predomínio dessa característica no setor leste.;Inverno;;;;;;;;;;;;;;;;
2022-09-13 00:00:00;Centro;mPa;A regiao delimitada encontra-se sob a influência direta do avanco da massa de ar polar, posicionada na retaguarda da frente fria que atua sobre o Sudeste e Centro-Oeste brasileiro.;Inverno;;;;;;;;;;;;;;;;
2022-09-13 00:00:00;Sul;mPa;A região delimitada está sob forte influência de uma massa de ar frio e úmido, posicionada na retaguarda do sistema frontal que avança pelo Sudeste/Sul do país.;Inverno;;;;;;;;;;;;;;;;
2022-09-14 00:00:00;Norte;mEc;A região central da bacia amazônica está sob domínio da massa Equatorial Continental, caracterizada pela predominância de ar quente e úmido no setor continental.;Inverno;;;;;;;;;;;;;;;;
2022-09-14 00:00:00;Nordeste;mTa;Predominio da subsidencia da alta subtropical do Atlantico Sul fluindo para o litoral e interior da regiao Nordeste, caracterizando o transporte de ar quente e umido pela mTa.;Inverno;;;;;;;;;;;;;;;;
2022-09-14 00:00:00;Litoral;mTa;A região delimitada encontra-se sob influência do fluxo de circulação marítima de leste/sudeste, característica da Massa Tropical Atlântica que domina o setor costeiro.;Inverno;;;;;;;;;;;;;;;;
2022-09-14 00:00:00;Centro;mPa;A regiao delimitada encontra-se sob a influencia da massa de ar pos-frontal, caracterizada pelo ingresso de ar frio e seco apos a passagem de sistema frontal sobre o setor.;Inverno;;;;;;;;;;;;;;;;
2022-09-14 00:00:00;Sul;mPa;A região delimitada apresenta temperaturas baixas e está situada na retaguarda de uma frente fria, caracterizando o avanço e a predominância da Massa Polar Atlântica.;Inverno;;;;;;;;;;;;;;;;
2022-09-15 00:00:00;Norte;mEc;A região selecionada abrange o setor norte/amazônico, caracterizado por altas temperaturas e elevada umidade, sob domínio da Massa Equatorial Continental sem influência de frentes.;Inverno;;;;;;;;;;;;;;;;
2022-09-15 00:00:00;Nordeste;mTa;Predominância de escoamento marítimo quente e úmido sob influência direta do sistema de alta pressão posicionado no Atlântico Sul, caracterizando a atuação da mTa na região.;Inverno;;;;;;;;;;;;;;;;
2022-09-15 00:00:00;Litoral;mTa;A regiao delimitada encontra-se sob a influência direta do escoamento marítimo associado ao centro de alta pressão do Atlântico Sul, caracterizando o predomínio de massa Tropical A;Inverno;;;;;;;;;;;;;;;;
2022-09-15 00:00:00;Centro;mPa;A região delimitada encontra-se sob a influência direta do avanço de uma massa de ar frio e seco, caracterizada pela presença de ar polar que penetra o continente após a passagem d;Inverno;;;;;;;;;;;;;;;;
2022-09-15 00:00:00;Sul;mPa;A região delimitada encontra-se sob o fluxo pós-frontal sul/sudeste, com temperaturas reduzidas e gradiente de pressão característico do avanço e estabilização da Massa Polar Atlân;Inverno;;;;;;;;;;;;;;;;
2022-09-16 00:00:00;Norte;mEc;A região delimitada abrange a bacia amazônica, onde predomina a Massa Equatorial Continental, caracterizada por temperaturas elevadas e alta umidade, típica da porção continental d;Inverno;;;;;;;;;;;;;;;;
2022-09-16 00:00:00;Nordeste;mTa;Região sob influência direta da circulação marítima do Atlântico Sul, caracterizada pela predominância da massa de ar Tropical Atlântica, que define as condições de tempo no setor.;Inverno;;;;;;;;;;;;;;;;
2022-09-16 00:00:00;Litoral;mTa;Regiao sob clara influencia do escoamento marítimo associado ao sistema de alta pressão oceânico, caracterizando o fluxo quente e úmido típico da massa Tropical Atlântica.;Inverno;;;;;;;;;;;;;;;;
2022-09-16 00:00:00;Centro;mPa;A região demarcada apresenta a penetração e o predomínio de ar frio e seco identificado na retaguarda de um sistema frontal, caracterizando a atuação da massa polar atlântica (mPa);Inverno;;;;;;;;;;;;;;;;
2022-09-16 00:00:00;Sul;mPa;A região delimitada encontra-se na retaguarda de uma frente fria, caracterizada pela advecção de ar frio e úmido, evidenciada pela queda nas temperaturas e valores térmicos reduzid;Inverno;;;;;;;;;;;;;;;;
2022-09-17 00:00:00;Norte;mEc;Região centrada na Bacia Amazônica, apresentando características de ar quente e úmido, típicas da massa continental equatorial, sem influência direta de sistemas frontais ou transi;Inverno;;;;;;;;;;;;;;;;
2022-09-17 00:00:00;Nordeste;mTa;Predominância de escoamento de leste-sudeste associado ao transporte de umidade do oceano Atlântico para o setor, caracterizando a influência da Massa Tropical Atlântica na região.;Inverno;;;;;;;;;;;;;;;;
2022-09-17 00:00:00;Litoral;mTa;A região delimitada encontra-se sob influência do fluxo de leste, característico da circulação da alta pressão subtropical do Atlântico, sendo dominada pela massa Tropical Atlântic;Inverno;;;;;;;;;;;;;;;;
2022-09-17 00:00:00;Centro;mPa;A região delimitada encontra-se sob efeito da incursão de uma massa de ar frio, verificada pela retaguarda de sistema frontal que avança sobre o Sudeste e Centro-Oeste brasileiro.;Inverno;;;;;;;;;;;;;;;;
2022-09-17 00:00:00;Sul;mPa;A região delimitada encontra-se sob a influência direta do fluxo de ar frio e úmido retaguarda de sistema frontal, caracterizando a atuação da Massa Polar Atlântica sobre o Sul.;Inverno;;;;;;;;;;;;;;;;
2022-09-18 00:00:00;Norte;mEc;Região central e norte da Amazônia, sob influência característica da massa de ar quente e úmida de origem continental, mantendo estabilidade térmica no setor.;Inverno;;;;;;;;;;;;;;;;
2022-09-18 00:00:00;Nordeste;mTa;Predominância de ar quente e úmido originado pelo escoamento marítimo de leste/sudeste, característico da atuação da circulação da alta subtropical sobre o oceano adjacente.;Inverno;;;;;;;;;;;;;;;;
2022-09-18 00:00:00;Litoral;mTa;A regiao delimitada esta sob influencia da circulacao de um centro de alta pressao no Atlantico Sul, caracterizando o dominio da Massa Tropical Atlantica (mTa) no litoral leste.;Inverno;;;;;;;;;;;;;;;;
2022-09-18 00:00:00;Centro;mTc;A região central encontra-se sob domínio de ar quente e seco, característico da subsidência e estabilidade da massa Tropical Continental sobre o interior do continente.;Inverno;;;;;;;;;;;;;;;;
2022-09-18 00:00:00;Sul;mPa;A região delimitada encontra-se sob a influência direta de um sistema pós-frontal, com predomínio de ar frio e seco característico da Massa Polar Atlântica.;Inverno;;;;;;;;;;;;;;;;
2022-09-19 00:00:00;Norte;mEc;Regiao sobre a bacia Amazonica apresentando elevado conteudo de umidade e temperaturas elevadas, caracteristica tipica da Massa Equatorial Continental sem influencia de sistemas fr;Inverno;;;;;;;;;;;;;;;;
2022-09-19 00:00:00;Nordeste;mTa;Regiao sob influencia do escoamento do quadrante leste, caracteristico da circulacao periferica da alta subtropical do Atlantico Sul, predominando a massa Tropical Atlantica.;Inverno;;;;;;;;;;;;;;;;
2022-09-19 00:00:00;Litoral;mTa;Regiao sob influencia do fluxo zonal leste/sudeste associado a alta pressao do Atlantico Sul, caracterizando a presenca predominante da Massa Tropical Atlantica (mTa) no setor cost;Inverno;;;;;;;;;;;;;;;;
2022-09-19 00:00:00;Centro;mTc;Regiao situada no interior do continente com predominancia de subsidencia e calor, caracteristica da atuacao da massa tropical continental sobre o Chaco e adjacencias.;Inverno;;;;;;;;;;;;;;;;
2022-09-19 00:00:00;Sul;mPa;A região delimitada está sob influência da retaguarda de um sistema frontal, caracterizada por temperaturas baixas e estabilidade, indicando a predominância da Massa Polar Atlântic;Inverno;;;;;;;;;;;;;;;;
2022-09-20 00:00:00;Norte;mEc;Regiao central da Amazonia sem influencias frontais, predominando caracteristicas tipicas de massa equatorial continental, quente e umida.;Inverno;;;;;;;;;;;;;;;;
2022-09-20 00:00:00;Nordeste;mTa;A região delimitada está sob forte influência do escoamento marítimo tropical, caracterizado pela estabilidade e umidade advindas do Atlântico Sul, predominando o domínio da mTa.;Inverno;;;;;;;;;;;;;;;;
2022-09-20 00:00:00;Litoral;mTa;Região sob influência direta do fluxo de leste da alta pressão oceânica, caracterizando o predomínio de ar quente e úmido de origem marítima tropical.;Inverno;;;;;;;;;;;;;;;;
2022-09-20 00:00:00;Centro;mPa;A regiao delimitada encontra-se sob a influencia da circulacao pos-frontal, caracterizada pelo avancamento de ar frio e seco apos a passagem de sistema frontal na regiao Sudeste.;Inverno;;;;;;;;;;;;;;;;
2022-09-20 00:00:00;Sul;mPa;A regiao encontra-se imediatamente a retaguarda da frente fria, caracterizada pela adveccao de ar mais frio e seco, indicando o claro dominio da massa de ar Polar.;Inverno;;;;;;;;;;;;;;;;
2022-09-21 00:00:00;Norte;mEc;A região amazônica, delimitada pelo retângulo, apresenta características de uma massa de ar quente e úmida, típica da sua origem continental na bacia do Amazonas, sem influência de;Inverno;;;;;;;;;;;;;;;;
2022-09-21 00:00:00;Nordeste;mTa;A região delimitada está sob forte influência do escoamento marítimo de leste, característico da circulação de base da alta subtropical no Atlântico Sul, transportando umidade e ca;Inverno;;;;;;;;;;;;;;;;
2022-09-21 00:00:00;Litoral;mTa;Região sob influência direta da circulação marítima quente e úmida originada do Atlântico Tropical, caracterizando o predomínio da massa Tropical Atlântica no litoral leste.;Inverno;;;;;;;;;;;;;;;;
2022-09-21 00:00:00;Centro;mTa;A região delimitada encontra-se sob domínio do escoamento anticiclônico do oceano, caracterizando a influência da Massa Tropical Atlântica com ar quente e úmido sobre o setor.;Inverno;;;;;;;;;;;;;;;;
2022-09-21 00:00:00;Sul;mPa;Regiao sob atuacao de massa de ar frio e seco pós-frontal, caracterizada pela diminuicao das temperaturas e estabilidade apos a passagem de sistema frontal sobre o Sul do Brasil.;Inverno;;;;;;;;;;;;;;;;
2022-09-22 00:00:00;Norte;mEc;A região delimitada abrange a bacia amazônica e áreas centrais do continente, onde a Massa Equatorial Continental (mEc) prevalece como a massa de ar quente e úmida característica.;Primavera;;;;;;;;;;;;;;;;
2022-09-22 00:00:00;Nordeste;mTa;Regiao sob predominio de fluxo de Leste decorrente da circulacao de alta pressao no Atlantico Sul, caracterizando a atuacao da massa de ar Tropical Atlantica.;Primavera;;;;;;;;;;;;;;;;
2022-09-22 00:00:00;Litoral;mTa;A região delimitada está sob o domínio do escoamento marítimo de leste/sudeste associado ao anticiclone do Atlântico Sul, caracterizando a atuação da massa Tropical Atlântica.;Primavera;;;;;;;;;;;;;;;;
2022-09-22 00:00:00;Centro;mPa;A regiao delimitada encontra-se sob a influencia da subsidencia pos-frontal, caracterizada por temperaturas amenas e avanco de massa de ar frio e seco sobre o centro do continente.;Primavera;;;;;;;;;;;;;;;;
2022-09-22 00:00:00;Sul;mPa;A região delimitada está sob a influência do pós-frontal, com advecção de temperaturas mais baixas e ventos do quadrante sul/sudoeste, caracterizando o domínio da massa polar.;Primavera;;;;;;;;;;;;;;;;
2022-09-23 00:00:00;Norte;mEc;A regiao delimitada esta sob influencia direta da circulacao amazonica equatorial, caracterizada por elevados indices de umidade e temperaturas elevadas, configurando o dominio da ;Primavera;;;;;;;;;;;;;;;;
2022-09-23 00:00:00;Nordeste;mTa;Predominância da Massa Tropical Atlântica, caracterizada pelo escoamento de leste a sudeste oriundo do oceano, influenciando o transporte de umidade para o setor costeiro e interio;Primavera;;;;;;;;;;;;;;;;
2022-09-23 00:00:00;Litoral;mTa;A regiao delimitada encontra-se sob a influencia direta da circulacao do anticiclone subtropical do Atlantico Sul, caracterizando o dominio da Massa Tropical Atlantica.;Primavera;;;;;;;;;;;;;;;;
2022-09-23 00:00:00;Centro;mPa;A regiao delimitada encontra-se no setor de retaguarda de uma frente fria, caracterizada pelo ingresso e predominio de ar frio e umido de origem polar.;Primavera;;;;;;;;;;;;;;;;
2022-09-23 00:00:00;Sul;mPa;Regiao sob clara influência pós-frontal, caracterizada pela advecção de ar frio e seco, com declínio térmico e declínio na pressão atmosférica após a passagem da frente fria.;Primavera;;;;;;;;;;;;;;;;
2022-09-24 00:00:00;Norte;mEc;A região delimitada sobre a bacia amazônica apresenta características de ar quente e úmido, típicas da mEc, que domina o setor norte do país nesta configuração sinótica.;Primavera;;;;;;;;;;;;;;;;
2022-09-24 00:00:00;Nordeste;mTa;Regiao sob influencia das correntes de leste advindas do anticiclone subtropical do Atlantico Sul, caracterizando a predominancia da massa Tropical Atlantica quente e umida.;Primavera;;;;;;;;;;;;;;;;
2022-09-24 00:00:00;Litoral;mTa;A região sob o retângulo vermelho está situada sob a influência direta do transporte marítimo de umidade associado à subsidência da ASAS, caracterizando o domínio da mTa.;Primavera;;;;;;;;;;;;;;;;
2022-09-24 00:00:00;Centro;mPa;A região delimitada está sob forte influência de uma massa de ar polar ativa, caracterizada pelo resfriamento acentuado e um padrão de fluxo pós-frontal na retaguarda da frente.;Primavera;;;;;;;;;;;;;;;;
2022-09-24 00:00:00;Sul;mPa;A região delimitada encontra-se na retaguarda de sistema frontal com circulação anticiclônica, indicando o ingresso e predominância de massa de ar frio e úmido de origem polar.;Primavera;;;;;;;;;;;;;;;;
2022-09-25 00:00:00;Norte;mEc;A região delimitada abrange a bacia amazônica e áreas continentais adjacentes, onde a massa de ar quente e úmida de origem continental (mEc) é soberana, mantendo elevadas temperatu;Primavera;;;;;;;;;;;;;;;;
2022-09-25 00:00:00;Nordeste;mTa;Regiao sob influencia do escoamento de leste-sudeste induzido pela ASAS, transportando ar quente e umido sobre o setor oriental do Nordeste brasileiro.;Primavera;;;;;;;;;;;;;;;;
2022-09-25 00:00:00;Litoral;mTa;A área delimitada encontra-se sob domínio do fluxo predominante da periferia da alta subtropical, caracterizando a atuação da massa Tropical Atlântica no setor leste do NE.;Primavera;;;;;;;;;;;;;;;;
2022-09-25 00:00:00;Centro;mPa;A região delimitada encontra-se sob efeito de advecção fria pós-frontal, com temperaturas em declínio e circulação anticiclônica característica da massa polar atlântica.;Primavera;;;;;;;;;;;;;;;;
2022-09-25 00:00:00;Sul;mPa;A regiao delimitada encontra-se sob a influência direta do setor pós-frontal, apresentando temperaturas baixas e condições típicas de subsidência e avanço da massa polar atlântica.;Primavera;;;;;;;;;;;;;;;;
2022-09-26 00:00:00;Norte;mEc;Região centrada na área amazônica sem influência de sistemas frontais, caracterizada pela predominância da massa de ar quente e úmida de origem continental.;Primavera;;;;;;;;;;;;;;;;
2022-09-26 00:00:00;Nordeste;mTa;A região encontra-se sob influência do escoamento do quadrante leste, característico do domínio da massa Tropical Atlântica, que predomina sobre o litoral e interior do Nordeste br;Primavera;;;;;;;;;;;;;;;;
2022-09-26 00:00:00;Litoral;mTa;Regiao sob influencia do escoamento de leste-nordeste associado a alta subtropical, caracterizando a atuacao da massa tropical atlantica com predominio de umidade e calor.;Primavera;;;;;;;;;;;;;;;;
2022-09-26 00:00:00;Centro;mPa;A região delimitada encontra-se sob o fluxo pós-frontal impulsionado pelo deslocamento da última frente fria, caracterizando a atuação e o ingresso da Massa Polar Atlântica.;Primavera;;;;;;;;;;;;;;;;
2022-09-26 00:00:00;Sul;mPa;A regiao delimitada encontra-se sob a influência direta do avanço da massa de ar polar, evidenciada pelas baixas temperaturas e pelo posicionamento pos-frontal do sistema.;Primavera;;;;;;;;;;;;;;;;
2022-09-27 00:00:00;Norte;mEc;A regiao delimitada esta sob influencia direta da circulacao sobre a bacia Amazonica, caracterizada pelo ar quente e umido tipico da massa Equatorial Continental.;Primavera;;;;;;;;;;;;;;;;
2022-09-27 00:00:00;Nordeste;mTa;A região encontra-se sob influência do fluxo marítimo vindo do Atlântico Sul, característico da massa Tropical Atlântica, que mantém condições de umidade e estabilidade no setor.;Primavera;;;;;;;;;;;;;;;;
2022-09-27 00:00:00;Litoral;mTa;A regiao delimitada esta sob influencia da circulacao periferica da alta pressao do Atlantico Sul, caracterizando a predominancia da Massa Tropical Atlantica (mTa) no setor litoran;Primavera;;;;;;;;;;;;;;;;
2022-09-27 00:00:00;Centro;mTa;A região encontra-se sob influência da circulação da alta pressão do Atlântico Sul, caracterizando a predominância de ar quente e úmido de origem marítima (mTa).;Primavera;;;;;;;;;;;;;;;;
2022-09-27 00:00:00;Sul;mPa;A região delimitada encontra-se sob efeito direto de uma incursão de Massa Polar Atlântica, evidenciada pelo posicionamento a retaguarda do sistema frontal que avança pelo oceano.;Primavera;;;;;;;;;;;;;;;;
2022-09-28 00:00:00;Norte;mEc;Região situada sobre a bacia amazônica, caracterizada pela predominância da massa equatorial continental, quente e úmida, típica desta área do continente.;Primavera;;;;;;;;;;;;;;;;
2022-09-28 00:00:00;Nordeste;mTa;Predominância de circulação marítima de leste/sudeste, transportando ar quente e úmido sobre o Nordeste brasileiro, sob influência do regime de alta pressão oceânica.;Primavera;;;;;;;;;;;;;;;;
2022-09-28 00:00:00;Litoral;mTa;Regiao sob incidencia de fluxo zonal maritimo e influencia direta da circulacao de alta pressao do Atlantico Sul, caracterizando o dominio da Massa Tropical Atlantica.;Primavera;;;;;;;;;;;;;;;;
2022-09-28 00:00:00;Centro;mPa;A região encontra-se submetida ao fluxo de sul/sudeste pós-frontal, com queda nas temperaturas e advecção de uma massa de ar frio e úmido característica de uma mPa.;Primavera;;;;;;;;;;;;;;;;
2022-09-28 00:00:00;Sul;mPa;A região delimitada encontra-se sob efeito direto de uma massa polar após a passagem de uma frente fria, evidenciada pelas baixas temperaturas e umidade no setor sul brasileiro.;Primavera;;;;;;;;;;;;;;;;
2022-09-29 00:00:00;Norte;mEc;A região destacada sobre a bacia amazônica apresenta características típicas de um sistema quente e úmido, sob domínio da massa Equatorial Continental, sem influência de sistemas f;Primavera;;;;;;;;;;;;;;;;
2022-09-29 00:00:00;Nordeste;mTa;Predominancia de escoamento de origem maritima tropical sobre o setor leste do Nordeste, mantendo caracteristicas de umidade e estabilidade associadas ao fluxo dos ventos aliseos.;Primavera;;;;;;;;;;;;;;;;
2022-09-29 00:00:00;Litoral;mTa;Regiao sob dominio do fluxo de leste/sudeste associado a ASAS, caracterizada por temperaturas amenas a elevadas e umidade oriunda do oceano, configurando a massa Tropical Atlantica;Primavera;;;;;;;;;;;;;;;;
2022-09-29 00:00:00;Centro;mPa;A região apresenta o avanço e a estabilização de ar frio e seco na retaguarda de sistema frontal, evidenciada por registros de temperatura abaixo de 20ºC no setor.;Primavera;;;;;;;;;;;;;;;;
2022-09-29 00:00:00;Sul;mPa;Região sob influência direta de um jato de ar frio e seco após a passagem de uma frente fria, caracterizada pela queda nas temperaturas e valores reduzidos de ponto de orvalho.;Primavera;;;;;;;;;;;;;;;;
2022-09-30 00:00:00;Norte;mEc;A região delimitada compreende a bacia amazônica. A ausência de sistemas frontais e a característica térmica e de umidade indicam o domínio da Massa Equatorial Continental (mEc).;Primavera;;;;;;;;;;;;;;;;
2022-09-30 00:00:00;Nordeste;mTa;Predominância de escoamento marítimo associado ao sistema de alta pressão oceânico, transportando umidade e estabilidade para a região nordestina.;Primavera;;;;;;;;;;;;;;;;
2022-09-30 00:00:00;Litoral;mTa;Regiao sob incidencia de fluxo marítimo oriundo do oceano, caracterizando o transporte de umidade e calor da Massa Tropical Atlântica sobre a costa do Nordeste brasileiro.;Primavera;;;;;;;;;;;;;;;;
2022-09-30 00:00:00;Centro;mPa;A região apresenta o ingresso de ar frio e seco após a passagem de uma frente fria, caracterizando a atuação da massa de ar polar (mPa) sobre o Centro-Oeste brasileiro.;Primavera;;;;;;;;;;;;;;;;
2022-09-30 00:00:00;Sul;mPa;A região delimitada encontra-se sob a influência direta do avanço de uma massa de ar frio e úmido após a passagem de sistema frontal, caracterizada por baixas temperaturas e umidad;Primavera;;;;;;;;;;;;;;;;
2022-10-01 00:00:00;Norte;mEc;A região demarcada encontra-se sobre o interior da bacia Amazônica, mantendo características de calor e umidade típicas da massa Equatorial Continental sob regime de calmaria.;Primavera;;;;;;;;;;;;;;;;
2022-10-01 00:00:00;Nordeste;mTa;Regiao sob predominio de fluxo de ar quente e umido vindo do Oceano Atlantico, caracteristico da massa Tropical Atlantica que domina a faixa litoranea e parte do interior do NE.;Primavera;;;;;;;;;;;;;;;;
2022-10-01 00:00:00;Litoral;mTa;Regiao sob influencia do escoamento do quadrante leste, caracteristico da massa de ar Tropical Atlantica, que se desloca do oceano para o continente com caracteristicas quentes e u;Primavera;;;;;;;;;;;;;;;;
2022-10-01 00:00:00;Centro;mPa;A região apresenta o avanço de uma massa de ar polar, evidenciado pela trajetória da frente fria ao sul e sudeste, caracterizando a entrada de ar frio e seco no setor delimitado.;Primavera;;;;;;;;;;;;;;;;
2022-10-01 00:00:00;Sul;mPa;A região demarcada apresenta temperaturas mais baixas e fluxo de sul/sudeste, caracterizando a atuação da mPa que avança logo atrás do sistema frontal observado no setor.;Primavera;;;;;;;;;;;;;;;;
2022-10-02 00:00:00;Norte;mEc;Região central da Bacia Amazônica sob domínio da massa quente e úmida de origem continental, característica da circulação equatorial sem interferência extratropical.;Primavera;;;;;;;;;;;;;;;;
2022-10-02 00:00:00;Nordeste;mTa;Regiao sob forte influencia do fluxo zonal de leste, caracteristico da circulacao periferica da alta pressao subtropical do Atlantico Sul, predominando condicoes de ar quente e umi;Primavera;;;;;;;;;;;;;;;;
2022-10-02 00:00:00;Litoral;mTa;A região do litoral delimitada encontra-se sob influência do escoamento marítimo associado ao sistema de alta pressão oceânico, caracterizando domínio da Massa Tropical Atlântica.;Primavera;;;;;;;;;;;;;;;;
2022-10-02 00:00:00;Centro;mTa;Regiao sob influencia predominante da circulacao maritima associada ao escoamento da ASAS, caracterizando massa de ar tropical quente e umida sobre o centro-leste do pais.;Primavera;;;;;;;;;;;;;;;;
2022-10-02 00:00:00;Sul;mPa;A região delimitada encontra-se na retaguarda de um sistema frontal, apresentando temperaturas reduzidas e baixos teores de umidade, característicos do ingresso da mPa no setor.;Primavera;;;;;;;;;;;;;;;;
2022-10-03 00:00:00;Norte;mEc;A região destacada sobre a bacia amazônica caracteriza-se por um ambiente quente e úmido, sob domínio da Massa Equatorial Continental, sem a influência direta de sistemas frontais.;Primavera;;;;;;;;;;;;;;;;
2022-10-03 00:00:00;Nordeste;mTa;A regiao delimitada esta sob influencia direta do escoamento do anticiclone subtropical, caracterizando o dominio da Massa Tropical Atlantica, com adveccao de calor e umidade.;Primavera;;;;;;;;;;;;;;;;
2022-10-03 00:00:00;Litoral;mTa;Regiao sob influencia da circulacao periferica da alta pressao subtropical, caracterizando o fluxo de uma massa de ar quente e umida sobre o setor costeiro analisado.;Primavera;;;;;;;;;;;;;;;;
2022-10-03 00:00:00;Centro;mPa;Região sob influência direta de ar frio e seco após o avanço de uma frente fria, caracterizado por temperaturas mais baixas e declínio na pressão atmosférica.;Primavera;;;;;;;;;;;;;;;;
2022-10-03 00:00:00;Sul;mPa;A região delimitada encontra-se sob influência imediata do setor pós-frontal, com o avanço da massa de ar oriunda de latitudes polares, caracterizada pelo resfriamento.;Primavera;;;;;;;;;;;;;;;;
2022-10-04 00:00:00;Norte;mEc;A região delimitada abrange a bacia amazônica e áreas centrais do continente, sob domínio da massa equatorial continental, caracterizada por natureza quente e úmida.;Primavera;;;;;;;;;;;;;;;;
2022-10-04 00:00:00;Nordeste;mTa;Predominancia da mTa sobre o Nordeste, caracterizada por fluxos de leste e sudeste sob a influencia do sistema de alta pressao do Atlantico Sul, garantindo ar quente e umido na reg;Primavera;;;;;;;;;;;;;;;;
2022-10-04 00:00:00;Litoral;mTa;Regiao sob influencia direta das circulacoes do Anticiclone Subtropical do Atlantico Sul, caracterizando o dominio da Massa Tropical Atlantica no setor costeiro.;Primavera;;;;;;;;;;;;;;;;
2022-10-04 00:00:00;Centro;mTc;Região central situada sobre a depressão do Chaco, caracterizada por baixas pressões relativas e temperaturas elevadas, configurando o domínio da massa Tropical Continental.;Primavera;;;;;;;;;;;;;;;;
2022-10-04 00:00:00;Sul;mPa;A região apresenta o ingresso de ar frio e seco identificado pela queda nas temperaturas e valores específicos de umidade após a passagem do sistema frontal, caracterizando a mPa.;Primavera;;;;;;;;;;;;;;;;
2022-10-05 00:00:00;Norte;mEc;Regiao central e norte da Amazonia sem influencia de sistemas frontais, caracterizada pela predominancia de ar quente e umido de origem equatorial continental.;Primavera;;;;;;;;;;;;;;;;
2022-10-05 00:00:00;Nordeste;mTa;A região encontra-se sob influência do escoamento marítimo de leste, característico do domínio da massa Tropical Atlântica, com estabilidade e umidade transportada sobre o leste no;Primavera;;;;;;;;;;;;;;;;
2022-10-05 00:00:00;Litoral;mTa;Predominio de circulacao maritima do quadrante leste, caracteristica da mTa, fluindo sobre o litoral nordestino sob influencia do escoamento zonal do Atlantico Sul.;Primavera;;;;;;;;;;;;;;;;
2022-10-05 00:00:00;Centro;mTc;A região central apresenta valores térmicos elevados e baixos teores de umidade, característicos da subsidência e aquecimento adiabático típicos da massa tropical continental.;Primavera;;;;;;;;;;;;;;;;
2022-10-05 00:00:00;Sul;mPa;A região delimitada encontra-se na retaguarda de sistema frontal, com fluxo de sul/sudeste característico da incursão de ar frio e úmido de origem polar.;Primavera;;;;;;;;;;;;;;;;
2022-10-06 00:00:00;Norte;mEc;Regiao central e norte sob influencia da massa de ar quente e umida caracteristica da bacia amazonica, apresentando estabilidade termica e sem perturbacoes frontais na area.;Primavera;;;;;;;;;;;;;;;;
2022-10-06 00:00:00;Nordeste;mTa;Região sob influência direta do fluxo de leste da alta pressão subtropical do Atlântico, configurando a predominância da Massa Tropical Atlântica (mTa) sobre o nordeste brasileiro.;Primavera;;;;;;;;;;;;;;;;
2022-10-06 00:00:00;Litoral;mTa;A regiao delimitada esta sob influencia direta do fluxo equatorial/tropical maritimo, caracteristico da circulacao periferica da alta pressao subtropical, definindo a predominancia;Primavera;;;;;;;;;;;;;;;;
2022-10-06 00:00:00;Centro;mPa;A região demarcada encontra-se sob sob os efeitos de um sistema frontal recente, caracterizada pela incursão de ar polar e queda de temperatura, definindo o domínio da mPa.;Primavera;;;;;;;;;;;;;;;;
2022-10-06 00:00:00;Sul;mPa;A região delimitada encontra-se sob influência direta do sistema de alta pressão pós-frontal, caracterizando a incursão e predomínio de ar polar frio e úmido no setor.;Primavera;;;;;;;;;;;;;;;;
2022-10-07 00:00:00;Norte;mEc;A área delimitada sobre a região amazônica apresenta características de ar quente e úmido, típicas da massa equatorial continental, sem influência de sistemas frontais no setor.;Primavera;;;;;;;;;;;;;;;;
2022-10-07 00:00:00;Nordeste;mTa;Regiao sob fluxo predominante de leste, caracterizado pelo transporte de umidade e calor oceânico típicos da massa tropical atlântica que atua na costa nordeste.;Primavera;;;;;;;;;;;;;;;;
2022-10-07 00:00:00;Litoral;mTa;Região litorânea sob influência direta do escoamento marítimo provindo do Atlântico Sul, caracterizando a atuação da massa de ar quente e úmida mTa no setor costeiro do Nordeste.;Primavera;;;;;;;;;;;;;;;;
2022-10-07 00:00:00;Centro;mPa;A região demarcada encontra-se sob o fluxo pós-frontal, com advecção de ventos de sul/sudeste característicos do avanço da massa de ar polar pelo continente.;Primavera;;;;;;;;;;;;;;;;
2022-10-07 00:00:00;Sul;mPa;A região demarcada apresenta entrada de ar frio após a passagem de uma frente fria, caracterizando o domínio da massa polar atlântica no setor.;Primavera;;;;;;;;;;;;;;;;
2022-10-08 00:00:00;Norte;mEc;A região delimitada abrange a bacia amazônica. A ausência de frentes frias ou influência direta de centros de alta pressão atlânticos caracteriza a predominância da massa Equatoria;Primavera;;;;;;;;;;;;;;;;
2022-10-08 00:00:00;Nordeste;mTa;A região é dominada pelo escoamento de leste-sudeste associado ao gradiente de pressão periférico da Alta Subtropical do Atlântico Sul, caracterizando a atuação da massa mTa.;Primavera;;;;;;;;;;;;;;;;
2022-10-08 00:00:00;Litoral;mTa;Regiao sob dominio do fluxo do setor oceanico de alta pressao, com caracteristicas de massa quente e umida caracteristica da circulacao tropical do Atlantico.;Primavera;;;;;;;;;;;;;;;;
2022-10-08 00:00:00;Centro;mTa;Região sob influência direta da circulação marítima e do escoamento de umidade proveniente do oceano, caracterizando o domínio da massa tropical atlântica no setor central.;Primavera;;;;;;;;;;;;;;;;
2022-10-08 00:00:00;Sul;mPa;A região delimitada encontra-se sob o domínio da retaguarda de um sistema frontal, caracterizada pela entrada e atuação de uma massa de ar frio e úmido de origem polar.;Primavera;;;;;;;;;;;;;;;;
2022-10-09 00:00:00;Norte;mEc;Região situada na bacia Amazônica, caracterizada por altas temperaturas e elevada umidade, sob domínio da massa Equatorial Continental, sem influência direta de sistemas frontais.;Primavera;;;;;;;;;;;;;;;;
2022-10-09 00:00:00;Nordeste;mTa;Predominância da massa Tropical Atlântica, caracterizada pelo escoamento marítimo de leste que transporta umidade e calor para a região em estabilidade.;Primavera;;;;;;;;;;;;;;;;
2022-10-09 00:00:00;Litoral;mTa;A regiao delimitada esta sob influencia direta do escoamento maritimo associado ao Anticiclone Subtropical do Atlantico Sul, caracterizando a predominancia da massa Tropical Atlant;Primavera;;;;;;;;;;;;;;;;
2022-10-09 00:00:00;Centro;mTc;Região sob influência de ar quente e seco no interior do continente, característico da atuação da massa Tropical Continental sobre o Centro-Oeste brasileiro.;Primavera;;;;;;;;;;;;;;;;
2022-10-09 00:00:00;Sul;mPa;A região delimitada encontra-se na retaguarda de um sistema frontal, sob a influência direta do deslocamento de ar frio e úmido de origem polar, caracterizando o ingresso da mPa.;Primavera;;;;;;;;;;;;;;;;
2022-10-10 00:00:00;Norte;mEc;Região central da Bacia Amazônica sob influência de ar quente e úmido, característico do domínio da Massa Equatorial Continental, sem a presença de sistemas frontais operando.;Primavera;;;;;;;;;;;;;;;;
2022-10-10 00:00:00;Nordeste;mTa;A região do Nordeste está sob a influência do fluxo marítimo do Atlântico Sul, característico da massa tropical marítima, que transporta umidade para o litoral e leste da região.;Primavera;;;;;;;;;;;;;;;;
2022-10-10 00:00:00;Litoral;mTa;Regiao sob dominio do fluxo do quadrante leste a sudeste, transportando ar quente e umido sobre o litoral sob influencia da circulacao periferica da alta pressao subtropical.;Primavera;;;;;;;;;;;;;;;;
2022-10-10 00:00:00;Centro;mPa;Regiao sob incidencia de instabilidades associadas a uma frente fria em deslocamento, com a retaguarda do sistema caracterizada pelo avanco da massa de ar mais fria e seca.;Primavera;;;;;;;;;;;;;;;;
2022-10-10 00:00:00;Sul;mPa;A região delimitada encontra-se sob a influência direta do avanço de uma massa polar após a passagem de sistema frontal, evidenciado pelas baixas temperaturas e ventos do quadrante;Primavera;;;;;;;;;;;;;;;;
2022-10-11 00:00:00;Norte;mEc;Região central da Bacia Amazônica sob domínio da massa de ar quente e úmida de origem continental, sem influência de sistemas frontais ou circulação de alta pressão oceânica.;Primavera;;;;;;;;;;;;;;;;
2022-10-11 00:00:00;Nordeste;mTa;A região encontra-se sob influência predominante do fluxo de leste da alta pressão oceânica, caracterizando o domínio da massa Tropical Atlântica, quente e úmida.;Primavera;;;;;;;;;;;;;;;;
2022-10-11 00:00:00;Litoral;mTa;A região delimitada está sob influência do fluxo equatorial/tropical do Atlântico, caracterizado por ar quente e úmido predominante no litoral do Nordeste brasileiro.;Primavera;;;;;;;;;;;;;;;;
2022-10-11 00:00:00;Centro;mPa;Observa-se o avanço de uma frente fria sobre a regiao, com o setor delimitado situando-se no pós-frontal, sob influencia direta do escoamento de ar frio e instavel da mPa.;Primavera;;;;;;;;;;;;;;;;
2022-10-11 00:00:00;Sul;mPa;Região sob influência direta de subsidência por ar frio e denso, com o escoamento de uma massa polar que avança pelo sul do continente, evidenciada pelas baixas temperaturas observ;Primavera;;;;;;;;;;;;;;;;
2022-10-12 00:00:00;Norte;mEc;A região delimitada abrange a bacia amazônica e áreas continentais adjacentes, onde predomina a massa tropical de características tropicais úmidas de origem equatorial.;Primavera;;;;;;;;;;;;;;;;
2022-10-12 00:00:00;Nordeste;mTa;A região do Nordeste está sob influência direta do fluxo marítimo de sudeste/leste, característico da massa tropical atlântica, que predomina em todo o setor da costa e interior.;Primavera;;;;;;;;;;;;;;;;
2022-10-12 00:00:00;Litoral;mTa;A regiao compreendida pelo litoral esta sob dominio do escoamento de leste/sudeste associado a alta pressao maritima, caracterizando a atuacao da massa Tropical Atlantica.;Primavera;;;;;;;;;;;;;;;;
2022-10-12 00:00:00;Centro;mTa;Região sob influência direta da circulação marítima da ASAS, apresentando características de temperatura e umidade típicas da massa Tropical Atlântica no setor central do país.;Primavera;;;;;;;;;;;;;;;;
2022-10-12 00:00:00;Sul;mPa;A região apresenta o avanço de uma massa de ar frio logo após a passagem da frente, evidenciado pelo declínio térmico e deslocamento do sistema de alta pressão de origem polar.;Primavera;;;;;;;;;;;;;;;;
2022-10-13 00:00:00;Norte;mEc;A região delimitada abrange a bacia amazônica e adjacências, onde a presença de ar quente e úmido, sem influência de sistemas frontais, caracteriza o domínio da massa Equatorial Co;Primavera;;;;;;;;;;;;;;;;
2022-10-13 00:00:00;Nordeste;mTa;A região do Nordeste delimitada encontra-se sob influência do fluxo de ventos alísios provenientes do setor oceânico, caracterizando a predominância da Massa Tropical Atlântica (mT;Primavera;;;;;;;;;;;;;;;;
2022-10-13 00:00:00;Litoral;mTa;O setor delimitado encontra-se sob efeito do transporte marítimo de umidade e calor, característico da predominância da massa Tropical Atlântica na costa leste brasileira.;Primavera;;;;;;;;;;;;;;;;
2022-10-13 00:00:00;Centro;mTa;Região central sob influência da circulação anticiclônica marítima, apresentando características de temperatura e umidade típicas da massa tropical atlântica que adentra o continen;Primavera;;;;;;;;;;;;;;;;
2022-10-13 00:00:00;Sul;mPa;A região encontra-se submetida ao fluxo pós-frontal, com advecção de valores de temperatura e umidade característicos da massa de ar polar, evidenciada pelo gradiente de pressão.;Primavera;;;;;;;;;;;;;;;;
2022-10-14 00:00:00;Norte;mEc;A região delimitada abrange a bacia amazônica, onde a influência predominante é da Massa Equatorial Continental, caracterizada por ser quente e úmida, mantendo estabilidade térmica;Primavera;;;;;;;;;;;;;;;;
2022-10-14 00:00:00;Nordeste;mTa;Regiao sob influencia do escoamento do anticiclone subtropical, caracterizada pelo transporte de ar quente e umido do Oceano Atlantico para o setor leste do Nordeste brasileiro.;Primavera;;;;;;;;;;;;;;;;
2022-10-14 00:00:00;Litoral;mTa;Região sob influência direta da circulação marítima da alta pressão do Atlântico, caracterizada por ventos do quadrante leste que transportam ar quente e úmido para o litoral.;Primavera;;;;;;;;;;;;;;;;
2022-10-14 00:00:00;Centro;mTa;A região encontra-se sob domínio do fluxo vindo do oceano, característico da circulação da ASAS, estabelecendo massa de ar quente e úmida sobre o centro-sudeste do Brasil.;Primavera;;;;;;;;;;;;;;;;
2022-10-14 00:00:00;Sul;mPa;A região apresenta características de decréscimo térmico e umidade, situando-se no setor pós-frontal, o que caracteriza a incursão da massa de ar polar sob regime de circulação cyc;Primavera;;;;;;;;;;;;;;;;
2022-10-15 00:00:00;Norte;mEc;Regiao central e norte da Amazonia sob influencia da massa de ar quente e umida caracteristica, com estabilidade atmosferica local e ausencia de influencia polar direta no setor.;Primavera;;;;;;;;;;;;;;;;
2022-10-15 00:00:00;Nordeste;mTa;A região encontra-se sob influência direta da circulação marítima do Atlântico Sul, caracterizando o predomínio de ar quente e úmido transportado por fluxos de leste-sudeste.;Primavera;;;;;;;;;;;;;;;;
2022-10-15 00:00:00;Litoral;mTa;A região delimitada está sob a influência do escoamento marítimo associado ao sistema de alta pressão subtropical no Atlântico, caracterizando a atuação da mTa.;Primavera;;;;;;;;;;;;;;;;
2022-10-15 00:00:00;Centro;mTa;A região encontra-se sob influência do fluxo equatorial/tropical marítimo com características quentes e úmidas, típico do escoamento da massa tropical atlântica em atuação.;Primavera;;;;;;;;;;;;;;;;
2022-10-15 00:00:00;Sul;mPa;Regiao sob influencia de massa de ar polar, evidenciada pela queda nas temperaturas e posicao pos-frontal, indicando avanco de ar frio e seco sobre o setor sul apos a passagem do s;Primavera;;;;;;;;;;;;;;;;
2022-10-16 00:00:00;Norte;mEc;Região central e norte sob domínio de massa de ar quente e úmida, característica da circulação amazônica, ausente de influência direta de sistemas frontais ou de alta pressão marít;Primavera;;;;;;;;;;;;;;;;
2022-10-16 00:00:00;Nordeste;mTa;Região sob influência direta do fluxo de escoamento zonal e anticiclônico do Atlântico Sul, caracterizando a predominância de ar quente e úmido de origem marítima.;Primavera;;;;;;;;;;;;;;;;
2022-10-16 00:00:00;Litoral;mTa;A região delimitada está sob forte influência do fluxo marítimo da circulação da Alta Subtropical do Atlântico Sul, caracterizando a predominância da Massa Tropical Atlântica.;Primavera;;;;;;;;;;;;;;;;
2022-10-16 00:00:00;Centro;mTa;A região encontra-se sob influência do escoamento marítimo oriundo da ASAS, caracterizando o domínio da massa Tropical Atlântica com transporte de umidade em baixos níveis.;Primavera;;;;;;;;;;;;;;;;
2022-10-16 00:00:00;Sul;mPa;A região encontra-se sob influência de uma massa de ar pós-frontal, caracterizada pelo gradiente de pressão e o avanço da mPa, promovendo condições de instabilidade e resfriamento.;Primavera;;;;;;;;;;;;;;;;
2022-10-17 00:00:00;Norte;mEc;A regiao delimitada esta sob influencia da Massa Equatorial Continental, caracterizada por alta umidade e temperaturas elevadas, predominante sobre a bacia Amazonica sem interferen;Primavera;;;;;;;;;;;;;;;;
2022-10-17 00:00:00;Nordeste;mTa;A região apresenta características típicas de estabilidade sob influência da circulação marítima, confirmando a predominância da Massa Tropical Atlântica na área delimitada.;Primavera;;;;;;;;;;;;;;;;
2022-10-17 00:00:00;Litoral;mTa;A região delimitada encontra-se sob a influência do escoamento de leste/sudeste associado ao transporte de umidade do oceano para o continente, sob domínio da massa tropical atlânt;Primavera;;;;;;;;;;;;;;;;
2022-10-17 00:00:00;Centro;mTa;A região apresenta estabilidade sob influência da circulação marítima da ASAS, com características térmicas e de umidade típicas da massa tropical atlântica.;Primavera;;;;;;;;;;;;;;;;
2022-10-17 00:00:00;Sul;mPa;Regiao sob influencia de adveccao de ar frio e seco, pos-passagem de sistema frontal, evidenciada pelos valores de temperatura e ponto de orvalho reduzidos no setor sul.;Primavera;;;;;;;;;;;;;;;;
2022-10-18 00:00:00;Norte;mEc;Região central da Bacia Amazônica, caracterizada por altas temperaturas e elevada umidade, evidenciando o domínio da massa equatorial continental sobre o setor.;Primavera;;;;;;;;;;;;;;;;
2022-10-18 00:00:00;Nordeste;mTa;A região do Nordeste delimitada encontra-se sob influência do fluxo de sudeste estabelecido pela grande área de alta pressão do Atlântico, configurando a predominância da massa Tro;Primavera;;;;;;;;;;;;;;;;
2022-10-18 00:00:00;Litoral;mTa;Regiao sob influencia do escoamento de um sistema de alta pressao no Atlantico Sul, caracterizando a predominancia da massa Tropical Atlantica com transporte de umidade para o lito;Primavera;;;;;;;;;;;;;;;;
2022-10-18 00:00:00;Centro;mTc;Regiao central do continente sob influencia de subsidencia e aquecimento adiabatico, caracterizando ar quente e seco tipico da massa Tropical Continental.;Primavera;;;;;;;;;;;;;;;;
2022-10-18 00:00:00;Sul;mPa;A região destacada apresenta condições de temperaturas mais baixas e fluxo de sul/sudeste, caracterizando a permanência de uma massa de ar frio e úmido após a passagem de uma frent;Primavera;;;;;;;;;;;;;;;;
2022-10-19 00:00:00;Norte;mEc;Região localizada sobre a bacia amazônica, caracterizada por alta umidade e temperaturas elevadas, sob domínio da Massa Equatorial Continental (mEc) em sua configuração típica.;Primavera;;;;;;;;;;;;;;;;
2022-10-19 00:00:00;Nordeste;mTa;Predominio da massa Tropical Atlantica na região, caracterizada por ventos de setor leste que transportam umidade do oceano para o continente sob influencia da subsidencia subtropi;Primavera;;;;;;;;;;;;;;;;
2022-10-19 00:00:00;Litoral;mTa;A região delimitada encontra-se sob influência do escoamento marítimo persistente da circulação de alta pressão do Atlântico, caracterizando o domínio da massa Tropical Atlântica.;Primavera;;;;;;;;;;;;;;;;
2022-10-19 00:00:00;Centro;mTa;Regiao sob influencia das configuracoes de campo de pressao perifericas a ASAS, estabelecendo fluxo de leste/nordeste com caracteristicas tropicais maritimas quentes e umidas.;Primavera;;;;;;;;;;;;;;;;
2022-10-19 00:00:00;Sul;mPa;A região delimitada localiza-se na retaguarda de sistema frontal, sob a influência direta do escoamento de uma massa de ar frio e úmido de origem polar.;Primavera;;;;;;;;;;;;;;;;
2022-10-20 00:00:00;Norte;mEc;Região sobre o território amazônico sob influência de ar quente e úmido, característico do domínio da massa Equatorial Continental, sem atuação de sistemas frontais no setor.;Primavera;;;;;;;;;;;;;;;;
2022-10-20 00:00:00;Nordeste;mTa;Regiao sob clara influencia do transporte de umidade e estabilidade do fluxo de leste, caracteristico do dominio da Massa Tropical Atlantica no setor nordestino brasileiro.;Primavera;;;;;;;;;;;;;;;;
2022-10-20 00:00:00;Litoral;mTa;Predominancia de escoamento vindo do Atlantico Sul sob influencia das regioes de alta pressao, caracterizando a presenca da Massa Tropical Atlantica no setor costeiro indicado.;Primavera;;;;;;;;;;;;;;;;
2022-10-20 00:00:00;Centro;mPa;A região delimitada está sob a influência do fluxo pós-frontal, caracterizado por temperaturas mais amenas e regime de ventos de sul/sudeste típico do avanço da mPa.;Primavera;;;;;;;;;;;;;;;;
2022-10-20 00:00:00;Sul;mPa;A região apresenta o avanço de uma massa de ar frio e seco após a passagem de uma frente fria, caracterizada pela queda de temperatura e declínio do ponto de orvalho observado.;Primavera;;;;;;;;;;;;;;;;
2022-10-21 00:00:00;Norte;mEc;Regiao central do Norte do Brasil caracterizada pelo domínio da massa equatorial continental, apresentando elevadas temperaturas e umidade sobre a bacia Amazonica.;Primavera;;;;;;;;;;;;;;;;
2022-10-21 00:00:00;Nordeste;mTa;A região encontra-se sob influência do fluxo de leste do Atlântico, característico da circulação da ASAS, favorecendo o transporte de umidade e estabilidade, típica da mTa.;Primavera;;;;;;;;;;;;;;;;
2022-10-21 00:00:00;Litoral;mTa;A região delimitada está sob forte influência do fluxo marítimo da alta subtropical, caracterizando o predomínio de ar quente e úmido com estabilidade térmica típica da mTa.;Primavera;;;;;;;;;;;;;;;;
2022-10-21 00:00:00;Centro;mTa;A região encontra-se submetida ao fluxo de norte/nordeste periférico à ASAS, caracterizando o predomínio de ar quente e úmido de origem oceânica que transporta umidade para o centr;Primavera;;;;;;;;;;;;;;;;
2022-10-21 00:00:00;Sul;mPa;A região sob o retângulo vermelho encontra-se localizada logo atrás da frente fria, caracterizando o ingresso de ar frio e seco proveniente da massa polar atlântica marítima.;Primavera;;;;;;;;;;;;;;;;
2022-10-22 00:00:00;Norte;mEc;Região localizada sobre o domínio da bacia amazônica, caracterizada por baixas pressões térmicas e ausência de sistemas frontais externos, sendo influenciada diretamente pela mEc.;Primavera;;;;;;;;;;;;;;;;
2022-10-22 00:00:00;Nordeste;mTa;Regiao sob clara influencia do escoamento de leste do Atlantico Sul, sob dominio da circulacao da alta subtropical, caracterizando o fluxo da Massa Tropical Atlantica.;Primavera;;;;;;;;;;;;;;;;
2022-10-22 00:00:00;Litoral;mTa;A regiao delimitada encontra-se sob circulacao de leste/sudeste, com valores de pressao e umidade caracteristicos da atuacao da massa de ar tropical maritima.;Primavera;;;;;;;;;;;;;;;;
2022-10-22 00:00:00;Centro;mPa;A região do retângulo central está situada logo após a passagem de uma frente fria, evidenciado pelos valores de temperatura e umidade característicos do avanço de uma massa polar.;Primavera;;;;;;;;;;;;;;;;
2022-10-22 00:00:00;Sul;mPa;A região delimitada encontra-se no setor pós-frontal, sob a influência direta do avanço de uma massa de ar frio e úmido deslocando-se sobre o Sul e Sudeste do Brasil.;Primavera;;;;;;;;;;;;;;;;
2022-10-23 00:00:00;Norte;mEc;A região delimitada abrange a bacia amazônica, onde predomina uma massa de ar quente e úmida de origem continental, característica da mEc, consolidada sobre o setor Norte do país.;Primavera;;;;;;;;;;;;;;;;
2022-10-23 00:00:00;Nordeste;mTa;A região encontra-se sob influência da circulação marítima de leste, caracterizando o domínio da massa Tropical Atlântica, responsável pelas condições de estabilidade e umidade loc;Primavera;;;;;;;;;;;;;;;;
2022-10-23 00:00:00;Litoral;mTa;Predominancia de escoamento maritimo associado ao sistema de alta pressao do Atlantico Sul, transportando ar quente e umido para o litoral da regiao Sudeste.;Primavera;;;;;;;;;;;;;;;;
2022-10-23 00:00:00;Centro;mTa;A regiao encontra-se sob circulacao de leste/sudeste, indicando predominancia da Massa Tropical Atlantica, que avanca sobre o interior do pais com caracteristicas quentes e umidas.;Primavera;;;;;;;;;;;;;;;;
2022-10-23 00:00:00;Sul;mPa;A região delimitada encontra-se na retaguarda de um sistema frontal, com fluxo de sul predominante transportando ar frio e úmido de origem polar.;Primavera;;;;;;;;;;;;;;;;
2022-10-24 00:00:00;Norte;mEc;Regiao sobreposta a bacia amazonica, caracterizada por baixos gradientes de pressao e estabilidade nas caracteristicas termodinâmicas da massa de ar Equatorial Continental.;Primavera;;;;;;;;;;;;;;;;
2022-10-24 00:00:00;Nordeste;mTa;Região sob influência direta do escoamento de leste do Atlântico, caracterizada por alta pressão subtropical que transporta umidade e calor para o Nordeste brasileiro.;Primavera;;;;;;;;;;;;;;;;
2022-10-24 00:00:00;Litoral;mTa;A região delimitada situa-se sob influência do escoamento marítimo oriundo do oceano Atlântico subtropical, caracterizando a predominância da Massa Tropical Atlântica (mTa).;Primavera;;;;;;;;;;;;;;;;
2022-10-24 00:00:00;Centro;mTa;A região apresenta características de estabilidade e fluxo predominante de leste/sudeste, indicando a influência direta da massa de ar Tropical Atlântica sobre o setor.;Primavera;;;;;;;;;;;;;;;;
2022-10-24 00:00:00;Sul;mPa;Região sob influência de ar frio e seco após a passagem de sistema frontal, caracterizada pelos valores térmicos reduzidos e gradiente de pressão típico de pós-frontal.;Primavera;;;;;;;;;;;;;;;;
2022-10-25 00:00:00;Norte;mEc;Regiao compreendida pela bacia amazonica, caracterizada pelo dominio de ar quente e umido, sem influencia de sistemas frontais ou de altas pressoes extratropicais.;Primavera;;;;;;;;;;;;;;;;
2022-10-25 00:00:00;Nordeste;mTa;Predominio da massa de ar Tropical Atlantica na regiao Nordeste, caracterizada por subsidencia e estabilidade sob a influencia do escoamento zonal oriundo do Oceano Atlantico.;Primavera;;;;;;;;;;;;;;;;
2022-10-25 00:00:00;Litoral;mTa;Predominio da massa de ar Tropical Atlantica, caracterizada por condicoes de estabilidade e umidade que influenciam o litoral oriental brasileiro sob a periferia do sistema de alta;Primavera;;;;;;;;;;;;;;;;
2022-10-25 00:00:00;Centro;mTa;Região central sob influência direta do fluxo de leste/nordeste proveniente do Atlântico Sul, caracterizando a predominância de ar quente e úmido transportado por este sistema.;Primavera;;;;;;;;;;;;;;;;
2022-10-25 00:00:00;Sul;mPa;A região apresenta o avanço de uma massa polar após a passagem de sistema frontal, evidenciado pelas condições de umidade e circulação nos campos de pressão do setor Sul.;Primavera;;;;;;;;;;;;;;;;
2022-10-26 00:00:00;Norte;mEc;Regiao central e norte da Amazonia sob dominio da massa equatorial continental, caracterizada pelo ar quente e umido, sem influencia de sistemas frontais ou incursao de ar polar.;Primavera;;;;;;;;;;;;;;;;
2022-10-26 00:00:00;Nordeste;mTa;A região do Nordeste delimitada encontra-se sob influência predominante do fluxo de leste/sudeste associado à circulação oceânica, caracterizando a atuação da massa Tropical Atlânt;Primavera;;;;;;;;;;;;;;;;
2022-10-26 00:00:00;Litoral;mTa;Regiao sob fluxo predominante de leste/sudeste associado ao escoamento marítimo, caracterizando a atuação da massa de ar Tropical Atlântica com características quentes e úmidas.;Primavera;;;;;;;;;;;;;;;;
2022-10-26 00:00:00;Centro;mTa;A região central delimitada está sob forte influência do escoamento do quadrante leste/nordeste associado à ASAS, estabelecendo o predomínio da massa tropical atlântica no setor.;Primavera;;;;;;;;;;;;;;;;
2022-10-26 00:00:00;Sul;mPa;A região delimitada encontra-se sob influência de um sistema frontal com escoamento de sul/sudoeste, caracterizando o ingresso de ar frio e úmido após a passagem da frente.;Primavera;;;;;;;;;;;;;;;;
2022-10-27 00:00:00;Norte;mEc;A região demarcada encontra-se sobre a bacia amazônica, caracterizada pela predominância de uma massa de ar quente e úmida de origem continental, sem influência de sistemas frontai;Primavera;;;;;;;;;;;;;;;;
2022-10-27 00:00:00;Nordeste;mTa;A região delimitada está sob forte influência do fluxo marítimo de sudeste, característico da circulação da alta pressão subtropical do Atlântico Sul, predominando a massa Tropical;Primavera;;;;;;;;;;;;;;;;
2022-10-27 00:00:00;Litoral;mTa;Regiao sob influencia do escoamento do quadrante leste/sudeste associado ao anticiclone subtropical, caracterizando o dominio da massa tropical atlantica no litoral nordestino.;Primavera;;;;;;;;;;;;;;;;
2022-10-27 00:00:00;Centro;mTa;Predomínio de característica quente e úmida sob influência do escoamento marítimo na região leste do centro, consolidando a atuação da massa Tropical Atlântica.;Primavera;;;;;;;;;;;;;;;;
2022-10-27 00:00:00;Sul;mPa;A região apresenta o avanço de uma massa de ar frio e úmido no setor pós-frontal, com queda nas temperaturas e mudança na direção do vento, caracterizando a atuação da mPa.;Primavera;;;;;;;;;;;;;;;;
2022-10-28 00:00:00;Norte;mEc;A regiao delimitada sobre a Amazonia apresenta baixos gradientes de pressao e estabilidade termodinamica caracteristica, sob predominio da massa equatorial continental (mEc).;Primavera;;;;;;;;;;;;;;;;
2022-10-28 00:00:00;Nordeste;mTa;Regiao sob influencia do escoamento zonal oriundo do Atlantico Sul, caracteristico da circulacao de transporte de umidade e estabilidade termica da Massa Tropical Atlantica.;Primavera;;;;;;;;;;;;;;;;
2022-10-28 00:00:00;Litoral;mTa;Regiao sob influencia do fluxo marítimo da alta subtropical, caracterizando-se por ar quente e umido transportado pelo regime de ventos de leste nesta faixa litoranea.;Primavera;;;;;;;;;;;;;;;;
2022-10-28 00:00:00;Centro;mTc;A região central encontra-se sob influência de subsidência e aquecimento adiabático, características de uma massa de ar quente e seca de origem continental (mTc).;Primavera;;;;;;;;;;;;;;;;
2022-10-28 00:00:00;Sul;mPa;A região delimitada sofre influência direta do avanço de uma massa de ar frio e úmido após a passagem de uma frente fria, caracterizada pelos gradientes de pressão observados.;Primavera;;;;;;;;;;;;;;;;
2022-10-29 00:00:00;Norte;mEc;A região demarcada encontra-se sobre a bacia amazônica, caracterizada pela presença da Massa Equatorial Continental, que apresenta elevadas temperaturas e umidade no setor.;Primavera;;;;;;;;;;;;;;;;
2022-10-29 00:00:00;Nordeste;mTa;Regiao sob influencia do fluxo maritimo do Atlantico Sul, que transporta ar quente e umido para a costa e interior do Nordeste, caracterizando a predominancia da mTa.;Primavera;;;;;;;;;;;;;;;;
2022-10-29 00:00:00;Litoral;mTa;Região sob influência direta do escoamento marítimo de leste/sudeste associado ao gradiente de pressão periférico da ASAS, caracterizando o transporte de ar quente e úmido.;Primavera;;;;;;;;;;;;;;;;
2022-10-29 00:00:00;Centro;mTa;Região sob influência da circulação anticiclônica do Atlântico Sul, caracterizada pela predominância de ar quente e úmido de origem oceânica que estabiliza o setor central.;Primavera;;;;;;;;;;;;;;;;
2022-10-29 00:00:00;Sul;mPa;A região delimitada encontra-se no setor pós-frontal, sob influência direta do deslocamento de ar frio e seco proveniente da massa polar atlântica.;Primavera;;;;;;;;;;;;;;;;
2022-10-30 00:00:00;Norte;mEc;A região delimitada está sob influência da massa Equatorial Continental, caracterizada pela predominância de ar quente e úmido sobre a bacia amazônica, sem interferência de sistema;Primavera;;;;;;;;;;;;;;;;
2022-10-30 00:00:00;Nordeste;mTa;Predominância de fluxo marítimo de sudeste/leste, transportando ar quente e úmido sobre a região sob influência direta da circulação do sistema de alta pressão subtropical do Atlân;Primavera;;;;;;;;;;;;;;;;
2022-10-30 00:00:00;Litoral;mTa;Regiao sob influencia do fluxo maritimo do quadrante leste, caracteristico da massa tropical atlantica, com estabilidade atmosferica e transporte de umidade para o litoral.;Primavera;;;;;;;;;;;;;;;;
2022-10-30 00:00:00;Centro;mPa;A região apresenta o avanço de uma massa de ar frio e seco após a passagem de uma frente fria, caracterizada pela queda nas temperaturas e mudança na direção do escoamento de baixo;Primavera;;;;;;;;;;;;;;;;
2022-10-30 00:00:00;Sul;mPa;A região delimitada está sob influência da massa de ar polar associada ao sistema frontal posicionado ao sul e sudeste, caracterizando o avanço de ar frio e úmido no setor.;Primavera;;;;;;;;;;;;;;;;
2022-10-31 00:00:00;Norte;mEc;Região localizada sobre a bacia amazônica, caracterizada por altas temperaturas e elevada umidade, sob domínio da Massa Equatorial Continental, sem influência de sistemas frontais.;Primavera;;;;;;;;;;;;;;;;
2022-10-31 00:00:00;Nordeste;mTa;Regiao sob influencia do escoamento de leste/sudeste associado ao anticiclone subtropical do Atlantico Sul, predominando caracteristicas quentes e umidas da mTa, sem incursao de mP;Primavera;;;;;;;;;;;;;;;;
2022-10-31 00:00:00;Litoral;mTa;A regiao delimitada esta sob influencia direta do escoamento marítimo de leste/sudeste associado ao transporte de umidade da massa Tropical Atlantica.;Primavera;;;;;;;;;;;;;;;;
2022-10-31 00:00:00;Centro;mTa;A região demarcada encontra-se sob domínio do escoamento marítimo de leste/sudeste associado à circulação anticiclônica do Atlântico Sul, caracterizando a atuação da mTa.;Primavera;;;;;;;;;;;;;;;;
2022-10-31 00:00:00;Sul;mPa;A região delimitada encontra-se na retaguarda de um sistema frontal, caracterizada pela entrada de ar mais frio e denso, típico do deslocamento da mPa pelo setor Sul/Sudeste.;Primavera;;;;;;;;;;;;;;;;
2022-11-01 00:00:00;Norte;mEc;Regiao central do Norte sob influencia da massa equatorial, caracterizada por alto conteudo de umidade e temperaturas elevadas, mantendo as caracteristicas da circulacao da Amazoni;Primavera;;;;;;;;;;;;;;;;
2022-11-01 00:00:00;Nordeste;mTa;Região sob influência direta do fluxo zonal marítimo predominante, caracterizado pelo transporte de umidade e calor da circulação periférica do sistema de alta pressão subtropical.;Primavera;;;;;;;;;;;;;;;;
2022-11-01 00:00:00;Litoral;mTa;A área delimitada é influenciada pelo fluxo de umidade do quadrante leste-sudeste, característico da circulação periférica da massa Tropical Atlântica (mTa).;Primavera;;;;;;;;;;;;;;;;
2022-11-01 00:00:00;Centro;mPa;A região delimitada encontra-se na retaguarda de sistema frontal, apresentando características típicas de invasão de Massa Polar Atlântica (mPa), com queda de temperatura e umidade;Primavera;;;;;;;;;;;;;;;;
2022-11-01 00:00:00;Sul;mPa;A regiao delimitada esta sob influencia direta de uma massa de ar frio e seco (mPa), caracterizada pelo avancado posicionamento da frente fria ao norte do setor, com queda de tempe;Primavera;;;;;;;;;;;;;;;;
2022-11-02 00:00:00;Norte;mEc;A região destacada está sob domínio da massa Equatorial Continental, caracterizada por apresentar ar quente e úmido, típica das condições meteorológicas da Bacia Amazônica.;Primavera;;;;;;;;;;;;;;;;
2022-11-02 00:00:00;Nordeste;mTa;Dominio da subsidencia e fluxos maritimos associados ao anticiclone subtropical, conferindo carater quente e umido sob circulacao de leste a sudeste sobre a regiao delimitada.;Primavera;;;;;;;;;;;;;;;;
2022-11-02 00:00:00;Litoral;mTa;A regiao delimitada encontra-se sob a influência direta do escoamento marítimo associado à circulação anticiclônica do Atlântico Sul, caracterizando o domínio da massa Tropical Atl;Primavera;;;;;;;;;;;;;;;;
2022-11-02 00:00:00;Centro;mPa;A região delimitada encontra-se atrás de uma frente fria que avança pelo Sudeste, evidenciando o ingresso de ar mais frio e denso característico da Massa Polar Atlântica.;Primavera;;;;;;;;;;;;;;;;
2022-11-02 00:00:00;Sul;mPa;A região delimitada encontra-se na retaguarda de um sistema frontal, caracterizada pela incursão de ar frio e seco, consolidando o predomínio da Massa Polar Atlântica.;Primavera;;;;;;;;;;;;;;;;
2022-11-03 00:00:00;Norte;mEc;A região demarcada encontra-se sobre a bacia amazônica, caracterizada por altas temperaturas e umidade, sob domínio da massa equatorial continental, sem influência de sistemas fron;Primavera;;;;;;;;;;;;;;;;
2022-11-03 00:00:00;Nordeste;mTa;Região sob influência direta do fluxo de leste da alta pressão oceânica, caracterizando a predominância de massa tropical atlântica quente e úmida sobre o setor.;Primavera;;;;;;;;;;;;;;;;
2022-11-03 00:00:00;Litoral;mPa;A regiao delimitada encontra-se apos a passagem de uma frente fria, caracterizando o avanco e a atuacao da massa polar atlantica (mPa) sobre o litoral do Sudeste/Nordeste.;Primavera;;;;;;;;;;;;;;;;
2022-11-03 00:00:00;Centro;mPa;A região apresenta redução de temperatura e umidade após a passagem de uma frente fria, evidenciando o ingresso e o domínio da Massa Polar Atlântica pela retaguarda do sistema.;Primavera;;;;;;;;;;;;;;;;
2022-11-03 00:00:00;Sul;mPa;A região delimitada encontra-se na retaguarda de um sistema frontal, caracterizada por temperaturas mais baixas devido ao avanço de uma massa de ar frio e úmido de origem polar.;Primavera;;;;;;;;;;;;;;;;
2022-11-04 00:00:00;Norte;mEc;Regiao localizada sobre a bacia Amazonica, caracterizada pelo predomino de umidade e calor da massa Equatorial Continental, sem influecia direta de sistemas frontais.;Primavera;;;;;;;;;;;;;;;;
2022-11-04 00:00:00;Nordeste;mTa;Area sob influencia do fluxo maritimo do Atlantico Sul, predominando caracteristicas de ar quente e umido associadas ao transporte de umidade do oceano para o continente.;Primavera;;;;;;;;;;;;;;;;
2022-11-04 00:00:00;Litoral;mTa;A regiao delimitada esta sob influencia direta do escoamento oceanico de leste/sudeste associado ao centro de alta pressao do Atlantico Sul, caracterizando a predominancia da mTa.;Primavera;;;;;;;;;;;;;;;;
2022-11-04 00:00:00;Centro;mPa;A região apresenta o avanço de uma massa polar após a passagem de uma frente fria, evidenciado por valores térmicos e de ponto de orvalho reduzidos na área delimitada.;Primavera;;;;;;;;;;;;;;;;
2022-11-04 00:00:00;Sul;mPa;A região apresenta o avanço de uma massa de ar fria, caracterizada por temperaturas e pontos de orvalho baixos após a passagem de um sistema frontal, predominando sobre o Sul.;Primavera;;;;;;;;;;;;;;;;
2022-11-05 00:00:00;Norte;mEc;A região delimitada abrange a bacia amazônica e áreas continentais adjacentes, onde predomina a massa Equatorial Continental, caracterizada por ser quente e úmida.;Primavera;;;;;;;;;;;;;;;;
2022-11-05 00:00:00;Nordeste;mTa;A região do Nordeste delimitada encontra-se sob influência predominante do fluxo de leste da circulação marítima, caracterizando a atuação da Massa Tropical Atlântica (mTa).;Primavera;;;;;;;;;;;;;;;;
2022-11-05 00:00:00;Litoral;mTa;Regiao sob influencia do escoamento do fluxo de leste/sudeste associado ao anticiclone oceanico, caracterizando predominio da massa tropical atlantica na costa leste do Brasil.;Primavera;;;;;;;;;;;;;;;;
2022-11-05 00:00:00;Centro;mTa;A região demarcada apresenta estabilidade e circulação anticiclônica característica, indicando a predominância da Massa Tropical Atlântica sobre o setor.;Primavera;;;;;;;;;;;;;;;;
2022-11-05 00:00:00;Sul;mPa;Região situada a retaguarda de frente fria que avança sobre o oceano, caracterizando a entrada e o domínio de massa polar com gradientes de temperatura e umidade associados.;Primavera;;;;;;;;;;;;;;;;
2022-11-06 00:00:00;Norte;mEc;Regiao central e norte do pais sob influencia da massa de ar quente e umida de origem continental, caracteristica da bacia amazonica e sem interferencia de sistemas frontais.;Primavera;;;;;;;;;;;;;;;;
2022-11-06 00:00:00;Nordeste;mTa;A região delimitada está sob forte influência do escoamento marítimo oriundo do oceano Atlântico, caracterizando a predominância da massa Tropical Atlântica (mTa).;Primavera;;;;;;;;;;;;;;;;
2022-11-06 00:00:00;Litoral;mTa;Predominância da Massa Tropical Atlântica, caracterizada pelo fluxo marítimo quente e úmido que ingressa e atua sobre o litoral do Nordeste brasileiro.;Primavera;;;;;;;;;;;;;;;;
2022-11-06 00:00:00;Centro;mPa;Região sob influência de ar frio e seco após a passagem de sistema frontal, apresentando queda nas temperaturas e umidade compatíveis com o avanço da massa polar no setor.;Primavera;;;;;;;;;;;;;;;;
2022-11-06 00:00:00;Sul;mPa;A região delimitada encontra-se sob a influência direta do avanço da massa de ar polar, caracterizada por temperaturas reduzidas e ventos do quadrante sul no setor pós-frontal.;Primavera;;;;;;;;;;;;;;;;
2022-11-07 00:00:00;Norte;mEc;Região central da Bacia Amazônica sob influência de ar quente e úmido de origem continental, característico da Massa Equatorial Continental (mEc) sem interferência de sistemas fron;Primavera;;;;;;;;;;;;;;;;
2022-11-07 00:00:00;Nordeste;mTa;A regiao delimitada esta sob influencia direta do escoamento maritimo da alta subtropical, caracterizando a predominancia da massa Tropical Atlantica com ar quente e umido.;Primavera;;;;;;;;;;;;;;;;
2022-11-07 00:00:00;Litoral;mPa;Região sob influência direta de ar pós-frontal, apresentando declínio térmico e características típicas de estabilidade após a passagem de uma frente fria sobre o litoral.;Primavera;;;;;;;;;;;;;;;;
2022-11-07 00:00:00;Centro;mTa;A região encontra-se sob influência do escoamento marítimo oriundo do Atlântico Sul, caracterizando a predominância da massa Tropical Atlântica com características quentes e úmidas;Primavera;;;;;;;;;;;;;;;;
2022-11-07 00:00:00;Sul;mPa;A região delimitada encontra-se na retaguarda de uma frente fria, caracterizada pela incursão de ar frio e seco, consolidando o domínio da Massa Polar Atlântica.;Primavera;;;;;;;;;;;;;;;;
2022-11-08 00:00:00;Norte;mEc;A região destacada está sob influência da massa Equatorial Continental, caracterizada por altas temperaturas e elevada umidade, típicas do domínio amazônico na ausência de distúrbi;Primavera;;;;;;;;;;;;;;;;
2022-11-08 00:00:00;Nordeste;mTa;Predominância da Massa Tropical Atlântica, caracterizada pelo escoamento de leste/sudeste associado ao fluxo do oceano que estabelece características tropicais sobre a região Norde;Primavera;;;;;;;;;;;;;;;;
2022-11-08 00:00:00;Litoral;mTa;A região delimitada está sob forte influência de escoamento marítimo quente e úmido, característico da circulação da massa Tropical Atlântica predominante no litoral.;Primavera;;;;;;;;;;;;;;;;
2022-11-08 00:00:00;Centro;mTa;A região encontra-se sob influência do fluxo equatorial/tropical marítimo estabilizado, característico do transporte de umidade da mTa vindo do oceano para o interior do continente;Primavera;;;;;;;;;;;;;;;;
2022-11-08 00:00:00;Sul;mPa;A região apresenta o ingresso de uma massa de ar mais fria e estável pós-frontal, com redução das temperaturas e umidade característica do avanço da mPa pelo setor Sul do país.;Primavera;;;;;;;;;;;;;;;;
2022-11-09 00:00:00;Norte;mEc;Região central da Bacia Amazônica, caracterizada por altas temperaturas e elevada umidade, evidenciadas pelos dados de superfície locais na ausência de sistemas frontais atuantes.;Primavera;;;;;;;;;;;;;;;;
2022-11-09 00:00:00;Nordeste;mTa;A região é dominada pela circulação marítima quente e úmida típica da Massa Tropical Atlântica, devido à influência da alta pressão subtropical do Atlântico Sul no setor costeiro e;Primavera;;;;;;;;;;;;;;;;
2022-11-09 00:00:00;Litoral;mTa;Area sob influência da circulação anticiclônica do Atlântico Sul, caracterizada pela predominância da massa Tropical Atlântica com padrão de ventos marítimos e umidade elevada.;Primavera;;;;;;;;;;;;;;;;
2022-11-09 00:00:00;Centro;mTc;A região central encontra-se sob influência de subsidência e aquecimento advectivo característico da massa tropical continental, mantendo o tempo estável e seco na área delimitada.;Primavera;;;;;;;;;;;;;;;;
2022-11-09 00:00:00;Sul;mPa;A região apresenta o avanço de um sistema pós-frontal, com gradientes térmicos e ventos típicos do ingresso de uma massa de ar mais fria e úmida sobre o setor Sul.;Primavera;;;;;;;;;;;;;;;;
2022-11-10 00:00:00;Norte;mEc;Regiao central amazonica com predominio de umidade e calor, caracteristica da Massa Equatorial Continental, sem influecia de frentes ou circuicoes externas na area delimitada.;Primavera;;;;;;;;;;;;;;;;
2022-11-10 00:00:00;Nordeste;mTa;Regiao sob predominio de escoamento vindo do Oceano Atlantico, caracterizando a atuacao da massa Tropical Atlantica com predominancia de temperaturas elevadas e umidade associada.;Primavera;;;;;;;;;;;;;;;;
2022-11-10 00:00:00;Litoral;mTa;Regiao sob fluxo marítimo do quadrante leste/sudeste, mantendo o domínio de ar tropical quente e úmido característico da circulação oceânica nesta porção do litoral brasileiro.;Primavera;;;;;;;;;;;;;;;;
2022-11-10 00:00:00;Centro;mTa;A região delimitada encontra-se sob influência da circulação da alta pressão do Atlântico Sul, caracterizando o predomínio de ar quente e úmido de origem marítima.;Primavera;;;;;;;;;;;;;;;;
2022-11-10 00:00:00;Sul;mPa;A região encontra-se no setor de retaguarda de um sistema frontal, caracterizado pela incursão de ar frio e seco, consolidando o avanço da massa polar sobre o sul do país.;Primavera;;;;;;;;;;;;;;;;
2022-11-11 00:00:00;Norte;mEc;Região localizada sobre a bacia amazônica, caracterizada pela predominância de ar quente e úmido de origem continental, mantendo características térmicas e de umidade típicas da mE;Primavera;;;;;;;;;;;;;;;;
2022-11-11 00:00:00;Nordeste;mTa;A região encontra-se sob influência do fluxo de leste do sistema de alta pressão atlântico, com características de ar quente e úmido predominante em todo o setor leste/nordeste.;Primavera;;;;;;;;;;;;;;;;
2022-11-11 00:00:00;Litoral;mEa;A região delimitada no litoral nordeste encontra-se sob influência da Massa Equatorial Atlântica, caracterizada pelo fluxo de ar quente e úmido no setor Norte/Nordeste.;Primavera;;;;;;;;;;;;;;;;
2022-11-11 00:00:00;Centro;mTc;Regiao central do continente caracterizada por altas temperaturas e baixa umidade relativa, consistentes com a subsidencia e o aquecimento adiabatico tipicos da massa Tropical Cont;Primavera;;;;;;;;;;;;;;;;
2022-11-11 00:00:00;Sul;mTa;A região encontra-se sob influência do fluxo marítimo persistente associado ao sistema de alta pressão atântica, caracterizando o domínio térmico e a umidade da mTa.;Primavera;;;;;;;;;;;;;;;;
2022-11-12 00:00:00;Norte;mEc;Regiao central e norte da Amazonia sob influencia da massa de ar quente e umida caracteristica, com subsidencia associada ao centro de alta pressao local e sem interferencia fronta;Primavera;;;;;;;;;;;;;;;;
2022-11-12 00:00:00;Nordeste;mTa;A região encontra-se sob influência do fluxo equatorial e tropical oceânico, apresentando características de ar quente e úmido predominante na circulação de leste.;Primavera;;;;;;;;;;;;;;;;
2022-11-12 00:00:00;Litoral;mTa;Predominio da massa Tropical Atlantica na regiao costeira, sob influencia direta do escoamento do anticiclone subtropical, mantendo o transporte de umidade do oceano para o contine;Primavera;;;;;;;;;;;;;;;;
2022-11-12 00:00:00;Centro;mTc;A região central delimitada encontra-se sob influência de uma massa de ar quente e seca, caracterizada por baixos teores de umidade e temperaturas elevadas típicas da mTc.;Primavera;;;;;;;;;;;;;;;;
2022-11-12 00:00:00;Sul;mPa;A região apresenta o avanço de uma massa de ar pós-frontal, com temperaturas reduzidas e gradiente de pressão característico, confirmando a predominância da massa polar atlântica.;Primavera;;;;;;;;;;;;;;;;
2022-11-13 00:00:00;Norte;mEc;A região demarcada encontra-se sobre a bacia amazônica, caracterizada por altas temperaturas e elevada umidade, sob domínio da Massa Equatorial Continental sem influência frontal.;Primavera;;;;;;;;;;;;;;;;
2022-11-13 00:00:00;Nordeste;mTa;Região sob influência direta do escoamento marítimo de leste, característico da circulação da ASAS, posicionada sobre o oceano adjacente ao litoral nordestino.;Primavera;;;;;;;;;;;;;;;;
2022-11-13 00:00:00;Litoral;mTa;A regiao delimitada esta sob influencia direta do fluxo zonal leste do Atlantico Sul, caracteristico da massa de ar Tropical Atlantica, que apresenta elevada umidade e calor.;Primavera;;;;;;;;;;;;;;;;
2022-11-13 00:00:00;Centro;mTc;Região central no interior do continente, caracterizada por baixos gradientes de pressão e condições de massa de ar quente e seca, típica da atuação da mTc sobre o Chaco/Centro-Oes;Primavera;;;;;;;;;;;;;;;;
2022-11-13 00:00:00;Sul;mPa;Região sob influência de ar frio e seco após a passagem de sistema frontal, caracterizada por temperaturas e pontos de orvalho reduzidos na retaguarda da frente.;Primavera;;;;;;;;;;;;;;;;
2022-11-14 00:00:00;Norte;mEc;A região apresenta características de baixas pressões e alta umidade típicas da bacia amazônica, estando sob domínio direto da Massa Equatorial Continental (mEc).;Primavera;;;;;;;;;;;;;;;;
2022-11-14 00:00:00;Nordeste;mTa;Predominancia da Massa Tropical Atlantica sobre a regiao nordeste, refletindo a influencia do escoamento quente e umido vindo do Oceano Atlantico para o continente.;Primavera;;;;;;;;;;;;;;;;
2022-11-14 00:00:00;Litoral;mTa;Predomínio da Massa Tropical Atlântica, caracterizada pelo fluxo marítimo que transporta umidade para o setor costeiro sob influência da circulação do anticiclone oceânico.;Primavera;;;;;;;;;;;;;;;;
2022-11-14 00:00:00;Centro;mPa;A região delimitada encontra-se sob influência do fluxo de ar seco e frio pós-frontal que avança pelo interior do continente, caracterizando o domínio da massa de ar polar.;Primavera;;;;;;;;;;;;;;;;
2022-11-14 00:00:00;Sul;mPa;Região sob influência de ar mais frio e seco na retaguarda de uma frente fria, caracterizando o ingresso e estabelecimento da Massa Polar Atlântica no setor indicado.;Primavera;;;;;;;;;;;;;;;;
2022-11-15 00:00:00;Norte;mEc;Região central e norte da carta sob influência direta do centro de baixa pressão térmica, com elevada umidade e calor característicos da Massa Equatorial Continental.;Primavera;;;;;;;;;;;;;;;;
2022-11-15 00:00:00;Nordeste;mTa;A região encontra-se sob o fluxo do escoamento marítimo oriundo do Anticiclone subtropical do Atlântico Sul, caracterizando a predominância da massa Tropical Atlântica.;Primavera;;;;;;;;;;;;;;;;
2022-11-15 00:00:00;Litoral;mTa;A regiao delimitada esta sob influencia direta da circulacao oceanica de alta pressao, com caracteristicas de ar quente e umido, configurando o dominio da Massa Tropical Atlantica.;Primavera;;;;;;;;;;;;;;;;
2022-11-15 00:00:00;Centro;mPa;A região destacada apresenta avanço de circulação pós-frontal, com ventos de quadrante sul/sudeste e queda térmica característica da penetração de uma massa polar atlântica.;Primavera;;;;;;;;;;;;;;;;
2022-11-15 00:00:00;Sul;mPa;Região sob influência direta de um sistema frontal, com gradiente térmico característico e escoamento de ar frio e úmido caracterizando o domínio da massa polar atlântica (mPa).;Primavera;;;;;;;;;;;;;;;;
2022-11-16 00:00:00;Norte;mEc;A região delimitada abrange a bacia amazônica e áreas continentais adjacentes, onde predomina a circulação quente e úmida característica da massa equatorial continental.;Primavera;;;;;;;;;;;;;;;;
2022-11-16 00:00:00;Nordeste;mTa;A região demarcada apresenta domínio do fluxo de circulação marítima, característico da massa de ar Tropical Atlântica, que injeta umidade e estabilidade sobre o Nordeste brasileir;Primavera;;;;;;;;;;;;;;;;
2022-11-16 00:00:00;Litoral;mTa;A região delimitada está sob influência do escoamento marítimo predominantemente quente e úmido, característico da Massa Tropical Atlântica que domina o setor costeiro.;Primavera;;;;;;;;;;;;;;;;
2022-11-16 00:00:00;Centro;mPa;A região delimitada encontra-se na retaguarda do sistema frontal, caracterizada pelo ingresso de ar mais frio e denso, típico da atuação da massa polar atlântica.;Primavera;;;;;;;;;;;;;;;;
2022-11-16 00:00:00;Sul;mPa;A região encontra-se submetida ao fluxo de ar frio e seco após a passagem de sistema frontal, evidenciado pelas condições de temperatura e pressão na retaguarda da frente.;Primavera;;;;;;;;;;;;;;;;
2022-11-17 00:00:00;Norte;mEc;A região delimitada abrange a bacia amazônica e áreas centrais do continente, onde a Massa Equatorial Continental (mEc) estabelece domínio termodinâmico quente e úmido característi;Primavera;;;;;;;;;;;;;;;;
2022-11-17 00:00:00;Nordeste;mTa;Região sob influência direta do fluxo de leste da alta pressão subtropical do Atlântico Sul, caracterizando o predomínio de ar quente e úmido de origem marítima.;Primavera;;;;;;;;;;;;;;;;
2022-11-17 00:00:00;Litoral;mEa;A região delimitada no litoral nordeste encontra-se sob o domínio da massa Equatorial Atlântica, caracterizada pelo ar quente e úmido típico das latitudes equatoriais.;Primavera;;;;;;;;;;;;;;;;
2022-11-17 00:00:00;Centro;mTa;A região encontra-se sob influência do fluxo de circulação marítima da ASAS, caracterizando o transporte de ar quente e úmido sobre o setor central do Brasil.;Primavera;;;;;;;;;;;;;;;;
2022-11-17 00:00:00;Sul;mTa;A região delimitada encontra-se sob a influência direta do escoamento marítimo provindo do anticiclone subtropica, caracterizando o predomínio da massa Tropical Atlântica.;Primavera;;;;;;;;;;;;;;;;
2022-11-18 00:00:00;Norte;mEc;Regiao situada sobre a Bacia Amazonica com predominio de umidade e calor, caracterizando o dominio da Massa Equatorial Continental sem influencias polares ou atlanticas diretas.;Primavera;;;;;;;;;;;;;;;;
2022-11-18 00:00:00;Nordeste;mTa;Predominância de fluxo de leste/sudeste associado ao transporte marítimo de umidade, caracterizando a influência da Massa Tropical Atlântica sobre a região nordeste.;Primavera;;;;;;;;;;;;;;;;
2022-11-18 00:00:00;Litoral;mTa;Regiao sob influencia do fluxo maritimo do quadrante leste, caracteristico da Massa Tropical Atlantica, com gradientes de pressao associados a subsidencia da ASAS sobre o oceano.;Primavera;;;;;;;;;;;;;;;;
2022-11-18 00:00:00;Centro;mTa;Região sob influência direta do fluxo de leste/nordeste da circulação marítima, apresentando características térmicas e de umidade típicas da Massa Tropical Atlântica.;Primavera;;;;;;;;;;;;;;;;
2022-11-18 00:00:00;Sul;mPa;A região apresenta características de resfriamento pós-frontal, com advecção de ar frio e úmido ocupando o setor sul, evidenciado pela trajetória do sistema frontal em deslocamento;Primavera;;;;;;;;;;;;;;;;
2022-11-19 00:00:00;Norte;mEc;Região sob influência direta da Massa Equatorial Continental, caracterizada por baixas pressões, elevados teores de umidade e temperaturas elevadas típicas do domínio amazônico.;Primavera;;;;;;;;;;;;;;;;
2022-11-19 00:00:00;Nordeste;mTa;Predominio da subsidencia e fluxo marítimo do Atlantico Sul sobre a regiao, caracterizando o transporte de umidade e calor sob influência da ASAS sobre o setor costeiro e interior.;Primavera;;;;;;;;;;;;;;;;
2022-11-19 00:00:00;Litoral;mTa;A região delimitada está sob forte influência do fluxo marítimo da alta subtropical, caracterizando o predomínio da massa de ar Tropical Atlântica, quente e úmida.;Primavera;;;;;;;;;;;;;;;;
2022-11-19 00:00:00;Centro;mTa;Predominio da massa Tropical Atlantica, caracterizada pelo fluxo de circulacao maritima que transporta umidade e calor da ASAS para o interior do continente na regiao delimitada.;Primavera;;;;;;;;;;;;;;;;
2022-11-19 00:00:00;Sul;mPa;A região apresenta o avanço de uma massa de ar frio e seco (pós-frontal) vinda do quadrante sul, caracterizada por temperaturas e pontos de orvalho mais baixos na análise sinótica.;Primavera;;;;;;;;;;;;;;;;
2022-11-20 00:00:00;Norte;mEc;Predominância da Massa Equatorial Continental sobre a região amazônica, caracterizada por ar quente e úmido, sem influência direta de sistemas frontais ou circulação polar.;Primavera;;;;;;;;;;;;;;;;
2022-11-20 00:00:00;Nordeste;mTa;A regiao encontra-se sob influencia predominante do fluxo de leste/sudeste associado ao escoamento da alta pressao do Atlantico, caracterizando a atuacao da mTa.;Primavera;;;;;;;;;;;;;;;;
2022-11-20 00:00:00;Litoral;mEa;A região delimitada encontra-se integrada ao fluxo tropical marítimo de baixas latitudes, caracterizado por ar quente e úmido sob influência direta da mEa.;Primavera;;;;;;;;;;;;;;;;
2022-11-20 00:00:00;Centro;mTa;A região apresenta transporte predominante de umidade e calor do oceano para o continente, mantendo as características térmicas e de umidade típicas da massa tropical atlântica.;Primavera;;;;;;;;;;;;;;;;
2022-11-20 00:00:00;Sul;mPa;A região delimitada encontra-se na retaguarda do sistema frontal, caracterizada pela incursão de ar mais frio e denso, típico do domínio da massa de ar polar.;Primavera;;;;;;;;;;;;;;;;
2022-11-21 00:00:00;Norte;mEc;Região situada no domínio da Bacia Amazônica, caracterizada pela predominância da massa equatorial continental, quente e úmida, sem influência de sistemas dinâmicos externos.;Primavera;;;;;;;;;;;;;;;;
2022-11-21 00:00:00;Nordeste;mTa;Região sob influência direta do escoamento marítimo de leste, característico da circulação periférica de alta pressão do Atlântico, predominando a massa Tropical Atlântica.;Primavera;;;;;;;;;;;;;;;;
2022-11-21 00:00:00;Litoral;mTa;Região sob influência direta da circulação marítima quente e úmida, característica da massa tropical atlântica que predomina ao longo do setor leste do Brasil.;Primavera;;;;;;;;;;;;;;;;
2022-11-21 00:00:00;Centro;mTa;A regiao delimitada esta sob influencia da circulacao periferica da alta pressao subtropical do Atlantico Sul, caracterizando o dominio predominante de mTa na area.;Primavera;;;;;;;;;;;;;;;;
2022-11-21 00:00:00;Sul;mPa;A região apresenta o avanço de uma frente fria e o fluxo de uma massa de ar frio e úmido na retaguarda, caracterizando a atuação da mPa sobre o setor sul delimitado.;Primavera;;;;;;;;;;;;;;;;
2022-11-22 00:00:00;Norte;mEc;Região central da Amazônia sob influência da massa Equatorial Continental, caracterizada pela predominância de ar quente e úmido, típica da circulação equatorial sem interferência ;Primavera;;;;;;;;;;;;;;;;
2022-11-22 00:00:00;Nordeste;mTa;A região encontra-se sob domínio do fluxo estável de sudeste, característico da atuação da circulação marítima da massa tropical atlântica que adentra o leste do Nordeste.;Primavera;;;;;;;;;;;;;;;;
2022-11-22 00:00:00;Litoral;mEa;A região delimitada no litoral nordestino encontra-se sob influência da Massa Equatorial Atlântica, caracterizada por fluxo de ar quente e úmido vindo do Oceano Atlântico.;Primavera;;;;;;;;;;;;;;;;
2022-11-22 00:00:00;Centro;mTa;Regiao sob influencia do fluxo quente e umido proveniente do Atlantico Sul, predominante nas regioes Centro-Oeste e Sudeste, estabelecendo condicoes de estabilidade ou umidade loca;Primavera;;;;;;;;;;;;;;;;
2022-11-22 00:00:00;Sul;mPa;A região do retângulo está posicionada sob a influência direta da massa de ar polar identificada na retaguarda do sistema frontal que avança pelo Sul do Brasil.;Primavera;;;;;;;;;;;;;;;;
2022-11-23 00:00:00;Norte;mEc;A região apresenta características típicas da bacia amazônica, com umidade elevada e temperaturas quentes, sob o domínio da massa equatorial continental.;Primavera;;;;;;;;;;;;;;;;
2022-11-23 00:00:00;Nordeste;mTa;Predominancia da Massa Tropical Atlantica, caracterizada por fluxos de leste-nordeste e umidade elevada sob influência da circulação anticiclônica do Atlantico Sul.;Primavera;;;;;;;;;;;;;;;;
2022-11-23 00:00:00;Litoral;mTa;Região sob influência direta da circulação marítima da alta pressão do Atlântico, transportando ar quente e úmido para o setor litorâneo.;Primavera;;;;;;;;;;;;;;;;
2022-11-23 00:00:00;Centro;mTa;A região encontra-se sob influência da circulação da alta pressão do Atlântico Sul, caracterizando o domínio da massa Tropical Atlântica com características quentes e úmidas.;Primavera;;;;;;;;;;;;;;;;
2022-11-23 00:00:00;Sul;mPa;A região delimitada encontra-se sob a influência direta do fluxo pós-frontal sul/sudeste, característico do avanço e estabilização da Massa Polar Atlântica sobre o setor.;Primavera;;;;;;;;;;;;;;;;
2022-11-24 00:00:00;Norte;mEc;A regiao delimitada esta sob influencia direta da Massa Equatorial Continental, caracterizada por elevados indices de temperatura e umidade associados ao interior da Amazonia.;Primavera;;;;;;;;;;;;;;;;
2022-11-24 00:00:00;Nordeste;mTa;A região encontra-se sob domínio da circulação marítima quente e úmida proveniente do oceano, características típicas da atuação da massa de ar Tropical Atlântica (mTa).;Primavera;;;;;;;;;;;;;;;;
2022-11-24 00:00:00;Litoral;mTa;Regiao sob incidencia de fluxo de transporte maritimo de umidade, caracterizando a atuacao da massa tropical atlantica na costa leste do Brasil.;Primavera;;;;;;;;;;;;;;;;
2022-11-24 00:00:00;Centro;mTa;A região encontra-se sob influência da circulação anticiclônica oceânica, caracterizando o domínio da massa tropical atlântica quente e úmida sobre o setor continental.;Primavera;;;;;;;;;;;;;;;;
2022-11-24 00:00:00;Sul;mPa;A região delimitada encontra-se sob influência de massa de ar frio e úmido após a passagem de uma frente fria, caracterizando o ingresso de ar de origem polar no setor.;Primavera;;;;;;;;;;;;;;;;
2022-11-25 00:00:00;Norte;mEc;A região delimitada está inserida sobre a bacia amazônica, caracterizada por altas temperaturas e elevada umidade, sob domínio da massa equatorial continental.;Primavera;;;;;;;;;;;;;;;;
2022-11-25 00:00:00;Nordeste;mTa;Predominio da massa Tropical Atlantica na regiao do Nordeste, caracterizada por fluxos de leste influenciados pela circulação periferica da alta pressão no Atlantico Sul.;Primavera;;;;;;;;;;;;;;;;
2022-11-25 00:00:00;Litoral;mTa;Regiao sob influencia do escoamento do Atlantico Sul, caracterizada por transporte de umidade e temperaturas elevadas tipicas da circulacao tropical maritima.;Primavera;;;;;;;;;;;;;;;;
2022-11-25 00:00:00;Centro;mTa;A regiao delimitada esta sob influencia da circulacao de um sistema de alta pressao no Atlantico, caracterizando o predomino da massa Tropical Atlantica quente e umida.;Primavera;;;;;;;;;;;;;;;;
2022-11-25 00:00:00;Sul;mPa;A região apresenta o avanço de uma massa de ar polar, evidenciada pelos gradientes térmicos e ventos do quadrante sul indicativos de subsidência pós-frontal.;Primavera;;;;;;;;;;;;;;;;
2022-11-26 00:00:00;Norte;mEc;A regiao delimitada esta sob influencia da Massa Equatorial Continental, caracterizada por alta umidade e temperaturas elevadas, tipicas da dinamica climatica da bacia amazonica.;Primavera;;;;;;;;;;;;;;;;
2022-11-26 00:00:00;Nordeste;mTa;Predominância da Massa Tropical Atlântica, caracterizada pelo escoamento de leste/sudeste associado ao transporte de umidade oceânica sobre a região Nordeste do Brasil.;Primavera;;;;;;;;;;;;;;;;
2022-11-26 00:00:00;Litoral;mTa;Região sob influência direta do escoamento marítimo de leste, característico da circulação da alta pressão subtropica, transportando umidade e temperaturas tropicais para o litoral;Primavera;;;;;;;;;;;;;;;;
2022-11-26 00:00:00;Centro;mTa;A região delimitada está sob a influência do escoamento marítimo subtropical, característico da porção continental adjacente ao domínio da ASAS, configurando a advecção de mTa.;Primavera;;;;;;;;;;;;;;;;
2022-11-26 00:00:00;Sul;mPa;A região apresenta o avanço nítido de uma massa de ar frio e seco, caracterizada pela circulação pós-frontal, que desloca temperaturas mais baixas sobre o Sul do Brasil.;Primavera;;;;;;;;;;;;;;;;
2022-11-27 00:00:00;Norte;mEc;A região apresenta características típicas da massa Equatorial Continental, com umidade elevada e temperaturas altas, operando sobre o território amazônico sem influência de sistem;Primavera;;;;;;;;;;;;;;;;
2022-11-27 00:00:00;Nordeste;mTa;Predominio da massa tropical atlantica na regiao nordeste, caracterizada pelo transporte de umidade do oceano para o continente sob influencia da circulacao de alta pressao.;Primavera;;;;;;;;;;;;;;;;
2022-11-27 00:00:00;Litoral;mTa;Regiao sob incidencia de fluxo de transporte de umidade do oceano, caracteristico da circulacao maritima associada a massa tropical atlantica na costa leste do pais.;Primavera;;;;;;;;;;;;;;;;
2022-11-27 00:00:00;Centro;mTa;A região encontra-se sob influência do escoamento marítimo provindo do Atlântico Sul, caracterizando a predominância de ar quente e úmido transportado pela circulação do sistema de;Primavera;;;;;;;;;;;;;;;;
2022-11-27 00:00:00;Sul;mPa;A região delimitada encontra-se na retaguarda de um sistema frontal, caracterizada pela entrada de ar mais frio e denso, típico do curso da massa polar atlântica no Sul do Brasil.;Primavera;;;;;;;;;;;;;;;;
2022-11-28 00:00:00;Norte;mEc;Regiao central e norte da Amazonia sob influencia direta da massa equatorial continental, caracterizada por alta umidade e temperaturas elevadas na ausência de sistemas frontais.;Primavera;;;;;;;;;;;;;;;;
2022-11-28 00:00:00;Nordeste;mTa;Predominancia da mTa sobre a regiao, caracterizada pela circulacao de umidade vinda do Atlantico Sul sob dominio do fluxo anticiclônico, mantendo condicoes de estabilidade.;Primavera;;;;;;;;;;;;;;;;
2022-11-28 00:00:00;Litoral;mTa;A região delimitada está sob a influência do fluxo marítimo da alta subtropical, caracterizando-se como uma massa de ar quente e úmida típica da circulação da mTa no litoral leste.;Primavera;;;;;;;;;;;;;;;;
2022-11-28 00:00:00;Centro;mEc;A região apresenta características típicas de um ambiente continental central com umidade elevada e temperaturas elevadas, configurando a predominância da Massa Equatorial Continen;Primavera;;;;;;;;;;;;;;;;
2022-11-28 00:00:00;Sul;mPa;A região apresenta características típicas de pós-frontal, com temperaturas mais amenas e ventos com padrão de subsidência associados ao avanço da mPa pelo setor Sul.;Primavera;;;;;;;;;;;;;;;;
2022-11-29 00:00:00;Norte;mEc;Regiao central e norte da Amazonia sem influencias frontais ou periferia de sistemas, apresentando caracteristicas tipicas de predominio da Massa Equatorial Continental.;Primavera;;;;;;;;;;;;;;;;
2022-11-29 00:00:00;Nordeste;mTa;Regiao sob influencia predominante do escoamento zonal e anticiclonico associado ao sistema de alta pressao do Atlantico Sul, caracterizando ar quente e estavel.;Primavera;;;;;;;;;;;;;;;;
2022-11-29 00:00:00;Litoral;mTa;Regiao sob influencia direta do fluxo maritimo associado ao sistema de alta pressao do Atlantico Sul, caracterizando predominio de massa de ar quente e umida sobre o setor costeiro;Primavera;;;;;;;;;;;;;;;;
2022-11-29 00:00:00;Centro;mTc;A regiao delimitada esta sob influencia da Depressao do Chaco, caracterizada por baixas pressoes relativas e massas de ar quentes e estaveis, configurando o dominio da mTc.;Primavera;;;;;;;;;;;;;;;;
2022-11-29 00:00:00;Sul;mTa;A região apresenta características de estabilidade e regime de circulação marítima, sob a influência direta do transporte de umidade e calor característico da Massa Tropical Atlânt;Primavera;;;;;;;;;;;;;;;;
2022-11-30 00:00:00;Norte;mEc;A região delimitada abrange a bacia amazônica e adjacências, onde a massa de ar quente e úmida de origem continental predomina sem influência direta de sistemas frontais ou oceânic;Primavera;;;;;;;;;;;;;;;;
2022-11-30 00:00:00;Nordeste;mTa;Regiao sob influencia do escoamento de leste do Atlantico Sul. A configuracao sinotica indica prevalencia da massa tropical maritima sobre o setor leste/nordeste do Brasil.;Primavera;;;;;;;;;;;;;;;;
2022-11-30 00:00:00;Litoral;mTa;Regiao sob influencia predominante do escoamento de leste-nordeste associado ao transporte de umidade do Oceano Atlantico, caracterizando a atuacao da massa Tropical Atlantica.;Primavera;;;;;;;;;;;;;;;;
2022-11-30 00:00:00;Centro;mTa;Região central sob influência da circulação marítima da alta pressão, caracterizando a atuação da massa Tropical Atlântica com transporte de umidade e estabilidade para o setor.;Primavera;;;;;;;;;;;;;;;;
2022-11-30 00:00:00;Sul;mPa;Após a passagem de sistema frontal, observa-se a entrada de ar mais frio e denso na retaguarda, caracterizando o domínio da massa de ar polar atlântica sobre a região delimitada.;Primavera;;;;;;;;;;;;;;;;
2022-12-01 00:00:00;Norte;mEc;Regiao localizada sobre a bacia Amazonica, caracterizada pelo dominio de massa quente e umida de origem continental, mantendo estabilidade térmica no setor central do Norte.;Primavera;;;;;;;;;;;;;;;;
2022-12-01 00:00:00;Nordeste;mTa;A região demarcada apresenta domínio de umidade e circulação marítima, sob influência direta da circulação periférica da ASAS sobre o Atlântico Sul, caracterizando a mTa.;Primavera;;;;;;;;;;;;;;;;
2022-12-01 00:00:00;Litoral;mTa;Região sob influência direta do fluxo de leste/sudeste associado ao transporte marítimo, caracterizando-se por ar quente e úmido típico da massa Tropical Atlântica na costa.;Primavera;;;;;;;;;;;;;;;;
2022-12-01 00:00:00;Centro;mTa;A região encontra-se sob influência do escoamento zonal e anticiclônico marítimo, caracterizando o predomínio da mTa quente e úmida sobre o setor central do Brasil.;Primavera;;;;;;;;;;;;;;;;
2022-12-01 00:00:00;Sul;mPa;A região delimitada encontra-se na retaguarda de um sistema frontal, sob a influência direta de ar frio e seco, característico do avanço da massa polar atlântica sobre o setor.;Primavera;;;;;;;;;;;;;;;;
2022-12-02 00:00:00;Norte;mEc;Região compreendida pela bacia amazônica caracterizada por elevados índices de umidade e instabilidade térmica, configurando o domínio da massa equatorial continental.;Primavera;;;;;;;;;;;;;;;;
2022-12-02 00:00:00;Nordeste;mTa;A região encontra-se sob influência do fluxo de leste do anticiclone do Atlântico Sul, caracterizando a predominância da massa Tropical Atlântica (mTa), quente e úmida sobre o seto;Primavera;;;;;;;;;;;;;;;;
2022-12-02 00:00:00;Litoral;mTa;A região delimitada está sob o domínio do escoamento zonal e anticiclônico do Atlântico Sul, caracterizando a atuação da massa de ar Tropical Atlântica, quente e úmida.;Primavera;;;;;;;;;;;;;;;;
2022-12-02 00:00:00;Centro;mTa;Prevalece a influência da mTa, caracterizada por transporte de umidade do oceano e estabilidade térmica típica de bordas de alta pressão sobre o setor leste da região central.;Primavera;;;;;;;;;;;;;;;;
2022-12-02 00:00:00;Sul;mPa;A região delimitada está sob a influência de ar frio e seco após a passagem de sistema frontal, evidenciado pelas temperaturas mais baixas e declínio acentuado das mesmas.;Primavera;;;;;;;;;;;;;;;;
2022-12-03 00:00:00;Norte;mEc;Regiao central e norte da Amazonia sob influencia direta da Massa Equatorial Continental, caracterizada por alto teor de umidade e temperaturas elevadas e estaveis na ausencia de f;Primavera;;;;;;;;;;;;;;;;
2022-12-03 00:00:00;Nordeste;mTa;A região do Nordeste delimitada encontra-se sob influência do fluxo de sudeste/leste, característico da circulação da ASAS, estabelecendo a predominância da Massa Tropical Atlântic;Primavera;;;;;;;;;;;;;;;;
2022-12-03 00:00:00;Litoral;mTa;Região sob influência direta do fluxo de estabilidade da circulação marítima, caracterizada pela predominância da Massa Tropical Atlântica, quente e úmida, sobre o litoral do Norde;Primavera;;;;;;;;;;;;;;;;
2022-12-03 00:00:00;Centro;mTa;A região delimitada está sob influência do escoamento marítimo de leste, característico da circulação da ASAS, configurando o predomínio da massa de ar Tropical Atlântica.;Primavera;;;;;;;;;;;;;;;;
2022-12-03 00:00:00;Sul;mPa;A região delimitada encontra-se sob influência de massa de ar frio e úmido após a passagem de sistema frontal, evidenciado pelas temperaturas e ventos no setor pós-frontal.;Primavera;;;;;;;;;;;;;;;;
2022-12-04 00:00:00;Norte;mEc;Regiao sob dominio da massa equatorial continental, caracterizada por alta umidade e temperaturas elevadas, configurando o ambiente termodinâmico típico da bacia amazônica.;Primavera;;;;;;;;;;;;;;;;
2022-12-04 00:00:00;Nordeste;mTa;A região encontra-se sob influência do fluxo equatorial/tropical marítimo deslocado pelo sistema de alta pressão subtropical no Atlântico Sul, caracterizando a mTa.;Primavera;;;;;;;;;;;;;;;;
2022-12-04 00:00:00;Litoral;mTa;Regiao sob influencia da circulacao periferica da alta subtropical, caracterizando o transporte de umidade e calor sobre o setor costeiro, sob dominio tipico da massa tropical atla;Primavera;;;;;;;;;;;;;;;;
2022-12-04 00:00:00;Centro;mTa;Regiao sob influencia do fluxo maritimo do Atlantico Sul, caracterizada pela predominancia de massa quente e umida sobre o setor continental do Sudeste e Centro-Oeste.;Primavera;;;;;;;;;;;;;;;;
2022-12-04 00:00:00;Sul;mTa;Regiao sob clara influencia do fluxo marítimo de leste/nordeste associado ao escoamento da alta subtropical, caracterizando a predominancia de massa tropical atlantica.;Primavera;;;;;;;;;;;;;;;;
2022-12-05 00:00:00;Norte;mEc;A região delimitada compreende a bacia amazônica e adjacências, sob domínio característico da Massa Equatorial Continental, quente e úmida, sem influência de sistemas extratropicai;Primavera;;;;;;;;;;;;;;;;
2022-12-05 00:00:00;Nordeste;mTa;Região sob influência direta da circulação marítima do Atlântico Sul, caracterizada pela predominância da massa Tropical Atlântica, que transporta umidade para o setor costeiro.;Primavera;;;;;;;;;;;;;;;;
2022-12-05 00:00:00;Litoral;mTa;A região delimitada encontra-se sob influência do escoamento marítimo persistente da borda do sistema de alta pressão sobre o Atlântico, configurando a predominância da mTa.;Primavera;;;;;;;;;;;;;;;;
2022-12-05 00:00:00;Centro;mTa;Regiao sob influencia do escoamento da circulacao maritima do Atlantico Sul, caracterizando a predominancia da massa Tropical Atlantica com umidade e temperaturas elevadas no setor;Primavera;;;;;;;;;;;;;;;;
2022-12-05 00:00:00;Sul;mPa;A região delimitada sofre influência direta da retaguarda de um sistema frontal, caracterizada pela entrada de ar polar com gradiente de pressão favorecendo a predominância da mPa.;Primavera;;;;;;;;;;;;;;;;
2022-12-06 00:00:00;Norte;mEc;Região central e norte sob influência de ar quente e úmido de origem continental, característico do domínio da Massa Equatorial Continental sobre a Bacia Amazônica.;Primavera;;;;;;;;;;;;;;;;
2022-12-06 00:00:00;Nordeste;mTa;Região sob influência direta da circulação marítima quente e úmida da massa tropical atlântica, caracterizada pelo fluxo convergente sobre o setor leste do Nordeste brasileiro.;Primavera;;;;;;;;;;;;;;;;
2022-12-06 00:00:00;Litoral;mTa;A região delimitada encontra-se sob influência da circulação marítima da alta pressão no Oceano Atlântico, caracterizando o predomínio de ar quente e úmido da massa Tropical Atlânt;Primavera;;;;;;;;;;;;;;;;
2022-12-06 00:00:00;Centro;mTa;A região central encontra-se sob domínio do fluxo de nordeste/leste provindo do Atlântico Sul, caracterizando a permanência da mTa sobre o interior do Brasil.;Primavera;;;;;;;;;;;;;;;;
2022-12-06 00:00:00;Sul;mPa;A região delimitada no Sul encontra-se sob influência de massa de ar pós-frontal, caracterizada por advecção fria e umidade, posicionada a retaguarda do sistema frontal.;Primavera;;;;;;;;;;;;;;;;
2022-12-07 00:00:00;Norte;mEc;A região demarcada encontra-se sobre a bacia amazônica, caracterizada pela predominância da massa equatorial continental, quente e úmida, sem influência de sistemas frontais ativos;Primavera;;;;;;;;;;;;;;;;
2022-12-07 00:00:00;Nordeste;mTa;A regiao delimitada esta sob influencia predominante do escoamento de leste vindo do Atlantico Sul, caracterizando a atuacao da massa Tropical Atlantica.;Primavera;;;;;;;;;;;;;;;;
2022-12-07 00:00:00;Litoral;mTa;Região sob influência direta do fluxo de leste/sudeste associado ao transporte de umidade oceânica, caracterizando a predominância da massa tropical atlântica sobre o setor litorân;Primavera;;;;;;;;;;;;;;;;
2022-12-07 00:00:00;Centro;mTa;Regiao sob influencia das configuracoes de campo de pressao perifericas a ASAS, caracterizando o transporte de umidade e calor tipico da massa tropical atlantica na regiao central.;Primavera;;;;;;;;;;;;;;;;
2022-12-07 00:00:00;Sul;mPa;A região apresenta características de subsidência pós-frontal com advecção de umidade e ar mais frio, típico do avanço da massa de ar polar sobre o Sul do Brasil.;Primavera;;;;;;;;;;;;;;;;
2022-12-08 00:00:00;Norte;mEc;A região destacada está situada sobre a bacia amazônica, caracterizada por altas temperaturas e elevada umidade, evidenciando o domínio estabelecido da Massa Equatorial Continental;Primavera;;;;;;;;;;;;;;;;
2022-12-08 00:00:00;Nordeste;mTa;Regiao sob influencia direta do fluxo marítimo do Atlantico Sul, caracterizado por temperaturas elevadas e alta umidade, mantendo estabilidade típica da massa tropical maritima.;Primavera;;;;;;;;;;;;;;;;
2022-12-08 00:00:00;Litoral;mTa;A região delimitada está sob forte influência do escoamento marítimo vindo do quadrante leste, característico da atuação da massa tropical atlântica na costa do Brasil.;Primavera;;;;;;;;;;;;;;;;
2022-12-08 00:00:00;Centro;mTa;Região integrada ao fluxo do escoamento zonal e influenciada pelo transporte de umidade do Atlântico associado à periferia da alta pressão, configurando o domínio da mTa.;Primavera;;;;;;;;;;;;;;;;
2022-12-08 00:00:00;Sul;mPa;A região delimitada encontra-se sob influência de massa de ar frio e seco, posicionada na retaguarda do sistema frontal que avança pelo setor sul e sudeste do continente.;Primavera;;;;;;;;;;;;;;;;
2022-12-09 00:00:00;Norte;mEc;A regiao delimitada esta sob influencia direta da bacia Amazonica, apresentando caracteristicas tipicas de massa de ar quente e umida, sem interferencia de sistemas frontais.;Primavera;;;;;;;;;;;;;;;;
2022-12-09 00:00:00;Nordeste;mTa;A região é dominada pelo fluxo dos ventos alísios marítimos provenientes do Atlântico Sul, caracterizando a atuação da massa tropical atlântica quente e úmida sobre o Nordeste.;Primavera;;;;;;;;;;;;;;;;
2022-12-09 00:00:00;Litoral;mTa;A região delimitada encontra-se sob influência do escoamento marítimo associado à circulação de alta pressão oceânica, caracterizando a predominância da massa Tropical Atlântica.;Primavera;;;;;;;;;;;;;;;;
2022-12-09 00:00:00;Centro;mEc;Região situada no interior do continente sob domínio de ar quente e úmido, característico do escoamento da Massa Equatorial Continental sobre o Centro-Oeste brasileiro.;Primavera;;;;;;;;;;;;;;;;
2022-12-09 00:00:00;Sul;mTa;A região delimitada encontra-se sob influência da circulação anticiclônica oceânica, com escoamento predominante de leste/nordeste, configurando o domínio da massa Tropical Atlânti;Primavera;;;;;;;;;;;;;;;;
2022-12-10 00:00:00;Norte;mEc;Regiao central da Amazonia sob influencia de ar quente e umido, caracteristico da Massa Equatorial Continental, sem a presenca de sistemas frontais ou influencias de massas extratr;Primavera;;;;;;;;;;;;;;;;
2022-12-10 00:00:00;Nordeste;mTa;Zona sob influência direta do escoamento do anticiclone subtropical, caracterizada por aporte de ar quente e úmido oceânico sobre a região Nordeste.;Primavera;;;;;;;;;;;;;;;;
2022-12-10 00:00:00;Litoral;mTa;A região encontra-se sob influência do escoamento marítimo oriundo da circulação de alta pressão do Atlântico Sul, caracterizando a predominância da massa Tropical Atlântica (mTa).;Primavera;;;;;;;;;;;;;;;;
2022-12-10 00:00:00;Centro;mTc;Região central do continente sob influência de massa quente e seca, caracterizada por baixas pressões térmicas típicas da depressão do Chaco e ausência de incursões de ar polar.;Primavera;;;;;;;;;;;;;;;;
2022-12-10 00:00:00;Sul;mTa;A região encontra-se sob influência da circulação marítima da alta pressão do Atlântico, caracterizando o domínio da massa Tropical Atlântica com fluxo de umidade do oceano.;Primavera;;;;;;;;;;;;;;;;
2022-12-11 00:00:00;Norte;mEc;A região delimitada abrange a bacia amazônica, onde a estabilidade das características de umidade e temperatura elevadas confirmam o predomínio da Massa Equatorial Continental.;Primavera;;;;;;;;;;;;;;;;
2022-12-11 00:00:00;Nordeste;mTa;Região sob influência direta do fluxo de leste/sudeste proveniente do Atlântico Tropical, caracterizando-se por ar quente e úmido transportado pela circulação marítima predominante;Primavera;;;;;;;;;;;;;;;;
2022-12-11 00:00:00;Litoral;mTa;A regiao delimitada esta sob o regime de circulacao do escoamento de leste/nordeste associado ao transporte de umidade do oceano para o continente, caracterizando a mTa.;Primavera;;;;;;;;;;;;;;;;
2022-12-11 00:00:00;Centro;mTa;Região sob influência da circulação anticiclônica do Atlântico Sul, caracterizando a predominância de ar quente e úmido transportado do oceano para o interior do continente.;Primavera;;;;;;;;;;;;;;;;
2022-12-11 00:00:00;Sul;mTa;A região delimitada está sob forte influência da circulação anticiclônica de base, apresentando predomínio de ar quente e úmido característico da massa Tropical Atlântica.;Primavera;;;;;;;;;;;;;;;;
2022-12-12 00:00:00;Norte;mEc;A região selecionada abrange a bacia amazônica, onde a Massa Equatorial Continental predomina devido à sua característica quente e úmida, típica da climatologia sazonal da área.;Primavera;;;;;;;;;;;;;;;;
2022-12-12 00:00:00;Nordeste;mTa;Regiao sob influencia do escoamento de leste-nordeste oriundo da circulacao do anticiclone subtropical do Atlantico Sul, caracterizando a presenca predominante da massa Tropical At;Primavera;;;;;;;;;;;;;;;;
2022-12-12 00:00:00;Litoral;mTa;Regiao sob dominio do fluxo do quadrante leste/nordeste vindo do Atlantico, caracterizando estabilidade e adveccao de umidade inerente a Massa Tropical Atlantica.;Primavera;;;;;;;;;;;;;;;;
2022-12-12 00:00:00;Centro;mTa;Regiao sob influencia da circulacao periferica da alta pressao subtropical, caracterizando o dominio de ar quente e umido de origem maritima sobre o setor central do Brasil.;Primavera;;;;;;;;;;;;;;;;
2022-12-12 00:00:00;Sul;mTa;Região sob influência direta do fluxo de umidade do oceano Atlântico, caracterizada por temperaturas amenas e alta umidade, típicas do domínio da circulação marítima da mTa.;Primavera;;;;;;;;;;;;;;;;
2022-12-13 00:00:00;Norte;mEc;A regiao delimitada esta sob influencia direta da bacia Amazonica, caracterizada pelo dominio de massa de ar quente e umida com ausencia de sistemas frontais.;Primavera;;;;;;;;;;;;;;;;
2022-12-13 00:00:00;Nordeste;mTa;A região é dominada pelo escoamento marítimo de leste, característico da massa Tropical Atlântica, que transporta ar quente e úmido para o setor oriental do Nordeste brasileiro.;Primavera;;;;;;;;;;;;;;;;
2022-12-13 00:00:00;Litoral;mTa;Regiao sob dominio do fluxo de quadrante leste associado a ASAS, mantendo caracteristicas quentes e umidas da mTa, sem influencia de sistemas frontais no setor delimitado.;Primavera;;;;;;;;;;;;;;;;
2022-12-13 00:00:00;Centro;mTa;Região sob influência da circulação da ASAS, apresentando características de ar quente e úmido, típico da massa tropical atlântica, predominante na área central do Brasil.;Primavera;;;;;;;;;;;;;;;;
2022-12-13 00:00:00;Sul;mPa;A região delimitada encontra-se na retaguarda de uma frente fria, caracterizada pela incursão de ar mais frio e denso sobre o continente, indicando a predominância da mPa.;Primavera;;;;;;;;;;;;;;;;
2022-12-14 00:00:00;Norte;mEc;A região delimitada abrange a bacia amazônica e áreas continentais adjacentes, onde predomina a Massa Equatorial Continental, caracterizada por ser quente e úmida.;Primavera;;;;;;;;;;;;;;;;
2022-12-14 00:00:00;Nordeste;mTa;Predominância de ar quente e úmido sobre a região nordeste, sob influência do fluxo de circulação marítima da alta pressão subtropical do Atlântico Sul.;Primavera;;;;;;;;;;;;;;;;
2022-12-14 00:00:00;Litoral;mTa;A regiao delimitada esta sob influencia direta da circulacao oceanica associada a alta pressao do Atlantico Sul, caracterizando o dominio da Massa Tropical Atlantica (mTa).;Primavera;;;;;;;;;;;;;;;;
2022-12-14 00:00:00;Centro;mEc;A região central encontra-se sob domínio da massa de ar quente e úmida de origem continental, característica da circulação amazônica que se expande sobre o Brasil central.;Primavera;;;;;;;;;;;;;;;;
2022-12-14 00:00:00;Sul;mPa;A região delimitada encontra-se sob o fluxo pós-frontal, com advecção de ar frio e seco, caracterizando a atuação da massa de ar polar atlântica sobre o Sul do Brasil.;Primavera;;;;;;;;;;;;;;;;
2022-12-15 00:00:00;Norte;mEc;A regiao delimitada esta sob influencia direta da massa de ar quente e umida caracteristica da Amazonia, apresentando condicoes tipicas da mEc em seu dominio continental.;Primavera;;;;;;;;;;;;;;;;
2022-12-15 00:00:00;Nordeste;mTa;A região delimitada está sob forte influência do fluxo marítimo proveniente do Atlântico Sudeste, caracterizando o ingresso de ar quente e úmido típico da massa Tropical Atlântica.;Primavera;;;;;;;;;;;;;;;;
2022-12-15 00:00:00;Litoral;mTa;Regiao sob clara influencia do transporte de umidade do oceano associado a circulacao do anticiclone subtropical, caracterizando a dominancia da massa Tropical Atlantica no setor.;Primavera;;;;;;;;;;;;;;;;
2022-12-15 00:00:00;Centro;mTa;Região sob influência predominante do fluxo de leste/sudeste associado ao escoamento marítimo, caracterizando o domínio da massa tropical atlântica sobre o setor delimitado.;Primavera;;;;;;;;;;;;;;;;
2022-12-15 00:00:00;Sul;mTa;A região encontra-se sob influência do fluxo de circulação marítima da Alta Subtropical do Atlântico Sul, caracterizando o domínio da massa Tropical Atlântica, quente e úmida.;Primavera;;;;;;;;;;;;;;;;
2022-12-16 00:00:00;Norte;mEc;A região demarcada encontra-se sobre a bacia amazônica, caracterizada pelas condições térmicas e de umidade típicas da massa Equatorial Continental, sem influência de sistemas pola;Primavera;;;;;;;;;;;;;;;;
2022-12-16 00:00:00;Nordeste;mTa;Regiao sob influencia do escoamento de leste-nordeste oriundo do setor de alta pressao do Atlantico Sul, caracterizando o dominio da massa Tropical Atlantica com umidade e calor.;Primavera;;;;;;;;;;;;;;;;
2022-12-16 00:00:00;Litoral;mEa;A região delimitada situa-se sob influência equatorial direta no litoral do Nordeste brasileiro, característica do fluxo e domínio da massa Equatorial Atlântica (mEa).;Primavera;;;;;;;;;;;;;;;;
2022-12-16 00:00:00;Centro;mTa;A região encontra-se sob influência do fluxo marítimo da ASAS, caracterizando o transporte de umidade e calor típico da Massa Tropical Atlântica sobre o setor leste do Centro-Oeste;Primavera;;;;;;;;;;;;;;;;
2022-12-16 00:00:00;Sul;mPa;A região delimitada encontra-se sob influência de uma massa de ar pós-frontal, com temperaturas mais amenas e regime de circulação associado ao avanço da mPa pelo setor Sul.;Primavera;;;;;;;;;;;;;;;;
2022-12-17 00:00:00;Norte;mEc;Região sob influência direta da massa de ar Equatorial Continental, caracterizada por altas temperaturas e elevada umidade sobre a bacia amazônica e adjacências.;Primavera;;;;;;;;;;;;;;;;
2022-12-17 00:00:00;Nordeste;mTa;A região delimitada está sob forte influência do escoamento marítimo associado ao sistema de alta pressão oceânico, caracterizando o predomínio da massa Tropical Atlântica.;Primavera;;;;;;;;;;;;;;;;
2022-12-17 00:00:00;Litoral;mTa;Predominancia da Massa Tropical Atlantica no setor costeiro, caracterizada por fluxos de leste influenciados pelo escoamento da alta subtropical sobre o oceano.;Primavera;;;;;;;;;;;;;;;;
2022-12-17 00:00:00;Centro;mPa;A região encontra-se no quadrante posterior ao sistema frontal, caracterizada pelo ingresso de uma massa de ar com características de maior estabilidade e temperaturas mais amenas.;Primavera;;;;;;;;;;;;;;;;
2022-12-17 00:00:00;Sul;mPa;Regiao sob incidencia de massa de ar frio e seco, posicionada na retaguarda de frente fria que avanca sobre o Sul do Brasil, caracterizando o ingresso da mPa.;Primavera;;;;;;;;;;;;;;;;
2022-12-18 00:00:00;Norte;mEc;A região delimitada abrange a bacia amazônica e áreas contíguas, onde predomina uma massa de ar quente e úmida, característica da mEc, consolidada pelo fluxo térmico continental.;Primavera;;;;;;;;;;;;;;;;
2022-12-18 00:00:00;Nordeste;mTa;Predominio da massa Tropical Atlantica, caracterizada pelo fluxo de ar maritimo quente e umido sobre o litoral e porcões do interior da regiao Nordeste.;Primavera;;;;;;;;;;;;;;;;
2022-12-18 00:00:00;Litoral;mTa;A região delimitada encontra-se sob influência do fluxo equatorial/tropical marítimo do quadrante leste-nordeste, característica da circulação da mTa no setor leste do NE brasileir;Primavera;;;;;;;;;;;;;;;;
2022-12-18 00:00:00;Centro;mTa;Região sob influência do escoamento marítimo de leste/nordeste associado ao ramo continental da Alta Subtropical do Atlântico Sul, caracterizando transporte de umidade e calor.;Primavera;;;;;;;;;;;;;;;;
2022-12-18 00:00:00;Sul;mPa;A regiao apresenta o avanco de uma frente fria e o posicionamento de uma massa de ar pós-frontal, caracterizada por temperaturas reduzidas e circulacao favoravel à mPa.;Primavera;;;;;;;;;;;;;;;;
2022-12-19 00:00:00;Norte;mEc;A regiao compreende a Bacia Amazonica, caracterizada pelo dominio de ar quente e umido, sem a influencia de sistemas frontais, consolidando a atuacao da Massa Equatorial Continenta;Primavera;;;;;;;;;;;;;;;;
2022-12-19 00:00:00;Nordeste;mTa;Região sob influência direta do fluxo de ar quente e úmido proveniente do Atlântico, caracterizando o domínio da massa Tropical Atlântica sobre o setor leste/nordeste.;Primavera;;;;;;;;;;;;;;;;
2022-12-19 00:00:00;Litoral;mTa;O setor delimitado encontra-se sob influência do escoamento marítimo, característico de uma massa de ar quente e úmida que predomina na costa leste brasileira.;Primavera;;;;;;;;;;;;;;;;
2022-12-19 00:00:00;Centro;mTa;A região encontra-se sob influência do fluxo de circulação marítima da ASAS, caracterizando a predominância da massa Tropical Atlântica com transporte de umidade e calor.;Primavera;;;;;;;;;;;;;;;;
2022-12-19 00:00:00;Sul;mPa;A regiao delimitada esta posicionada a retaguarda de um sistema frontal, caracterizando a advecao de massa de ar frio e umido de origem polar.;Primavera;;;;;;;;;;;;;;;;
2022-12-20 00:00:00;Norte;mEc;Regiao sobre o dominio da Amazonia caracterizada por ar quente e umido, sem influencia de frentes frias, configurando o predominio da massa equatorial continental.;Primavera;;;;;;;;;;;;;;;;
2022-12-20 00:00:00;Nordeste;mTa;Regiao sob influencia do fluxo marítimo dos ventos alísios, característico da predominância da Massa Tropical Atlântica, que penetra e atua sobre o setor leste da região Nordeste.;Primavera;;;;;;;;;;;;;;;;
2022-12-20 00:00:00;Litoral;mTa;Região sob influência direta do fluxo de leste/sudeste associado à circulação periférica do sistema de alta pressão oceânico, caracterizando ar quente e úmido.;Primavera;;;;;;;;;;;;;;;;
2022-12-20 00:00:00;Centro;mTa;A região central encontra-se sob influência de um campo de pressões associado ao escoamento marítimo, caracterizando a predominância da Massa Tropical Atlântica (mTa).;Primavera;;;;;;;;;;;;;;;;
2022-12-20 00:00:00;Sul;mPa;A regiao apresenta predominancia de circulacao ciclonica e queda de temperatura associada ao avancamento de uma massa de ar frio e umido na retaguarda de sistema frontal.;Primavera;;;;;;;;;;;;;;;;
2022-12-21 00:00:00;Norte;mEc;A região delimitada abrange a bacia amazônica e adjacências, sob domínio da massa Equatorial Continental, caracterizada por alto conteúdo de umidade e temperaturas elevadas.;Verão;;;;;;;;;;;;;;;;
2022-12-21 00:00:00;Nordeste;mTa;Predominância da Massa Tropical Atlântica, caracterizada pelo fluxo de ar morno e úmido vindo do oceano, influenciando o setor leste e interior da região Nordeste no período.;Verão;;;;;;;;;;;;;;;;
2022-12-21 00:00:00;Litoral;mTa;A região apresenta características de baixas latitudes com predomínio de umidade e temperaturas elevadas típicas do fluxo marítimo da massa tropical no setor oriental do Brasil.;Verão;;;;;;;;;;;;;;;;
2022-12-21 00:00:00;Centro;mPa;A região delimitada está sob a influência do avanço de uma frente fria, com massas de ar pós-frontal caracterizadas por temperaturas mais amenas típicas da mPa.;Verão;;;;;;;;;;;;;;;;
2022-12-21 00:00:00;Sul;mPa;Região sob influência de ar mais frio e seco na retaguarda de sistema frontal, caracterizado por temperaturas mais baixas e declínio acentuado nas observações locais.;Verão;;;;;;;;;;;;;;;;
2022-12-22 00:00:00;Norte;mEc;Região central e norte da América do Sul sob domínio de massa de ar quente e úmida de origem continental, característica da termodinâmica amazônica nesta época do ano.;Verão;;;;;;;;;;;;;;;;
2022-12-22 00:00:00;Nordeste;mTa;Predominância da massa Tropical Atlântica, caracterizada pelo fluxo regional associado ao regime de alta pressão sobre o oceano adjacente, que mantém o ar quente e úmido no setor.;Verão;;;;;;;;;;;;;;;;
2022-12-22 00:00:00;Litoral;mTa;O litoral setentrional brasileiro está sob influência do fluxo marítimo da circulação anticiclônica do Atlântico Sul, caracterizando o predomínio da massa Tropical Atlântica.;Verão;;;;;;;;;;;;;;;;
2022-12-22 00:00:00;Centro;mTa;A região encontra-se sob influência do escoamento marítimo vindo do oceano, caracterizado pela estabilidade e umidade típicas da massa Tropical Atlântica predominante no setor.;Verão;;;;;;;;;;;;;;;;
2022-12-22 00:00:00;Sul;mPa;A regiao delimitada encontra-se sob a influência direta do transporte de ar frio e úmido após a passagem de sistema frontal, caracterizando o avanço de uma massa polar atlântica.;Verão;;;;;;;;;;;;;;;;
2022-12-23 00:00:00;Norte;mEc;A região delimitada abrange a bacia amazônica e áreas continentais adjacentes, onde a massa de ar quente e úmida de origem equatorial exerce pleno domínio sobre a circulação local.;Verão;;;;;;;;;;;;;;;;
2022-12-23 00:00:00;Nordeste;mTa;Predominância da massa Tropical Atlântica, caracterizada pelo escoamento de leste/sudeste associado à célula de alta pressão sobre o oceano, influenciando o setor costeiro e o inte;Verão;;;;;;;;;;;;;;;;
2022-12-23 00:00:00;Litoral;mTa;O setor delimitado encontra-se sob influência de um fluxo marítimo quente e úmido, característico do domínio da massa Tropical Atlântica na costa leste do Brasil.;Verão;;;;;;;;;;;;;;;;
2022-12-23 00:00:00;Centro;mTa;Zona sob influência direta do escoamento marítimo vindo do Atlântico, configurando transporte de umidade e características térmicas típicas da Massa Tropical Atlântica na região.;Verão;;;;;;;;;;;;;;;;
2022-12-23 00:00:00;Sul;mTa;A região apresenta predomínio de temperaturas elevadas e umidade, sob influência do escoamento da alta pressão subtropical do Atlântico Sul, caracterizando a atuação da mTa.;Verão;;;;;;;;;;;;;;;;
2022-12-24 00:00:00;Norte;mEc;A área delimitada abrange a região amazônica, onde a massa de ar quente e úmida de origem continental predomina, mantendo as características típicas de instabilidade tropical.;Verão;;;;;;;;;;;;;;;;
2022-12-24 00:00:00;Nordeste;mTa;Região sob influência direta do fluxo de leste da alta pressão subtropical do Atlântico Sul, caracterizando a predominância da Massa Tropical Atlântica (mTa) no Nordeste brasileiro;Verão;;;;;;;;;;;;;;;;
2022-12-24 00:00:00;Litoral;mTa;O setor delimitado está sob influência direta do escoamento marítimo de leste, característico da circulação da alta subtropical, transportando umidade e temperaturas tropicais.;Verão;;;;;;;;;;;;;;;;
2022-12-24 00:00:00;Centro;mTa;Regiao sob fluxo predominante de leste/nordeste vindo do oceano, caracterizando a atuacao da massa Tropical Atlantica, com presenca de umidade e temperaturas elevadas.;Verão;;;;;;;;;;;;;;;;
2022-12-24 00:00:00;Sul;mPa;A região sul do retângulo encontra-se sob influência de massa de ar com características térmicas inferiores e fluxo pós-frontal, configurando a predominância da mPa sobre o setor.;Verão;;;;;;;;;;;;;;;;
2022-12-25 00:00:00;Norte;mEc;Região central da América do Sul caracterizada pela predominância de ar quente e úmido de origem continental, mantendo características térmicas típicas da massa Equatorial Continen;Verão;;;;;;;;;;;;;;;;
2022-12-25 00:00:00;Nordeste;mTa;Regiao sob clara influencia da circulacao periferica da alta pressao do Atlantico Sul, que transporta ar quente e umido do oceano para o continente, caracterizando a mTa.;Verão;;;;;;;;;;;;;;;;
2022-12-25 00:00:00;Litoral;mTa;Predominância de circulação marítima de leste/sudeste, com temperaturas e teores de umidade típicos do transporte oceânico, caracterizando a influência da Massa Tropical Atlântica.;Verão;;;;;;;;;;;;;;;;
2022-12-25 00:00:00;Centro;mTa;A região encontra-se sob o fluxo do quadrante marítimo do Anticiclone Subtropical, transportando umidade e calor característicos da Massa Tropical Atlântica para o centro do Brasil;Verão;;;;;;;;;;;;;;;;
2022-12-25 00:00:00;Sul;mPa;A região delimitada encontra-se na retaguarda de uma frente fria, caracterizada pelo ingresso de ar mais frio e denso, típico do domínio da massa polar atlântica.;Verão;;;;;;;;;;;;;;;;
2022-12-26 00:00:00;Norte;mEc;Região situada sobre a bacia amazônica, caracterizada por altas temperaturas e elevada umidade, sob domínio de uma massa de ar quente e úmida típica da região equatorial continenta;Verão;;;;;;;;;;;;;;;;
2022-12-26 00:00:00;Nordeste;mTa;Região sob influência direta do fluxo de leste da alta pressão subtropical do Atlântico Sul, caracterizando a predominância de ar quente e úmido de origem marítima (mTa).;Verão;;;;;;;;;;;;;;;;
2022-12-26 00:00:00;Litoral;mTa;A região delimitada encontra-se sob a influência direta do escoamento marítimo de leste/nordeste associado ao gradiente de alta pressão, caracterizando a atuação da mTa.;Verão;;;;;;;;;;;;;;;;
2022-12-26 00:00:00;Centro;mTa;A região destacada está sob a influência do fluxo marítimo proveniente da circulação da ASAS, que transporta ar quente e úmido para o interior do país, caracterizando a mTa.;Verão;;;;;;;;;;;;;;;;
2022-12-26 00:00:00;Sul;mPa;A região delimitada encontra-se sob influência de massa de ar pós-frontal (setor de retaguarda), caracterizada pela advecção de ar frio e úmido após a passagem da frente fria.;Verão;;;;;;;;;;;;;;;;
2022-12-27 00:00:00;Norte;mEc;A região delimitada abrange a bacia amazônica, onde predomina uma massa de ar quente e úmida de origem continental, mantendo características térmicas e de umidade elevadas.;Verão;;;;;;;;;;;;;;;;
2022-12-27 00:00:00;Nordeste;mTa;Predominância da Massa Tropical Atlântica, caracterizada pelo fluxo de ar quente e úmido vindo do Oceano Atlântico para a região interiorana e litorânea do Nordeste brasileiro.;Verão;;;;;;;;;;;;;;;;
2022-12-27 00:00:00;Litoral;mTa;Região sob influência direta do escoamento marítimo de leste/sudeste, com características térmicas e de umidade típicas da massa Tropical Atlântica.;Verão;;;;;;;;;;;;;;;;
2022-12-27 00:00:00;Centro;mTa;A região central encontra-se sob influência de um escoamento marítimo persistente proveniente da ASAS, caracterizando o predomínio da mTa com transporte de umidade para o interior.;Verão;;;;;;;;;;;;;;;;
2022-12-27 00:00:00;Sul;mPa;A região delimitada encontra-se na retaguarda de uma frente fria, caracterizando o ingresso e domínio da massa de ar polar, evidenciada pelos gradientes térmicos e de pressão.;Verão;;;;;;;;;;;;;;;;
2022-12-28 00:00:00;Norte;mEc;A região delimitada compreende a bacia amazônica. A característica de calor e umidade, associada à ausência de sistemas frontais, define o domínio pleno da Massa Equatorial Contine;Verão;;;;;;;;;;;;;;;;
2022-12-28 00:00:00;Nordeste;mTa;A região encontra-se sob influência do fluxo de leste-sudeste proveniente do Atlântico, caracterizando a predominância da massa Tropical Atlântica (mTa) com transporte de umidade.;Verão;;;;;;;;;;;;;;;;
2022-12-28 00:00:00;Litoral;mTa;A região encontra-se sob influência do escoamento marítimo associado ao sistema de alta pressão oceânico, caracterizando o predomínio da Massa Tropical Atlântica.;Verão;;;;;;;;;;;;;;;;
2022-12-28 00:00:00;Centro;mTa;A regiao encontra-se sob circulacao maritima associada ao fluxo predominante do Atlantico Sul, caracterizando a atuacao da massa Tropical Atlantica sobre o Sudeste brasileiro.;Verão;;;;;;;;;;;;;;;;
2022-12-28 00:00:00;Sul;mPa;A região delimitada encontra-se sob influência de uma massa de ar pós-frontal, caracterizada pelo avanço de ar mais frio e denso proveniente do quadrante sul.;Verão;;;;;;;;;;;;;;;;
2022-12-29 00:00:00;Norte;mEc;A regiao delimitada posiciona-se sobre a bacia Amazonica, caracterizada pelo dominio de massa quente e umida de origem continental, mantendo estabilidade termodinamica na regiao.;Verão;;;;;;;;;;;;;;;;
2022-12-29 00:00:00;Nordeste;mTa;Região sob influência direta da circulação marítima do Atlântico Sul, mantendo condições térmicas e de umidade características da massa tropical atlântica em todo o setor.;Verão;;;;;;;;;;;;;;;;
2022-12-29 00:00:00;Litoral;mTa;A regiao delimitada esta sob o dominio do fluxo de leste/sudeste associado a alta pressao do Atlantico Sul, caracterizando a atuacao da massa Tropical Atlantica.;Verão;;;;;;;;;;;;;;;;
2022-12-29 00:00:00;Centro;mEc;Região central sob influência das características de massa equatorial continental, apresentando elevadas temperaturas e umidade, sem a presença de sistemas frontais atuando no seto;Verão;;;;;;;;;;;;;;;;
2022-12-29 00:00:00;Sul;mPa;A região delimitada encontra-se sob influência do avanço de uma massa de ar frio e úmido, caracterizada pela retaguarda de um sistema frontal que atua sobre o setor Sul.;Verão;;;;;;;;;;;;;;;;
2022-12-30 00:00:00;Norte;mEc;A região delimitada abrange a bacia amazônica, caracterizada pela predominância da massa equatorial continental, que mantém condições térmicas elevadas e elevada umidade.;Verão;;;;;;;;;;;;;;;;
2022-12-30 00:00:00;Nordeste;mTa;Regiao sob predominio do escoamento de leste vindo do Atlantico Sul, caracterizando a atuacao da massa tropical quente e umida sobre o setor costeiro e interior do Nordeste.;Verão;;;;;;;;;;;;;;;;
2022-12-30 00:00:00;Litoral;mTa;Regiao sob influencia do fluxo de sudeste e leste proveniente do Atlantico Sul, caracterizando a predominancia da Massa Tropical Atlantica no litoral do Nordeste brasileiro.;Verão;;;;;;;;;;;;;;;;
2022-12-30 00:00:00;Centro;mEc;Região sob influência da Massa Equatorial Continental, caracterizada por transporte de umidade e calor na área central, apresentando instabilidade típica de verão sem a presença de;Verão;;;;;;;;;;;;;;;;
2022-12-30 00:00:00;Sul;mPa;A região delimitada encontra-se sob a influência direta do avanço da massa de ar pós-frontal, caracterizada pela subsidência e gradiente térmico da mPa no setor do Sul brasileiro.;Verão;;;;;;;;;;;;;;;;
2022-12-31 00:00:00;Norte;mEc;Regiao central e norte da Amazonia apresentando condicoes de elevada umidade e calor, caracteristicas da massa de ar equatorial continental, sem influencia de sistemas frontais.;Verão;;;;;;;;;;;;;;;;
2022-12-31 00:00:00;Nordeste;mTa;A regiao delimitada esta sob influencia direta da circulacao oceanica de leste/sudeste, com caracteristicas de estabilidade e umidade associadas a massa tropical atlantica.;Verão;;;;;;;;;;;;;;;;
2022-12-31 00:00:00;Litoral;mTa;A região delimitada está sob a influência do escoamento marítimo de leste/sudeste, condicionado pelo fluxo estável da circulação oceânica, caracterizando a atuação da mTa.;Verão;;;;;;;;;;;;;;;;
2022-12-31 00:00:00;Centro;mTa;A região encontra-se sob o fluxo do quadrante leste/sudeste, indicando o domínio da mTa que se estabelece sobre o Brasil central, conferindo características térmicas estáveis.;Verão;;;;;;;;;;;;;;;;
2022-12-31 00:00:00;Sul;mTa;Região sob influência direta do fluxo de circulacão marítima quente e úmida proveniente do oceano, caracterizando o domínio da massa Tropical Atlântica na faixa costeira.;Verão;;;;;;;;;;;;;;;;
