DATA CARTA;REGIÃO;MASSA DE AR;DESCRIÇÃO;;;;;;;;;;;;;;;;;;
2023-01-01 00:00:00;Norte;mEc;A região delimitada abrange a bacia amazônica e áreas continentais adjacentes, onde predomina a massa Equatorial Continental, caracterizada por ser quente e úmida.;Verão;;;;;;;;;;;;;;;;;Verão
2023-01-01 00:00:00;Nordeste;mTa;Região sob influência direta do fluxo de leste da alta pressão subtropical do Atlântico Sul, transportando ar quente e úmido para o litoral e interior do Nordeste.;Verão;;;;;;;;;;;;;;;;;
2023-01-01 00:00:00;Litoral;mTa;A região delimitada está sob a influência do fluxo marítimo persistente associado ao anticiclone oceânico, caracterizando o predomínio de ar quente e úmido da massa Tropical Atlânt;Verão;;;;;;;;;;;;;;;;;
2023-01-01 00:00:00;Centro;mTa;A região encontra-se sob influência da circulação da alta pressão do Atlântico Sul, caracterizando o predomínio de ar quente e úmido tipicamente tropical.;Verão;;;;;;;;;;;;;;;;;
2023-01-01 00:00:00;Sul;mTa;A região delimitada está sob forte influência da circulação do escoamento marítimo, caracterizando o predomínio de ar quente e úmido transportado do Atlântico para o continente.;Verão;;;;;;;;;;;;;;;;;
2023-01-02 00:00:00;Norte;mEc;Região central da Amazônia caracterizada por ambiente quente e úmido, sob domínio da massa tropical continental de origem equatorial, sem influência direta de sistemas frontais.;Verão;;;;;;;;;;;;;;;;;
2023-01-02 00:00:00;Nordeste;mTa;A região do Nordeste delimitada encontra-se sob influência predominante do fluxo de leste da circulação marítima, caracterizando a atuação da massa Tropical Atlântica (mTa).;Verão;;;;;;;;;;;;;;;;;
2023-01-02 00:00:00;Litoral;mTa;Predominio da massa tropical atlantica na regiao do litoral leste, caracterizada por temperaturas estaveis e transporte de umidade do oceano para o continente.;Verão;;;;;;;;;;;;;;;;;
2023-01-02 00:00:00;Centro;mTa;A região encontra-se submetida ao fluxo de circulação marítima da ASAS (Atlântico Sul), caracterizando a predominância da massa de ar Tropical Atlântica, quente e úmida.;Verão;;;;;;;;;;;;;;;;;
2023-01-02 00:00:00;Sul;mPa;A região delimitada situa-se sob influência de massa de ar frio e seco (mPa), com temperaturas amenas, avançando na retaguarda da frente fria que atua no setor oceânico adjacente.;Verão;;;;;;;;;;;;;;;;;
2023-01-03 00:00:00;Norte;mEc;A região demarcada localiza-se sobre a bacia amazônica, sob influência direta e exclusiva da Massa Equatorial Continental, caracterizada pela elevada umidade e instabilidade local.;Verão;;;;;;;;;;;;;;;;;
2023-01-03 00:00:00;Nordeste;mTa;Regiao sob influencia do escoamento de leste do Atlantico Sul, predominando caracteristicas tropicais maritimas quentes e umidas, tipicas da circulacao da ASAS.;Verão;;;;;;;;;;;;;;;;;
2023-01-03 00:00:00;Litoral;mTa;Região sob influência da circulação anticiclônica do Atlântico Sul, caracterizando a atuação da massa Tropical Atlântica (mTa) no setor costeiro indicado.;Verão;;;;;;;;;;;;;;;;;
2023-01-03 00:00:00;Centro;mTc;A regiao delimitada esta sob influencia da Depressao do Chaco, caracterizada pelo aquecimento radiativo e predominio de ar quente e seco, tipico da massa Tropical Continental.;Verão;;;;;;;;;;;;;;;;;
2023-01-03 00:00:00;Sul;mPa;A região delimitada encontra-se atrás de um sistema frontal (frente fria), caracterizada pelo ingresso de ar frio e úmido com queda nas temperaturas.;Verão;;;;;;;;;;;;;;;;;
2023-01-04 00:00:00;Norte;mEc;A região demarcada encontra-se sobre a bacia amazônica, sob influência direta da massa de ar quente e úmida característica da região central do continente.;Verão;;;;;;;;;;;;;;;;;
2023-01-04 00:00:00;Nordeste;mTa;Predominio da massa tropical atlantica devido ao fluxo de leste/sudeste associado ao escoamento da alta subtropical, mantendo condicoes de estabilidade e umidade no setor.;Verão;;;;;;;;;;;;;;;;;
2023-01-04 00:00:00;Litoral;mTa;A região delimitada está sob o domínio do fluxo marítimo de sudeste, característico da circulação da alta subtropical do Atlântico Sul, transportando ar quente e úmido.;Verão;;;;;;;;;;;;;;;;;
2023-01-04 00:00:00;Centro;mTa;A região encontra-se sob influência do fluxo de umidade vindo do oceano, característico de um ambiente de alta pressão subtropical, definindo a predominância da mTa.;Verão;;;;;;;;;;;;;;;;;
2023-01-04 00:00:00;Sul;mTa;A região apresenta características de estabilidade e fluxo marítimo típico de circulação tropical, sob influência direta da massa de ar quente e úmida que domina a faixa litorânea.;Verão;;;;;;;;;;;;;;;;;
2023-01-05 00:00:00;Norte;mEc;A região esta sob influencia do dominio da circulacao amazonica, caracterizada pelo ar quente e umido abundante, tipico da Massa Equatorial Continental sem influencia frontal.;Verão;;;;;;;;;;;;;;;;;
2023-01-05 00:00:00;Nordeste;mTa;Predominância de fluxo marítimo de sudeste/leste, transportando umidade do Atlântico Tropical para o setor, caracterizando o domínio da massa Tropical Atlântica na região.;Verão;;;;;;;;;;;;;;;;;
2023-01-05 00:00:00;Litoral;mTa;Região delimitada sob influência do escoamento marítimo de leste/sudeste associado à circulação oceânica, caracterizando o domínio da massa Tropical Atlântica (mTa).;Verão;;;;;;;;;;;;;;;;;
2023-01-05 00:00:00;Centro;mPa;Região situada a retaguarda de um sistema frontal, caracterizada pelo ingresso e predomínio de ar de origem polar, com queda nas temperaturas e estabilização atmosférica.;Verão;;;;;;;;;;;;;;;;;
2023-01-05 00:00:00;Sul;mPa;A região delimitada está sob influência da massa de ar polar, evidenciada pela circulação pós-frontal que avança sobre o Sul e o Sudeste, mantendo o ar mais frio e menos úmido.;Verão;;;;;;;;;;;;;;;;;
2023-01-06 00:00:00;Norte;mEc;A região delimitada abrange a bacia amazônica e áreas adjacentes, onde predomina a Massa Equatorial Continental, caracterizada pela elevada umidade e instabilidade intrínseca.;Verão;;;;;;;;;;;;;;;;;
2023-01-06 00:00:00;Nordeste;mEa;A região delimitada é influenciada predominantemente por características de ar quente e úmido de origem marítima tropical e equatorial, típicas da mEa que atua na costa norte/norde;Verão;;;;;;;;;;;;;;;;;
2023-01-06 00:00:00;Litoral;mTa;Predominância da Massa Tropical Atlântica, caracterizada pelo escoamento marítimo quente e úmido que flui diretamente para o setor litorâneo delimitado sem interferência de massas ;Verão;;;;;;;;;;;;;;;;;
2023-01-06 00:00:00;Centro;mPa;A região delimitada encontra-se no setor pós-frontal, sob influência direta do avanço de massa de ar frio e úmido após a passagem da frente fria.;Verão;;;;;;;;;;;;;;;;;
2023-01-06 00:00:00;Sul;mPa;A região destacada apresenta o ingresso de uma massa de ar pós-frontal, caracterizada por gradiente de pressão e declínio de temperatura, indicando a atuação e domínio da mPa.;Verão;;;;;;;;;;;;;;;;;
2023-01-07 00:00:00;Norte;mEc;A região delimitada compreende a bacia amazônica e áreas continentais adjacentes, onde predomina a massa tropical continental quente e úmida, característica desta época do ano na r;Verão;;;;;;;;;;;;;;;;;
2023-01-07 00:00:00;Nordeste;mTa;A região encontra-se sob influência da circulação anticiclônica do Atlântico Sul, caracterizando o predomínio de ar quente e úmido transportado pela mTa sobre o litoral e interior.;Verão;;;;;;;;;;;;;;;;;
2023-01-07 00:00:00;Litoral;mTa;Regiao sob influencia do escoamento de leste-nordeste oriundo do oceano, caracterizando uma massa de ar quente e umida predominante em grande parte do litoral brasileiro.;Verão;;;;;;;;;;;;;;;;;
2023-01-07 00:00:00;Centro;mT c;A área sobre o Centro-Oeste brasileiro apresenta características térmicas elevadas e baixa umidade relativa, consistentes com o domínio da Massa Tropical Continental (mTc).;Verão;;;;;;;;;;;;;;;;;
2023-01-07 00:00:00;Sul;mPa;A região delimitada na Região Sul encontra-se sob o fluxo pós-frontal, apresentando declínio térmico e características típicas de estabilização da massa polar atlântica.;Verão;;;;;;;;;;;;;;;;;
2023-01-08 00:00:00;Norte;mEc;A região mapeada no interior do continente é dominada pelo fluxo de ar tropical úmido e quente característico da Massa Equatorial Continental, típica da bacia Amazônica nesta época;Verão;;;;;;;;;;;;;;;;;
2023-01-08 00:00:00;Nordeste;mTa;Regiao sob incidencia de fluxo marítimo oriundo do Atlântico Tropical, com características quentes e úmidas típicas da massa de ar Tropical Atlântica predominante no setor.;Verão;;;;;;;;;;;;;;;;;
2023-01-08 00:00:00;Litoral;mTa;A região delimitada está sob influência do fluxo equatorial/tropical do Atlântico, caracterizado por ar quente e úmido, típicas do domínio da circulação marítima em latitudes tropi;Verão;;;;;;;;;;;;;;;;;
2023-01-08 00:00:00;Centro;mPa;A região delimitada encontra-se sob influência do avanço de uma massa de ar pós-frontal, apresentando queda de temperatura e umidade característica da incursão da mPa.;Verão;;;;;;;;;;;;;;;;;
2023-01-08 00:00:00;Sul;mPa;A regiao delimitada esta sob influencia direta de uma massa de ar frio e seco (mPa), evidenciada pelo posicionamento a retaguarda da frente fria (marcada no mapa como linha azul).;Verão;;;;;;;;;;;;;;;;;
2023-01-09 00:00:00;Norte;mEc;A regiao delimitada esta sob influencia direta da massa de ar quente e umida de origem continental, caracterizada pela circulacao mantida sobre a bacia Amazonica.;Verão;;;;;;;;;;;;;;;;;
2023-01-09 00:00:00;Nordeste;mTa;Predomínio da circulação marítima quente e úmida sobre o setor leste da região Nordeste, caracterizando a atuação da massa Tropical Atlântica na faixa costeira e borda do continent;Verão;;;;;;;;;;;;;;;;;
2023-01-09 00:00:00;Litoral;mTa;Regiao sob influencia do escoamento do Atlantico Sul, transporte de umidade e calor caracteristico da massa Tropical Atlantica sobre o litoral do Nordeste brasileiro.;Verão;;;;;;;;;;;;;;;;;
2023-01-09 00:00:00;Centro;mTa;A região apresenta fluxo marítimo predominante sob influência da alta pressão do Atlântico, caracterizando o domínio da massa Tropical Atlântica com transporte de umidade.;Verão;;;;;;;;;;;;;;;;;
2023-01-09 00:00:00;Sul;mPa;A região delimitada encontra-se no setor pós-frontal, sob influência de uma massa de ar mais fria e estável que avança do quadrante sul logo após a passagem da frente fria.;Verão;;;;;;;;;;;;;;;;;
2023-01-10 00:00:00;Norte;mEc;Região central da bacia amazônica sob influência de ar quente e úmido característico da Massa Equatorial Continental, sem atuação de sistemas frontais extratropicais.;Verão;;;;;;;;;;;;;;;;;
2023-01-10 00:00:00;Nordeste;mTa;Região sob influência direta da circulação marítima da alta subtropical, caracterizando o domínio de uma massa de ar quente e úmida transportada do oceano para o continente.;Verão;;;;;;;;;;;;;;;;;
2023-01-10 00:00:00;Litoral;mTa;A regiao delimitada encontra-se sob a influencia direta do fluxo maritimo do Atlantico Sul, caracterizando a predominancia da Massa Tropical Atlantica (mTa) com caracteristicas tro;Verão;;;;;;;;;;;;;;;;;
2023-01-10 00:00:00;Centro;mTa;Região sob influência direta do fluxo de umidade do Atlântico associado à borda ocidental da ASAS, caracterizando uma massa de ar tropical, quente e úmida sobre o Brasil Central.;Verão;;;;;;;;;;;;;;;;;
2023-01-10 00:00:00;Sul;mPa;A região delimitada situa-se sob influência de massa de ar pós-frontal, apresentando valores de temperatura e ponto de orvalho em declínio, características clássicas da mPa.;Verão;;;;;;;;;;;;;;;;;
2023-01-11 00:00:00;Norte;mEc;A região selecionada está situada sobre o interior do continente e bacia amazônica, sob domínio da Massa Equatorial Continental, caracterizada por altas temperaturas e elevada umid;Verão;;;;;;;;;;;;;;;;;
2023-01-11 00:00:00;Nordeste;mTa;Predomínio de ar tropical quente e úmido transportado por fluxo marítimo persistente do Atlântico Sul, cobrindo a faixa litorânea e o interior do Nordeste brasileiro.;Verão;;;;;;;;;;;;;;;;;
2023-01-11 00:00:00;Litoral;mTa;A região delimitada encontra-se sob influência do escoamento marítimo de leste, característico da Massa Tropical Atlântica, mantendo condições de umidade e calor no setor costeiro.;Verão;;;;;;;;;;;;;;;;;
2023-01-11 00:00:00;Centro;mTa;Região central sob influência das correntes de ar úmido do oceano, caracterizando a dominância da massa tropical atlântica no setor indicado.;Verão;;;;;;;;;;;;;;;;;
2023-01-11 00:00:00;Sul;mTa;Predomínio de valores de umidade elevados e temperaturas tropicais na região sob influência do transporte de umidade do oceano, caracterizando o domínio da massa Tropical Atlântica;Verão;;;;;;;;;;;;;;;;;
2023-01-12 00:00:00;Norte;mEc;A região delimitada abrange a bacia amazônica. A ausência de sistemas frontais e a característica umidade térmica predominam, definindo a influência da Massa Equatorial Continental;Verão;;;;;;;;;;;;;;;;;
2023-01-12 00:00:00;Nordeste;mTa;A região delimitada está sob forte influência de escoamento marítimo associado ao Anticiclone do Atlântico Sul, caracterizando o predomínio de características da massa Tropical Atl;Verão;;;;;;;;;;;;;;;;;
2023-01-12 00:00:00;Litoral;mTa;Predominio da massa Tropical Atlantica na regiao costeira sob influencia da circulacao do anticiclone subtropical, caracterizada por temperaturas elevadas e alta umidade.;Verão;;;;;;;;;;;;;;;;;
2023-01-12 00:00:00;Centro;mTc;Região central situada sobre o continente sob influência da subsidência e baixas pressões térmicas características do interior, mantendo a estabilidade da massa Tropical Continenta;Verão;;;;;;;;;;;;;;;;;
2023-01-12 00:00:00;Sul;mPa;A região delimitada localiza-se à retaguarda da frente fria, sob influência direta do ingresso de ar frio e seco característico da Massa Polar Atlântica.;Verão;;;;;;;;;;;;;;;;;
2023-01-13 00:00:00;Norte;mEc;Predominancia da Massa Equatorial Continental na regiao amazonica, caracterizada por altas temperaturas e elevada umidade, consistente com a epoca do ano e posicao geografica.;Verão;;;;;;;;;;;;;;;;;
2023-01-13 00:00:00;Nordeste;mTa;A região delimitada está sob forte influência do escoamento marítimo oriundo do Atlântico Sul, caracterizando o domínio da massa tropical atlântica sobre o setor leste do Nordeste.;Verão;;;;;;;;;;;;;;;;;
2023-01-13 00:00:00;Litoral;mTa;Regiao sob fluxo predominante de leste/sudeste associado a alta subtropical, caracterizando o dominio da massa Tropical Atlantica no litoral do Nordeste brasileiro.;Verão;;;;;;;;;;;;;;;;;
2023-01-13 00:00:00;Centro;mEc;Região central caracterizada por baixas pressões relativas e alta umidade, indicando o domínio da Massa Equatorial Continental sobre o continente durante o verão.;Verão;;;;;;;;;;;;;;;;;
2023-01-13 00:00:00;Sul;mPa;A região delimitada situa-se na retaguarda de um sistema frontal, caracterizando a atuação da mPa, evidenciada pelos gradientes de pressão e condições meteorológicas associadas.;Verão;;;;;;;;;;;;;;;;;
2023-01-14 00:00:00;Norte;mEc;Regiao central e norte da Amazonia sob influencia de massa quente e umida de origem continental, caracteristica da epoca do ano, sem interferencia de sistemas frontais.;Verão;;;;;;;;;;;;;;;;;
2023-01-14 00:00:00;Nordeste;mEa;A região delimitada sob influência da circulação marítima equatorial, apresentando características de ar quente e úmido típicas da Massa Equatorial Atlântica predominante no setor.;Verão;;;;;;;;;;;;;;;;;
2023-01-14 00:00:00;Litoral;mTa;Região sob influência direta do escoamento de leste/sudeste associado ao gradiente de pressão oceânico, caracterizando predomínio de ar tropical quente e úmido no litoral.;Verão;;;;;;;;;;;;;;;;;
2023-01-14 00:00:00;Centro;mEc;Região sob influência da Massa Equatorial Continental (mEc), caracterizada por umidade elevada e temperaturas típicas da extensão do núcleo convectivo amazônico sobre o interior do;Verão;;;;;;;;;;;;;;;;;
2023-01-14 00:00:00;Sul;mTa;A região demarcada apresenta domínio de um campo de alta pressão, caracterizando a influência da Massa Tropical Atlântica com escoamento de leste-nordeste e umidade oceânica.;Verão;;;;;;;;;;;;;;;;;
2023-01-15 00:00:00;Norte;mEc;Regiao central e norte da Amazonia sob dominio de massa de ar quente e umida caracteristica, sem a influencia direta de sistemas frontais ou circulação maritima.;Verão;;;;;;;;;;;;;;;;;
2023-01-15 00:00:00;Nordeste;mEa;A região delimitada encontra-se sob influência predominante do escoamento marítimo de leste, característico da Massa Equatorial Atlântica, que mantém o transporte de umidade e calo;Verão;;;;;;;;;;;;;;;;;
2023-01-15 00:00:00;Litoral;mTa;Regiao sob dominio da circulacao maritima de um centro de alta pressao, caracterizando a atuacão da massa tropical atlantica, com predominio de umidade e calor caracteristicos.;Verão;;;;;;;;;;;;;;;;;
2023-01-15 00:00:00;Centro;mEc;Região sob domínio da Massa Equatorial Continental, caracterizada pela presença de ar quente e úmido transportado da bacia amazônica para o Brasil Central.;Verão;;;;;;;;;;;;;;;;;
2023-01-15 00:00:00;Sul;mTa;A região delimitada encontra-se sob o fluxo do quadrante norte/nordeste associado à célula de alta pressão, caracterizando a predominância da Massa Tropical Atlântica.;Verão;;;;;;;;;;;;;;;;;
2023-01-16 00:00:00;Norte;mEc;A região do retângulo abrange a porção norte e central do país, sob influência direta da circulação amazônica, caracterizada por ar quente e alta umidade, predominante na época.;Verão;;;;;;;;;;;;;;;;;
2023-01-16 00:00:00;Nordeste;mTa;Predominancia da mTa sobre a regiao, caracterizada por ventos maritimos que transportam umidade do Atlantico Sul para o interior do Nordeste, mantendo temperaturas elevadas.;Verão;;;;;;;;;;;;;;;;;
2023-01-16 00:00:00;Litoral;mTa;Regiao sob fluxo marítimo do quadrante leste/sudeste, com características de ar quente e úmido transportado pela circulação oceânica direta para o litoral central do Brasil.;Verão;;;;;;;;;;;;;;;;;
2023-01-16 00:00:00;Centro;mEc;Região do interior do continente, centralizada sobre o território brasileiro, caracterizada por temperaturas elevadas e umidade, sob domínio de massa de ar quente e úmida continent;Verão;;;;;;;;;;;;;;;;;
2023-01-16 00:00:00;Sul;mTa;Regiao sob predominio da circulacao periferica da alta pressao subtropical, caracterizando o aporte de umidade e calor vindos do oceano, configurando a massa tropical atlantica.;Verão;;;;;;;;;;;;;;;;;
2023-01-17 00:00:00;Norte;mEc;A região amazônica delimitada apresenta características de ar quente e úmido, típicas da massa Equatorial Continental, sem influência de sistemas frontais ou massas de origem polar;Verão;;;;;;;;;;;;;;;;;
2023-01-17 00:00:00;Nordeste;mTa;Predominio da massa tropical atlantica na regiao nordeste, mantendo caracteristicas quentes e umidas sob influencia do escoamento de leste do anticiclone subtropical do Atlantico S;Verão;;;;;;;;;;;;;;;;;
2023-01-17 00:00:00;Litoral;mTa;A região delimitada está sob forte influência do fluxo marítimo tropical, apresentando características de ar quente e úmido típicas da Massa Tropical Atlântica no litoral brasileir;Verão;;;;;;;;;;;;;;;;;
2023-01-17 00:00:00;Centro;mTa;Região sob influência da circulação da ASAS, apresentando características de massa tropical marítima, quente e úmida, predominante no setor central do Brasil.;Verão;;;;;;;;;;;;;;;;;
2023-01-17 00:00:00;Sul;mTa;A região apresenta campo de pressão característico da periferia da ASAS, favorecendo o transporte de umidade e calor sobre o setor, definindo o domínio da massa Tropical Atlântica.;Verão;;;;;;;;;;;;;;;;;
2023-01-18 00:00:00;Norte;mEc;Regiao sobre a bacia Amazonica apresentando caracteristicas tipicas de massa de ar quente e umida, mantendo estabilidade termica e umidade elevada sem influencia de sistemas fronta;Verão;;;;;;;;;;;;;;;;;
2023-01-18 00:00:00;Nordeste;mTa;Região sob influência direta da circulação marítima da alta subtropical, caracterizada por transporte de ar quente e úmido vindo do oceano sobre o setor oriental do Nordeste.;Verão;;;;;;;;;;;;;;;;;
2023-01-18 00:00:00;Litoral;mTa;Regiao sob influencia do escoamento do quadrante leste/nordeste provenientes do oceano Atlantico, caracterizando a predominancia da massa Tropical Atlantica.;Verão;;;;;;;;;;;;;;;;;
2023-01-18 00:00:00;Centro;mEc;Região sob influência predominante da massa equatorial continental, caracterizada por elevados teores de umidade e instabilidade, típica da convergência de umidade sobre o interior;Verão;;;;;;;;;;;;;;;;;
2023-01-18 00:00:00;Sul;mTa;Regiao sob influencia direta do fluxo zonal de leste/nordeste associado ao escoamento da ASAS, caracterizando o dominio de ar quente e umido de origem tropical.;Verão;;;;;;;;;;;;;;;;;
2023-01-19 00:00:00;Norte;mEc;Região localizada sobre a bacia amazônica, caracterizada por altas temperaturas e elevada umidade, mantendo as propriedades físicas da massa equatorial continental.;Verão;;;;;;;;;;;;;;;;;
2023-01-19 00:00:00;Nordeste;mTa;Região sob influência direta do escoamento marítimo tropical, transportando umidade do Atlântico para a costa e o interior do Nordeste, caracterizando o domínio da massa Tropical A;Verão;;;;;;;;;;;;;;;;;
2023-01-19 00:00:00;Litoral;mTa;A região do litoral leste/nordeste está sob influência do escoamento marítimo de leste, característico da massa tropical atlântica, garantindo condições de umidade e calor.;Verão;;;;;;;;;;;;;;;;;
2023-01-19 00:00:00;Centro;mTa;A região apresenta características de instabilidade tropical e circulação marítima, sob influência da circulação da ASAS, configurando o predomínio da massa Tropical Atlântica.;Verão;;;;;;;;;;;;;;;;;
2023-01-19 00:00:00;Sul;mTa;A região apresenta fluxo de ventos do quadrante marítimo sob influência de alta pressão, caracterizando o domínio da massa de ar tropical atlântica quente e úmida sobre o setor.;Verão;;;;;;;;;;;;;;;;;
2023-01-20 00:00:00;Norte;mEc;A regiao delimitada compreende a parte interna da Amazonia, onde a Massa Equatorial Continental estabelece seu domínio característico de baixas pressões e alta umidade.;Verão;;;;;;;;;;;;;;;;;
2023-01-20 00:00:00;Nordeste;mTa;Predominância de ar quente e úmido transportado pelo fluxo de leste sobre a região, característico da atuação da circulação marítima tropical no setor leste do Nordeste.;Verão;;;;;;;;;;;;;;;;;
2023-01-20 00:00:00;Litoral;mTa;Regiao sob incidencia de fluxo marítimo típico da circulacao da alta subtropical, caracterizando a predominancia de massa tropical atlantica, quente e umida, no litoral sudeste.;Verão;;;;;;;;;;;;;;;;;
2023-01-20 00:00:00;Centro;mEc;Região situada no centro do continente sob influência da umidade amazônica, apresentando instabilidades típicas de massas quentes e úmidas de origem equatorial (convecção).;Verão;;;;;;;;;;;;;;;;;
2023-01-20 00:00:00;Sul;mTa;Regiao sob fluxo de leste/nordeste com circulacao anticiclonica caracteristica da ASAS, estabelecendo a dominancia da massa de ar quente e umida sobre o setor.;Verão;;;;;;;;;;;;;;;;;
2023-01-21 00:00:00;Norte;mEc;A região delimitada abrange a bacia amazônica, onde a mEc é predominante, caracterizando-se por ar quente e úmido e instabilidade convectiva típica da estação.;Verão;;;;;;;;;;;;;;;;;
2023-01-21 00:00:00;Nordeste;mTa;Predominância da Massa Tropical Atlântica, caracterizada pelo escoamento de leste/sudeste associado ao transporte de umidade oceânica sobre a região nordeste.;Verão;;;;;;;;;;;;;;;;;
2023-01-21 00:00:00;Litoral;mTa;Predominância de fluxo marítimo sob influência do sistema de alta pressão oceânico, com características térmicas e de umidade típicas da Massa Tropical Atlântica no litoral.;Verão;;;;;;;;;;;;;;;;;
2023-01-21 00:00:00;Centro;mEc;Predominância de ar quente e úmido de origem continental. A região central encontra-se sob influência direta da massa equatorial, apresentando características de instabilidade e um;Verão;;;;;;;;;;;;;;;;;
2023-01-21 00:00:00;Sul;mPa;A região encontra-se situada a retaguarda de um sistema frontal, caracterizada por temperaturas amenas e condições típicas de pós-frontal, sob domínio da massa polar atlântica.;Verão;;;;;;;;;;;;;;;;;
2023-01-22 00:00:00;Norte;mEc;Regiao central e norte da Amazonia sob influencia direta da massa de ar quente e umida caracteristica da bacia continental, mantendo condicoes de estabilidade térmica.;Verão;;;;;;;;;;;;;;;;;
2023-01-22 00:00:00;Nordeste;mEa;A região delimitada está sob forte influência do fluxo marítimo tropical, caracterizando o domínio da massa Equatorial Atlântica, quente e úmida, predominante no setor do Nordeste.;Verão;;;;;;;;;;;;;;;;;
2023-01-22 00:00:00;Litoral;mTa;A região delimitada pelo retângulo encontra-se sob o domínio do fluxo marítimo da circulação anticiclônica do Atlântico Sul, caracterizando a atuação da mTa no litoral do Nordeste.;Verão;;;;;;;;;;;;;;;;;
2023-01-22 00:00:00;Centro;mEc;A região central encontra-se sob domínio da circulação equatorial, caracterizada por temperaturas elevadas e alta umidade, típicas da massa de ar Equatorial Continental.;Verão;;;;;;;;;;;;;;;;;
2023-01-22 00:00:00;Sul;mTa;Regiao sob fluxo predominante de leste/sudeste, mantendo caracteristicas de ar quente e umido oceanico, tipico da circulacao de alta pressao no Atlantico Sul.;Verão;;;;;;;;;;;;;;;;;
2023-01-23 00:00:00;Norte;mEc;Região centrada na bacia amazônica, caracterizada por alta umidade e temperaturas elevadas típicas do domínio da Massa Equatorial Continental durante o verão austral.;Verão;;;;;;;;;;;;;;;;;
2023-01-23 00:00:00;Nordeste;mTa;Região sob influência direta do fluxo de leste/sudeste associado ao transporte marítimo, caracterizando predominância de ar quente e úmido de origem tropical atlântica.;Verão;;;;;;;;;;;;;;;;;
2023-01-23 00:00:00;Litoral;mTa;Região sob influência direta da circulação marítima da Alta Subtropical do Atlântico Sul, caracterizando o predomínio de ar quente e úmido típico da massa Tropical Atlântica.;Verão;;;;;;;;;;;;;;;;;
2023-01-23 00:00:00;Centro;mTa;Região sob influência da circulação anticiclônica oceânica, caracterizada por transporte de umidade e temperaturas elevadas típicas da massa tropical atlântica no interior do Brasi;Verão;;;;;;;;;;;;;;;;;
2023-01-23 00:00:00;Sul;mTa;A região encontra-se sob influência do fluxo equatorial/tropical marítimo, caracterizado por temperaturas elevadas e transporte de umidade, predominando sobre o setor.;Verão;;;;;;;;;;;;;;;;;
2023-01-24 00:00:00;Norte;mEc;Região central da Bacia Amazônica sob domínio da massa com características de alta temperatura e elevados teores de umidade, sem influência de sistemas extratropicais.;Verão;;;;;;;;;;;;;;;;;
2023-01-24 00:00:00;Nordeste;mTa;Predominancia da mTa sobre a regiao, caracterizada pelo fluxo maritimo quente e umido associado ao anticiclone subtropical, mantendo as condicoes de estabilidade basica local.;Verão;;;;;;;;;;;;;;;;;
2023-01-24 00:00:00;Litoral;mTa;A regiao compreendida pelo poligono encontra-se sob a influência direta do escoamento marítimo associado à circulação da alta pressão subtropical, caracterizando a mTa.;Verão;;;;;;;;;;;;;;;;;
2023-01-24 00:00:00;Centro;mTa;A região central encontra-se sob influência da circulação marítima da alta pressão, estabelecendo o predomínio da massa Tropical Atlântica com características quentes e úmidas.;Verão;;;;;;;;;;;;;;;;;
2023-01-24 00:00:00;Sul;mPa;A região delimitada encontra-se na retaguarda de sistema frontal, com fluxo de sul/sudeste característico da incursão da Massa Polar Atlântica, reduzindo temperaturas e umidade.;Verão;;;;;;;;;;;;;;;;;
2023-01-25 00:00:00;Norte;mEc;A região demarcada encontra-se sobre a bacia Amazônica, sob influência direta e predominante da Massa Equatorial Continental, caracterizada por ser quente e úmida.;Verão;;;;;;;;;;;;;;;;;
2023-01-25 00:00:00;Nordeste;mTa;A regiao apresenta predominancia do escoamento de leste vindo do Oceano Atlantico, caracteristico da circulacao de alta pressao que transporta ar quente e umido para o setor orient;Verão;;;;;;;;;;;;;;;;;
2023-01-25 00:00:00;Litoral;mTa;A região delimitada situa-se sob influência do escoamento marítimo do Atlântico Sul, caracterizado por ar quente e úmido, predominante no litoral leste brasileiro.;Verão;;;;;;;;;;;;;;;;;
2023-01-25 00:00:00;Centro;mEc;Região situada no interior continental amazônico, caracterizando-se por ar quente e úmido sob influência direta da massa de ar Equatorial Continental.;Verão;;;;;;;;;;;;;;;;;
2023-01-25 00:00:00;Sul;mTa;Regiao sob influencia do fluxo maritimo do Atlantico Sul, caracterizado por temperaturas elevadas e alta umidade, sem a presenca ou avanco de ar de origem polar na area delimitada.;Verão;;;;;;;;;;;;;;;;;
2023-01-26 00:00:00;Norte;mEc;A regiao apresenta predominancia da massa de origem amazonica, caracterizada pelo ar quente e umido, que domina o interior do continente na ausência de sistemas frontais atuantes.;Verão;;;;;;;;;;;;;;;;;
2023-01-26 00:00:00;Nordeste;mTa;Predominância de fluxo marítimo oriundo do Atlântico Tropical, apresentando características térmicas elevadas e umidade transportada sobre a região Nordeste.;Verão;;;;;;;;;;;;;;;;;
2023-01-26 00:00:00;Litoral;mTa;A região delimitada está sob influência do fluxo marítimo quente e úmido de leste/nordeste característico da Massa Tropical Atlântica, garantindo condições de estabilidade térmica.;Verão;;;;;;;;;;;;;;;;;
2023-01-26 00:00:00;Centro;mTc;A região central encontra-se sob influência de subsidência e aquecimento característico da mTc, posicionada sobre a Depressão do Chaco, mantendo condições quentes e de menor umidad;Verão;;;;;;;;;;;;;;;;;
2023-01-26 00:00:00;Sul;mPa;A região delimitada encontra-se sob influência de um sistema frontal, com fluxo de tração e subsidência característicos do avanço de uma massa de ar frio e úmido (mPa).;Verão;;;;;;;;;;;;;;;;;
2023-01-27 00:00:00;Norte;mEc;A região delimitada sobre a bacia amazônica caracteriza o domínio da massa equatorial continental, mantendo características de alta disponibilidade de umidade e calor.;Verão;;;;;;;;;;;;;;;;;
2023-01-27 00:00:00;Nordeste;mTa;Predominância de escoamento marítimo quente e úmido sobre o setor, característico do transporte de umidade do oceano para o continente sob influência da circulação anticiclônica.;Verão;;;;;;;;;;;;;;;;;
2023-01-27 00:00:00;Litoral;mTa;Região sob influência direta do escoamento marítimo de leste/sudeste associado ao gradiente de pressão periférico da ASAS, configurando o predomínio da Massa Tropical Atlântica.;Verão;;;;;;;;;;;;;;;;;
2023-01-27 00:00:00;Centro;mTa;A região demarcada encontra-se sob influência de um fluxo de umidade do oceano, caracterizando o predomínio da Massa Tropical Atlântica (mTa) sobre o setor central do Brasil.;Verão;;;;;;;;;;;;;;;;;
2023-01-27 00:00:00;Sul;mPa;A região delimitada encontra-se sob a influência direta do fluxo pós-frontal sul/sudeste, caracterizado pela incursão do ar frio e úmido da massa polar atlântica.;Verão;;;;;;;;;;;;;;;;;
2023-01-28 00:00:00;Norte;mEc;Regiao centralizada na bacia amazonica sob atuacao da massa de ar quente e umida de origem continental, caracteristica do verao, sem influencia de sistemas frontais ou massas polar;Verão;;;;;;;;;;;;;;;;;
2023-01-28 00:00:00;Nordeste;mEa;A região delimitada no litoral norte do Nordeste encontra-se sob influência direta do fluxo marítimo equatorial, caracterizado pelo transporte de umidade em baixas latitudes.;Verão;;;;;;;;;;;;;;;;;
2023-01-28 00:00:00;Litoral;mTa;O setor delimitado encontra-se sob domínio do fluxo marítimo de sudeste/leste, característico da circulação da alta subtropical, transportando ar quente e úmido sobre o litoral.;Verão;;;;;;;;;;;;;;;;;
2023-01-28 00:00:00;Centro;mTa;Regiao sob fluxo predominante de leste/nordeste sob influencia da circulacao periferica do sistema de alta pressao do Atlantico Sul, caracterizando a presenca de mTa.;Verão;;;;;;;;;;;;;;;;;
2023-01-28 00:00:00;Sul;mPa;A região delimitada no setor Sul encontra-se sob influência de uma massa de ar pós-frontal, caracterizada por avançar em retaguarda da frente fria, predominando características da ;Verão;;;;;;;;;;;;;;;;;
2023-01-29 00:00:00;Norte;mEc;Região central sob influência da Massa Equatorial Continental, caracterizada pela predominância de ar quente e úmido originário da bacia Amazônica, sem presença de sistemas frontai;Verão;;;;;;;;;;;;;;;;;
2023-01-29 00:00:00;Nordeste;mTa;Predomínio de ar quente e úmido originado pelo escoamento marítimo sob influência de alta pressão sobre o Atlântico, configurando a massa tropical atlântica no setor.;Verão;;;;;;;;;;;;;;;;;
2023-01-29 00:00:00;Litoral;mTa;A regiao delimitada esta sob influencia direta do escoamento marítimo quente e umido, caracteristico da massa Tropical Atlantica que predomina sobre o litoral leste brasileiro.;Verão;;;;;;;;;;;;;;;;;
2023-01-29 00:00:00;Centro;mTc;A regiao central encontra-se sob influencia da Massa Tropical Continental, caracterizada pela predominancia de condicoes de calor e adveccao de ar seco proveniente do interior.;Verão;;;;;;;;;;;;;;;;;
2023-01-29 00:00:00;Sul;mTa;Região sob influência direta da circulação marítima do Atlântico Sul, caracterizando um ambiente quente e úmido típico da massa tropical marítima dominante no setor.;Verão;;;;;;;;;;;;;;;;;
2023-01-30 00:00:00;Norte;mEc;Regiao sobre a bacia Amazonica apresentando caracteristicas tipicas de massa quente e umida de origem continental, predominante na area sinalizada nesta epoca do ano.;Verão;;;;;;;;;;;;;;;;;
2023-01-30 00:00:00;Nordeste;mTa;A região sob análise é dominada pela circulação de leste do sistema de alta pressão do Atlântico Sul, caracterizando o fluxo subsidente e marítimo da massa Tropical Atlântica.;Verão;;;;;;;;;;;;;;;;;
2023-01-30 00:00:00;Litoral;mTa;Predominancia da Massa Tropical Atlantica no setor costeiro, caracterizada pelo fluxo de ar quente e umido sob influencia da circulacao de alta pressao no Atlantico Sul.;Verão;;;;;;;;;;;;;;;;;
2023-01-30 00:00:00;Centro;mTa;Região sob influência direta do fluxo de leste/nordeste da circulação marítima, transportando ar quente e úmido sobre o interior do Brasil central.;Verão;;;;;;;;;;;;;;;;;
2023-01-30 00:00:00;Sul;mTa;A região delimitada está sob a influência do fluxo marítimo da Alta Subtropical do Atlântico Sul, caracterizando o predomínio de ar quente e úmido de origem oceânica.;Verão;;;;;;;;;;;;;;;;;
2023-01-31 00:00:00;Norte;mEc;Regiao situada sobre a bacia Amazonica, caracterizada por baixas pressoes latitudinais e padrao de umidade elevada, coerente com a atuacao da massa tropical continental equatorial.;Verão;;;;;;;;;;;;;;;;;
2023-01-31 00:00:00;Nordeste;mEa;A região delimitada no Nordeste encontra-se sob influência predominante da Massa Equatorial Atlântica, caracterizada pelo fluxo marítimo quente e úmido no setor costeiro e adjacênc;Verão;;;;;;;;;;;;;;;;;
2023-01-31 00:00:00;Litoral;mTa;Predominância de fluxo quente e úmido vindo do Atlântico sobre o litoral do Nordeste brasileiro, sob influência do sistema de alta pressão oceânico característico da massa tropical;Verão;;;;;;;;;;;;;;;;;
2023-01-31 00:00:00;Centro;mTa;A região central encontra-se sob influência de um regime de umidade tropical, com fluxo de leste/nordeste predominante, característico da massa Tropical Atlântica.;Verão;;;;;;;;;;;;;;;;;
2023-01-31 00:00:00;Sul;mPa;A região delimitada encontra-se atrás de uma frente fria que avança em direção ao oceano, sob influência do fluxo de ar frio e úmido característico da trajetória da mPa.;Verão;;;;;;;;;;;;;;;;;
2023-02-01 00:00:00;Norte;mEc;Região central da Bacia Amazônica sob influência da massa Equatorial Continental, caracterizada pela predominância de ar quente e úmido e ausência de sistemas frontais atuantes.;Verão;;;;;;;;;;;;;;;;;
2023-02-01 00:00:00;Nordeste;mTa;A região encontra-se sob influência do fluxo equatorial e persistente do Atlântico Tropical, caracterizando a atuação da Massa Tropical Atlântica com transporte de umidade constant;Verão;;;;;;;;;;;;;;;;;
2023-02-01 00:00:00;Litoral;mTa;Regiao sob dominio do fluxo do anticiclone subtropical, apresentando caracteristicas de ar quente e umido, tipico da circulacao maritima predominante no litoral do Sudeste/Nordeste;Verão;;;;;;;;;;;;;;;;;
2023-02-01 00:00:00;Centro;mTc;A região central encontra-se sob domínio de ar quente e seco, característico da Massa Tropical Continental, apresentando escoamento típico e baixa umidade relativa em seus domínios;Verão;;;;;;;;;;;;;;;;;
2023-02-01 00:00:00;Sul;mTa;A região demarcada encontra-se sob domínio do fluxo marítimo quente e úmido vindo do Atlântico, configurando a predominância da Massa Tropical Atlântica (mTa).;Verão;;;;;;;;;;;;;;;;;
2023-02-02 00:00:00;Norte;mEc;A regiao delimitada esta sob influencia da Massa Equatorial Continental, caracterizada por ar quente e umido sobre o interior do continente Amazonico, sem interferencia de sistemas;Verão;;;;;;;;;;;;;;;;;
2023-02-02 00:00:00;Nordeste;mTa;A região encontra-se sob influência do escoamento marítimo oriundo do oceano Atlântico Sul, caracterizando a predominância da Massa Tropical Atlântica com características quentes e;Verão;;;;;;;;;;;;;;;;;
2023-02-02 00:00:00;Litoral;mTa;Regiao sob incidencia de fluxo de leste/sudeste associado ao escoamento da massa de ar tropical atlantica, caracterizada por estabilidade e umidade em baixos niveis.;Verão;;;;;;;;;;;;;;;;;
2023-02-02 00:00:00;Centro;mTa;A regiao delimitada encontra-se sob a influencia direta do escoamento da circulacao maritima da ASAS, caracterizando o dominio da massa de ar Tropical Atlantica.;Verão;;;;;;;;;;;;;;;;;
2023-02-02 00:00:00;Sul;mTa;Predominância de fluxo quente e úmido no setor, sob influência da circulação da ASAS, mantendo características térmicas tropicais na região delimitada.;Verão;;;;;;;;;;;;;;;;;
2023-02-03 00:00:00;Norte;mEc;A região destaca-se pelo domínio da Massa Equatorial Continental, caracterizada pela natureza quente e úmida, mantendo estabilidade sobre a bacia amazônica no setor central do cont;Verão;;;;;;;;;;;;;;;;;
2023-02-03 00:00:00;Nordeste;mEa;Regiao sob predominio de fluxo de baixos niveis do quadrante leste-nordeste oriundo do Atlantico Tropical, caracterizando a atuacao da massa equatorial atlantica sobre o litoral.;Verão;;;;;;;;;;;;;;;;;
2023-02-03 00:00:00;Litoral;mTa;Regiao sob predominio de escoamento maritimo quente e umido, caracteristico da circulacao periferica da alta pressao do Atlantico Sul, atuando sobre a costa leste do Brasil.;Verão;;;;;;;;;;;;;;;;;
2023-02-03 00:00:00;Centro;mTa;Regiao sob clara influencia da circulacao periferica da alta pressao do Atlantico Sul, apresentando caracteristicas tipicas de uma massa de ar quente e umida sobre o continente.;Verão;;;;;;;;;;;;;;;;;
2023-02-03 00:00:00;Sul;mPa;A região delimitada no setor Sul encontra-se sob influência de um sistema de alta pressão pós-frontal, caracterizando a atuação da massa de ar polar (mPa) em deslocamento.;Verão;;;;;;;;;;;;;;;;;
2023-02-04 00:00:00;Norte;mEc;A regiao delimitada esta sob influencia da massa de ar quente e umida de origem continental, caracteristica da Amazonia, mantendo padroes termicos elevados e elevada disponibilidad;Verão;;;;;;;;;;;;;;;;;
2023-02-04 00:00:00;Nordeste;mTa;A região do Nordeste delimitada encontra-se sob o fluxo do escoamento marítimo de leste, característico da atuação da Massa Tropical Atlântica com transporte de umidade.;Verão;;;;;;;;;;;;;;;;;
2023-02-04 00:00:00;Litoral;mTa;A área encontra-se sob influência do fluxo de leste do Atlântico, característico da circulação da ASAS, configurando o predomínio da massa tropical marítima, quente e úmida.;Verão;;;;;;;;;;;;;;;;;
2023-02-04 00:00:00;Centro;mTc;Região central sob influência da Massa Tropical Continental, caracterizada por temperaturas elevadas e umidade variável, típica da atuação sobre o interior do continente.;Verão;;;;;;;;;;;;;;;;;
2023-02-04 00:00:00;Sul;mPa;A região delimitada localiza-se após a passagem da linha de frente fria. Observa-se o ingresso de ar mais frio e denso característico da Massa Polar Atlântica sobre o setor.;Verão;;;;;;;;;;;;;;;;;
2023-02-05 00:00:00;Norte;mEc;A regiao delimitada esta sob influencia da Massa Equatorial Continental, caracterizada pela predominancia de ar quente e umido, tipico da bacia amazonica e sem interferencia de fre;Verão;;;;;;;;;;;;;;;;;
2023-02-05 00:00:00;Nordeste;mEa;A região delimitada está sob forte influência da massa de ar Equatorial Atlântica, caracterizada pelo fluxo de leste quente e úmido predominante no litoral norte/nordeste.;Verão;;;;;;;;;;;;;;;;;
2023-02-05 00:00:00;Litoral;mTa;Predominancia de escoamento maritimo associado a alta pressao subtropical, caracterizando a mTa sobre a costa leste do Brasil com transporte de umidade e estabilidade.;Verão;;;;;;;;;;;;;;;;;
2023-02-05 00:00:00;Centro;mEc;Região central sob influência da massa Equatorial Continental, caracterizada por baixos gradientes de pressão e ar quente e úmido sazonal típico da região amazônica.;Verão;;;;;;;;;;;;;;;;;
2023-02-05 00:00:00;Sul;mTa;A região delimitada está sob forte influência do escoamento marítimo de leste/nordeste associado ao gradiente de pressão periférico, caracterizando o domínio da massa tropical atlâ;Verão;;;;;;;;;;;;;;;;;
2023-02-06 00:00:00;Norte;mEc;A região delimitada compreende a bacia amazônica. A ausência de frentes frias ou influências oceânicas diretas caracteriza o predomínio da Massa Equatorial Continental, quente e úm;Verão;;;;;;;;;;;;;;;;;
2023-02-06 00:00:00;Nordeste;mTa;Predominio da massa Tropical Atlantica, caracterizada por fluxos quentes e umidos vindos do oceano que influenciam a faixa litoranea e o interior da regiao Nordeste.;Verão;;;;;;;;;;;;;;;;;
2023-02-06 00:00:00;Litoral;mTa;O litoral do Nordeste brasileiro está sob influência direta do fluxo de ar quente e úmido transportado pela circulação periférica da alta pressão, caracterizando a predominância da;Verão;;;;;;;;;;;;;;;;;
2023-02-06 00:00:00;Centro;mTc;A região central encontra-se sob domínio de massa de ar quente e seca sobre o continente, característica da mTc, mantendo temperaturas elevadas e baixa umidade.;Verão;;;;;;;;;;;;;;;;;
2023-02-06 00:00:00;Sul;mPa;A região delimitada encontra-se na retaguarda de um sistema frontal, caracterizando o ingresso e predomínio de ar frio e úmido de origem polar.;Verão;;;;;;;;;;;;;;;;;
2023-02-07 00:00:00;Norte;mEc;A região delimitada sobre a bacia amazônica caracteriza-se pela predominância de ar quente e úmido de origem continental, configurando o núcleo de atuação da mEc.;Verão;;;;;;;;;;;;;;;;;
2023-02-07 00:00:00;Nordeste;mEa;Região sob influência direta da circulação marítima equatorial, com transporte de umidade e calor sobre o setor, caracterizando o domínio da massa equatorial atlântica.;Verão;;;;;;;;;;;;;;;;;
2023-02-07 00:00:00;Litoral;mTa;Região sob influência direta do fluxo de leste da alta pressão subtropical do Atlântico Sul, caracterizando a predominância de ar tropical marítimo quente e úmido no litoral.;Verão;;;;;;;;;;;;;;;;;
2023-02-07 00:00:00;Centro;mTa;A região destacada encontra-se sob influência de um sistema de alta pressão associado ao escoamento marítimo de leste/nordeste, caracterizando o predomínio de ar quente e úmido.;Verão;;;;;;;;;;;;;;;;;
2023-02-07 00:00:00;Sul;mPa;A região demarcada encontra-se sob a influência direta do avanço da Massa Polar Atlântica, caracterizada pelo gradiente de pressão pós-frontal que atua sobre o Sul do Brasil.;Verão;;;;;;;;;;;;;;;;;
2023-02-08 00:00:00;Norte;mEc;Regiao central abrangida pelo retangulo posicionada sobre a bacia Amazonica, apresentando caracteristicas tipicas de massa quente e umida de origem continental, predominante na are;Verão;;;;;;;;;;;;;;;;;
2023-02-08 00:00:00;Nordeste;mTa;A região demarcada apresenta domínio de umidade e circulação oceânica associada à periferia da massa de ar tropical, caracterizando a atuação da mTa sobre o setor oriental do Norde;Verão;;;;;;;;;;;;;;;;;
2023-02-08 00:00:00;Litoral;mTa;A região delimitada encontra-se sob domínio do escoamento marítimo de leste/sudeste associado ao transporte de umidade da circulação marítima, caracterizando a atuação da mTa.;Verão;;;;;;;;;;;;;;;;;
2023-02-08 00:00:00;Centro;mTc;A região central do continente está sob influência da massa quente e seca, típica da Depressão do Chaco, mantendo condições estáveis sobre o interior do Brasil.;Verão;;;;;;;;;;;;;;;;;
2023-02-08 00:00:00;Sul;mTa;O setor delimitado encontra-se sob domínio da circulação marítima da Alta Subtropical, caracterizando a presença da Massa Tropical Atlântica com escoamento de leste/nordeste.;Verão;;;;;;;;;;;;;;;;;
2023-02-09 00:00:00;Norte;mEc;Região sob influência direta da Massa Equatorial Continental, caracterizada por condições quentes e úmidas típicas da bacia amazônica e ausência de sistemas frontais no setor.;Verão;;;;;;;;;;;;;;;;;
2023-02-09 00:00:00;Nordeste;mTa;A região delimitada encontra-se sob influência da circulação do escoamento de leste, caracterizando o domínio da massa Tropical Atlântica com ar quente e úmido na costa e interior.;Verão;;;;;;;;;;;;;;;;;
2023-02-09 00:00:00;Litoral;mTa;Regiao sob influencia do fluxo maritimo do Atlantico Sul, caracterizada pela predominancia da Massa Tropical Atlantica, que impulsiona ar quente e umido para o litoral brasileiro.;Verão;;;;;;;;;;;;;;;;;
2023-02-09 00:00:00;Centro;mTa;Região central sob predomínio de fluxo marítimo e umidade vinda do Atlântico, configurando a atuação característica da massa tropical atlântica em grande parte do sudeste brasileir;Verão;;;;;;;;;;;;;;;;;
2023-02-09 00:00:00;Sul;mTa;A região encontra-se sob influência do fluxo equatorial marítimo com temperaturas elevadas devido à circulação da alta subtropical, caracterizando o domínio da massa Tropical Atlân;Verão;;;;;;;;;;;;;;;;;
2023-02-10 00:00:00;Norte;mEc;Regiao central e norte do continente sob influencia da Massa Equatorial Continental, caracterizada por temperaturas elevadas e alta umidade, tipicas da Amazonia.;Verão;;;;;;;;;;;;;;;;;
2023-02-10 00:00:00;Nordeste;mEa;A região destacada é dominada por fluxo marítimo de leste/nordeste, sob influência da massa Equatorial Atlântica, caracterizada por elevada umidade e instabilidades tropicais.;Verão;;;;;;;;;;;;;;;;;
2023-02-10 00:00:00;Litoral;mTa;O litoral delimitado encontra-se sob influência da circulação da alta subtropical do Atlântico Sul, caracterizando o domínio da massa Tropical Atlântica, quente e úmida.;Verão;;;;;;;;;;;;;;;;;
2023-02-10 00:00:00;Centro;mTa;Regiao sob dominio do escoamento de leste/sudeste associado ao anticiclone subtropical, mantendo caracteristicas de elevada umidade e temperaturas tropicais no setor central do pai;Verão;;;;;;;;;;;;;;;;;
2023-02-10 00:00:00;Sul;mPa;A região delimitada está sob influência da massa de ar pós-frontal, caracterizada por temperaturas amenas e declínio dos teores de umidade após a passagem de sistema frontal.;Verão;;;;;;;;;;;;;;;;;
2023-02-11 00:00:00;Norte;mEc;A regiao delimitada esta sob influencia direta da circulacao da Amazonia, caracterizada por alta umidade e temperaturas elevadas, configurando o dominio da Massa Equatorial Contine;Verão;;;;;;;;;;;;;;;;;
2023-02-11 00:00:00;Nordeste;mTa;Predominio de subsidencia e escoamento maritimo proveniente do oceano, caracterizando a influencia da massa Tropical Atlantica sobre a regiao nordestina.;Verão;;;;;;;;;;;;;;;;;
2023-02-11 00:00:00;Litoral;mTa;O litoral indicado está sob influência do escoamento marítimo de l/se, característico da atuação da Massa Tropical Atlântica, garantindo umidade e fluxos de brisa bem estabelecidos;Verão;;;;;;;;;;;;;;;;;
2023-02-11 00:00:00;Centro;mEc;A região delimitada está sob influência da massa de ar quente e úmida de origem amazônica, apresentando condições características de umidade continental sem incursão de ar polar.;Verão;;;;;;;;;;;;;;;;;
2023-02-11 00:00:00;Sul;mPa;Regiao sob incidencia de fluxo de sul/sudeste, com caracteristicas de temperaturas mais baixas e declinio de umidade, evidenciando o ingresso de massa de ar frio e seco.;Verão;;;;;;;;;;;;;;;;;
2023-02-12 00:00:00;Norte;mEc;Regiao sobre a bacia Amazonica apresentando caracteristicas tipicas de subsidencia e estabilidade, sob dominio da massa quente e umida caracteristica do interior do continente.;Verão;;;;;;;;;;;;;;;;;
2023-02-12 00:00:00;Nordeste;mTa;A região é dominada pelo escoamento de leste/sudeste associado ao transporte de umidade oceânica, caracterizando a atuação da massa de ar Tropical Atlântica na área demarcada.;Verão;;;;;;;;;;;;;;;;;
2023-02-12 00:00:00;Litoral;mTa;Regiao sob influencia direta do fluxo maritimo quente e umido associado ao dominio oceanico, caracteristico da circulacao da massa Tropical Atlantica no litoral leste brasileiro.;Verão;;;;;;;;;;;;;;;;;
2023-02-12 00:00:00;Centro;mTa;A região central encontra-se sob influência do fluxo marítimo da circulação anticiclônica oceânica, caracterizando o predomínio da Massa Tropical Atlântica (mTa).;Verão;;;;;;;;;;;;;;;;;
2023-02-12 00:00:00;Sul;mTa;A região encontra-se sob influência do escoamento oceânico associado à alta pressão, caracterizando o predomínio de ar quente e úmido de origem tropical marítima.;Verão;;;;;;;;;;;;;;;;;
2023-02-13 00:00:00;Norte;mEc;Regiao central e norte da Amazonia sob dominio da massa equatorial continental, caracterizada por alta umidade e temperaturas elevadas, sem influencia direta de sistemas frontais.;Verão;;;;;;;;;;;;;;;;;
2023-02-13 00:00:00;Nordeste;mTa;Predominancia de escoamento vindo do Atlantico Sul para o Nordeste brasileiro, caracterizando a influencia de uma massa de ar quente e umida de origem tropical.;Verão;;;;;;;;;;;;;;;;;
2023-02-13 00:00:00;Litoral;mTa;Regiao sob influencia do escoamento de leste-nordeste da circulacao oceanica, mantendo caracteristicas de ar quente e umido tipicas da Massa Tropical Atlantica.;Verão;;;;;;;;;;;;;;;;;
2023-02-13 00:00:00;Centro;mEc;A região apresenta características típicas de massa quente e úmida de origem continental, predominante sobre o interior do país durante o verão, sem influência direta de sistemas f;Verão;;;;;;;;;;;;;;;;;
2023-02-13 00:00:00;Sul;mPa;A região delimitada encontra-se atrás de um sistema frontal (frente fria), caracterizada pelo ingresso de ar frio e úmido de origem polar, indicando a predominância da mPa.;Verão;;;;;;;;;;;;;;;;;
2023-02-14 00:00:00;Norte;mEc;A região delimitada está inserida integralmente sobre a bacia amazônica, caracterizada por valores térmicos elevados e umidade persistente, sem influência de sistemas frontais.;Verão;;;;;;;;;;;;;;;;;
2023-02-14 00:00:00;Nordeste;mTa;Regiao sob influencia do escoamento maritimo da alta subtropical, caracterizando a predominancia de massa tropical atlantica quente e umida sobre o Nordeste.;Verão;;;;;;;;;;;;;;;;;
2023-02-14 00:00:00;Litoral;mEa;Regiao sob influencia litoranea do norte/nordeste, caracterizada por alta umidade e temperaturas elevadas, configurando o dominio da Massa Equatorial Atlantica no setor demarcado.;Verão;;;;;;;;;;;;;;;;;
2023-02-14 00:00:00;Centro;mTa;Região sob influência direta da circulação do escoamento oceânico tropical, caracterizando-se por ar quente e úmido transportado do Atlântico Sul para o interior do continente.;Verão;;;;;;;;;;;;;;;;;
2023-02-14 00:00:00;Sul;mPa;A região delimitada encontra-se sob influência de massa de ar polar (mPa) em deslocamento, caracterizada pelo ingresso de ar frio e seco após a passagem de sistema frontal.;Verão;;;;;;;;;;;;;;;;;
2023-02-15 00:00:00;Norte;mEc;Região sob influência direta da massa de ar quente e úmida originada na bacia amazônica, caracterizada por altas temperaturas e elevada instabilidade convectiva intrínseca.;Verão;;;;;;;;;;;;;;;;;
2023-02-15 00:00:00;Nordeste;mTa;A região do Nordeste delimitada encontra-se sob influência do escoamento marítimo quente e úmido vindo do Atlântico, caracterizando o domínio da massa Tropical Atlântica (mTa).;Verão;;;;;;;;;;;;;;;;;
2023-02-15 00:00:00;Litoral;mTa;A regiao delimitada encontra-se sob a influencia direta da circulacao oceanica de leste/sudeste associada a alta do Atlantico Sul, caracterizando a predominancia da massa Tropical ;Verão;;;;;;;;;;;;;;;;;
2023-02-15 00:00:00;Centro;mTa;Regiao sob clara influencia da circulacao periferica da alta pressao subtropical, caracterizando a predominancia de ar quente e umido de origem maritima sobre o sudeste/centro do B;Verão;;;;;;;;;;;;;;;;;
2023-02-15 00:00:00;Sul;mTa;Regiao sob predominio de escoamento maritimo quente e umido, caracteristico da massa tropical atlantica, mantendo estabilidade termica e niveis de umidade elevados no setor.;Verão;;;;;;;;;;;;;;;;;
2023-02-16 00:00:00;Norte;mEc;A região delimitada abrange a bacia amazônica e áreas centrais, estando sob pleno domínio da Massa Equatorial Continental, caracterizada por altas temperaturas e elevada umidade.;Verão;;;;;;;;;;;;;;;;;
2023-02-16 00:00:00;Nordeste;mEa;A região delimitada no Nordeste encontra-se sob influência predominante da Massa Equatorial Atlântica, caracterizada pelo ar quente e úmido transportado pelos ventos alísios.;Verão;;;;;;;;;;;;;;;;;
2023-02-16 00:00:00;Litoral;mEa;A região delimitada na costa nordeste brasileira está sob influência direta da mEa, caracterizada por ventos úmidos e quentes típicos da circulação tropical sobre o oceano.;Verão;;;;;;;;;;;;;;;;;
2023-02-16 00:00:00;Centro;mTa;A região apresenta características de estabilidade e regime de circulação marítima, sob influência da circulação da alta pressão do Atlântico, configurando a predominância da massa;Verão;;;;;;;;;;;;;;;;;
2023-02-16 00:00:00;Sul;mPa;A regiao delimitada esta sob a influencia direta da retaguarda de uma frente fria, caracterizada pelo ingresso da massa de ar mais fria e estavel de origem polar.;Verão;;;;;;;;;;;;;;;;;
2023-02-17 00:00:00;Norte;mEc;A região delimitada abrange a bacia amazônica e áreas adjacentes, onde a mEc estabelece seu domínio característico de temperaturas elevadas e alta umidade no período de verão.;Verão;;;;;;;;;;;;;;;;;
2023-02-17 00:00:00;Nordeste;mTa;Região sob influência direta do fluxo de leste/sudeste proveniente do oceano, caracterizando o predomínio da Massa Tropical Atlântica sobre o setor Nordeste.;Verão;;;;;;;;;;;;;;;;;
2023-02-17 00:00:00;Litoral;mTa;Regiao sob influencia predominante do escoamento maritimo associado ao sistema de alta pressao do Atlantico Sul, caracterizando uma massa de ar quente e umida.;Verão;;;;;;;;;;;;;;;;;
2023-02-17 00:00:00;Centro;mEc;A região apresenta características de baixas pressões relativas e alta umidade, típicas da influência da massa equatorial continental sobre o interior do país.;Verão;;;;;;;;;;;;;;;;;
2023-02-17 00:00:00;Sul;mPa;A região delimitada encontra-se no quadrante posterior a uma frente fria, caracterizada pela incursão de ar mais frio e denso, típico do domínio da Massa Polar Atlântica.;Verão;;;;;;;;;;;;;;;;;
2023-02-18 00:00:00;Norte;mEc;A região delimitada abrange a bacia amazônica, onde predomina a Massa Equatorial Continental, caracterizada por elevar os níveis de umidade e temperatura na ausência de sistemas fr;Verão;;;;;;;;;;;;;;;;;
2023-02-18 00:00:00;Nordeste;mTa;A região sob análise é dominada pelo escoamento de leste e sudeste proveniente do Atlântico Sul, caracterizando a influência predominante da Massa Tropical Atlântica.;Verão;;;;;;;;;;;;;;;;;
2023-02-18 00:00:00;Litoral;mTa;Regiao sob influencia do escoamento de leste-nordeste da circulacao marítima, caracterizando a predominancia da Massa Tropical Atlantica (mTa) no setor costeiro.;Verão;;;;;;;;;;;;;;;;;
2023-02-18 00:00:00;Centro;mEc;Região sob influência predominante da massa equatorial continental, caracterizada por alta umidade e temperaturas elevadas, típicas do interior do continente no verão.;Verão;;;;;;;;;;;;;;;;;
2023-02-18 00:00:00;Sul;mPa;A região delimitada está sob a influência do avanço de uma massa de ar frio e úmido no setor pós-frontal, caracterizada por temperaturas mais amenas e ventos do quadrante sul.;Verão;;;;;;;;;;;;;;;;;
2023-02-19 00:00:00;Norte;mEc;Regiao central da Amazonia brasileira caracterizada pela predominancia de ar quente e umido de origem continental, tipico da atuacao da massa de ar Equatorial Continental.;Verão;;;;;;;;;;;;;;;;;
2023-02-19 00:00:00;Nordeste;mTa;A região delimitada está sob forte influência do escoamento marítimo tropical, característico do domínio da Massa Tropical Atlântica que atua sobre o litoral e interior do Nordeste;Verão;;;;;;;;;;;;;;;;;
2023-02-19 00:00:00;Litoral;mTa;Região sob influência da circulação da alta pressão do Atlântico Sul, caracterizando a predominância de uma massa de ar quente e úmida sobre o litoral leste brasileiro.;Verão;;;;;;;;;;;;;;;;;
2023-02-19 00:00:00;Centro;mTc;Região situada na Depressão do Chaco e centro do continente, caracterizada sob influência de ar quente e seco, típica da Massa Tropical Continental nesta configuração sinótica.;Verão;;;;;;;;;;;;;;;;;
2023-02-19 00:00:00;Sul;mPa;A região delimitada encontra-se sob influência de massa de ar frio e seco (mPa), evidenciado pela configuração pós-frontal e valores representativos de temperatura em queda.;Verão;;;;;;;;;;;;;;;;;
2023-02-20 00:00:00;Norte;mEc;A região delimitada abrange a bacia amazônica e áreas continentais adjacentes, onde a massa de ar quente e úmida de origem continental predomina sem influência de sistemas frontais;Verão;;;;;;;;;;;;;;;;;
2023-02-20 00:00:00;Nordeste;mTa;Região sob influência direta do fluxo de leste da alta pressão subtropical. A massa Tropical Atlântica predomina transportando umidade e calor sobre o setor nordestino.;Verão;;;;;;;;;;;;;;;;;
2023-02-20 00:00:00;Litoral;mTa;Predomínio de massa de ar quente e úmida sobre o setor litorâneo, posicionada sob a influência direta do transporte marítimo de umidade associado às circulações de alta pressão.;Verão;;;;;;;;;;;;;;;;;
2023-02-20 00:00:00;Centro;mTc;Região situada no interior continental sob influência de baixas pressões térmicas em superfície, caracterizando a atuação da massa de ar tropical continental, quente e seca.;Verão;;;;;;;;;;;;;;;;;
2023-02-20 00:00:00;Sul;mTa;Região sob influência direta do fluxo zonal de leste/nordeste da alta pressão oceânica, caracterizando o predomínio de ar quente e úmido de origem tropical marítima.;Verão;;;;;;;;;;;;;;;;;
2023-02-21 00:00:00;Norte;mEc;Regiao central abrangendo a bacia amazonica, caracterizada pelo dominio de ar quente e umido de origem tropical continental, tipico de condicoes de verao sem influencia frontal.;Verão;;;;;;;;;;;;;;;;;
2023-02-21 00:00:00;Nordeste;mEa;A região delimitada no litoral nordestino encontra-se sob influência predominante do fluxo de leste marítimo, caracterizando a atuação da massa de ar Equatorial Atlântica.;Verão;;;;;;;;;;;;;;;;;
2023-02-21 00:00:00;Litoral;mTa;A região delimitada está sob forte influência da circulação marítima da alta pressão, caracterizando a atuação da massa Tropical Atlântica com transporte de umidade do oceano.;Verão;;;;;;;;;;;;;;;;;
2023-02-21 00:00:00;Centro;mTc;Região central do continente sob influência de massa quente e seca, caracterizada por baixos teores de umidade e ausência de sistemas frontais atuantes no setor.;Verão;;;;;;;;;;;;;;;;;
2023-02-21 00:00:00;Sul;mTa;Regiao sob influencia do escoamento da circulacao maritima associada ao anticiclone, apresentando caracteristicas de massa quente e umida de origem tropical.;Verão;;;;;;;;;;;;;;;;;
2023-02-22 00:00:00;Norte;mEc;A regiao delimitada esta sob influencia direta da Massa Equatorial Continental, caracterizada pela predominancia de umidade e calor convectivo tipicos da bacia amazonica.;Verão;;;;;;;;;;;;;;;;;
2023-02-22 00:00:00;Nordeste;mTa;Predominância da massa Tropical Atlântica com fluxo de leste/sudeste, caracterizada por características térmicas e de umidade típicas desta massa sobre o Nordeste brasileiro.;Verão;;;;;;;;;;;;;;;;;
2023-02-22 00:00:00;Litoral;mTa;Região sob influência direta do fluxo de leste da circulação marítima, característica da Massa Tropical Atlântica, mantendo estabilidade e umidade no setor costeiro do Nordeste.;Verão;;;;;;;;;;;;;;;;;
2023-02-22 00:00:00;Centro;mTc;Regiao central do continente sob influencia de subsidencia e aquecimento adiabatico, mantendo caracteristicas de massa quente e seca tipica da Depressao do Chaco e interior brasile;Verão;;;;;;;;;;;;;;;;;
2023-02-22 00:00:00;Sul;mPa;A região delimitada encontra-se na retaguarda de um sistema frontal, caracterizada pelo ingresso e predomínio de ar frio e úmido de origem polar.;Verão;;;;;;;;;;;;;;;;;
2023-02-23 00:00:00;Norte;mEc;A região demarcada encontra-se sobre o interior da Amazônia, onde o predomínio de ar quente e úmido caracteriza a Massa Equatorial Continental (mEc), sem influência de outros siste;Verão;;;;;;;;;;;;;;;;;
2023-02-23 00:00:00;Nordeste;mEa;A região delimitada apresenta influência predominante da massa Equatorial Atlântica, caracterizada pelo transporte de umidade e ar quente sobre o litoral e interior do Nordeste bra;Verão;;;;;;;;;;;;;;;;;
2023-02-23 00:00:00;Litoral;mTa;Predominância da Massa Tropical Atlântica, caracterizada pelo fluxo marítimo quente e úmido que atua sobre o litoral do Nordeste brasileiro sob regime de alísios.;Verão;;;;;;;;;;;;;;;;;
2023-02-23 00:00:00;Centro;mEc;Região central sob influência da massa Equatorial Continental, caracterizada por apresentar ar quente e úmido, típicos da circulação interna do continente e ausência de sistemas fr;Verão;;;;;;;;;;;;;;;;;
2023-02-23 00:00:00;Sul;mTa;Regiao sob incidencia de fluxo subtropical quente e umido, caracterizando o dominio da Massa Tropical Atlantica sobre o setor continental do Sudeste/Sul.;Verão;;;;;;;;;;;;;;;;;
2023-02-24 00:00:00;Norte;mEc;Regiao central da Amazonia sem influencia de sistemas frontais, caracterizando predominio da massa de ar quente e umida de origem continental.;Verão;;;;;;;;;;;;;;;;;
2023-02-24 00:00:00;Nordeste;mTa;A região apresenta predominância de características tropicais marítimas, com o escoamento oceânico transportando umidade e calor, típicos da atuação da Massa Tropical Atlântica.;Verão;;;;;;;;;;;;;;;;;
2023-02-24 00:00:00;Litoral;mEa;Região sob influência predominante da Massa Equatorial Atlântica, caracterizada pelo ar quente e úmido no litoral nordestino, em posição climatológica típica para o setor.;Verão;;;;;;;;;;;;;;;;;
2023-02-24 00:00:00;Centro;mEc;Região central sob influência da massa Equatorial Continental, caracterizada pela predominância de ar quente e úmido sazonal típico da estação e ausência de sistemas frontais atuan;Verão;;;;;;;;;;;;;;;;;
2023-02-24 00:00:00;Sul;mTa;A região delimitada está sob influência do fluxo equatorial/tropical marítimo subtropical, caracterizado por temperaturas elevadas e umidade, sob o domínio do sistema de alta press;Verão;;;;;;;;;;;;;;;;;
2023-02-25 00:00:00;Norte;mEc;Região central da Amazônia sob influência de massa quente e úmida de origem continental, apresentando baixos gradientes de pressão característicos da circulação equatorial.;Verão;;;;;;;;;;;;;;;;;
2023-02-25 00:00:00;Nordeste;mTa;Dominio da massa de ar Tropical Atlantica na regiao Nordeste, caracterizada pelo escoamento constante de leste proveniente do anticiclone subtropical, mantendo condicoes quentes e ;Verão;;;;;;;;;;;;;;;;;
2023-02-25 00:00:00;Litoral;mTa;Regiao sob influencia do escoamento do quadrante leste, transporte de ar quente e umido vindo do Oceano Atlantico caracteristico da persistencia da mTa na costa oriental.;Verão;;;;;;;;;;;;;;;;;
2023-02-25 00:00:00;Centro;mTa;Região central sob influência da circulação marítima da ASAS, apresentando características de temperatura e umidade típicas da massa Tropical Atlântica que penetra o interior do pa;Verão;;;;;;;;;;;;;;;;;
2023-02-25 00:00:00;Sul;mTa;Na regiao delimitada, observa-se o predominio da circulacao maritima associada a alta pressao do Atlantico Sul, configurando o fluxo tipico da Massa Tropical Atlantica sobre a regi;Verão;;;;;;;;;;;;;;;;;
2023-02-26 00:00:00;Norte;mEc;Região central da Amazônia com características de elevada temperatura e umidade, típica da Massa Equatorial Continental que domina o interior do continente neste setor.;Verão;;;;;;;;;;;;;;;;;
2023-02-26 00:00:00;Nordeste;mTa;Regiao sob influencia do escoamento de leste do anticiclone subtropical, transportando umidade do Atlantico para o interior do Nordeste, caracterizando a dominancia da massa tropic;Verão;;;;;;;;;;;;;;;;;
2023-02-26 00:00:00;Litoral;mTa;A área delimitada situa-se sob influência do fluxo anticiclônico oceânico, caracterizando o predomínio da Massa Tropical Atlântica (mTa) sobre o litoral do Nordeste brasileiro.;Verão;;;;;;;;;;;;;;;;;
2023-02-26 00:00:00;Centro;mTa;Predominio de umidade e temperaturas elevadas sob influencia da circulacao ciclonica e maritimidade do Atlantico Sul, caracterizando a Massa Tropical Atlantica na regiao.;Verão;;;;;;;;;;;;;;;;;
2023-02-26 00:00:00;Sul;mTa;Na regiao delimitada, observa-se o predominio de escoamento vindo do oceano, caracteristico da circulacao de um centro de alta pressao, condizente com a atuacao da mTa.;Verão;;;;;;;;;;;;;;;;;
2023-02-27 00:00:00;Norte;mEc;Regiao sobre o dominio da Amazonia central, caracterizada por alta umidade e temperaturas elevadas, configurando a predominancia da Massa Equatorial Continental.;Verão;;;;;;;;;;;;;;;;;
2023-02-27 00:00:00;Nordeste;mTa;Região sob influência direta da circulação marítima da alta pressão subtropical. A massa de ar tropical atlântica predomina com características quentes e úmidas sobre o setor.;Verão;;;;;;;;;;;;;;;;;
2023-02-27 00:00:00;Litoral;mTa;A regiao delimitada esta sob influencia da circulacao de um sistema de alta pressao no Atlantico Sul, caracterizando a predominancia da Massa Tropical Atlantica (mTa) no litoral le;Verão;;;;;;;;;;;;;;;;;
2023-02-27 00:00:00;Centro;mTa;Regiao sob influencia da circulacao periferica da alta pressao do Atlantico, caracterizando predominio de ar quente e umido transporte de umidade do oceano para o continente.;Verão;;;;;;;;;;;;;;;;;
2023-02-27 00:00:00;Sul;mPa;A regiao delimitada esta sob influencia de adveccao de ar polar, evidenciada pela posicao do sistema frontal ao norte, caracterizando a entrada e dominio da massa de ar Polar Atlan;Verão;;;;;;;;;;;;;;;;;
2023-02-28 00:00:00;Norte;mEc;A região apresenta características de baixas pressões térmicas e elevada umidade, típicas da bacia amazônica, sob domínio da Massa Equatorial Continental sem influência frontal.;Verão;;;;;;;;;;;;;;;;;
2023-02-28 00:00:00;Nordeste;mEa;A região delimitada é influenciada predominantemente pelo fluxo marítimo de leste/nordeste, sob o domínio da mEa, que transporta umidade para o setor costeiro e interior do NE.;Verão;;;;;;;;;;;;;;;;;
2023-02-28 00:00:00;Litoral;mEa;A região delimitada no setor Nordeste está sob influência da massa Equatorial Atlântica, caracterizada pelo transporte de umidade do oceano para o continente tropical.;Verão;;;;;;;;;;;;;;;;;
2023-02-28 00:00:00;Centro;mTc;A regiao delimitada posiciona-se sobre o setor do Chaco, caracterizado por temperaturas elevadas e umidade reduzida, predominando sob a influência da massa de ar Tropical Continent;Verão;;;;;;;;;;;;;;;;;
2023-02-28 00:00:00;Sul;mTa;A região delimitada encontra-se sob influência da circulação anticiclônica marítima, caracterizando o predomínio de ar quente e úmido com estabilidade atmosférica.;Verão;;;;;;;;;;;;;;;;;
2023-03-01 00:00:00;Norte;mEc;Região central da Bacia Amazônica sob influência da massa Equatorial Continental, caracterizada por baixos gradientes de pressão e alta umidade, típica da calha equatorial continen;Verão;;;;;;;;;;;;;;;;;
2023-03-01 00:00:00;Nordeste;mTa;Predominio da massa tropical atlantica caracterizada por fluxo de leste/sudeste, mantendo caracteristicas de estabilidade e umidade em toda a porcao leste da regiao Nordeste.;Verão;;;;;;;;;;;;;;;;;
2023-03-01 00:00:00;Litoral;mEa;A região delimitada no litoral nordeste encontra-se sob influência da Massa Equatorial Atlântica, caracterizada pelo ar quente e úmido predominante nas baixas latitudes oceânicas.;Verão;;;;;;;;;;;;;;;;;
2023-03-01 00:00:00;Centro;mTa;Região sob influência direta do fluxo oceânico da ASAS, caracterizando a predominância de ar quente e úmido com transporte de umidade para o interior do continente.;Verão;;;;;;;;;;;;;;;;;
2023-03-01 00:00:00;Sul;mTa;A região delimitada está sob a influência do escoamento marítimo oriundo do anticiclone oceânico, caracterizando o predomínio da massa tropical atlântica, quente e úmida.;Verão;;;;;;;;;;;;;;;;;
2023-03-02 00:00:00;Norte;mEc;A região delimitada abrange a bacia amazônica e áreas adjacentes, onde a massa de ar quente e úmida de origem continental predomina sem influência direta de sistemas frontais.;Verão;;;;;;;;;;;;;;;;;
2023-03-02 00:00:00;Nordeste;mTa;Predominio da subsidencia e fluxos orientais associados ao sistema de alta pressao do Atlantico Sul, caracterizando a atuacao da massa de ar Tropical Atlantica sobre o NE brasileir;Verão;;;;;;;;;;;;;;;;;
2023-03-02 00:00:00;Litoral;mTa;Na regiao delimitada, observa-se o predominio de escoamento vindo do oceano, caracterizando uma massa de ar quente e umida de origem maritima tropical.;Verão;;;;;;;;;;;;;;;;;
2023-03-02 00:00:00;Centro;mTc;Posicionada sobre a regiao central do continente, a massa caracteriza-se por estabilidade e baixos teores de umidade, atuando sob condicoes tipicas de subsidencia na Depressao do C;Verão;;;;;;;;;;;;;;;;;
2023-03-02 00:00:00;Sul;mPa;A região apresenta incursão de ar frio pós-frontal, com temperaturas reduzidas e gradiente de pressão característico da retaguarda de um sistema frontal em deslocamento pelo setor.;Verão;;;;;;;;;;;;;;;;;
2023-03-03 00:00:00;Norte;mEc;A região demarcada encontra-se sobre a bacia amazônica, caracterizada por baixos gradientes de pressão e alta umidade, típicos da massa de ar Equatorial Continental (mEc) estacioná;Verão;;;;;;;;;;;;;;;;;
2023-03-03 00:00:00;Nordeste;mTa;Predominância de fluxo zonal de leste, característico da atuação da Massa Tropical Atlântica, que consolida a circulação marítima sobre o setor nordestino, trazendo umidade do ocea;Verão;;;;;;;;;;;;;;;;;
2023-03-03 00:00:00;Litoral;mTa;O setor delimitado encontra-se sob influência de um fluxo quente e úmido de origem oceânica, característico da Massa Tropical Atlântica, que domina o litoral do Nordeste brasileiro;Verão;;;;;;;;;;;;;;;;;
2023-03-03 00:00:00;Centro;mTa;Região sob influência direta da circulação marítima da ASAS, apresentando características de elevada umidade e temperaturas tropicais típicas da massa Tropical Atlântica.;Verão;;;;;;;;;;;;;;;;;
2023-03-03 00:00:00;Sul;mTa;Regiao sob fluxo predominante de leste/sudeste, mantendo caracteristicas de ar tropical maritimo com transporte de umidade do oceano para o continente.;Verão;;;;;;;;;;;;;;;;;
2023-03-04 00:00:00;Norte;mEc;Região localizada sobre a bacia amazônica, caracterizada por altas temperaturas e elevada umidade, evidenciando o domínio estacional e geográfico da Massa Equatorial Continental.;Verão;;;;;;;;;;;;;;;;;
2023-03-04 00:00:00;Nordeste;mTa;Predominancia de caracteristicas da Massa Tropical Atlantica, com fluxo de leste transportando ar quente e umido sobre o setor costeiro e parte do interior nordestino.;Verão;;;;;;;;;;;;;;;;;
2023-03-04 00:00:00;Litoral;mTa;Região sob influência direta da circulação marítima da ASAS, apresentando características de massa tropical marítima (quente e úmida) no litoral do Nordeste brasileiro.;Verão;;;;;;;;;;;;;;;;;
2023-03-04 00:00:00;Centro;mTa;Região sob influência da circulação anticiclônica do Atlântico Sul, caracterizada por temperaturas e umidade típicas da massa Tropical Atlântica transportada para o interior.;Verão;;;;;;;;;;;;;;;;;
2023-03-04 00:00:00;Sul;mTa;A região delimitada está sob influência direta do fluxo marítimo da Alta Subtropical do Atlântico Sul, caracterizando a predominância de ar quente e úmido de origem oceânica.;Verão;;;;;;;;;;;;;;;;;
2023-03-05 00:00:00;Norte;mEc;A região destacada sobre o norte brasileiro apresenta condições típicas de atuação da Massa Equatorial Continental, caracterizada pela predominância de ar quente e úmido.;Verão;;;;;;;;;;;;;;;;;
2023-03-05 00:00:00;Nordeste;mTa;Predominio da mTa no setor, caracterizada pela circulacao do escoamento de leste do Atlantico Sul, sob influencia direta do transporte de umidade maritima para o interior da regiao;Verão;;;;;;;;;;;;;;;;;
2023-03-05 00:00:00;Litoral;mTa;Predominio de umidade e calor caracteristicos da mTa sobre o litoral leste, sob influencia da circulacao do anticiclone subtropical sobre o Oceano Atlantico Sul.;Verão;;;;;;;;;;;;;;;;;
2023-03-05 00:00:00;Centro;mTc;A região central encontra-se sob domínio de uma massa de ar quente e seca, caracterizada por baixos valores de umidade e temperaturas elevadas típicas da depressão do Chaco.;Verão;;;;;;;;;;;;;;;;;
2023-03-05 00:00:00;Sul;mPa;A regiao apresenta caracteristicas termicas resfriadas e posicao geografica logo apos a passagem de um sistema frontal, indicando a predominancia da massa de ar polar.;Verão;;;;;;;;;;;;;;;;;
2023-03-06 00:00:00;Norte;mEc;A região amazônica apresenta características térmicas e de umidade típicas da massa Equatorial Continental, caracterizada pela predominância de ar quente e instável sobre o setor.;Verão;;;;;;;;;;;;;;;;;
2023-03-06 00:00:00;Nordeste;mTa;Dominio da subsidencia e fluxos de leste provenientes do oceano, caracterizando a influencia da massa de ar Tropical Atlantica na porcao oriental da regiao Nordeste.;Verão;;;;;;;;;;;;;;;;;
2023-03-06 00:00:00;Litoral;mTa;Predominio da massa Tropical Atlantica na regiao costeira, caracterizada por ambiente quente e umido sob circulacao do anticiclone subtropical do Atlantico Sul.;Verão;;;;;;;;;;;;;;;;;
2023-03-06 00:00:00;Centro;mTa;Regiao sob dominio da circulacao maritima do Atlantico Sul, caracterizada pela predominancia de ar quente e umido em estabilidade relativa.;Verão;;;;;;;;;;;;;;;;;
2023-03-06 00:00:00;Sul;mPa;A região delimitada localiza-se na retaguarda de uma frente fria em deslocamento pelo oceano, caracterizando o avanço de ar frio e seco de origem polar sobre o Sul/Sudeste.;Verão;;;;;;;;;;;;;;;;;
2023-03-07 00:00:00;Norte;mEc;A região delimitada abrange a bacia amazônica e adjacências, sob domínio de ar quente e úmido característico da Massa Equatorial Continental (mEc), sem influência frontal.;Verão;;;;;;;;;;;;;;;;;
2023-03-07 00:00:00;Nordeste;mTa;Predomínio de massa de ar quente e úmida originada no Atlântico, influenciando o litoral e o setor centro-leste da região Nordeste sob o regime do escoamento de leste.;Verão;;;;;;;;;;;;;;;;;
2023-03-07 00:00:00;Litoral;mTa;A região delimitada está sob a influência do escoamento marítimo associado ao sistema de alta pressão no oceano, caracterizando o predomínio da massa Tropical Atlântica.;Verão;;;;;;;;;;;;;;;;;
2023-03-07 00:00:00;Centro;mEc;Regiao sob influencia da mEc, caracterizada pela predominancia de umidade e calor no interior do continente, sem interferencia direta de sistemas frontais no momento da analise.;Verão;;;;;;;;;;;;;;;;;
2023-03-07 00:00:00;Sul;mPa;A região delimitada encontra-se sob influência do avanço de uma massa de ar frio e seco, posicionada na retaguarda da frente fria, caracterizando o ingresso da mPa no Sul do país.;Verão;;;;;;;;;;;;;;;;;
2023-03-08 00:00:00;Norte;mEc;A região demarcada encontra-se sobre a bacia amazônica, caracterizada por altas temperaturas e elevada umidade, sob domínio da Massa Equatorial Continental.;Verão;;;;;;;;;;;;;;;;;
2023-03-08 00:00:00;Nordeste;mTa;A região delimitada está sob forte influência da circulação do escoamento de leste do Atlântico Tropical, caracterizando o predomínio da massa Tropical Atlântica.;Verão;;;;;;;;;;;;;;;;;
2023-03-08 00:00:00;Litoral;mTa;A região delimitada está sob influência da circulação da Alta Subtropical do Atlântico Sul, caracterizando a predominância da Massa Tropical Atlântica, quente e úmida.;Verão;;;;;;;;;;;;;;;;;
2023-03-08 00:00:00;Centro;mTa;Região sob influência da circulação da ASAS, apresentando características de ar quente e úmido transportado do Oceano Atlântico para o interior do continente.;Verão;;;;;;;;;;;;;;;;;
2023-03-08 00:00:00;Sul;mTa;A região encontra-se submetida ao fluxo de ar quente e úmido proveniente do oceano, característico do domínio da massa Tropical Atlântica, sem evidências de incursão de ar polar.;Verão;;;;;;;;;;;;;;;;;
2023-03-09 00:00:00;Norte;mEc;A região delimitada encontra-se sobre a bacia amazônica, caracterizada por altas temperaturas e umidade elevada, típicas da influência predominante da massa Equatorial Continental.;Verão;;;;;;;;;;;;;;;;;
2023-03-09 00:00:00;Nordeste;mEa;A região delimitada no setor leste do Nordeste encontra-se sob influência predominante da massa Equatorial Atlântica, caracterizada por transporte de umidade e calor oceânicos.;Verão;;;;;;;;;;;;;;;;;
2023-03-09 00:00:00;Litoral;mTa;Regiao sob influencia do escoamento zonal e anticiclonico do Atlantico Sul, caracterizando a predominancia de massa de ar quente e umida sobre o litoral leste do Brasil.;Verão;;;;;;;;;;;;;;;;;
2023-03-09 00:00:00;Centro;mTa;Região sob influência da circulação da alta subtropical do Atlântico Sul, caracterizando o domínio de massa tropical marítima com perfil quente e úmido no setor central do Brasil.;Verão;;;;;;;;;;;;;;;;;
2023-03-09 00:00:00;Sul;mPa;A região sul do retângulo encontra-se sob influência de massa de ar frio e seco, caracterizando a mPa com o avanço de centro de alta pressão que retaguarda a frente fria.;Verão;;;;;;;;;;;;;;;;;
2023-03-10 00:00:00;Norte;mEc;Regiao central da Amazonia brasileira caracterizada por baixas pressoes superficiais, elevadas temperaturas e alta umidade, sem influencia de sistemas frontais ou circulação mariti;Verão;;;;;;;;;;;;;;;;;
2023-03-10 00:00:00;Nordeste;mTa;A região delimitada está sob forte influência do escoamento marítimo tropical, característico do domínio da mTa, que transporta umidade do oceano para o leste do Nordeste brasileir;Verão;;;;;;;;;;;;;;;;;
2023-03-10 00:00:00;Litoral;mTa;A região delimitada está sob forte influência do escoamento marítimo de leste/sudeste associado à célula de alta pressão persistente no Atlântico Sul, caracterizando a atuação da m;Verão;;;;;;;;;;;;;;;;;
2023-03-10 00:00:00;Centro;mTc;A região delimitada compreende o interior central do continente, sob influência da depressão térmica do Chaco, caracterizando-se pela presença da massa Tropical Continental (mTc).;Verão;;;;;;;;;;;;;;;;;
2023-03-10 00:00:00;Sul;mTa;A região demarcada encontra-se sob o fluxo do quadrante norte/nordeste, característico da circulação periférica da ASAS, estabelecendo o domínio da massa de ar Tropical Atlântica.;Verão;;;;;;;;;;;;;;;;;
2023-03-11 00:00:00;Norte;mEc;Regiao central e norte do pais sob influencia da massa de ar quente e umida caracteristica da bacia Amazonica, predominante nesta epoca do ano sobre o continente.;Verão;;;;;;;;;;;;;;;;;
2023-03-11 00:00:00;Nordeste;mTa;Predominância da Massa Tropical Atlântica, caracterizada pelo fluxo de ar morno e úmido vindo do Oceano Atlântico, influenciando as condições de tempo na região delimitada.;Verão;;;;;;;;;;;;;;;;;
2023-03-11 00:00:00;Litoral;mTa;Regiao sob fluxo marítimo do Atlantico Sul, caracterizada pela predominancia da massa Tropical Atlantica, que transporta umidade e calor para o litoral leste brasileiro.;Verão;;;;;;;;;;;;;;;;;
2023-03-11 00:00:00;Centro;mTa;Região sob influência da circulação da ASAS, apresentando características de massa quente e úmida, típica da atuação da mTa sobre a porção central do Brasil.;Verão;;;;;;;;;;;;;;;;;
2023-03-11 00:00:00;Sul;mPa;A região delimitada está sob a influência direta do avanço de uma massa de ar frio, caracterizada pelo resfriamento e deslocamento pós-frontal sobre o Sul do Brasil.;Verão;;;;;;;;;;;;;;;;;
2023-03-12 00:00:00;Norte;mEc;A regiao delimitada esta sob influencia da Massa Equatorial Continental, caracterizada por alta umidade e temperaturas elevadas no interior da Amazonia, sem interferencia de sistem;Verão;;;;;;;;;;;;;;;;;
2023-03-12 00:00:00;Nordeste;mTa;Regiao sob incidencia direta do fluxo de leste da circulacao maritima associada ao anticiclone subtropical, caracterizando predominio de ar quente e umido sobre o setor.;Verão;;;;;;;;;;;;;;;;;
2023-03-12 00:00:00;Litoral;mTa;Regiao sob influencia do fluxo maritimo quente e umido, caracteristico da circulacao de alta pressao que impulsiona a massa Tropical Atlantica sobre a costa leste do Brasil.;Verão;;;;;;;;;;;;;;;;;
2023-03-12 00:00:00;Centro;mTc;A região central do continente está sob influência de massa quente e seca, típica da Depressão do Chaco, mantendo características térmicas elevadas e baixa umidade relativa.;Verão;;;;;;;;;;;;;;;;;
2023-03-12 00:00:00;Sul;mPa;A região delimitada situa-se na retaguarda de um sistema frontal, caracterizando a incursão e o domínio de uma massa de ar polar (mPa) sobre o Sul do país.;Verão;;;;;;;;;;;;;;;;;
2023-03-13 00:00:00;Norte;mEc;Região centrada sobre a bacia amazônica, caracterizada por baixos gradientes de pressão e elevada umidade, indicando o domínio da Massa Equatorial Continental sem influências polar;Verão;;;;;;;;;;;;;;;;;
2023-03-13 00:00:00;Nordeste;mTa;A região delimitada está sob forte influência do fluxo marítimo de sudeste, característico da Massa Tropical Atlântica (mTa), que transporta umidade e calor para o setor oriental d;Verão;;;;;;;;;;;;;;;;;
2023-03-13 00:00:00;Litoral;mTa;A região delimitada encontra-se sob influência da circulação anticiclônica do Atlântico Sul, caracterizando a predominância e transporte da Massa Tropical Atlântica pelo litoral le;Verão;;;;;;;;;;;;;;;;;
2023-03-13 00:00:00;Centro;mPa;A regiao delimitada esta sob a influencia direta do avancamento de uma massa de ar frio e seco pos-frontal, caracterizando a mPa atuando sobre o Centro-Oeste e Sudeste brasileiro.;Verão;;;;;;;;;;;;;;;;;
2023-03-13 00:00:00;Sul;mPa;A região apresenta o avanço e a estabilização de uma massa de ar frio e úmido após a passagem de um sistema frontal, caracterizando a influência da mPa sobre o setor.;Verão;;;;;;;;;;;;;;;;;
2023-03-14 00:00:00;Norte;mEc;Região central e norte da carta sob influência da circulação equatorial continental, caracterizada pelo ar quente e úmido típico da bacia amazônica.;Verão;;;;;;;;;;;;;;;;;
2023-03-14 00:00:00;Nordeste;mTa;A região apresenta características de estabilidade e fluxo predominante de leste, sob influência da circulação marítima de baixas latitudes, caracterizando a atuação da mTa.;Verão;;;;;;;;;;;;;;;;;
2023-03-14 00:00:00;Litoral;mTa;A região delimitada está sob forte influência da circulação da Alta Subtropical do Atlântico Sul, caracterizando o predomínio de ar quente e úmido de origem marítima.;Verão;;;;;;;;;;;;;;;;;
2023-03-14 00:00:00;Centro;mTa;A região encontra-se sob influência da circulação da alta pressão subtropical do Atlântico Sul, caracterizando a predominância da massa de ar Tropical Atlântica.;Verão;;;;;;;;;;;;;;;;;
2023-03-14 00:00:00;Sul;mTa;A região encontra-se sob influência do fluxo equatorial/tropical do anticiclone oceânico, apresentando características de massa de ar quente e úmida típica da circulação marítima.;Verão;;;;;;;;;;;;;;;;;
2023-03-15 00:00:00;Norte;mEc;A região delimitada abrange a bacia amazônica e áreas continentais adjacentes, onde a massa de ar quente e úmida de origem continental predomina sem influência de outros sistemas.;Verão;;;;;;;;;;;;;;;;;
2023-03-15 00:00:00;Nordeste;mTa;Predominância da Massa Tropical Atlântica, caracterizada pelo fluxo marítimo quente e úmido que ingressa e influencia a porção leste e central da região Nordeste no período.;Verão;;;;;;;;;;;;;;;;;
2023-03-15 00:00:00;Litoral;mTa;A região encontra-se sob influência do escoamento marítimo associado ao sistema de alta pressão oceânico, caracterizando domínio de ar quente e úmido de origem tropical.;Verão;;;;;;;;;;;;;;;;;
2023-03-15 00:00:00;Centro;mTc;Região central do continente sob influência de massa quente e seca, caracterizada por baixos teores de umidade e ausência de sistemas frontais atuantes no setor delimitado.;Verão;;;;;;;;;;;;;;;;;
2023-03-15 00:00:00;Sul;mPa;Região sob influência de um sistema frontal com avanço de ar frio e seco, caracterizado por temperaturas mais baixas atrás da frente fria que atua no setor sul do continente.;Verão;;;;;;;;;;;;;;;;;
2023-03-16 00:00:00;Norte;mEc;A regiao delimitada posiciona-se sobre a bacia Amazonica. A ausencia de sistemas frontais e a persistencia de umidade favorecem o dominio da Massa Equatorial Continental (mEc).;Verão;;;;;;;;;;;;;;;;;
2023-03-16 00:00:00;Nordeste;mTa;A região é dominada pelo fluxo de umidade e calor vindo do Atlântico Tropical, caracterizando a influência da Massa Tropical Atlântica sobre o setor Nordeste.;Verão;;;;;;;;;;;;;;;;;
2023-03-16 00:00:00;Litoral;mTa;A região encontra-se sob influência do escoamento do quadrante leste/sudeste, característico da circulação da ASAS, favorecendo o predomínio da massa Tropical Atlântica.;Verão;;;;;;;;;;;;;;;;;
2023-03-16 00:00:00;Centro;mTa;Região sob influência direta da circulação marítima da alta pressão subtropical, caracterizada por transporte de umidade do oceano para o interior, configurando massa Tropical Atlâ;Verão;;;;;;;;;;;;;;;;;
2023-03-16 00:00:00;Sul;mPa;Observa-se o avanço de uma massa de ar polar na retaguarda da frente fria, caracterizada pela queda de temperatura e mudança na direção do vento na região delimitada.;Verão;;;;;;;;;;;;;;;;;
2023-03-17 00:00:00;Norte;mEc;Regiao central da Amazonia brasileira caracterizada pela predominancia da massa quente e umida de origem continental, mantendo estabilidade termica e elevada umidade caracteristica;Verão;;;;;;;;;;;;;;;;;
2023-03-17 00:00:00;Nordeste;mEa;A região delimitada situa-se sob influência predominante do fluxo de leste/nordeste, característico da Massa Equatorial Atlântica, que mantém umidade e temperaturas elevadas no set;Verão;;;;;;;;;;;;;;;;;
2023-03-17 00:00:00;Litoral;mTa;A área delimitada no litoral leste do país encontra-se sob a influência direta do escoamento marítimo de leste, característico da atuação da Massa Tropical Atlântica.;Verão;;;;;;;;;;;;;;;;;
2023-03-17 00:00:00;Centro;mEc;Região central sob influência da massa Equatorial Continental, caracterizada por temperaturas elevadas e alta umidade, predominando sobre o interior do Brasil central sem influênci;Verão;;;;;;;;;;;;;;;;;
2023-03-17 00:00:00;Sul;mTa;A região destacada encontra-se sob influência persistente da circulação anticiclônica marítima, com características de ar quente e úmido típicas da Massa Tropical Atlântica.;Verão;;;;;;;;;;;;;;;;;
2023-03-18 00:00:00;Norte;mEc;A região delimitada está situada sobre a bacia amazônica e adjacências, sob domínio de ar quente e úmido característico da mEc, sem influência direta de sistemas frontais.;Verão;;;;;;;;;;;;;;;;;
2023-03-18 00:00:00;Nordeste;mTa;Dominio da subsidencia da ASAS sobre o Atlantico Sul, favorecendo o transporte de umidade e calor da mTa para a regiao Nordeste, sem influencia de sistemas frontais.;Verão;;;;;;;;;;;;;;;;;
2023-03-18 00:00:00;Litoral;mTa;Região sob domínio da circulação marítima quente e úmida característica da massa Tropical Atlântica, mantendo condições típicas de estabilidade e umidade no setor leste do NE.;Verão;;;;;;;;;;;;;;;;;
2023-03-18 00:00:00;Centro;mTa;A região apresenta características típicas de um ambiente tropical úmido com domínio do fluxo marítimo, sem evidências de incursão de ar polar ou ar seco continental no setor.;Verão;;;;;;;;;;;;;;;;;
2023-03-18 00:00:00;Sul;mTa;Região sob influência da circulação da ASAS no Atlântico Sul, caracterizada pela presença de ar quente e úmido dominante, sem o ingresso efetivo de ar polar no setor indicado.;Verão;;;;;;;;;;;;;;;;;
2023-03-19 00:00:00;Norte;mEc;Regiao central abrangendo a Amazonia, com caracteristicas de ar quente e umido, sob dominio da circulacao continental caracteristica desta massa no atual periodo do ano.;Verão;;;;;;;;;;;;;;;;;
2023-03-19 00:00:00;Nordeste;mTa;Predominancia de escoamento quente e umido vindo do Oceano Atlantico, sob influencia da circulacao periferica da alta pressao subtropical que domina a costa leste brasileira.;Verão;;;;;;;;;;;;;;;;;
2023-03-19 00:00:00;Litoral;mTa;A regiao delimitada esta sob influencia direta do fluxo maritimo oriundo do Anticiclone subtropical do Atlantico Sul, caracterizando o predominio de umidade e calor da massa Tropic;Verão;;;;;;;;;;;;;;;;;
2023-03-19 00:00:00;Centro;mTa;Regiao sob influencia do fluxo marítimo da alta pressão do Atlântico, caracterizada por temperaturas e umidade elevadas, típica da predominância da massa Tropical Atlântica.;Verão;;;;;;;;;;;;;;;;;
2023-03-19 00:00:00;Sul;mPa;A região delimitada encontra-se sob influência do avanço de uma massa de ar frio e úmido após a passagem de um sistema frontal, caracterizando o predomínio de características de mP;Verão;;;;;;;;;;;;;;;;;
2023-03-20 00:00:00;Norte;mEc;A regiao delimitada esta sob influencia da Massa Equatorial Continental, caracterizada por ser quente e umida, predominante sobre a bacia Amazonica na ausencia de sistemas frontais;Outono;;;;;;;;;;;;;;;;;
2023-03-20 00:00:00;Nordeste;mEa;Regiao sob influencia direta do fluxo maritimo do Atlantico equatorial, caracterizando uma massa de ar quente e umida sobre o setor norte do Nordeste brasileiro.;Outono;;;;;;;;;;;;;;;;;
2023-03-20 00:00:00;Litoral;mTa;A região sob análise no litoral leste do país encontra-se sob domínio do escoamento marítimo quente e úmido, característico da atuação da Massa Tropical Atlântica.;Outono;;;;;;;;;;;;;;;;;
2023-03-20 00:00:00;Centro;mTa;A região central sob análise está inserida no fluxo de umidade e calor transportado pela circulação marítima, sob influência da circulação da ASAS, caracterizando a predominância d;Outono;;;;;;;;;;;;;;;;;
2023-03-20 00:00:00;Sul;mPa;A região delimitada encontra-se após a passagem de uma frente fria, sob influência do avanço da massa de ar polar, caracterizada por temperaturas amenas e fluxo de sul.;Outono;;;;;;;;;;;;;;;;;
2023-03-21 00:00:00;Norte;mEc;A região delimitada abrange a bacia amazônica, caracterizada por altas temperaturas e umidade elevada, típico da persistência da Massa Equatorial Continental.;Outono;;;;;;;;;;;;;;;;;
2023-03-21 00:00:00;Nordeste;mTa;Predominio da massa Tropical Atlantica na regiao costeira e interior do Nordeste, caracterizada por fluxos quentes e umidos sob influencia da circulacao do anticiclone maritimo.;Outono;;;;;;;;;;;;;;;;;
2023-03-21 00:00:00;Litoral;mTa;Região sob influência direta do fluxo de leste/sudeste associado ao ramo oceânico, caracterizando a atuação da massa de ar quente e úmida sobre o litoral leste brasileiro.;Outono;;;;;;;;;;;;;;;;;
2023-03-21 00:00:00;Centro;mEc;Predominancia de caracteristicas termodinamicas tipicas de massa equatorial sobre o interior do continente, caracterizada por elevada umidade e instabilidade conforme os dados de s;Outono;;;;;;;;;;;;;;;;;
2023-03-21 00:00:00;Sul;mTa;Região sob influência da circulação anticiclônica oceânica, caracterizada por transporte de umidade do Atlântico, mantendo temperaturas elevadas e umidade sobre o setor.;Outono;;;;;;;;;;;;;;;;;
2023-03-22 00:00:00;Norte;mEc;A região delimitada compreende a bacia amazônica e áreas centrais, onde predomina a Massa Equatorial Continental (mEc), caracterizada por ar quente e alta umidade, sem influência d;Outono;;;;;;;;;;;;;;;;;
2023-03-22 00:00:00;Nordeste;mTa;A região apresenta as características típicas do fluxo zonal de leste, caracterizado pela estabilidade térmica e umidade tropical transportada pela circulação da alta subtropical.;Outono;;;;;;;;;;;;;;;;;
2023-03-22 00:00:00;Litoral;mTa;Região sob influência direta do escoamento de leste/sudeste associado à circulação marítima, caracterizando a predominância da Massa Tropical Atlântica com ar quente e úmido no set;Outono;;;;;;;;;;;;;;;;;
2023-03-22 00:00:00;Centro;mTa;Região central sob influência da circulação marítima, apresentando características de temperatura e umidade típicas da massa Tropical Atlântica transportada para o interior.;Outono;;;;;;;;;;;;;;;;;
2023-03-22 00:00:00;Sul;mPa;A região delimitada está sob a influência direta do avanço da massa de ar pós-frontal, caracterizada por temperaturas mais amenas e regime de circulação de sul/sudeste.;Outono;;;;;;;;;;;;;;;;;
2023-03-23 00:00:00;Norte;mEc;A regiao delimitada esta sob influencia direta da massa de ar quente e umida originada na regiao amazonica, caracterizando o dominio da mEc.;Outono;;;;;;;;;;;;;;;;;
2023-03-23 00:00:00;Nordeste;mTa;Predominância de escoamento marítimo quente e úmido sob influência do sistema de alta pressão subtropical, caracterizando o transporte da Massa Tropical Atlântica na região.;Outono;;;;;;;;;;;;;;;;;
2023-03-23 00:00:00;Litoral;mTa;Predominio da mTa no litoral leste do Brasil. A regiao encontra-se sob influencia da circulacao de um centro de alta pressao, mantendo caracteristicas quentes e umidas.;Outono;;;;;;;;;;;;;;;;;
2023-03-23 00:00:00;Centro;mTa;A região delimitada está sob influência do fluxo equatorial/tropical estavel, com características de umidade e calor típicos da massa tropical atlântica que domina o setor central.;Outono;;;;;;;;;;;;;;;;;
2023-03-23 00:00:00;Sul;mTa;Região sob influência direta da circulação marítima da ASAS, favorecendo o transporte de umidade do oceano para o continente, caracterizando a predominância da mTa.;Outono;;;;;;;;;;;;;;;;;
2023-03-24 00:00:00;Norte;mEc;Area sob influência da Massa Equatorial Continental, caracterizada por alta umidade e temperaturas elevadas, típicas da bacia amazônica e ausência de sistemas frontais no setor.;Outono;;;;;;;;;;;;;;;;;
2023-03-24 00:00:00;Nordeste;mTa;A região sob o retângulo é predominada pela circulação marítima quente e úmida da massa tropical atlântica, que flui sobre o setor leste/nordeste brasileiro.;Outono;;;;;;;;;;;;;;;;;
2023-03-24 00:00:00;Litoral;mTa;A região delimitada encontra-se sob influência de um fluxo marítimo quente e úmido, característico do domínio da Massa Tropical Atlântica, sem evidências de incursão de massa polar;Outono;;;;;;;;;;;;;;;;;
2023-03-24 00:00:00;Centro;mEc;Região do Centro-Oeste sob influência de fluxos tropicais e úmidos provenientes da bacia amazônica, característicos da mEc em atuação no período.;Outono;;;;;;;;;;;;;;;;;
2023-03-24 00:00:00;Sul;mPa;A região delimitada encontra-se sob influência do avanço de uma massa de ar frio e seco, posicionada no quadrante posterior de um sistema frontal que atua na costa do Sudeste.;Outono;;;;;;;;;;;;;;;;;
2023-03-25 00:00:00;Norte;mEc;Região central da Bacia Amazônica com valores de umidade e temperatura elevados, característicos da massa equatorial continental, sem influência de sistemas frontais.;Outono;;;;;;;;;;;;;;;;;
2023-03-25 00:00:00;Nordeste;mTa;Região sob influência predominante do fluxo de leste/sudeste associado ao transporte de umidade do Atlântico Tropical, caracterizando a atuação da massa Tropical Atlântica.;Outono;;;;;;;;;;;;;;;;;
2023-03-25 00:00:00;Litoral;mTa;Região sob influência direta do fluxo zonal marítimo quente e úmido, característico do domínio da massa Tropical Atlântica operando no setor leste do país.;Outono;;;;;;;;;;;;;;;;;
2023-03-25 00:00:00;Centro;mEc;Predominância de ar quente e úmido sobre o interior do Brasil central, característico da circulação da massa Equatorial continental que atua na região sem influência de sistemas po;Outono;;;;;;;;;;;;;;;;;
2023-03-25 00:00:00;Sul;mPa;A regiao delimitada esta sob a influencia direta da retaguarda de um sistema frontal, caracterizando o ingresso e predominio da massa de ar polar (mPa) no setor.;Outono;;;;;;;;;;;;;;;;;
2023-03-26 00:00:00;Norte;mEc;A região delimitada abrange a bacia amazônica e áreas adjacentes, onde a massa de ar quente e úmida de origem continental predomina sem influência de sistemas frontais.;Outono;;;;;;;;;;;;;;;;;
2023-03-26 00:00:00;Nordeste;mTa;Regiao sob influencia do escoamento de leste-nordeste proveniente do oceano, caracterizando o dominio da Massa Tropical Atlantica (mTa) com transporte de umidade para o continente.;Outono;;;;;;;;;;;;;;;;;
2023-03-26 00:00:00;Litoral;mTa;A região delimitada encontra-se sob influência da circulação da Massa Tropical Atlântica, caracterizada pelo ar quente e úmido transportado do oceano para o leste do Brasil.;Outono;;;;;;;;;;;;;;;;;
2023-03-26 00:00:00;Centro;mEc;Região central do continente sob influência da massa Equatorial Continental, caracterizada por aquecimento e umidade, sem a presença de sistemas dinâmicos ou frontais no setor.;Outono;;;;;;;;;;;;;;;;;
2023-03-26 00:00:00;Sul;mPa;A região encontra-se submetida ao fluxo pós-frontal impulsionado pelo deslocamento da massa de ar polar, evidenciado pelas temperaturas mais baixas e gradiente de pressão caracterí;Outono;;;;;;;;;;;;;;;;;
2023-03-27 00:00:00;Norte;mEc;Região sob influência da Massa Equatorial Continental, caracterizada por baixas pressões e altos teores de umidade típicos da bacia amazônica nesta época do ano.;Outono;;;;;;;;;;;;;;;;;
2023-03-27 00:00:00;Nordeste;mTa;A região destacada encontra-se sob domínio da circulação marítima quente e úmida proveniente do Atlântico, configurando a predominância da massa Tropical Atlântica (mTa).;Outono;;;;;;;;;;;;;;;;;
2023-03-27 00:00:00;Litoral;mTa;A região delimitada está sob forte influência do escoamento marítimo de leste, característico da Massa Tropical Atlântica, que mantém condições de estabilidade e umidade no litoral;Outono;;;;;;;;;;;;;;;;;
2023-03-27 00:00:00;Centro;mTa;A região delimitada está sob forte influência do fluxo de circulação marítima da alta pressão, caracterizando a predominância da massa de ar Tropical Atlântica (mTa).;Outono;;;;;;;;;;;;;;;;;
2023-03-27 00:00:00;Sul;mPa;A região apresenta o avanço e a estabilização de um sistema frontal, com gradiente térmico e fluxo de sul caracterizando o domínio da massa de ar polar sobre o setor.;Outono;;;;;;;;;;;;;;;;;
2023-03-28 00:00:00;Norte;mEc;Região localizada no interior da bacia amazônica, caracterizada pela predominância de ar quente e úmido, sem influência direta de sistemas frontais ou circulação oceânica.;Outono;;;;;;;;;;;;;;;;;
2023-03-28 00:00:00;Nordeste;mTa;Regiao sob fluxo predominante de leste/sudeste associado ao escoamento da ASAS, transportando umidade do Atlantico para o interior do Nordeste brasileiro.;Outono;;;;;;;;;;;;;;;;;
2023-03-28 00:00:00;Litoral;mTa;A regiao delimitada esta sob influencia da circulacao de um centro de alta pressao no Atlantico Sul, caracterizando o dominio da Massa Tropical Atlantica (mTa) no litoral leste.;Outono;;;;;;;;;;;;;;;;;
2023-03-28 00:00:00;Centro;mTa;Regiao sob influencia da circulacao periferica da alta pressao oceanica, caracterizada pelo transporte de umidade e calor do Atlantico para o continente.;Outono;;;;;;;;;;;;;;;;;
2023-03-28 00:00:00;Sul;mPa;A regiao encontra-se sob a influencia direta da circulacao pos-frontal, caracterizada por temperaturas mais amenas e regime de ventos de sul/sudeste apos a passagem da frente fria.;Outono;;;;;;;;;;;;;;;;;
2023-03-29 00:00:00;Norte;mEc;Região central da Bacia Amazônica sob influência de ar quente e úmido, característico da Massa Equatorial Continental, sem atuação de sistemas frontais ou correntes de subsidência.;Outono;;;;;;;;;;;;;;;;;
2023-03-29 00:00:00;Nordeste;mTa;Predominância de fluxo marítimo oriundo do oceano Atlântico Sul, caracterizando a atuação da massa Tropical Atlântica sobre a região demarcada.;Outono;;;;;;;;;;;;;;;;;
2023-03-29 00:00:00;Litoral;mTa;Predominio da massa tropical atlantica na regiao costeira, caracterizada por altas temperaturas e elevada umidade sob influencia do escoamento marítimo estavel.;Outono;;;;;;;;;;;;;;;;;
2023-03-29 00:00:00;Centro;mTa;A região destacada encontra-se sob influência do fluxo de ar quente e úmido proveniente do quadrante oceânico, característico da atuação da massa Tropical Atlântica.;Outono;;;;;;;;;;;;;;;;;
2023-03-29 00:00:00;Sul;mPa;A região delimitada encontra-se sob a influência direta do transporte de ar frio e úmido após a passagem de sistema frontal, evidenciando o domínio da Massa Polar Atlântica.;Outono;;;;;;;;;;;;;;;;;
2023-03-30 00:00:00;Norte;mEc;A região delimitada abrange a bacia amazônica e áreas continentais adjacentes, onde as características de alta umidade e temperaturas elevadas confirmam a predominância da mEc.;Outono;;;;;;;;;;;;;;;;;
2023-03-30 00:00:00;Nordeste;mTa;Predomínio de ar quente e úmido transportado pelos ventos de leste/sudeste, característico da influência da circulação marítima que atua sobre o setor Nordeste.;Outono;;;;;;;;;;;;;;;;;
2023-03-30 00:00:00;Litoral;mEa;Regiao sob influencia direta da Massa Equatorial Atlantica, caracterizada pelo escoamento quente e umido dominante na porcao norte/nordeste do litoral brasileiro.;Outono;;;;;;;;;;;;;;;;;
2023-03-30 00:00:00;Centro;mPa;A região delimitada encontra-se sob influência do avanço da mPa, caracterizada por temperaturas mais amenas e regime de umidade associado ao pós-frontal no Centro-Oeste brasileiro.;Outono;;;;;;;;;;;;;;;;;
2023-03-30 00:00:00;Sul;mPa;A região demarcada apresenta o avanço claro de uma frente fria, com o posicionamento da massa de ar polar (mPa) na retaguarda do sistema, caracterizando o ingresso de ar frio e úmi;Outono;;;;;;;;;;;;;;;;;
2023-03-31 00:00:00;Norte;mEc;Região central da Amazônia caracterizada por elevados índices de umidade e temperatura, sem influência de sistemas frontais ou massas de ar oceânicas no setor.;Outono;;;;;;;;;;;;;;;;;
2023-03-31 00:00:00;Nordeste;mTa;Dominio do fluxo de leste sobre o Nordeste brasileiro, associado ao transporte de umidade do oceano e características térmicas da Massa Tropical Atlântica na região.;Outono;;;;;;;;;;;;;;;;;
2023-03-31 00:00:00;Litoral;mTa;Predominio da massa Tropical Atlantica no setor, caracterizada por transporte de umidade do oceano para o continente sob influencia do escoamento zonal prevalecente na regiao.;Outono;;;;;;;;;;;;;;;;;
2023-03-31 00:00:00;Centro;mPa;A região encontra-se no quadrante posterior à passagem de uma frente fria, evidenciada pela configuração dos ventos e valores de pressão, caracterizando o avanço da mPa.;Outono;;;;;;;;;;;;;;;;;
2023-03-31 00:00:00;Sul;mPa;A região delimitada localiza-se na retaguarda do sistema frontal, sob a influência da incursão de ar frio e seco, caracterizando a atuação da Massa Polar Atlântica.;Outono;;;;;;;;;;;;;;;;;
2023-04-01 00:00:00;Norte;mEc;Regiao central da Amazonia brasileira apresentando condicoes termodinâmicas caracteristicas de ar quente e umido, sob dominio da Massa Equatorial Continental sem influencias polare;Outono;;;;;;;;;;;;;;;;;
2023-04-01 00:00:00;Nordeste;mTa;Predominio da massa Tropical Atlantica na regiao sob influencia do escoamento zonal de leste, trazendo caracteristicas de calor e umidade do oceano para a costa e interior do NE.;Outono;;;;;;;;;;;;;;;;;
2023-04-01 00:00:00;Litoral;mTa;Regiao sob influencia do escoamento marítimo de leste, transportando ar quente e umido sob domínio do anticiclone do Atlantico Sul, caracterizando a atuação da mTa.;Outono;;;;;;;;;;;;;;;;;
2023-04-01 00:00:00;Centro;mTc;Região caracterizada por altas temperaturas e baixa umidade relativa, típica da massa tropical continental sobre a depressão do interior do continente.;Outono;;;;;;;;;;;;;;;;;
2023-04-01 00:00:00;Sul;mPa;Região localizada no setor pós-frontal, sob influência de advecção de ar frio e úmido característica do deslocamento de uma massa polar após a passagem da frente fria.;Outono;;;;;;;;;;;;;;;;;
2023-04-02 00:00:00;Norte;mEc;Regiao central e norte da Amazonia apresentando caracteristicas tipicas de massa de ar quente e umida de origem continental, sem influencia de sistemas frontais externos.;Outono;;;;;;;;;;;;;;;;;
2023-04-02 00:00:00;Nordeste;mEa;A região delimitada no setor leste do Nordeste encontra-se sob influência do fluxo marítimo da Massa Equatorial Atlântica, caracterizada pelo transporte de umidade do oceano.;Outono;;;;;;;;;;;;;;;;;
2023-04-02 00:00:00;Litoral;mTa;A região delimitada está sob influência do fluxo equatorial/tropical marítimo quente e úmido, característico do domínio da Massa Tropical Atlântica no litoral brasileiro.;Outono;;;;;;;;;;;;;;;;;
2023-04-02 00:00:00;Centro;mTa;A região encontra-se sob influência de um gradiente de pressão característico de um ambiente quente e úmido, dominado pela massa Tropical Atlântica no quadrante central do país.;Outono;;;;;;;;;;;;;;;;;
2023-04-02 00:00:00;Sul;mPa;Região sob influência de advecção de ar frio após a passagem de uma frente fria, caracterizada por temperaturas reduzidas e circulação anticiclônica sobre o Sul do Brasil.;Outono;;;;;;;;;;;;;;;;;
2023-04-03 00:00:00;Norte;mEc;Região central da Bacia Amazônica sob domínio de elevadas temperaturas e umidade, características da Massa Equatorial Continental, operando sem interferência de sistemas frontais.;Outono;;;;;;;;;;;;;;;;;
2023-04-03 00:00:00;Nordeste;mTa;Regiao sob influencia do escoamento marítimo de leste, característico da circulação da ASAS, transportando ar quente e úmido sobre a porção oriental do Nordeste brasileiro.;Outono;;;;;;;;;;;;;;;;;
2023-04-03 00:00:00;Litoral;mTa;A área demarcada encontra-se sob domínio do fluxo marítimo persistente associado à circulação anticiclônica do Atlântico Sul, caracterizando a atuação predominante da massa Tropica;Outono;;;;;;;;;;;;;;;;;
2023-04-03 00:00:00;Centro;mPa;A região apresenta características de subsidência e temperaturas reduzidas, configurando a penetração de uma massa de ar polar pós-frontal na porção central do continente.;Outono;;;;;;;;;;;;;;;;;
2023-04-03 00:00:00;Sul;mPa;A região delimitada está localizada no setor pós-frontal da frente fria, sob circulação de ar frio e úmido característica da atuação da Massa Polar Atlântica.;Outono;;;;;;;;;;;;;;;;;
2023-04-04 00:00:00;Norte;mEc;A região demarcada abrange a bacia amazônica, onde predomina uma massa de ar quente e úmida de origem continental, mantendo características estáveis de temperatura e umidade.;Outono;;;;;;;;;;;;;;;;;
2023-04-04 00:00:00;Nordeste;mTa;Predominio da massa Tropical Atlantica na regiao costeira e interior do Nordeste, caracterizada por transporte de umidade e estabilidade do fluxo anticiclonico vindo do oceano.;Outono;;;;;;;;;;;;;;;;;
2023-04-04 00:00:00;Litoral;mTa;Regiao sob influencia do escoamento do quadrante leste do Anticiclone Subtropical do Atlantico Sul, caracterizando predominio de massa de ar quente e umida sobre o litoral.;Outono;;;;;;;;;;;;;;;;;
2023-04-04 00:00:00;Centro;mTa;Predominância de fluxo marítimo associado ao setor ocidental do sistema de alta pressão oceânico, configurando massa de ar calor e alta umidade sobre a região central do Brasil.;Outono;;;;;;;;;;;;;;;;;
2023-04-04 00:00:00;Sul;mPa;A região delimitada está sob a influência do avanço de uma massa polar após a passagem de sistema frontal, evidenciado pelos valores de temperatura e umidade característicos.;Outono;;;;;;;;;;;;;;;;;
2023-04-06 00:00:00;Norte;mEc;Região sob influência direta da Massa Equatorial Continental, caracterizada por baixas pressões e altos teores de umidade típicos da bacia Amazônica.;Outono;;;;;;;;;;;;;;;;;
2023-04-06 00:00:00;Nordeste;mEa;Regiao sob influencia direta do fluxo maritimo do Atlantico Norte, apresentando caracteristicas tropicais umidas caracteristicas da Massa Equatorial Atlantica na faixa litoranea e ;Outono;;;;;;;;;;;;;;;;;
2023-04-06 00:00:00;Litoral;mTa;A área delimitada encontra-se sob domínio do escoamento marítimo associado à circulação anticiclônica do Atlântico Sul, caracterizando a predominância da massa Tropical Atlântica.;Outono;;;;;;;;;;;;;;;;;
2023-04-06 00:00:00;Centro;mPa;A região encontra-se submetida ao fluxo pós-frontal impulsionado pelo deslocamento da massa de ar Polar Atlântica, evidenciado pelas condições de estabilidade e queda térmica na ár;Outono;;;;;;;;;;;;;;;;;
2023-04-06 00:00:00;Sul;mPa;A região delimitada encontra-se sob influência de massa de ar frio e úmido, posicionada na retaguarda de um sistema frontal que avança pelo setor em direção ao oceano.;Outono;;;;;;;;;;;;;;;;;
2023-04-07 00:00:00;Norte;mEc;A região delimitada abrange a bacia amazônica e áreas continentais adjacentes, onde a massa de ar quente e úmida de origem continental predomina sem influência de sistemas frontais;Outono;;;;;;;;;;;;;;;;;
2023-04-07 00:00:00;Nordeste;mTa;Região do Nordeste sob influência do fluxo equatorial/tropical marítimo proveniente do Atlântico Sul, caracterizando a predominância da massa tropical atlântica na área delimitada.;Outono;;;;;;;;;;;;;;;;;
2023-04-07 00:00:00;Litoral;mTa;Regiao sob dominio do fluxo da alta pressao subtropical do Atlantico, caracterizando a atuacao da massa Tropical Atlantica, com perfil quente e umido sobre o litoral.;Outono;;;;;;;;;;;;;;;;;
2023-04-07 00:00:00;Centro;mTa;Regiao sob influêcia predominante do fluxo de leste/sudeste associado à Alta Subtropical do Atlântico Sul, caracterizando a atuação da massa Tropical Atlântica (mTa).;Outono;;;;;;;;;;;;;;;;;
2023-04-07 00:00:00;Sul;mPa;A região encontra-se submetida à retaguarda de um sistema frontal, caracterizando a incursão e o domínio de uma massa de ar frio e estável proveniente do setor sul.;Outono;;;;;;;;;;;;;;;;;
2023-04-08 00:00:00;Norte;mEc;Regiao sobre a bacia Amazonica apresentando caracteristicas tipicas de massa quente e umida, com ausencia de sistemas frontais, consolidando a predominancia da mEc.;Outono;;;;;;;;;;;;;;;;;
2023-04-08 00:00:00;Nordeste;mTa;A região delimitada está sob forte influência do fluxo marítimo da massa tropical atlântica, caracterizada pelo transporte de umidade e estabilidade térmica típica da periferia da ;Outono;;;;;;;;;;;;;;;;;
2023-04-08 00:00:00;Litoral;mTa;A regiao delimitada esta sob o regime de circulacao do anticiclone subtropical, apresentando caracteristicas tipicas de massa tropical maritima, quente e umida.;Outono;;;;;;;;;;;;;;;;;
2023-04-08 00:00:00;Centro;mPa;A região delimitada encontra-se sob efeito direto do avanço de uma massa de ar frio e seco, posicionada a retaguarda de um sistema frontal que cruza o Sudeste do Brasil.;Outono;;;;;;;;;;;;;;;;;
2023-04-08 00:00:00;Sul;mPa;A região delimitada encontra-se sob influência de um sistema de alta pressão pós-frontal, com advecção de ar mais frio e seco característica da massa polar atlântica.;Outono;;;;;;;;;;;;;;;;;
2023-04-09 00:00:00;Norte;mEc;A região demarcada localiza-se sobre a bacia amazônica, sob influência predominante da massa de ar equatorial continental, caracterizada por elevados índices de umidade e calor.;Outono;;;;;;;;;;;;;;;;;
2023-04-09 00:00:00;Nordeste;mTa;Região sob influência direta do fluxo de leste da alta pressão subtropical do Atlântico Sul, caracterizando a predominância da massa tropical atlântica na área demarcada.;Outono;;;;;;;;;;;;;;;;;
2023-04-09 00:00:00;Litoral;mTa;Predominio da massa tropical atlantica caracterizada por ar quente e umido, sob influencia da circulacao de um centro de alta pressao no oceano que estabiliza o litoral da regiao.;Outono;;;;;;;;;;;;;;;;;
2023-04-09 00:00:00;Centro;mTa;Regiao sob influencia da circulacao periferica da ASAS, apresentando caracteristicas tipicas de massa de ar tropical maritima, quente e umida, predominando sobre o interior do Bras;Outono;;;;;;;;;;;;;;;;;
2023-04-09 00:00:00;Sul;mPa;A regiao delimitada esta sob influencia direta do avanco da massa polar, caracterizada pelos baixos valores de temperatura e umidade observados atras da frente fria atuante.;Outono;;;;;;;;;;;;;;;;;
2023-04-10 00:00:00;Norte;mEc;Região central caracterizada por baixas pressões e elevada umidade, evidenciando o domínio da Massa Equatorial Continental sobre a Bacia Amazônica, com massas de ar quente e úmido.;Outono;;;;;;;;;;;;;;;;;
2023-04-10 00:00:00;Nordeste;mEa;A região nordeste (setor norte) está sob influência da massa Equatorial Atlântica (mEa), caracterizada por ar quente e úmido transportado pelos ventos alísios marítimos.;Outono;;;;;;;;;;;;;;;;;
2023-04-10 00:00:00;Litoral;mTa;A região delimitada está sob influência do escoamento marítimo associado aos ventos alísios do setor sudeste, caracterizando a atuação predominante da massa Tropical Atlântica.;Outono;;;;;;;;;;;;;;;;;
2023-04-10 00:00:00;Centro;mTa;A região central encontra-se sob influência do escoamento de leste/sudeste associado à circulação anticiclônica do oceano, caracterizando o predomínio de ar quente e úmido (mTa).;Outono;;;;;;;;;;;;;;;;;
2023-04-10 00:00:00;Sul;mPa;A região delimitada encontra-se sob a influência direta do avanço de uma massa de ar pós-frontal, caracterizada por menores temperaturas e umidade trazidas pela mPa.;Outono;;;;;;;;;;;;;;;;;
2023-04-11 00:00:00;Norte;mEc;Dominio da massa equatorial continental sobre a regiao Amazonica, caracterizada pelo ar quente e umido, condicoes tipicas da regiao sem influencia de sistemas frontais.;Outono;;;;;;;;;;;;;;;;;
2023-04-11 00:00:00;Nordeste;mTa;Região sob influência direta do fluxo de leste da alta pressão oceânica, caracterizando a predominância de uma massa de ar quente e úmida sobre o setor setentrional do Nordeste.;Outono;;;;;;;;;;;;;;;;;
2023-04-11 00:00:00;Litoral;mTa;A regiao delimitada esta sob influencia direta do fluxo zonal de leste associado a alta subtropical, caracterizando o dominio de caracteristicas da massa Tropical Atlantica.;Outono;;;;;;;;;;;;;;;;;
2023-04-11 00:00:00;Centro;mPa;A região apresenta o avanço de uma massa polar após a passagem de uma frente fria, caracterizada pelos gradientes de pressão e o posicionamento da circulação sinótica no setor.;Outono;;;;;;;;;;;;;;;;;
2023-04-11 00:00:00;Sul;mPa;A regiao apresenta caracteristicas de subsidencia e adveccao de ar mais frio e seco apos a passagem de sistema frontal, com valores de temperatura e ponto de orvalho coerentes a mP;Outono;;;;;;;;;;;;;;;;;
2023-04-12 00:00:00;Norte;mEc;Regiao central e norte da Amazonia sob influencia direta da massa de ar quente e umida de origem continental, caracterizada por baixos gradientes de pressao e estabilidade termica.;Outono;;;;;;;;;;;;;;;;;
2023-04-12 00:00:00;Nordeste;mTa;Predominância de fluxo marítimo oriundo do Atlântico Sul, transportando umidade sob regime de alta pressão, caracterizando a atuação da massa Tropical Atlântica na região.;Outono;;;;;;;;;;;;;;;;;
2023-04-12 00:00:00;Litoral;mTa;A região delimitada encontra-se sob influência do escoamento marítimo persistente na costa leste, caracterizando a atuação da Massa Tropical Atlântica com transporte de umidade.;Outono;;;;;;;;;;;;;;;;;
2023-04-12 00:00:00;Centro;mPa;Região sob influência de ar mais frio e denso após o avanço de uma frente fria, caracterizando o ingresso da massa de ar polar pela retaguarda do sistema.;Outono;;;;;;;;;;;;;;;;;
2023-04-12 00:00:00;Sul;mPa;A região delimitada encontra-se sob a influência direta do ingresso de uma massa de ar frio e úmido após a passagem de uma frente fria, caracterizando o domínio da mPa.;Outono;;;;;;;;;;;;;;;;;
2023-04-13 00:00:00;Norte;mEc;A região delimitada abrange a bacia amazônica e áreas adjacentes, onde a massa de ar quente e úmida de origem continental predomina sem influência de sistemas frontais.;Outono;;;;;;;;;;;;;;;;;
2023-04-13 00:00:00;Nordeste;mEa;Regiao sob predominio de fluxo maritimo equatorial, apresentando caracteristicas tipicas da Massa Equatorial Atlantica, caracterizada por alta umidade e temperaturas elevadas.;Outono;;;;;;;;;;;;;;;;;
2023-04-13 00:00:00;Litoral;mTa;A região delimitada no litoral leste apresenta características de elevada temperatura e umidade, sob influência direta do escoamento marítimo associado à circulação anticiclônica o;Outono;;;;;;;;;;;;;;;;;
2023-04-13 00:00:00;Centro;mPa;Regiao sob incidencia de gradiente de pressao e adveccao fria pos-frontal, evidenciada pelas temperaturas amenas e fluxo do quadrante sul/sudeste atuando na area delimitada.;Outono;;;;;;;;;;;;;;;;;
2023-04-13 00:00:00;Sul;mPa;A região delimitada encontra-se na retaguarda de um sistema frontal com fluxo de sul/sudeste, caracterizando a penetração e o domínio da massa de ar polar atlântica.;Outono;;;;;;;;;;;;;;;;;
2023-04-14 00:00:00;Norte;mEc;Região central da Bacia Amazônica sob domínio da Massa Equatorial Continental, caracterizada por elevados teores de umidade e temperaturas tropicais típicas do setor.;Outono;;;;;;;;;;;;;;;;;
2023-04-14 00:00:00;Nordeste;mTa;Regiao sob influencia do escoamento marítimo vindo do Atlantico Sul, caracterizado por transporte de umidade e estabilidade térmica típica da massa Tropical Atlantica.;Outono;;;;;;;;;;;;;;;;;
2023-04-14 00:00:00;Litoral;mTa;O setor litorâneo delimitado encontra-se sob influência do escoamento marítimo de leste/sudeste, condicionado pelo domínio da massa de ar tropical atlântica ao longo da costa.;Outono;;;;;;;;;;;;;;;;;
2023-04-14 00:00:00;Centro;mTa;A região central encontra-se sob influência de um fluxo de ar quente e úmido proveniente do quadrante oceânico, característico da atuação da massa de ar Tropical Atlântica.;Outono;;;;;;;;;;;;;;;;;
2023-04-14 00:00:00;Sul;mPa;Posicionamento caracterizado pelo avanço de sistema frontal, com a região sob a influência direta do fluxo de uma massa de ar frio e úmido na retaguarda da frente fria.;Outono;;;;;;;;;;;;;;;;;
2023-04-15 00:00:00;Norte;mEc;Regiao sobre o interior do continente e bacia Amazonica, caracterizada pelo predominio de massa de ar quente e umida de origem continental, sem influencia de outros sistemas.;Outono;;;;;;;;;;;;;;;;;
2023-04-15 00:00:00;Nordeste;mTa;Predomínio de circulação marítima sobre o Nordeste, trazendo ar quente e úmido sob influência do escoamento zonal do Atlântico Tropical.;Outono;;;;;;;;;;;;;;;;;
2023-04-15 00:00:00;Litoral;mTa;Area sob influência da circulação marítima da Alta Subtropical. Caracterizada por um fluxo persistente de ar quente e úmido vindo do Atlântico sobre o litoral leste do Brasil.;Outono;;;;;;;;;;;;;;;;;
2023-04-15 00:00:00;Centro;mTa;Região sob influência da circulação anticiclônica do Atlântico Sul, caracterizando a predominância de ar quente e úmido transportado do oceano para o continente.;Outono;;;;;;;;;;;;;;;;;
2023-04-15 00:00:00;Sul;mPa;A região delimitada encontra-se sob efeito direto do avanço de uma massa de ar frio e seco, evidenciado pelas baixas temperaturas e pelo escoamento pós-frontal na retaguarda do sis;Outono;;;;;;;;;;;;;;;;;
2023-04-16 00:00:00;Norte;mEc;A região demarcada encontra-se sobre a bacia amazônica, caracterizada por altas temperaturas e elevada umidade, sob domínio da Massa Equatorial Continental sem influência frontal.;Outono;;;;;;;;;;;;;;;;;
2023-04-16 00:00:00;Nordeste;mTa;Predominância da massa de ar tropical originada no flanco da ASAS, apresentando características de estabilidade e aquecimento na região delimitada do Nordeste brasileiro.;Outono;;;;;;;;;;;;;;;;;
2023-04-16 00:00:00;Litoral;mTa;Regiao sob influencia do escoamento de sueste/leste associado ao gradiente de pressao do Atlantico Sul, caracterizando a atuacao da massa de ar Tropical Atlantica.;Outono;;;;;;;;;;;;;;;;;
2023-04-16 00:00:00;Centro;mTa;A região encontra-se sob influência da circulação da ASAS, apresentando características de estabilidade e umidade típicas da massa Tropical Atlântica sob o Brasil central.;Outono;;;;;;;;;;;;;;;;;
2023-04-16 00:00:00;Sul;mPa;Observa-se o avanço da retaguarda de uma frente fria sobre a Região Sul, caracterizada pela incursão de ar mais frio e denso, típico da atuação da massa polar.;Outono;;;;;;;;;;;;;;;;;
2023-04-17 00:00:00;Norte;mEc;Região central da Bacia Amazônica sob influência de um campo de pressões estável, caracterizando o predomínio da Massa Equatorial Continental (mEc), quente e úmida.;Outono;;;;;;;;;;;;;;;;;
2023-04-17 00:00:00;Nordeste;mTa;Predominancia da mTa sobre a regiao, caracterizada pelo fluxo de leste/sudeste associado ao transporte de umidade do oceano para o interior do setor designado.;Outono;;;;;;;;;;;;;;;;;
2023-04-17 00:00:00;Litoral;mTa;A região delimitada está sob influência do escoamento marítimo quente e úmido de leste/sudeste, característico da circulação da massa Tropical Atlântica ao longo da costa brasileir;Outono;;;;;;;;;;;;;;;;;
2023-04-17 00:00:00;Centro;mTa;Região sob influência da circulação anticiclônica do Atlântico Sul, caracterizando o predomínio de ar tropical marítimo, quente e úmido, sobre o setor central do Brasil.;Outono;;;;;;;;;;;;;;;;;
2023-04-17 00:00:00;Sul;mPa;A região apresenta o avanço de uma massa polar após a passagem de uma frente fria, caracterizada pela queda nas temperaturas e mudança na direção do escoamento de baixos níveis.;Outono;;;;;;;;;;;;;;;;;
2023-04-18 00:00:00;Norte;mEc;Massa quente e úmida com centro de origem na bacia amazônica, caracterizada por baixos gradientes de pressão e ausência de sistemas frontais na região delimitada.;Outono;;;;;;;;;;;;;;;;;
2023-04-18 00:00:00;Nordeste;mTa;Regiao sob fluxo predominante de leste/sudeste associado a ASAS, caracterizando o dominio da massa Tropical Atlantica no setor sobre o continente.;Outono;;;;;;;;;;;;;;;;;
2023-04-18 00:00:00;Litoral;mTa;Região sob influência direta da circulação marítima da alta pressão do Atlântico subtropical, caracterizando o predomínio de ar quente e úmido típico da massa Tropical Atlântica.;Outono;;;;;;;;;;;;;;;;;
2023-04-18 00:00:00;Centro;mTa;A região encontra-se sob influência da circulação da alta pressão do Atlântico, apresentando características típicas de estabilidade térmica e umidade da Massa Tropical Atlântica.;Outono;;;;;;;;;;;;;;;;;
2023-04-18 00:00:00;Sul;mPa;A região sob o retângulo vermelho situa-se na retaguarda de uma frente fria, caracterizada pela advecção de ar frio e seco, consolidando o domínio da massa de ar polar.;Outono;;;;;;;;;;;;;;;;;
2023-04-19 00:00:00;Norte;mEc;A região apresenta características típicas de umidade e calor da bacia amazônica, mantendo-se sob domínio das propriedades físico-químicas da Massa Equatorial Continental (mEc).;Outono;;;;;;;;;;;;;;;;;
2023-04-19 00:00:00;Nordeste;mTa;Região predominantemente sob influência do escoamento marítimo de leste/sudeste, transportando ar tropical quente e úmido vindo do Atlântico para o setor oriental do Nordeste.;Outono;;;;;;;;;;;;;;;;;
2023-04-19 00:00:00;Litoral;mTa;A região delimitada está sob forte influência do escoamento marítimo provindo da circulação do Atlântico Sul, caracterizando a predominância da Massa Tropical Atlântica.;Outono;;;;;;;;;;;;;;;;;
2023-04-19 00:00:00;Centro;mPa;A região delimitada encontra-se sob influência de massa de ar frio e seco, avançando pelo interior do continente na retaguarda da frente fria indicada na carta sinótica.;Outono;;;;;;;;;;;;;;;;;
2023-04-19 00:00:00;Sul;mPa;Posicionamento da massa de ar logo após a passagem de sistema frontal, caracterizada pelo ingresso de ar frio e seco sobre a porção sul do Brasil.;Outono;;;;;;;;;;;;;;;;;
2023-04-20 00:00:00;Norte;mEc;Região central da Bacia Amazônica sob domínio da massa de ar quente e úmida de origem continental, apresentando características termodinâmicas típicas de subsidência local.;Outono;;;;;;;;;;;;;;;;;
2023-04-20 00:00:00;Nordeste;mTa;Predominância de fluxo marítimo quente e úmido transportado pelos ventos de leste para a região nordestina, caracterizando a atuação da massa tropical atlântica no setor.;Outono;;;;;;;;;;;;;;;;;
2023-04-20 00:00:00;Litoral;mTa;Regiao sob influencia do fluxo marítimo do Atlantico Sul, apresentando caracteristicas tipicas de subsidencia e estabilidade associadas a massa Tropical Atlantica.;Outono;;;;;;;;;;;;;;;;;
2023-04-20 00:00:00;Centro;mPa;A região delimitada encontra-se na retaguarda de uma frente fria, caracterizada pela incursão de ar frio e seco, consolidando o domínio da Massa Polar Atlântica.;Outono;;;;;;;;;;;;;;;;;
2023-04-20 00:00:00;Sul;mPa;A região delimitada encontra-se na retaguarda de um sistema frontal, caracterizada por temperaturas mais amenas e regime de circulação pós-frontal, definindo a influência da mPa.;Outono;;;;;;;;;;;;;;;;;
2023-04-21 00:00:00;Norte;mEc;Regiao central e norte da Amazonia sob influencia da massa equatorial continental, caracterizada por estabilidade termica e alta umidade, sem interferencia de sistemas frontais.;Outono;;;;;;;;;;;;;;;;;
2023-04-21 00:00:00;Nordeste;mTa;Predominância da Massa Tropical Atlântica, caracterizada pelo fluxo de ar quente e úmido vindo do oceano sobre o setor delimitado, mantendo temperaturas elevadas na região.;Outono;;;;;;;;;;;;;;;;;
2023-04-21 00:00:00;Litoral;mTa;Regiao sob predominio de escoamento maritimo quente e umido, caracteristico da massa de ar tropical atlantica, mantendo estabilidade termica e umidade elevada no litoral.;Outono;;;;;;;;;;;;;;;;;
2023-04-21 00:00:00;Centro;mPa;A região delimitada encontra-se sob influência imediata da massa de ar pós-frontal, caracterizada por temperaturas mais baixas e declínio térmico típico do avanço da mPa.;Outono;;;;;;;;;;;;;;;;;
2023-04-21 00:00:00;Sul;mPa;A região delimitada encontra-se sob influência pós-frontal, apresentando declínio térmico e advecção de ar frio e úmido, típicos da retaguarda de sistemas polares.;Outono;;;;;;;;;;;;;;;;;
2023-04-22 00:00:00;Norte;mEc;A regiao delimitada esta sob influencia direta da massa equatorial continental, caracterizada pelo ar quente e umido tipico da bacia amazonica, sem interferencia de massas polares.;Outono;;;;;;;;;;;;;;;;;
2023-04-22 00:00:00;Nordeste;mTa;A região delimitada está sob influência do fluxo de leste do Atlântico, com características de massa tropical marítima, sendo a dominante sobre o setor nordestino na carta.;Outono;;;;;;;;;;;;;;;;;
2023-04-22 00:00:00;Litoral;mTa;A região encontra-se sob influência do escoamento marítimo associado à circulação da alta pressão do Atlântico Sul, caracterizando a predominância da Massa Tropical Atlântica.;Outono;;;;;;;;;;;;;;;;;
2023-04-22 00:00:00;Centro;mTa;Regiao sob influencia do fluxo maritimo vindo do Atlantico Sul, caracterizado por ar quente e umido, transportado pela circulacao de alta pressao predominante no setor oceanico adj;Outono;;;;;;;;;;;;;;;;;
2023-04-22 00:00:00;Sul;mPa;A região apresenta características de subsidência e temperaturas reduzidas, localizando-se na retaguarda da frente fria, sob influência direta do avanço da massa de ar polar.;Outono;;;;;;;;;;;;;;;;;
2023-04-23 00:00:00;Norte;mEc;Região situada sobre a bacia amazônica, caracterizada por altas temperaturas, elevada umidade e ausência de influência de sistemas frontais ou de alta pressão extratropicais.;Outono;;;;;;;;;;;;;;;;;
2023-04-23 00:00:00;Nordeste;mTa;A região encontra-se sob influência do escoamento zonal oriundo do oceano, caracterizado pela estabilidade e umidade típicas da massa tropical atlântica.;Outono;;;;;;;;;;;;;;;;;
2023-04-23 00:00:00;Litoral;mTa;A região delimitada está sob influência do fluxo marítimo da circulação anticiclônica oceânica, caracterizando a atuação predominante da Massa Tropical Atlântica.;Outono;;;;;;;;;;;;;;;;;
2023-04-23 00:00:00;Centro;mPa;A região apresenta declínio térmico e gradiente de pressão característico ao norte de um sistema frontal, evidenciando o avanço e predominância da massa de ar polar.;Outono;;;;;;;;;;;;;;;;;
2023-04-23 00:00:00;Sul;mPa;A região encontra-se sob influência de uma massa de ar frio e seco, posicionada na retaguarda de um sistema frontal no Oceano Atlântico Sul, caracterizando a mPa.;Outono;;;;;;;;;;;;;;;;;
2023-04-24 00:00:00;Norte;mEc;A regiao delimitada esta sob dominancia de caracteristicas termicas e de umidade tipicas da Amazonia, configurando o predominio da massa de ar Equatorial Continental.;Outono;;;;;;;;;;;;;;;;;
2023-04-24 00:00:00;Nordeste;mTa;A regiao delimitada esta sob influencia direta do fluxo zonal leste do Atlantico Sul, caracterizando o predomino da Massa Tropical Atlantica (mTa) com transporte de umidade para o ;Outono;;;;;;;;;;;;;;;;;
2023-04-24 00:00:00;Litoral;mTa;A região delimitada está sob influência do escoamento marítimo persistente associado à circulação da ASAS, caracterizando o domínio da massa Tropical Atlântica (mTa).;Outono;;;;;;;;;;;;;;;;;
2023-04-24 00:00:00;Centro;mTa;Região sob influência direta do escoamento marítimo associado à alta (ASAS), apresentando características de temperatura e umidade típicas da massa Tropical Atlântica.;Outono;;;;;;;;;;;;;;;;;
2023-04-24 00:00:00;Sul;mPa;A região delimitada encontra-se sob a influência direta do avanço de uma massa de ar pós-frontal, caracterizada por temperaturas reduzidas e gradiente térmico típico de mPa.;Outono;;;;;;;;;;;;;;;;;
2023-04-25 00:00:00;Norte;mEc;Região central da Amazônia sob domínio de massa de ar quente e úmida, característica da mEc, mantendo elevadas temperaturas e umidade sem influência de sistemas frontais.;Outono;;;;;;;;;;;;;;;;;
2023-04-25 00:00:00;Nordeste;mTa;Predominância de fluxo do Atlântico sobre a região, caracterizando a mTa, responsável pelas condições de estabilidade térmica e umidade no setor demarcado.;Outono;;;;;;;;;;;;;;;;;
2023-04-25 00:00:00;Litoral;mTa;Predominância de fluxo marítimo de sudeste associado ao escoamento da alta pressão subtropical, caracterizando a influência da Massa Tropical Atlântica no setor litorâneo.;Outono;;;;;;;;;;;;;;;;;
2023-04-25 00:00:00;Centro;mPa;A região apresenta características de subsidência e resfriamento após a passagem de sistema frontal, evidenciado pelos gradientes de pressão e temperaturas, confirmando a mPa.;Outono;;;;;;;;;;;;;;;;;
2023-04-25 00:00:00;Sul;mPa;A região delimitada encontra-se na retaguarda de um sistema frontal, caracterizada pela advecção de frio e umidade típica da atuação da Massa Polar Atlântica.;Outono;;;;;;;;;;;;;;;;;
2023-04-26 00:00:00;Norte;mEc;A região destacada sobre a bacia amazônica apresenta características de ar quente e úmido, típicas da massa continental equatorial, sem a influência direta de sistemas frontais.;Outono;;;;;;;;;;;;;;;;;
2023-04-26 00:00:00;Nordeste;mEa;Região sob influência direta do fluxo de leste/nordeste vindo do Atlântico Tropical, caracterizando a mEa como predominante na costa e porções adjacentes do Nordeste.;Outono;;;;;;;;;;;;;;;;;
2023-04-26 00:00:00;Litoral;mTa;A região delimitada encontra-se sob a influência direta do escoamento marítimo de leste/sudeste associado à circulação de alta pressão, caracterizando o predomínio da massa Tropica;Outono;;;;;;;;;;;;;;;;;
2023-04-26 00:00:00;Centro;mTa;A área encontra-se sob influência do fluxo de ar quente e úmido proveniente do oceano, característico da Massa Tropical Atlântica, mantendo estabilidade térmica na região.;Outono;;;;;;;;;;;;;;;;;
2023-04-26 00:00:00;Sul;mPa;Regiao sob incidencia de subsidencia e adveccao de ar frio e seco, caracterizando o ingresso de massa de ar de origem polar apos a passagem de sistema frontal pelo setor.;Outono;;;;;;;;;;;;;;;;;
2023-04-27 00:00:00;Norte;mEc;Regiao sobre dominio da circulacao continental amazonica, apresentando caracteristicas tecnicas de massa quente e umida sem interferencia direta de sistemas polares ou atlanticos.;Outono;;;;;;;;;;;;;;;;;
2023-04-27 00:00:00;Nordeste;mTa;Predominio da massa tropical atlantica na regiao nordeste, caracterizada por fluxos de leste-nordeste e umidade elevada sobre o setor costeiro e interior adjacente.;Outono;;;;;;;;;;;;;;;;;
2023-04-27 00:00:00;Litoral;mEa;A região delimitada no litoral do Nordeste brasileiro encontra-se sob influência da massa Equatorial Atlântica, caracterizada por ser quente e úmida e atuar nesta faixa latitudinal;Outono;;;;;;;;;;;;;;;;;
2023-04-27 00:00:00;Centro;mTa;Região sob influência da circulação da alta pressão do Atlântico, caracterizando o predomínio de massa tropical marítima com transporte de umidade para o interior do continente.;Outono;;;;;;;;;;;;;;;;;
2023-04-27 00:00:00;Sul;mPa;A região delimitada encontra-se sob efeito do avanço de ar frio e seco, característico da porção posterior de um sistema frontal, predominando a Massa Polar Atlântica no setor.;Outono;;;;;;;;;;;;;;;;;
2023-04-28 00:00:00;Norte;mEc;A região delimitada está situada sobre a bacia amazônica, caracterizada por altas temperaturas e elevada umidade, evidenciando o domínio da Massa Equatorial Continental.;Outono;;;;;;;;;;;;;;;;;
2023-04-28 00:00:00;Nordeste;mTa;A região delimitada está sob forte influência da circulação marítima da massa tropical atlântica, caracterizada por ventos de quadrante leste que trazem umidade e calor ao setor.;Outono;;;;;;;;;;;;;;;;;
2023-04-28 00:00:00;Litoral;mTa;A região encontra-se sob influência do fluxo zonal marítimo predominante, característico da Massa Tropical Atlântica, que mantém condições de estabilidade e umidade no setor leste.;Outono;;;;;;;;;;;;;;;;;
2023-04-28 00:00:00;Centro;mTa;Regiao sob fluxo predominante de quadrante norte/nordeste associado ao escoamento da alta pressao do Atlantico, caracterizando a presenca da Massa Tropical Atlantica.;Outono;;;;;;;;;;;;;;;;;
2023-04-28 00:00:00;Sul;mPa;A região sob análise está localizada imediatamente à retaguarda de um sistema frontal, caracterizando o avanço e predomínio da massa de ar Polar Atlântica sobre o setor.;Outono;;;;;;;;;;;;;;;;;
2023-04-29 00:00:00;Norte;mEc;A região delimitada está posicionada sobre a bacia amazônica, caracterizada por altas temperaturas e elevada umidade, evidenciando o domínio da Massa Equatorial Continental.;Outono;;;;;;;;;;;;;;;;;
2023-04-29 00:00:00;Nordeste;mEa;Região do Nordeste inserida no fluxo marítimo tropical, sob influência direta da Massa Equatorial Atlântica, caracterizada por alta umidade e temperaturas elevadas.;Outono;;;;;;;;;;;;;;;;;
2023-04-29 00:00:00;Litoral;mTa;A região encontra-se sob influência do escoamento do anticiclone subtropical, caracterizando a predominância da Massa Tropical Atlântica com transporte de umidade do oceano.;Outono;;;;;;;;;;;;;;;;;
2023-04-29 00:00:00;Centro;mTa;Região central sob o domínio da circulação do escoamento de leste-nordeste da ASAS, caracterizando o transporte de ar quente e úmido sobre o continente nesta latitude.;Outono;;;;;;;;;;;;;;;;;
2023-04-29 00:00:00;Sul;mPa;A região está sob a influência do setor pós-frontal, caracterizado pelo avanço de ar frio e seco, consolidando o domínio da mPa sobre o Sul do Brasil.;Outono;;;;;;;;;;;;;;;;;
2023-04-30 00:00:00;Norte;mEc;Região continental amazônica sob influência direta da massa de ar Equatorial Continental, caracterizada por ser quente e úmida, sem presença de sistemas frontais no setor.;Outono;;;;;;;;;;;;;;;;;
2023-04-30 00:00:00;Nordeste;mTa;Regiao sob influencia do escoamento de leste-nordeste da ASAS, caracterizando a atuacao da massa Tropical Atlantica com predominio de umidade e calor sobre o setor.;Outono;;;;;;;;;;;;;;;;;
2023-04-30 00:00:00;Litoral;mTa;A região delimitada no litoral nordeste encontra-se sob influência do escoamento marítimo associado à alta subtropical, caracterizando o domínio da massa Tropical Atlântica.;Outono;;;;;;;;;;;;;;;;;
2023-04-30 00:00:00;Centro;mPa;A região encontra-se no setor pós-frontal, sob influência direta do avanço da massa de ar polar, caracterizada pelos baixos valores de temperatura e ponto de orvalho observados.;Outono;;;;;;;;;;;;;;;;;
2023-04-30 00:00:00;Sul;mPa;A região encontra-se submetida ao fluxo de subsidência e avanço da massa de ar polar, caracterizada por temperaturas e umidades reduzidas na retaguarda da frente fria identificada.;Outono;;;;;;;;;;;;;;;;;
2023-05-01 00:00:00;Norte;mEc;A região selecionada está posicionada sobre a bacia amazônica, caracterizada por altas temperaturas e elevada umidade, sob domínio da Massa Equatorial Continental.;Outono;;;;;;;;;;;;;;;;;
2023-05-01 00:00:00;Nordeste;mTa;Predominância da Massa Tropical Atlântica, caracterizada pelo fluxo constante de umidade vindo do oceano sobre a região Nordeste sob influência do gradiente de pressão regional.;Outono;;;;;;;;;;;;;;;;;
2023-05-01 00:00:00;Litoral;mTa;Regiao sob influencia do escoamento zonal persistente do anticiclone subtropical, configurando o dominio da Massa Tropical Atlantica no setor costeiro do Nordeste brasileiro.;Outono;;;;;;;;;;;;;;;;;
2023-05-01 00:00:00;Centro;mPa;A região delimitada localiza-se na retaguarda do sistema frontal, sob a influência direta do escoamento de ar frio e seco característico do avanço da massa polar sobre o continente;Outono;;;;;;;;;;;;;;;;;
2023-05-01 00:00:00;Sul;mPa;Observa-se o avanço de uma massa de ar frio e seco na retaguarda da frente fria, caracterizando a atuação da mPa sobre a região delimitada.;Outono;;;;;;;;;;;;;;;;;
2023-05-02 00:00:00;Norte;mEc;A região delimitada abrange a bacia amazônica, onde predomina uma massa de ar quente e úmida de origem continental, característica da estabilidade sazonal presente na região.;Outono;;;;;;;;;;;;;;;;;
2023-05-02 00:00:00;Nordeste;mTa;Região sob influência direta do fluxo de leste/sudeste, condicionado pelo escoamento marítimo quente e úmido característico da massa Tropical Atlântica que domina o litoral nordest;Outono;;;;;;;;;;;;;;;;;
2023-05-02 00:00:00;Litoral;mEa;A região delimitada no litoral norte/nordeste encontra-se sob influência predominante da Massa Equatorial Atlântica, característica por condições quentes e úmidas na costa.;Outono;;;;;;;;;;;;;;;;;
2023-05-02 00:00:00;Centro;mTa;A região delimitada encontra-se sob influência do escoamento marítimo de leste/nordeste associado ao transporte de umidade do Atlântico, configurando o domínio da mTa.;Outono;;;;;;;;;;;;;;;;;
2023-05-02 00:00:00;Sul;mPa;A região encontra-se no setor pós-frontal, sob a influência direta do avanço de uma massa de ar frio e seco, caracterizando o domínio da mPa no Sul do país.;Outono;;;;;;;;;;;;;;;;;
2023-05-03 00:00:00;Norte;mEc;Regiao posicionada sobre a bacia amazonica, caracterizada pelo dominio de ar quente e umido de origem equatorial continental, mantendo estabilidade termodinamica na area delimitada;Outono;;;;;;;;;;;;;;;;;
2023-05-03 00:00:00;Nordeste;mTa;Area sob influencia da circulacao periferica da alta pressao subtropical do Atlantico Sul, caracterizando predominio de ar tropical quente e umido sobre o setor nordestino.;Outono;;;;;;;;;;;;;;;;;
2023-05-03 00:00:00;Litoral;mTa;O litoral delimitado encontra-se sob influência persistente do fluxo de leste/sudeste associado à circulação marítima, caracterizando o domínio da massa Tropical Atlântica.;Outono;;;;;;;;;;;;;;;;;
2023-05-03 00:00:00;Centro;mPa;Região sob influência direta do avanço de massa polar, caracterizada por temperaturas amenas e subsidência associada à retaguarda de sistema frontal na costa do Sudeste.;Outono;;;;;;;;;;;;;;;;;
2023-05-03 00:00:00;Sul;mPa;A região demarcada encontra-se no quadrante posterior ao sistema frontal, caracterizada por temperaturas amenas e fluxo de ar frio sob influência da massa polar atlântica.;Outono;;;;;;;;;;;;;;;;;
2023-05-04 00:00:00;Norte;mEc;Região sob a influência da massa de ar quente e úmida de origem continental, típica da bacia Amazônica, sem a presença de sistemas frontais ou massas polares atuando no setor.;Outono;;;;;;;;;;;;;;;;;
2023-05-04 00:00:00;Nordeste;mTa;Região sob influência direta da circulação marítima do Atlântico Sul, caracterizando um fluxo quente e úmido predominante sobre o litoral e interior do Nordeste.;Outono;;;;;;;;;;;;;;;;;
2023-05-04 00:00:00;Litoral;mTa;A região delimitada encontra-se sob domínio do escoamento de leste-nordeste da Alta Subtropical do Atlântico Sul, caracterizando a influência da Massa Tropical Atlântica.;Outono;;;;;;;;;;;;;;;;;
2023-05-04 00:00:00;Centro;mPa;A região demarcada apresenta temperaturas e pontos de orvalho reduzidos, com circulação característica de sul/sudoeste, indicando o avanço de ar frio e seco de origem polar.;Outono;;;;;;;;;;;;;;;;;
2023-05-04 00:00:00;Sul;mPa;A região apresenta o avanço de uma massa de ar frio e seco, caracterizada por temperaturas reduzidas e gradiente de pressão pós-frontal, configurando o domínio da mPa no setor.;Outono;;;;;;;;;;;;;;;;;
2023-05-05 00:00:00;Norte;mEc;Regiao central da Amazonia sem influencias frontais, sob dominação da massa de ar quente e umida caracteristica da bacia amazonica.;Outono;;;;;;;;;;;;;;;;;
2023-05-05 00:00:00;Nordeste;mTa;Região sob influência direta do fluxo de ar quente e úmido vindo do Oceano Atlântico, característico da circulação de leste que domina o litoral e parte do interior nordestino.;Outono;;;;;;;;;;;;;;;;;
2023-05-05 00:00:00;Litoral;mTa;Regiao sob influencia do escoamento marítimo oriundo do Anticiclone sobre o Atlântico Sul, caracterizando a atuação da massa de ar Tropical Atlântica no litoral.;Outono;;;;;;;;;;;;;;;;;
2023-05-05 00:00:00;Centro;mPa;Região sob influência de ar mais frio e denso, característico do avanço de uma massa de ar polar após a passagem de uma frente fria sobre o centro do continente.;Outono;;;;;;;;;;;;;;;;;
2023-05-05 00:00:00;Sul;mPa;A região demarcada apresenta entrada de ar frio e seco após a passagem de sistema frontal, com declínio das temperaturas observadas nas estações sinóticas.;Outono;;;;;;;;;;;;;;;;;
2023-05-06 00:00:00;Norte;mEc;Região localizada sobre a bacia amazônica caracterizada por elevados índices de umidade e temperatura, sem influência de sistemas frontais, estando sob domínio da Massa Equatorial ;Outono;;;;;;;;;;;;;;;;;
2023-05-06 00:00:00;Nordeste;mTa;Regiao sob fluxo predominante de leste, caracterizado pelo transporte de umidade e calor do oceano para o continente, mantendo as caracteristicas da Massa Tropical Atlantica.;Outono;;;;;;;;;;;;;;;;;
2023-05-06 00:00:00;Litoral;mTa;Região sob influência direta da circulação marítima vinda do oceano, caracterizando o domínio da massa tropical atlântica, quente e úmida, ao longo do litoral leste.;Outono;;;;;;;;;;;;;;;;;
2023-05-06 00:00:00;Centro;mPa;A região delimitada encontra-se sob a influência direta do avanço de uma massa de ar pós-frontal, caracterizada por temperaturas reduzidas e gradiente de alta pressão associado.;Outono;;;;;;;;;;;;;;;;;
2023-05-06 00:00:00;Sul;mPa;Região sob influência direta de massa de ar frio e seco, evidenciada pelas baixas temperaturas e pelo escoamento pós-frontal verificado na retaguarda da frente fria.;Outono;;;;;;;;;;;;;;;;;
2023-05-07 00:00:00;Norte;mEc;Regiao situada sob dominio da bacia amazonica, apresentando caracteristicas tipicas de ar quente e umido, sem influencia direta de sistemas frontais ou circulação maritima predomin;Outono;;;;;;;;;;;;;;;;;
2023-05-07 00:00:00;Nordeste;mTa;Predomínio de ar quente e úmido transportado pelos ventos de leste/sudeste, condizente com a circulação periférica da alta pressão sobre o Atlântico Sul atuando no Nordeste.;Outono;;;;;;;;;;;;;;;;;
2023-05-07 00:00:00;Litoral;mTa;Regiao sob influencia do escoamento oceanico de leste/sudeste, com caracteristicas termicas e de umidade tipicas do dominio da circulacao maritima do Atlantico Sul.;Outono;;;;;;;;;;;;;;;;;
2023-05-07 00:00:00;Centro;mTa;A região encontra-se sob influência da circulação da ASAS, apresentando características de temperatura e umidade típicas da massa Tropical Atlântica em atuação sobre o continente.;Outono;;;;;;;;;;;;;;;;;
2023-05-07 00:00:00;Sul;mPa;Região sob influência direta de ar frio e seco após a passagem de sistema frontal, evidenciado pelas baixas temperaturas e ventos quadrante sul característicos da massa polar.;Outono;;;;;;;;;;;;;;;;;
2023-05-08 00:00:00;Norte;mEc;A região delimitada abrange a bacia amazônica, onde predomina a Massa Equatorial Continental, caracterizada por altas temperaturas e elevada umidade, sem influência de fluxos polar;Outono;;;;;;;;;;;;;;;;;
2023-05-08 00:00:00;Nordeste;mTa;Região sob influência direta do fluxo de leste/sudeste proveniente do Atlântico, caracterizando a predominância da massa Tropical Atlântica com transporte de umidade para o setor.;Outono;;;;;;;;;;;;;;;;;
2023-05-08 00:00:00;Litoral;mTa;O litoral encontra-se sob influência do fluxo marítimo da Alta Subtropical do Atlântico Sul, caracterizando a predominância de ar quente e úmido próprio da massa Tropical Atlântica;Outono;;;;;;;;;;;;;;;;;
2023-05-08 00:00:00;Centro;mPa;A região apresenta o avanço da retaguarda de um sistema frontal, caracterizado por temperaturas mais baixas e fluxo polar, posicionando-a sob influência direta de massa de ar frio.;Outono;;;;;;;;;;;;;;;;;
2023-05-08 00:00:00;Sul;mPa;A região delimitada encontra-se sob a influência direta do avanço de uma massa de ar frio e úmido (mPa), caracterizada pela queda das temperaturas e fluxo de sul/sudeste.;Outono;;;;;;;;;;;;;;;;;
2023-05-09 00:00:00;Norte;mEc;Regiao sobre a bacia Amazonica apresentando condicoes de elevada umidade e calor, caracteristicas da massa equatorial continental, sem influencia direta de sistemas frontais.;Outono;;;;;;;;;;;;;;;;;
2023-05-09 00:00:00;Nordeste;mTa;Predominância de fluxo marítimo quente e úmido vindo do Oceano Atlântico para o setor, caracterizando a atuação da massa Tropical Atlântica na região delimitada.;Outono;;;;;;;;;;;;;;;;;
2023-05-09 00:00:00;Litoral;mEa;A região destacada no litoral norte/nordeste encontra-se sob influência da Massa Equatorial Atlântica, caracterizada por condições quentes e úmidas típicas da baixa latitude.;Outono;;;;;;;;;;;;;;;;;
2023-05-09 00:00:00;Centro;mPa;A região delimitada encontra-se na retaguarda do sistema frontal, caracterizada pela incursão de ar frio e seco, evidenciada pela queda de temperatura observada nas estações locais;Outono;;;;;;;;;;;;;;;;;
2023-05-09 00:00:00;Sul;mPa;A regiao delimitada esta sob influencia direta do avancamento de um sistema frontal, caracterizando a penetracao e predominio de ar frio e umido de origem polar apos a frente.;Outono;;;;;;;;;;;;;;;;;
2023-05-10 00:00:00;Norte;mEc;Região central da Bacia Amazônica sob domínio de massa de ar quente e úmida, característica da mEc, apresentando condições de instabilidade típicas da região equatorial continental;Outono;;;;;;;;;;;;;;;;;
2023-05-10 00:00:00;Nordeste;mTa;A região demarcada encontra-se sob influência direta do escoamento marítimo de leste, característico da circulação da massa tropical atlântica que atua sobre o setor.;Outono;;;;;;;;;;;;;;;;;
2023-05-10 00:00:00;Litoral;mTa;Regiao sob dominio da circulacao maritima associada ao fluxo perturbado da massa tropical, mantendo caracteristicas quentes e umidas ao longo da costa leste.;Outono;;;;;;;;;;;;;;;;;
2023-05-10 00:00:00;Centro;mPa;Região sob influência de advecção de ar frio e seco após a passagem de sistema frontal, evidenciado pelas características dos dados sinóticos no setor delimitado.;Outono;;;;;;;;;;;;;;;;;
2023-05-10 00:00:00;Sul;mPa;A região delimitada encontra-se sob influência do avanço de uma massa de ar frio e seco, posicionada na retaguarda da frente fria indicada no setor.;Outono;;;;;;;;;;;;;;;;;
2023-05-11 00:00:00;Norte;mEc;A região selecionada está situada sobre a bacia amazônica, caracterizada por altas temperaturas e umidade elevada, típicas da predominância da massa equatorial continental.;Outono;;;;;;;;;;;;;;;;;
2023-05-11 00:00:00;Nordeste;mTa;Região sob influência direta do fluxo de leste da circulação periférica do sistema de alta pressão oceânica, caracterizando a predominância da massa tropical atlântica.;Outono;;;;;;;;;;;;;;;;;
2023-05-11 00:00:00;Litoral;mTa;A regiao delimitada esta sob influencia direta do fluxo marítimo constante associado ao anticiclone, caracterizando a predominancia da massa Tropical Atlantica.;Outono;;;;;;;;;;;;;;;;;
2023-05-11 00:00:00;Centro;mPa;Regiao sob influencia de adveccao fria pos-frontal, caracterizada por valores de temperatura e ponto de orvalho em declinio causados pelo avancar do sistema polar.;Outono;;;;;;;;;;;;;;;;;
2023-05-11 00:00:00;Sul;mPa;A região apresenta subsidência e fluxo de sul/sudeste pós-frontal, com queda nas temperaturas e valores de ponto de orvalho, caracterizando o ingresso da massa de ar polar.;Outono;;;;;;;;;;;;;;;;;
2023-05-12 00:00:00;Norte;mEc;Região central da Amazônia sob influência de massa de ar quente e úmida característica, sem interferência direta de sistemas frontais ou de pressão superior no setor delimitado.;Outono;;;;;;;;;;;;;;;;;
2023-05-12 00:00:00;Nordeste;mTa;Regiao sob fluxo predominante de leste/sudeste associado a ASAS, mantendo caracteristicas quentes e umidas tipicas da massa tropical atlantica na faixa costeira e interior do NE.;Outono;;;;;;;;;;;;;;;;;
2023-05-12 00:00:00;Litoral;mTa;A regiao delimitada esta sob influencia direta do escoamento oceanico de leste, caracteristico da massa Tropical Atlantica, com predominio de umidade e temperaturas elevadas.;Outono;;;;;;;;;;;;;;;;;
2023-05-12 00:00:00;Centro;mPa;A região apresenta declínio térmico e gradiente de pressão característico após a passagem de sistema frontal, evidenciando o ingresso e predominância da massa de ar polar.;Outono;;;;;;;;;;;;;;;;;
2023-05-12 00:00:00;Sul;mPa;A região delimitada está sob influência da retaguarda de um sistema frontal, caracterizada pela advecção de ar frio e seco, típica da atuação da massa polar atlântica.;Outono;;;;;;;;;;;;;;;;;
2023-05-13 00:00:00;Norte;mEc;Regiao sobre a bacia amazonica caracterizada por ar quente e umido, com ausência de influência de sistemas polares, confirmando o dominio da Massa Equatorial Continental.;Outono;;;;;;;;;;;;;;;;;
2023-05-13 00:00:00;Nordeste;mTa;Predominio da massa Tropical Atlantica, caracterizada por fluxos de leste que transportam umidade oceânica para o interior da regiao Nordeste sob regime de alta pressao.;Outono;;;;;;;;;;;;;;;;;
2023-05-13 00:00:00;Litoral;mTa;Região sob influência direta do escoamento marítimo de leste/sudeste associado ao gradiente de pressão do sistema de alta pressão em atuação no Atlântico Sul.;Outono;;;;;;;;;;;;;;;;;
2023-05-13 00:00:00;Centro;mPa;A regiao encontra-se sob a influencia direta do avancado de uma massa de ar polar, evidenciado pelas temperaturas reduzidas e baixos pontos de orvalho caracteristicos da mPa.;Outono;;;;;;;;;;;;;;;;;
2023-05-13 00:00:00;Sul;mPa;Região sob influência de ar frio e seco, caracterizado por temperaturas baixas e direção do vento indicando o avanço de uma massa de ar polar após a passagem de uma frente fria.;Outono;;;;;;;;;;;;;;;;;
2023-05-14 00:00:00;Norte;mEc;Regiao localizada na bacia Amazonica, caracterizada pelo dominio de ar equatorial quente e umido, tipico da circulacao interna do continente, sem influencia de frentes frias.;Outono;;;;;;;;;;;;;;;;;
2023-05-14 00:00:00;Nordeste;mTa;A região sob análise está sob o domínio do escoamento marítimo de leste, característico da massa Tropical Atlântica, que transporta umidade para o setor oriental do Nordeste brasil;Outono;;;;;;;;;;;;;;;;;
2023-05-14 00:00:00;Litoral;mTa;A regiao delimitada encontra-se sob a influencia direta do fluxo maritimo do Atlantico Sul, caracteristico da massa tropical atlantica, mantendo elevada umidade e temperaturas trop;Outono;;;;;;;;;;;;;;;;;
2023-05-14 00:00:00;Centro;mPa;A região encontra-se submetida ao fluxo de ar frio e seco após a passagem de sistema frontal, evidenciado pelos gradientes de pressão e queda térmica características da massa polar;Outono;;;;;;;;;;;;;;;;;
2023-05-14 00:00:00;Sul;mPa;A região encontra-se sob o domínio da massa polar atlântica, caracterizada pelo gradiente de pressão pós-frontal e valores de temperatura reduzidos na retaguarda da frente fria.;Outono;;;;;;;;;;;;;;;;;
2023-05-15 00:00:00;Norte;mEc;Regiao sobre a bacia amazonica com predominio de caracteristicas termodinamicas quentes e umidas, tipicas da massa equatorial continental, sem influência direta de sistemas frontai;Outono;;;;;;;;;;;;;;;;;
2023-05-15 00:00:00;Nordeste;mTa;Predomínio de massa tropical marítima no setor, caracterizada por transporte de umidade do oceano para o continente sob influência do escoamento zonal predominantemente de leste.;Outono;;;;;;;;;;;;;;;;;
2023-05-15 00:00:00;Litoral;mTa;A regiao delimitada esta inserida no fluxo de umidade do quadrante leste/sudeste, sob influencia da circulacao de alta pressao atuante no Atlantico Sul, caracterizando a mTa.;Outono;;;;;;;;;;;;;;;;;
2023-05-15 00:00:00;Centro;mPa;A regiao encontra-se sob efeito de subsidencia e adveccao de ar mais frio apos a passagem de uma frente fria, caracterizando o avanco da mPa pelo Centro-Oeste.;Outono;;;;;;;;;;;;;;;;;
2023-05-15 00:00:00;Sul;mPa;Observa-se o avanço da massa de ar polar após a passagem de sistema frontal, evidenciado pelas baixas temperaturas e umidade no setor sul delimitado.;Outono;;;;;;;;;;;;;;;;;
2023-05-16 00:00:00;Norte;mEc;A regiao apresenta características de estabilidade e elevada umidade típicas da bacia amazônica, sob domínio da Massa Equatorial Continental, sem influência de sistemas frontais.;Outono;;;;;;;;;;;;;;;;;
2023-05-16 00:00:00;Nordeste;mTa;Região sob influência direta do fluxo de leste/sudeste proveniente do Atlântico Tropical, caracterizando o domínio da massa Tropical Atlântica com transporte de umidade para o seto;Outono;;;;;;;;;;;;;;;;;
2023-05-16 00:00:00;Litoral;mTa;Região sob influência direta da circulação marítima quente e úmida, característica da Massa Tropical Atlântica que domina o litoral do Nordeste ao Sudeste brasileiro.;Outono;;;;;;;;;;;;;;;;;
2023-05-16 00:00:00;Centro;mPa;A região encontra-se sob influência de massa de ar frio e seco, caracterizada pela estabilidade e temperaturas reduzidas, em continuidade ao avanço de sistema frontal.;Outono;;;;;;;;;;;;;;;;;
2023-05-16 00:00:00;Sul;mPa;A região encontra-se sob influência de uma massa de ar frio e seco (mPa), evidenciada pelo escoamento pós-frontal e valores de temperatura e ponto de orvalho em declínio.;Outono;;;;;;;;;;;;;;;;;
2023-05-17 00:00:00;Norte;mEc;A região apresenta características de baixas latitudes sobre o interior da Amazônia, com umidade expressiva e ausência da influência direta de sistemas frontais ou massas marítimas;Outono;;;;;;;;;;;;;;;;;
2023-05-17 00:00:00;Nordeste;mTa;Predomínio de ar tropical quente e úmido transportado pelos ventos de leste, caracterizando a influência da Massa Tropical Atlântica sobre a região nordestina.;Outono;;;;;;;;;;;;;;;;;
2023-05-17 00:00:00;Litoral;mEa;A região delimitada no litoral nordeste encontra-se sob influência predominante da Massa Equatorial Atlântica, caracterizada pelo fluxo quente e úmido de leste/nordeste.;Outono;;;;;;;;;;;;;;;;;
2023-05-17 00:00:00;Centro;mPa;A região encontra-se submetida ao avanço de uma massa de ar frio e seco, claramente evidenciada pelo ingresso de registros de temperaturas e pontos de orvalho significativamente me;Outono;;;;;;;;;;;;;;;;;
2023-05-17 00:00:00;Sul;mPa;A região apresenta o avanço de uma massa polar após a passagem de uma frente fria, caracterizada queda de temperatura e regime de ventos de quadrante sul/sudoeste.;Outono;;;;;;;;;;;;;;;;;
2023-05-18 00:00:00;Norte;mEc;Regiao central e norte da Amazonia apresentando condicoes de calor e alta umidade, caracteristicas da massa equatorial continental, sem influência de sistemas frontais.;Outono;;;;;;;;;;;;;;;;;
2023-05-18 00:00:00;Nordeste;mTa;Predominância da Massa Tropical Atlântica, que ingressa pelo setor leste do Nordeste, transportando calor e umidade característicos do fluxo marítimo sobre a região.;Outono;;;;;;;;;;;;;;;;;
2023-05-18 00:00:00;Litoral;mTa;Area sob influência da circulação marítima do anticiclone subtropical, estabelecendo fluxo de leste predominante, mantendo características de transporte de umidade e calor da mTa.;Outono;;;;;;;;;;;;;;;;;
2023-05-18 00:00:00;Centro;mPa;A região apresenta características de baixos valores de temperatura e ponto de orvalho, indicando o avanço e predominância da massa de ar frio e úmido após a passagem da frente fri;Outono;;;;;;;;;;;;;;;;;
2023-05-18 00:00:00;Sul;mPa;Regiao sob a influencia direta do fluxo posterior de uma frente fria, caracterizada por temperaturas baixas e adveccao de ar polar sobre o setor sul brasileiro.;Outono;;;;;;;;;;;;;;;;;
2023-05-19 00:00:00;Norte;mEc;A regiao delimitada esta sob a influencia exclusiva de ar quente e umido de origem amazonica, caracteristico do dominio da Massa Equatorial Continental na regiao central do Norte.;Outono;;;;;;;;;;;;;;;;;
2023-05-19 00:00:00;Nordeste;mTa;A região do Nordeste delimitada encontra-se sob influência do escoamento marítimo quente e úmido derivado da circulação do Anticiclone subtropical do Atlântico Sul.;Outono;;;;;;;;;;;;;;;;;
2023-05-19 00:00:00;Litoral;mTa;Região sob influência direta da circulação marítima da ASAS, caracterizada por transporte de umidade e temperaturas elevadas sobre o setor leste do Nordeste brasileiro.;Outono;;;;;;;;;;;;;;;;;
2023-05-19 00:00:00;Centro;mPa;A região apresenta o avanço de uma frente fria ao sul, com características termodinâmicas de resfriamento e umidade típica da massa de ar polar seguindo o sistema frontal.;Outono;;;;;;;;;;;;;;;;;
2023-05-19 00:00:00;Sul;mPa;A região apresenta o avanço de uma massa de ar frio e seco, caracterizada pelas baixas temperaturas observadas nas estações sinóticas atrás da frente fria em deslocamento para o oc;Outono;;;;;;;;;;;;;;;;;
2023-05-20 00:00:00;Norte;mEc;A regiao delimitada sobre a Amazonia apresenta caracteristicas de ar quente e umido, sem influência de sistemas frontais, confirmando o dominio da Massa Equatorial Continental.;Outono;;;;;;;;;;;;;;;;;
2023-05-20 00:00:00;Nordeste;mTa;Região sob influência direta do fluxo de leste da circulação marítima, transportando ar quente e úmido do oceano para o continente, característico da massa Tropical Atlântica.;Outono;;;;;;;;;;;;;;;;;
2023-05-20 00:00:00;Litoral;mTa;A região delimitada está sob influência do escoamento marítimo de leste, característico da massa de ar Tropical Atlântica (mTa), que transporta umidade para o litoral brasileiro.;Outono;;;;;;;;;;;;;;;;;
2023-05-20 00:00:00;Centro;mPa;A região encontra-se submetida à advecção fria, caracterizada pela queda das temperaturas e umidade no setor pós-frontal, configurando o domínio da mPa nesta área.;Outono;;;;;;;;;;;;;;;;;
2023-05-20 00:00:00;Sul;mPa;A região apresenta o avanço de uma massa de ar frio e seco, caracterizado por temperaturas em declínio e circulação pós-frontal, confirmando a predominância da mPa no setor Sul.;Outono;;;;;;;;;;;;;;;;;
2023-05-21 00:00:00;Norte;mEc;Regiao sobre a bacia Amazonica apresentando caracteristicas tipicas de massa equatorial continental, quente e umida, sem influencia direta de sistemas frontais ou circulação mariti;Outono;;;;;;;;;;;;;;;;;
2023-05-21 00:00:00;Nordeste;mTa;Predominância de escoamento vindo do oceano, característico da atuação da massa Tropical Atlântica sobre a região Nordeste, mantendo condições quentes e úmidas na área demarcada.;Outono;;;;;;;;;;;;;;;;;
2023-05-21 00:00:00;Litoral;mTa;A região encontra-se sob influência do escoamento marítimo provindo do anticiclone subtropical, caracterizando o predomínio da Massa Tropical Atlântica no setor litorâneo.;Outono;;;;;;;;;;;;;;;;;
2023-05-21 00:00:00;Centro;mPa;A região delimitada está sob influência da massa de ar pós-frontal, apresentando declínio térmico característico da mPa que se desloca sobre o Centro-Oeste e Sudeste do Brasil.;Outono;;;;;;;;;;;;;;;;;
2023-05-21 00:00:00;Sul;mPa;A região delimitada encontra-se sob sobressalto termobarométrico após a passagem de uma frente fria, caracterizando a predominância da Massa Polar Atlântica (mPa) no setor.;Outono;;;;;;;;;;;;;;;;;
2023-05-22 00:00:00;Norte;mEc;Regiao central abrangendo a Bacia Amazonica, caracterizada pelo estabelecimento da massa equatorial continental, quente e umida, predominante no setor norte do continente.;Outono;;;;;;;;;;;;;;;;;
2023-05-22 00:00:00;Nordeste;mTa;Região sob influência direta do fluxo de leste da alta pressão subtropical do Atlântico Sul, caracterizando o predomínio de ar quente e úmido de origem marítima (mTa).;Outono;;;;;;;;;;;;;;;;;
2023-05-22 00:00:00;Litoral;mTa;A região delimitada está sob o domínio do fluxo marítimo da Alta Subtropical do Atlântico Sul, caracterizando a atuação da massa de ar Tropical Atlântica (mTa).;Outono;;;;;;;;;;;;;;;;;
2023-05-22 00:00:00;Centro;mPa;A região encontra-se submetida ao fluxo de circulação de sul/sudeste, característico do avanço e pós-frontal da massa polar atlântica, resultando em temperaturas mais amenas.;Outono;;;;;;;;;;;;;;;;;
2023-05-22 00:00:00;Sul;mPa;A região apresenta o avanço de uma massa polar após a passagem de uma frente fria, caracterizada pela queda nas temperaturas e mudança na direção dos ventos no setor sul.;Outono;;;;;;;;;;;;;;;;;
2023-05-23 00:00:00;Norte;mEc;Região central da Bacia Amazônica sob influência da Massa Equatorial Continental, caracterizada pela predominância de ar quente e úmido com ausência de sistemas frontais atuantes.;Outono;;;;;;;;;;;;;;;;;
2023-05-23 00:00:00;Nordeste;mTa;Predominância da Massa Tropical Atlântica, caracterizada pelo fluxo marítimo úmido e quente sobre a região, mantendo a estabilidade térmica típica do setor sob a influência oceânic;Outono;;;;;;;;;;;;;;;;;
2023-05-23 00:00:00;Litoral;mTa;Regiao sob dominio do fluxo do anticiclone do Atlantico Sul, caracterizando a presenca da Massa Tropical Atlantica, quente e umida, sobre a faixa litoranea do setor analisado.;Outono;;;;;;;;;;;;;;;;;
2023-05-23 00:00:00;Centro;mTa;Região sob influência da circulação anticiclônica do Atlântico Sul, caracterizando a predominância de ar quente e úmido de origem marítima (mTa) sobre a área central do país.;Outono;;;;;;;;;;;;;;;;;
2023-05-23 00:00:00;Sul;mPa;A região delimitada encontra-se sob o fluxo pós-frontal, com advecção de ar frio e seco, caracterizando o avanço e a predominância da Massa Polar Atlântica.;Outono;;;;;;;;;;;;;;;;;
2023-05-24 00:00:00;Norte;mEc;Regiao central da Amazonia com predominancia de subsidencia termica local, caracterizada por temperaturas e umidade elevadas, tipica da massa Equatorial Continental.;Outono;;;;;;;;;;;;;;;;;
2023-05-24 00:00:00;Nordeste;mTa;A região apresenta predominância de umidade e temperaturas elevadas características da massa Tropical Atlântica, sob influência do fluxo de leste estabelecido no setor.;Outono;;;;;;;;;;;;;;;;;
2023-05-24 00:00:00;Litoral;mTa;Predominância de fluxo marítimo sob influência de alta pressão subtropical, caracterizando ar quente e úmido transportado do oceano para o setor costeiro analisado.;Outono;;;;;;;;;;;;;;;;;
2023-05-24 00:00:00;Centro;mTa;A região encontra-se sob influência do fluxo equatorial/tropical com altos teores de umidade e temperaturas elevadas, característicos de um ambiente condicionado pela mTa.;Outono;;;;;;;;;;;;;;;;;
2023-05-24 00:00:00;Sul;mPa;A região apresenta características típicas de pós-frontal, com temperaturas reduzidas e ventos do quadrante sul, indicando o domínio da massa de ar Polar Atlântica.;Outono;;;;;;;;;;;;;;;;;
2023-05-25 00:00:00;Norte;mEc;A região delimitada abrange a bacia amazônica, onde predomina a Massa Equatorial Continental, caracterizada por estabilidade térmica, alta umidade e temperaturas elevadas.;Outono;;;;;;;;;;;;;;;;;
2023-05-25 00:00:00;Nordeste;mTa;Predominância da massa tropical atlântica, caracterizada pelo fluxo de leste que transporta umidade do oceano para a região Nordeste sob influência do gradiente de pressão.;Outono;;;;;;;;;;;;;;;;;
2023-05-25 00:00:00;Litoral;mTa;Regiao sob influencia clara do fluxo de leste/sudeste associado a alta pressao do Atlantico Sul, caracterizando a presenca de Massa Tropical Atlantica (mTa) quente e umida no setor;Outono;;;;;;;;;;;;;;;;;
2023-05-25 00:00:00;Centro;mPa;A regiao encontra-se sob sobressalto termico e circulacao de sul associada ao avanco de uma massa de ar frio e seco pos-frontal, caracterizando a presenca da mPa.;Outono;;;;;;;;;;;;;;;;;
2023-05-25 00:00:00;Sul;mPa;Regiao sob clara influencia da massa de ar polar, evidenciada pelos baixos valores de temperatura e ponto de orvalho, posicionada na retaguarda do sistema frontal que avanca pelo c;Outono;;;;;;;;;;;;;;;;;
2023-05-26 00:00:00;Norte;mEc;A regiao delimitada esta sob o dominio termodinamico da massa equatorial continental, caracterizada pelas condicoes de calor e umidade tipicas da bacia amazonica.;Outono;;;;;;;;;;;;;;;;;
2023-05-26 00:00:00;Nordeste;mEa;A região destacada está sob influência da massa Equatorial Atlântica, devido à sua posição latitudinal e proximidade com o oceano, caracterizando um ar quente e úmido.;Outono;;;;;;;;;;;;;;;;;
2023-05-26 00:00:00;Litoral;mTa;A regiao delimitada esta sob a influencia do fluxo maritimo associado a alta pressao do Atlantico Sul, caracterizando o dominio da Massa Tropical Atlantica (mTa) no litoral leste.;Outono;;;;;;;;;;;;;;;;;
2023-05-26 00:00:00;Centro;mPa;A região encontra-se na retaguarda de um sistema frontal, caracterizada pelo ingresso de ar frio e seco, confirmando a predominância da mPa sobre o setor centro-sudeste.;Outono;;;;;;;;;;;;;;;;;
2023-05-26 00:00:00;Sul;mPa;A região sob o retângulo vermelho encontra-se sob influência de massa de ar frio e seco, caracterizando o pós-frontal do sistema que avança sobre o Sul e Sudeste do Brasil.;Outono;;;;;;;;;;;;;;;;;
2023-05-27 00:00:00;Norte;mEc;Regiao central do Norte sob influencia da massa de ar quente e umida de origem equatorial continental, caracteristica da bacia amazonica e sem interferencia de sistemas frontais.;Outono;;;;;;;;;;;;;;;;;
2023-05-27 00:00:00;Nordeste;mTa;Predominância de escoamento marítimo quente e úmido vindo do Atlântico, influenciando o Nordeste sob a estabilidade do campo de pressão regional.;Outono;;;;;;;;;;;;;;;;;
2023-05-27 00:00:00;Litoral;mTa;Regiao sob incidencia de fluxo zonal maritimo e umidade tropical com temperaturas elevadas, caracterizando o dominio da Massa Tropical Atlantica no litoral leste brasileiro.;Outono;;;;;;;;;;;;;;;;;
2023-05-27 00:00:00;Centro;mPa;A regiao delimitada esta sob a influencia do avanco de uma configuracao pos-frontal, apresentando adveccao de ar mais frio e seco caracteristica da massa polar atlantica.;Outono;;;;;;;;;;;;;;;;;
2023-05-27 00:00:00;Sul;mPa;A região encontra-se submetida ao fluxo pós-frontal impulsionado por um sistema de alta pressão extratropical, caracterizando o domínio da massa de ar polar avançada.;Outono;;;;;;;;;;;;;;;;;
2023-05-28 00:00:00;Norte;mEc;Região sob influência direta da Massa Equatorial Continental, caracterizada por baixas pressões e ar quente e úmido, predominante sobre a bacia amazônica.;Outono;;;;;;;;;;;;;;;;;
2023-05-28 00:00:00;Nordeste;mTa;Regiao sob predominio de escoamento maritimo associado ao Anticiclone Subtropical, transportando umidade e calor para a costa e interior do Nordeste.;Outono;;;;;;;;;;;;;;;;;
2023-05-28 00:00:00;Litoral;mTa;Região litorânea sob influência direta do fluxo marítimo da alta pressão subtropical, caracterizando o predomínio de ar quente e úmido de origem tropical atlântica.;Outono;;;;;;;;;;;;;;;;;
2023-05-28 00:00:00;Centro;mPa;A região encontra-se submetida ao fluxo de sul/sudeste após a passagem de uma frente fria, caracterizando o avanço de uma massa de ar frio e úmido (mPa) sobre o setor.;Outono;;;;;;;;;;;;;;;;;
2023-05-28 00:00:00;Sul;mPa;Região sob influência direta de massa de ar pós-frontal, caracterizada por temperaturas reduzidas e ventos do quadrante sul, evidenciando a incursão da mPa.;Outono;;;;;;;;;;;;;;;;;
2023-05-29 00:00:00;Norte;mEc;A regiao delimitada esta sob influencia da massa de ar oriunda da Amazonia, com caracteristicas quentes e umidas, mantendo estabilidade termica na bacia amazonica.;Outono;;;;;;;;;;;;;;;;;
2023-05-29 00:00:00;Nordeste;mTa;Predominância de fluxo marítimo de sudeste/leste sobre o litoral e porção interior do Nordeste, característico da atuação da massa de ar Tropical Atlântica na região.;Outono;;;;;;;;;;;;;;;;;
2023-05-29 00:00:00;Litoral;mTa;Prevalece a mTa sobre o litoral delimitado, caracterizada pela circulação marítima quente e úmida sob influência da alta pressão no Atlântico Sul.;Outono;;;;;;;;;;;;;;;;;
2023-05-29 00:00:00;Centro;mPa;Região sob influência direta do avanço de massa polar, evidenciado pela presença de frente fria ao sul/sudeste e queda acentuada das temperaturas e pressões no setor delimitado.;Outono;;;;;;;;;;;;;;;;;
2023-05-29 00:00:00;Sul;mPa;A região delimitada encontra-se sob influência de massa de ar frio e seco, caracterizada por temperaturas baixas e estabilidade, posicionada na retaguarda de sistema frontal.;Outono;;;;;;;;;;;;;;;;;
2023-05-30 00:00:00;Norte;mEc;A região delimitada encontra-se sobre a bacia amazônica, livre da influência de sistemas frontais, sendo caracterizada pela dominância da Massa Equatorial Continental (mEc).;Outono;;;;;;;;;;;;;;;;;
2023-05-30 00:00:00;Nordeste;mTa;A região apresenta o predomínio da circulação do escoamento de leste-sudeste, característico da atuação da massa Tropical Atlântica sobre o setor leste do Nordeste brasileiro.;Outono;;;;;;;;;;;;;;;;;
2023-05-30 00:00:00;Litoral;mTa;Região sob influência da circulação da ASAS, favorecendo o transporte de umidade e calor do oceano para o litoral, caracterizando o domínio da massa tropical atlântica.;Outono;;;;;;;;;;;;;;;;;
2023-05-30 00:00:00;Centro;mPa;A região delimitada localiza-se a retaguarda do sistema frontal, sob a influência direta do escoamento pós-frontal, conferindo o predomínio da massa de ar polar atlântica.;Outono;;;;;;;;;;;;;;;;;
2023-05-30 00:00:00;Sul;mPa;A região delimitada encontra-se sob efeito direto de uma massa de ar frio e úmido após a passagem de sistema frontal, caracterizando a atuação da mPa no setor.;Outono;;;;;;;;;;;;;;;;;
2023-05-31 00:00:00;Norte;mEc;A região delimitada abrange a bacia amazônica e áreas continentais adjacentes, onde predomina a massa tropical continental de origem equatorial, caracterizada por ser quente e úmid;Outono;;;;;;;;;;;;;;;;;
2023-05-31 00:00:00;Nordeste;mTa;Predominância de fluxo marítimo sob influência do anticiclone subtropical do Atlântico Sul, caracterizando uma massa de ar quente e úmida sobre a região nordestina.;Outono;;;;;;;;;;;;;;;;;
2023-05-31 00:00:00;Litoral;mTa;A região delimitada está sob influência da circulação marítima da alta pressão do Atlântico, configurando o predomínio da massa Tropical Atlântica (mTa), quente e úmida.;Outono;;;;;;;;;;;;;;;;;
2023-05-31 00:00:00;Centro;mPa;A região demarcada apresenta temperaturas amenas e fluxo de sul/sudeste, indicando o avanço de ar polar atrás da frente fria que atua no oceano e oceano adjacente ao litoral.;Outono;;;;;;;;;;;;;;;;;
2023-05-31 00:00:00;Sul;mPa;A região apresenta temperaturas baixas e umidade reduzida, características típicas da post-frontal após a passagem de sistema frontal sobre o Sul/Sudeste/Centro-Oeste.;Outono;;;;;;;;;;;;;;;;;
2023-06-01 00:00:00;Norte;mEc;A região delimitada abrange a bacia amazônica e áreas internas do continente, onde a massa de ar quente e úmida de origem continental predomina sem influência de sistemas extratrop;Outono;;;;;;;;;;;;;;;;;
2023-06-01 00:00:00;Nordeste;mTa;Predominância da massa Tropical Atlântica, caracterizada pelo fluxo de leste que transporta umidade oceânica para o setor costeiro e interior da região Nordeste no presente momento;Outono;;;;;;;;;;;;;;;;;
2023-06-01 00:00:00;Litoral;mTa;A região delimitada encontra-se sob influência da circulação da alta pressão subtropicall, caracterizando o domínio da massa Tropical Atlântica, quente e úmida.;Outono;;;;;;;;;;;;;;;;;
2023-06-01 00:00:00;Centro;mPa;A regiao encontra-se sob sobressalto em relacao a uma frente fria que avanca, caracterizando a presenca e influencia imediata da massa de ar proveniente do setor polar.;Outono;;;;;;;;;;;;;;;;;
2023-06-01 00:00:00;Sul;mPa;A região apresenta temperaturas reduzidas e ventos de sul/sudeste, condizentes com o avanço e permanência da massa de ar polar após a passagem de um sistema frontal.;Outono;;;;;;;;;;;;;;;;;
2023-06-02 00:00:00;Norte;mEc;A regiao delimitada sobre a Amazonia apresenta caracteristicas de baixa pressao termica e alta umidade, confirmando a predominancia da Massa Equatorial Continental (mEc).;Outono;;;;;;;;;;;;;;;;;
2023-06-02 00:00:00;Nordeste;mTa;Predominância de escoamento marítimo quente e úmido sobre o setor, característico do transporte de ar tropical do Atlântico para a costa leste brasileira.;Outono;;;;;;;;;;;;;;;;;
2023-06-02 00:00:00;Litoral;mTa;Predominio da Massa Tropical Atlantica no setor, caracterizada por escoamento de leste/sudeste sob influencia do gradiente de pressao oceanico, mantendo condicoes quentes e umidas.;Outono;;;;;;;;;;;;;;;;;
2023-06-02 00:00:00;Centro;mPa;Região sob influência de ar frio e seco após a passagem de sistema frontal, caracterizado pelo avanço da massa polar sobre o Centro-Oeste brasileiro, resultando em declínio térmico;Outono;;;;;;;;;;;;;;;;;
2023-06-02 00:00:00;Sul;mPa;A região apresenta o avanço de uma massa de ar frio e seco, caracterizada por temperaturas mais baixas e declínio dos valores térmicos na retaguarda de um sistema frontal.;Outono;;;;;;;;;;;;;;;;;
2023-06-03 00:00:00;Norte;mEc;A região demarcada encontra-se sobre a bacia Amazônica, onde a Massa Equatorial Continental (mEc) prevalece com características de alta temperatura e umidade, sem influência de fre;Outono;;;;;;;;;;;;;;;;;
2023-06-03 00:00:00;Nordeste;mTa;A região do Nordeste delimitada encontra-se sob influência do escoamento marítimo de leste, característico da massa tropical atlântica, favorecendo o transporte de umidade do ocean;Outono;;;;;;;;;;;;;;;;;
2023-06-03 00:00:00;Litoral;mTa;A região delimitada está sob o domínio do fluxo marítimo persistente na periferia da ASAS, caracterizado por temperaturas elevadas e umidade oriunda do oceano, configurando a mTa.;Outono;;;;;;;;;;;;;;;;;
2023-06-03 00:00:00;Centro;mPa;A região delimitada encontra-se sob a influência direta da massa de ar polar que avança pelo interior do continente, posicionada na retaguarda da frente fria observada.;Outono;;;;;;;;;;;;;;;;;
2023-06-03 00:00:00;Sul;mPa;Observa-se o avanço de uma frente fria e o fluxo de ar polar no setor retangular, caracterizando a predominância e o ingresso de ar frio e úmido após a passagem do sistema frontal.;Outono;;;;;;;;;;;;;;;;;
2023-06-04 00:00:00;Norte;mEc;A região amazônica, delimitada pelo retângulo, apresenta as características de calor e umidade típicas da massa Equatorial Continental, sem influência de sistemas frontais.;Outono;;;;;;;;;;;;;;;;;
2023-06-04 00:00:00;Nordeste;mTa;A região do Nordeste delimitada encontra-se sob influência predominante do escoamento marítimo associado à alta do Atlântico sul, caracterizando o domínio da massa Tropical Atlânti;Outono;;;;;;;;;;;;;;;;;
2023-06-04 00:00:00;Litoral;mTa;A região delimitada no setor leste do Brasil encontra-se sob influência do escoamento marítimo quente e úmido estabelecido pela circulação do Anticiclone Tropical do Atlântico Sul.;Outono;;;;;;;;;;;;;;;;;
2023-06-04 00:00:00;Centro;mPa;A região encontra-se submetida ao fluxo pós-frontal impulsionado pela ASAS, com registro de temperaturas amenas e predominância da massa de ar polar (mPa) em deslocamento.;Outono;;;;;;;;;;;;;;;;;
2023-06-04 00:00:00;Sul;mPa;A regiao do retangulo esta sob influencia direta da mPa, caracterizada por temperaturas mais baixas e declinio de pressao, posicionada na retaguarda do sistema frontal que avanca.;Outono;;;;;;;;;;;;;;;;;
2023-06-05 00:00:00;Norte;mEc;Região situada na Bacia Amazônica, apresentando características termodinâmicas de ar quente e úmido, típicas da massa Equatorial Continental sob regime de subsidência local.;Outono;;;;;;;;;;;;;;;;;
2023-06-05 00:00:00;Nordeste;mTa;Região sob influência direta do fluxo de leste da alta pressão subtropical do Atlântico Sul, caracterizando o predomínio de ar quente e úmido de origem marítima (mTa) sobre o Norde;Outono;;;;;;;;;;;;;;;;;
2023-06-05 00:00:00;Litoral;mTa;A região delimitada está sob a influência direta do escoamento marítimo associado à alta pressão do Atlântico, caracterizando o predomínio da Massa Tropical Atlântica (mTa).;Outono;;;;;;;;;;;;;;;;;
2023-06-05 00:00:00;Centro;mPa;A regiao delimitada encontra-se sob a influencia direta do avanco de um sistema frontal, caracterizado pela adveccao de ar polar frio e valores termicos reduzidos.;Outono;;;;;;;;;;;;;;;;;
2023-06-05 00:00:00;Sul;mPa;A região apresenta o avanço nítido de uma massa de ar frio e seco sobre o Sul do Brasil, caracterizado pelos valores reduzidos de temperatura e umidade após a passagem da frente.;Outono;;;;;;;;;;;;;;;;;
2023-06-06 00:00:00;Norte;mEc;Região localizada sobre a bacia amazônica, caracterizada por baixas latitudes, ausência de influência de sistemas frontais e presença de umidade e calor predominantes.;Outono;;;;;;;;;;;;;;;;;
2023-06-06 00:00:00;Nordeste;mTa;A região encontra-se sob influência direta do escoamento marítimo de leste, característico da massa tropical atlântica que adentra o litoral e interior do setor nordeste.;Outono;;;;;;;;;;;;;;;;;
2023-06-06 00:00:00;Litoral;mTa;A região delimitada situa-se sob o domínio do escoamento marítimo associado ao Anticiclone Subtropical do Atlântico Sul, caracterizando a predominância da Massa Tropical Atlântica.;Outono;;;;;;;;;;;;;;;;;
2023-06-06 00:00:00;Centro;mPa;A regiao delimitada encontra-se sob a influência direta do avanço da massa de ar polar, evidenciada pela queda nas temperaturas e valores expressos nas estações da área.;Outono;;;;;;;;;;;;;;;;;
2023-06-06 00:00:00;Sul;mPa;A região do retângulo encontra-se a retaguarda de uma frente fria, caracterizando o avanço e o domínio da mPa (Massa Polar Atlântica) com queda de gradiente térmico.;Outono;;;;;;;;;;;;;;;;;
2023-06-07 00:00:00;Norte;mEc;Região central da Bacia Amazônica sob domínio característico de baixas pressões térmicas, mantendo o transporte de umidade e calor da Massa Equatorial Continental sem influência fr;Outono;;;;;;;;;;;;;;;;;
2023-06-07 00:00:00;Nordeste;mTa;Predominância da Massa Tropical Atlântica, caracterizada pelo escoamento de leste/sudeste associado ao transporte de umidade do oceano para o continente na região nordestina.;Outono;;;;;;;;;;;;;;;;;
2023-06-07 00:00:00;Litoral;mTa;A regiao delimitada esta sob influencia direta do escoamento zonal da alta pressao do Atlantico Sul, caracterizando a predominancia da massa de ar Tropical Atlantica (mTa).;Outono;;;;;;;;;;;;;;;;;
2023-06-07 00:00:00;Centro;mPa;A região encontra-se submetida ao fluxo pós-frontal posterior à passagem de uma frente fria, caracterizando o avanço de uma massa de ar frio e seco sobre o centro-sul do país.;Outono;;;;;;;;;;;;;;;;;
2023-06-07 00:00:00;Sul;mPa;A região delimitada encontra-se sob influência do avanço da Massa Polar Atlântica (mPa), evidenciada pelas baixas temperaturas e umidade no setor pós-frontal.;Outono;;;;;;;;;;;;;;;;;
2023-06-08 00:00:00;Norte;mEc;A região delimitada abrange a bacia amazônica, onde predomina a Massa Equatorial Continental, caracterizada por alta umidade e temperaturas elevadas, sem influência polar.;Outono;;;;;;;;;;;;;;;;;
2023-06-08 00:00:00;Nordeste;mTa;Predominância da Massa Tropical Atlântica, caracterizada pelo escoamento de leste/sudeste associado ao anticiclone subtropical, mantendo o tempo quente e úmido no setor nordestino.;Outono;;;;;;;;;;;;;;;;;
2023-06-08 00:00:00;Litoral;mTa;Regiao sob influencia direta do escoamento zonal e meridional associado ao anticiclone subtropical, caracterizada por caracteristicas quentes e umidas tipicas da massa tropical atl;Outono;;;;;;;;;;;;;;;;;
2023-06-08 00:00:00;Centro;mPa;A região apresenta o avanço nítido de uma massa de ar frio, vinda do sul, caracterizada por temperaturas mais baixas e declínio acentuado após a passagem do sistema frontal (frente;Outono;;;;;;;;;;;;;;;;;
2023-06-08 00:00:00;Sul;mPa;Região sob influência direta de um anticiclone pós-frontal, com gradiente térmico característico do avanço da massa polar a retaguarda da frente fria no setor Sul.;Outono;;;;;;;;;;;;;;;;;
2023-06-09 00:00:00;Norte;mEc;A região demarcada encontra-se sobre a bacia Amazônica, onde as elevadas temperaturas e umidade característica confirmam a dominância da Massa Equatorial Continental.;Outono;;;;;;;;;;;;;;;;;
2023-06-09 00:00:00;Nordeste;mTa;A região encontra-se sob influência do fluxo marítimo proveniente do oceano, caracterizando o domínio da massa Tropical Atlântica com ventos que transportam umidade para o continen;Outono;;;;;;;;;;;;;;;;;
2023-06-09 00:00:00;Litoral;mTa;Região sob influência direta do escoamento marítimo de leste/sudeste associado ao gradiente de pressão periférico da ASAS, caracterizando o domínio da massa Tropical Atlântica.;Outono;;;;;;;;;;;;;;;;;
2023-06-09 00:00:00;Centro;mPa;Região sob a influência direta do avanço de uma massa de ar frio e seco (mPa), evidenciada pelo posicionamento da frente fria ao norte e temperaturas reduzidas na área.;Outono;;;;;;;;;;;;;;;;;
2023-06-09 00:00:00;Sul;mPa;A região delimitada encontra-se sob efeito direto de uma massa de ar frio e úmido após a passagem de uma frente fria, caracterizada pelos valores térmicos reduzidos e vento sul.;Outono;;;;;;;;;;;;;;;;;
2023-06-10 00:00:00;Norte;mEc;A regiao delimitada esta inteiramente sobre a bacia Amazonica, caracterizada pelo dominio de ar quente e umido, sem a presenca de frentes frias, definindo a mEc.;Outono;;;;;;;;;;;;;;;;;
2023-06-10 00:00:00;Nordeste;mTa;O setor delimitado encontra-se sob domínio da circulação periférica da Alta Subtropical do Atlântico Sul, caracterizando o fluxo de mTa sobre a região.;Outono;;;;;;;;;;;;;;;;;
2023-06-10 00:00:00;Litoral;mTa;Regiao sob influencia do fluxo maritimo do quadrante leste, caracteristico da massa tropical atlantica, mantendo condicoes de estabilidade e umidade no setor costeiro indicado.;Outono;;;;;;;;;;;;;;;;;
2023-06-10 00:00:00;Centro;mPa;Regiao sob incidencia de subsidencia e adveccao fria, localizada imediatamente apos a passagem de um sistema frontal, caracterizando o avanco da massa de ar polar.;Outono;;;;;;;;;;;;;;;;;
2023-06-10 00:00:00;Sul;mPa;A região apresenta características de decréscimo térmico e estabilidade pós-frontal, estando sob o ingresso e predomínio de ar frio e seco de origem polar (mPa).;Outono;;;;;;;;;;;;;;;;;
2023-06-11 00:00:00;Norte;mEc;Regiao central da Amazonia sem influencias frontais, apresentando caracteristicas termodinamicas tipicas de ar quente e umido continental.;Outono;;;;;;;;;;;;;;;;;
2023-06-11 00:00:00;Nordeste;mTa;A região encontra-se sob influência do fluxo de sudeste estabelecido pelo sistema de alta pressão oceânico, caracterizando a predominância da Massa Tropical Atlântica (mTa).;Outono;;;;;;;;;;;;;;;;;
2023-06-11 00:00:00;Litoral;mTa;A região delimitada está sob a influência do escoamento marítimo vindo do Atlântico Sul, caracterizando a permanência da Massa Tropical Atlântica com características quentes e úmid;Outono;;;;;;;;;;;;;;;;;
2023-06-11 00:00:00;Centro;mPa;A região encontra-se sob influência imediata da retaguarda de um sistema frontal, caracterizada por temperaturas amenas e avanço de ar de origem polar sobre o Centro-Oeste.;Outono;;;;;;;;;;;;;;;;;
2023-06-11 00:00:00;Sul;mPa;A região apresenta características típicas de pós-frontal, com advecção de ar frio e declínio das temperaturas, confirmando o predomínio da massa polar atlântica sobre o setor.;Outono;;;;;;;;;;;;;;;;;
2023-06-12 00:00:00;Norte;mEc;A região amazônica, delimitada na análise, apresenta características térmicas e de umidade típicas da massa Equatorial Continental, sem influência direta de sistemas frontais.;Outono;;;;;;;;;;;;;;;;;
2023-06-12 00:00:00;Nordeste;mTa;A região do Nordeste delimitada encontra-se sob influência do escoamento marítimo de leste, característico da atuação da Massa Tropical Atlântica com umidade e temperaturas elevada;Outono;;;;;;;;;;;;;;;;;
2023-06-12 00:00:00;Litoral;mTa;A regiao delimitada esta sob influencia direta do fluxo zonal do Atlantico Sul, caracterizado pelo transporte de umidade e calor da massa tropical maritima para o litoral leste.;Outono;;;;;;;;;;;;;;;;;
2023-06-12 00:00:00;Centro;mPa;A região destacada apresenta o ingresso de gradientes de pressão e queda de temperatura pós-frontal, caracterizando o domínio da massa de ar polar (mPa) avançando pelo interior.;Outono;;;;;;;;;;;;;;;;;
2023-06-12 00:00:00;Sul;mPa;A região delimitada situa-se na retaguarda da frente fria, caracterizada classicamente pelo ingresso e predominância da massa de ar polar, evidenciada pelas baixas temperaturas reg;Outono;;;;;;;;;;;;;;;;;
2023-06-13 00:00:00;Norte;mEc;Regiao sobre a bacia Amazonica apresentando caracteristicas de estabilidade termodinamica, isolada de sistemas frontais, sob dominio da massa equatorial continental.;Outono;;;;;;;;;;;;;;;;;
2023-06-13 00:00:00;Nordeste;mTa;A região delimitada está sob forte influência do escoamento marítimo de leste, característico da circulação da ASAS, transportando umidade e temperaturas tropicais para o interior.;Outono;;;;;;;;;;;;;;;;;
2023-06-13 00:00:00;Litoral;mTa;A regiao delimitada esta sob influencia da circulacao de um centro de alta pressao no Oceano Atlantico, caracterizando a predominancia da Massa Tropical Atlantica (mTa) no setor.;Outono;;;;;;;;;;;;;;;;;
2023-06-13 00:00:00;Centro;mPa;A região delimitada encontra-se sob a influência direta do avanço de uma frente fria, caracterizando o predomínio de ar frio e úmido atrás do sistema frontal (mPa).;Outono;;;;;;;;;;;;;;;;;
2023-06-13 00:00:00;Sul;mPa;A região delimitada encontra-se na retaguarda de um sistema frontal, sob a influência direta do avanço de ar frio e seco, caracterizando o predomínio da massa polar atlântica.;Outono;;;;;;;;;;;;;;;;;
2023-06-14 00:00:00;Norte;mEc;A região sob o retângulo vermelho na Bacia Amazônica apresenta características típicas de massa quente e úmida, mantendo-se como a massa predominante em seu centro de origem.;Outono;;;;;;;;;;;;;;;;;
2023-06-14 00:00:00;Nordeste;mTa;Predominancia da Massa Tropical Atlantica devido ao fluxo zonal de leste consolidado no litoral e interior do Nordeste, mantendo caracteristicas quentes e umidas na regiao.;Outono;;;;;;;;;;;;;;;;;
2023-06-14 00:00:00;Litoral;mTa;A região delimitada sob influência do escoamento marítimo de leste/sudeste, característico do transporte de umidade da massa Tropical Atlântica na costa equatorial e leste.;Outono;;;;;;;;;;;;;;;;;
2023-06-14 00:00:00;Centro;mPa;A região encontra-se no setor pós-frontal, com o avanço da massa de ar polar (mPa) sobre o Centro-Oeste e Sudeste, caracterizada por quedas de temperatura e umidade relativa.;Outono;;;;;;;;;;;;;;;;;
2023-06-14 00:00:00;Sul;mPa;Dados meteorológicos indicam baixas temperaturas e umidade no setor, situando-se a retaguarda de frente fria, caracterizando o ingresso e domínio da massa de ar polar.;Outono;;;;;;;;;;;;;;;;;
2023-06-15 00:00:00;Norte;mEc;A região delimitada abrange a bacia amazônica e áreas continentais adjacentes, onde predomina uma massa de ar quente e úmida de origem continental, sem influência de sistemas polar;Outono;;;;;;;;;;;;;;;;;
2023-06-15 00:00:00;Nordeste;mTa;A região delimitada está sob a influência do fluxo marítimo dos ventos alísios condicionados pela circulação da alta subtropical do Atlântico Sul, caracterizando o predomínio da mT;Outono;;;;;;;;;;;;;;;;;
2023-06-15 00:00:00;Litoral;mPa;A área delimitada encontra-se atrás de um sistema frontal que avança pelo litoral, caracterizando o ingresso e a predominância da Massa Polar Atlântica sobre o setor.;Outono;;;;;;;;;;;;;;;;;
2023-06-15 00:00:00;Centro;mPa;A região destacada encontra-se sob a influência direta do avanço de ar frio e seco na retaguarda da frente fria, caracterizando o domínio da massa de ar polar sobre o setor.;Outono;;;;;;;;;;;;;;;;;
2023-06-15 00:00:00;Sul;mPa;A região delimitada encontra-se na retaguarda de um sistema frontal, sob a influência direta do avanço de ar frio e seco característico da Massa Polar Atlântica.;Outono;;;;;;;;;;;;;;;;;
2023-06-16 00:00:00;Norte;mEc;Região localizada sobre a bacia amazônica, caracterizada por altas temperaturas e elevada umidade, sob domínio da massa tropical continental úmida.;Outono;;;;;;;;;;;;;;;;;
2023-06-16 00:00:00;Nordeste;mTa;A região encontra-se sob influência direta do escoamento marítimo de leste/sudeste associado ao anticiclone do Atlântico Sul, caracterizando a predominância da massa Tropical Atlân;Outono;;;;;;;;;;;;;;;;;
2023-06-16 00:00:00;Litoral;mTa;A região delimitada encontra-se sob influência da circulação anticiclônica do Atlântico Sul, caracterizando a predominância da massa de ar Tropical Atlântica (mTa).;Outono;;;;;;;;;;;;;;;;;
2023-06-16 00:00:00;Centro;mPa;A região encontra-se submetida ao fluxo de subsidência e retaguarda de frente fria, caracterizando o avanço de uma massa de ar frio e seco sobre o centro do país.;Outono;;;;;;;;;;;;;;;;;
2023-06-16 00:00:00;Sul;mPa;A região delimitada está sob forte influência da Massa Polar Atlântica, evidenciada pelas baixas temperaturas e pelo escoamento pós-frontal que atua sobre o Sul e Sudeste brasileir;Outono;;;;;;;;;;;;;;;;;
2023-06-17 00:00:00;Norte;mEc;Região situada na bacia amazônica, caracterizada por altas temperaturas e elevada umidade, sob domínio da massa Equatorial Continental, típica da estação e localização geográfica.;Outono;;;;;;;;;;;;;;;;;
2023-06-17 00:00:00;Nordeste;mTa;Região sob influência direta do fluxo de leste da alta pressão oceânica, caracterizando a permanência da Massa Tropical Atlântica com características quentes e úmidas.;Outono;;;;;;;;;;;;;;;;;
2023-06-17 00:00:00;Litoral;mTa;A região delimitada encontra-se sob influência do escoamento marítimo oriundo do oceano, caracterizando o domínio da massa tropical atlântica ao longo do setor leste nordestino.;Outono;;;;;;;;;;;;;;;;;
2023-06-17 00:00:00;Centro;mPa;A região delimitada encontra-se na retaguarda de uma frente fria, sob influência de advecção de ar frio e seco, característica do avanço da Massa Polar Atlântica pelo Centro-Oeste.;Outono;;;;;;;;;;;;;;;;;
2023-06-17 00:00:00;Sul;mPa;A região delimitada encontra-se sob a influência direta do fluxo de ar frio e úmido deslocado pelo avanço de uma frente fria, caracterizando o predomínio da massa polar atlântica.;Outono;;;;;;;;;;;;;;;;;
2023-06-18 00:00:00;Norte;mEc;Região central da Bacia Amazônica sob influência da massa de ar quente e úmida de origem continental, sem a presença de sistemas frontais atuando diretamente sobre o setor.;Outono;;;;;;;;;;;;;;;;;
2023-06-18 00:00:00;Nordeste;mTa;Predominio de ar quente e umido proveniente do Oceano Atlantico sob influencia da circulacao periferica da ASAS, estabelecendo fluxo de leste sobre o Nordeste brasileiro.;Outono;;;;;;;;;;;;;;;;;
2023-06-18 00:00:00;Litoral;mTa;A regiao delimitada encontra-se sob a influencia direta do fluxo marítimo de sudeste, caracterizado pela estabilidade térmica e umidade típica da Massa Tropical Atlântica.;Outono;;;;;;;;;;;;;;;;;
2023-06-18 00:00:00;Centro;mPa;A região apresenta o avanço de uma massa de ar polar, evidenciado pelas temperaturas mais baixas e declínio dos termômetros característicos da pós-frente fria sobre o Sudeste/Centr;Outono;;;;;;;;;;;;;;;;;
2023-06-18 00:00:00;Sul;mPa;A regiao delimitada esta sob influencia de adveccao de ar frio e umido, posicionada apos a passagem de uma frente fria, caracterizando o avanco da massa de ar polar.;Outono;;;;;;;;;;;;;;;;;
2023-06-19 00:00:00;Norte;mEc;A região delimitada abrange a bacia amazônica e adjacências, sob domínio característico da Massa Equatorial Continental, mantendo condições quentes e úmidas na ausência de sistemas;Outono;;;;;;;;;;;;;;;;;
2023-06-19 00:00:00;Nordeste;mTa;A região encontra-se sob influência do fluxo de leste da circulação marítima, com características de ar quente e úmido transportado do Atlântico para o interior do Nordeste.;Outono;;;;;;;;;;;;;;;;;
2023-06-19 00:00:00;Litoral;mTa;Região sob influência direta do escoamento marítimo de leste/sudeste associado ao gradiente de pressão da circulação subtropical, caracterizando o domínio da massa Tropical Atlânti;Outono;;;;;;;;;;;;;;;;;
2023-06-19 00:00:00;Centro;mPa;A região apresenta o avanço de uma massa de ar frio e seco (mPa) após a passagem de uma frente fria, caracterizada pela queda nas temperaturas e estabilidade atmosférica no setor.;Outono;;;;;;;;;;;;;;;;;
2023-06-19 00:00:00;Sul;mPa;A região delimitada, situada sobre o Sul/Sudeste, apresenta temperaturas estáveis e baixos teores de umidade, características típicas da subsidência e avanço de uma mPa sobre o set;Outono;;;;;;;;;;;;;;;;;
2023-06-20 00:00:00;Norte;mEc;A região delimitada abrange a bacia amazônica, onde a Massa Equatorial Continental prevalece sem a influência direta de sistemas frontais, mantendo características quentes e úmidas;Outono;;;;;;;;;;;;;;;;;
2023-06-20 00:00:00;Nordeste;mTa;A região do Nordeste encontra-se sob domínio direto do fluxo de leste da alta pressão subtropical do Atlântico Sul, caracterizando a predominância da massa Tropical Atlântica (mTa);Outono;;;;;;;;;;;;;;;;;
2023-06-20 00:00:00;Litoral;mTa;A área delimitada encontra-se sob domínio do escoamento marítimo oriundo do anticiclone do Atlântico Sul, caracterizando a atuação nítida da Massa Tropical Atlântica.;Outono;;;;;;;;;;;;;;;;;
2023-06-20 00:00:00;Centro;mPa;A regiao delimitada encontra-se sob efeito de adveccao de ar frio e seco, pos-passagem de sistema frontal, caracterizando a atuacao da massa polar atlantica no interiorizada.;Outono;;;;;;;;;;;;;;;;;
2023-06-20 00:00:00;Sul;mPa;A região delimitada encontra-se na retaguarda de um sistema frontal, caracterizando o ingresso e domínio de uma massa de ar frio e seco (mPa) sobre o setor.;Outono;;;;;;;;;;;;;;;;;
2023-06-21 00:00:00;Norte;mEc;Região central da Amazônia sob influência de baixas pressões térmicas, característica de massas quentes e úmidas de origem equatorial continental estáveis sobre a bacia.;Inverno;;;;;;;;;;;;;;;;;
2023-06-21 00:00:00;Nordeste;mTa;A região sob análise está sob o domínio do escoamento de leste e sudeste proveniente do Anticiclone subtropical, caracterizando a atuação predominante da massa Tropical Atlântica.;Inverno;;;;;;;;;;;;;;;;;
2023-06-21 00:00:00;Litoral;mTa;A área demarcada encontra-se sob domínio do fluxo marítimo de sudeste, característico da circulação da alta pressão do Atlântico, que impulsiona a massa tropical atlântica.;Inverno;;;;;;;;;;;;;;;;;
2023-06-21 00:00:00;Centro;mPa;Região sob influência de ar frio e seco após a passagem de sistema frontal, evidenciada pelos baixos valores de ponto de orvalho e temperaturas reduzidas em superfície.;Inverno;;;;;;;;;;;;;;;;;
2023-06-21 00:00:00;Sul;mPa;Posicionamento pós-frontal sobre a região Sul, evidenciado pelos baixos valores de temperatura e ponto de orvalho, indicando o domínio de ar frio e seco de origem polar.;Inverno;;;;;;;;;;;;;;;;;
2023-06-22 00:00:00;Norte;mEc;Regiao central e norte da Amazonia sob influencia da massa de ar quente e umida caracteristica da regiao equatorial continental, sem presenca de sistemas frontais.;Inverno;;;;;;;;;;;;;;;;;
2023-06-22 00:00:00;Nordeste;mTa;Regiao sob clara influencia do escoamento zonal oriundo do Oceano Atlantico Sul, caracterizando a predominancia da massa Tropical Atlantica com umidade elevada no setor costeiro e ;Inverno;;;;;;;;;;;;;;;;;
2023-06-22 00:00:00;Litoral;mTa;Area sob influencia do fluxo zonal leste/sudeste associado ao escoamento da alta pressão subtropical, mantendo temperaturas elevadas e umidade sobre o litoral nordestino.;Inverno;;;;;;;;;;;;;;;;;
2023-06-22 00:00:00;Centro;mPa;A região apresenta o avanço e a persistência de uma massa de ar frio e seco (mPa) após a passagem de sistema frontal, evidenciado pelas temperaturas mais baixas no setor.;Inverno;;;;;;;;;;;;;;;;;
2023-06-22 00:00:00;Sul;mPa;A região apresenta o avanço de uma massa de ar fria e úmida, caracterizada pelo gradiente térmico e fluxo pós-frontal típico de uma mPa sobre o Sul e Sudeste do Brasil.;Inverno;;;;;;;;;;;;;;;;;
2023-06-23 00:00:00;Norte;mEc;A região demarcada encontra-se sobre a bacia amazônica, caracterizada por altas temperaturas e elevada umidade, sob domínio térmico continental típico da área.;Inverno;;;;;;;;;;;;;;;;;
2023-06-23 00:00:00;Nordeste;mTa;A região delimitada está sob forte influência do escoamento marítimo quente e úmido vindo do Atlântico, caracterizando o predomínio da Massa Tropical Atlântica (mTa) no setor.;Inverno;;;;;;;;;;;;;;;;;
2023-06-23 00:00:00;Litoral;mTa;A região está sob influência direta do fluxo de leste/sudeste proveniente do Atlântico Sul, caracterizando o domínio da massa tropical atlântica ao longo da costa leste do Brasil.;Inverno;;;;;;;;;;;;;;;;;
2023-06-23 00:00:00;Centro;mPa;A região encontra-se sob influência de uma massa de ar frio e seco (mPa), evidenciada pelos valores de temperatura e ponto de orvalho, posicionada na retaguarda de um sistema front;Inverno;;;;;;;;;;;;;;;;;
2023-06-23 00:00:00;Sul;mPa;A região delimitada encontra-se sob influência de um sistema frontal em deslocamento. Observa-se a presença de massa de ar frio e úmido avançando pelo setor.;Inverno;;;;;;;;;;;;;;;;;
2023-06-24 00:00:00;Norte;mEc;A região delimitada abrange a bacia amazônica, onde predomina a Massa Equatorial Continental, caracterizada pela umidade elevada e temperaturas quentes, típica da área continental ;Inverno;;;;;;;;;;;;;;;;;
2023-06-24 00:00:00;Nordeste;mTa;Predominância da Massa Tropical Atlântica sob fluxo de leste/sudeste, garantindo características de estabilidade térmica e umidade ao longo do setor costeiro e interior da região.;Inverno;;;;;;;;;;;;;;;;;
2023-06-24 00:00:00;Litoral;mTa;A regiao delimitada encontra-se sob circulacao de leste/sudeste, com caracteristicas termicas e de umidade tipicas da massa Tropical Atlantica, predominante no setor leste do Brasi;Inverno;;;;;;;;;;;;;;;;;
2023-06-24 00:00:00;Centro;mPa;A região encontra-se no quadrante posterior à passagem de uma frente fria, evidenciada pela advecção de ar frio e mudança no escoamento, caracterizando o predomínio da mPa.;Inverno;;;;;;;;;;;;;;;;;
2023-06-24 00:00:00;Sul;mPa;A regiao delimitada esta sob influencia direta de uma massa de ar frio e seco (mPa), caracterizada pelo escoamento pós-frontal que atua sobre o Sul e parte do Sudeste brasileiro.;Inverno;;;;;;;;;;;;;;;;;
2023-06-25 00:00:00;Norte;mEc;A regiao apresenta predominancia da massa equatorial continental, caracterizada por condicoes de calor e umidade tipicas do interior da Amazonia durante o periodo.;Inverno;;;;;;;;;;;;;;;;;
2023-06-25 00:00:00;Nordeste;mTa;A região delimitada está sob forte influência do fluxo marítimo dos ventos alísios, caracterizando a predominância da massa Tropical Atlântica (mTa) sobre o Nordeste brasileiro.;Inverno;;;;;;;;;;;;;;;;;
2023-06-25 00:00:00;Litoral;mTa;Predominio da subsidencia e influencia do escoamento marítimo de leste/sudeste associado ao transporte de umidade da circulação tropical do Atlântico sobre o litoral nordestino.;Inverno;;;;;;;;;;;;;;;;;
2023-06-25 00:00:00;Centro;mPa;A região apresenta valores de temperatura e ponto de orvalho condizentes com o ingresso de ar frio e seco, característico de um pós-frontal de massa polar atlântica.;Inverno;;;;;;;;;;;;;;;;;
2023-06-25 00:00:00;Sul;mPa;A região encontra-se submetida ao fluxo pós-frontal impulsionado pela alta pressão, caracterizando o ingresso de ar frio e úmido com queda nas temperaturas.;Inverno;;;;;;;;;;;;;;;;;
2023-06-26 00:00:00;Norte;mEc;Região sob influência da Massa Equatorial Continental, caracterizada pela baixa latitude e predomínio de ar quente e úmido no interior do continente amazônico.;Inverno;;;;;;;;;;;;;;;;;
2023-06-26 00:00:00;Nordeste;mTa;Regiao sob influencia direta do escoamento de leste-sudeste proveniente da alta pressao subtropical, caracterizando o dominio da Massa Tropical Atlantica (mTa) sobre o Nordeste.;Inverno;;;;;;;;;;;;;;;;;
2023-06-26 00:00:00;Litoral;mTa;Na regiao em destaque, observa-se o predominio de fluxo de ar quente e umido vindo do oceano, caracteristico da Massa Tropical Atlantica, sob influencia da circulacao de alta press;Inverno;;;;;;;;;;;;;;;;;
2023-06-26 00:00:00;Centro;mTa;A região encontra-se sob influência do fluxo de circulação da ASAS, caracterizando o predomínio de ar quente e úmido transportado do oceano para o continente, típicos da mTa.;Inverno;;;;;;;;;;;;;;;;;
2023-06-26 00:00:00;Sul;mPa;A região sob o retângulo vermelho apresenta temperaturas amenas e fluxo de sul/sudeste, caracterizando a permanência da Massa Polar Atlântica após a passagem de sistema frontal.;Inverno;;;;;;;;;;;;;;;;;
2023-06-27 00:00:00;Norte;mEc;A região delimitada sobre a Amazônia apresenta condições típicas de calor e umidade, sem a influência de sistemas frontais, caracterizando a predominância da Massa Equatorial Conti;Inverno;;;;;;;;;;;;;;;;;
2023-06-27 00:00:00;Nordeste;mTa;Região sob influência direta do fluxo de leste da alta pressão subtropical do Atlântico Sul, caracterizando a predominância de ar quente e úmido de origem marítima.;Inverno;;;;;;;;;;;;;;;;;
2023-06-27 00:00:00;Litoral;mTa;Região sob influência direta da circulação marítima da Alta do Atlântico Sul, caracterizando o transporte de ar quente e úmido para o litoral com predominância da mTa.;Inverno;;;;;;;;;;;;;;;;;
2023-06-27 00:00:00;Centro;mPa;A regiao delimitada encontra-se sob a influencia direta da circulacao de um sistema frontal precedente, apresentando temperaturas reduzidas e subsidencia caracteristica da mPa.;Inverno;;;;;;;;;;;;;;;;;
2023-06-27 00:00:00;Sul;mPa;Região sob influência de um sistema frontal com escoamento de sul, indicando avanço de ar polar com quedas de temperatura e umidade característica na retaguarda da frente.;Inverno;;;;;;;;;;;;;;;;;
2023-06-28 00:00:00;Norte;mEc;Regiao central e norte do continente sob influencia da Massa Equatorial Continental, caracterizada por temperaturas elevadas e alta umidade sobre a bacia amazonica.;Inverno;;;;;;;;;;;;;;;;;
2023-06-28 00:00:00;Nordeste;mTa;Região sob influência direta da circulação marítima da Alta do Atlântico Sul, caracterizando a predominância de ar quente e úmido sobre o setor nordestino.;Inverno;;;;;;;;;;;;;;;;;
2023-06-28 00:00:00;Litoral;mTa;A área delimitada encontra-se sob domínio direto do sistema de alta pressão (ASAS) posicionada no oceano, caracterizando a atuação da massa de ar Tropical Atlântica (mTa).;Inverno;;;;;;;;;;;;;;;;;
2023-06-28 00:00:00;Centro;mPa;Regiao sob influencia de subsidencia e adveccao de ar frio pos-frontal, caracterizada por baixas temperaturas de ponto de orvalho e circulacao anticiclonica no centro do pais.;Inverno;;;;;;;;;;;;;;;;;
2023-06-28 00:00:00;Sul;mPa;A região delimitada encontra-se sob domínio de ar frio e seco, característico da porção pós-frontal após a passagem de sistema que impulsionou baixas temperaturas e ventos do quadr;Inverno;;;;;;;;;;;;;;;;;
2023-06-29 00:00:00;Norte;mEc;Regiao central e norte da Amazonia sob influencia direta da massa de ar quente e umida caracteristica da bacia, sem interferencia de sistemas frontais extratropicais.;Inverno;;;;;;;;;;;;;;;;;
2023-06-29 00:00:00;Nordeste;mTa;A região encontra-se sob influência do escoamento de leste-sudeste, característico da circulação periférica da ASAS, que transporta ar quente e úmido sobre o setor.;Inverno;;;;;;;;;;;;;;;;;
2023-06-29 00:00:00;Litoral;mTa;Regiao sob influencia do fluxo marítimo de sudeste associado ao anticiclone subtropical, caracterizando o transporte de ar quente e umido sobre o litoral do Nordeste.;Inverno;;;;;;;;;;;;;;;;;
2023-06-29 00:00:00;Centro;mPa;A região apresenta o avanço e sobressalência de ar polar após a passagem de sistema frontal, evidenciado pelas condições de declínio térmico e estabilidade no setor analisado.;Inverno;;;;;;;;;;;;;;;;;
2023-06-29 00:00:00;Sul;mPa;A região delimitada encontra-se sob influência de massa de ar frio e seco, avançando pelo setor sul/sudeste após a passagem de sistema frontal, caracterizando a atuação da mPa.;Inverno;;;;;;;;;;;;;;;;;
2023-06-30 00:00:00;Norte;mEc;A regiao delimitada esta sob influencia direta da massa equatorial continental, caracterizada por alta umidade e temperaturas elevadas tipicas da regiao amazonica.;Inverno;;;;;;;;;;;;;;;;;
2023-06-30 00:00:00;Nordeste;mTa;Dominância do escoamento marítimo de leste/sudeste, transportando ar quente e úmido sobre a região sob influência direta da circulação do gradiente de pressão do Atlântico Sul.;Inverno;;;;;;;;;;;;;;;;;
2023-06-30 00:00:00;Litoral;mPa;A região delimitada no litoral sudeste encontra-se atrás da frente fria, sob influência direta do ingresso de ar frio e seco característico da Massa Polar Atlântica.;Inverno;;;;;;;;;;;;;;;;;
2023-06-30 00:00:00;Centro;mPa;A região marcada está sob influência direta de uma massa de ar frio e seco que avança pelo interior do continente, posicionando-se na retaguarda da frente fria identificada.;Inverno;;;;;;;;;;;;;;;;;
2023-06-30 00:00:00;Sul;mPa;A região delimitada encontra-se sob influência direta da incursão de ar polar, evidenciada pela retaguarda da frente fria com registros de temperaturas baixas e umidade característ;Inverno;;;;;;;;;;;;;;;;;
2023-07-01 00:00:00;Norte;mEc;Regiao central da Amazonia brasileira, caracterizada por altas temperaturas e elevada umidade, sob dominio da circulacao continental continental, sem influencia de sistemas frontai;Inverno;;;;;;;;;;;;;;;;;
2023-07-01 00:00:00;Nordeste;mTa;Predominância da massa Tropical Atlântica, característica pelo fluxo zonal de leste que transporta umidade oceânica para o setor costeiro e interior do Nordeste brasileiro.;Inverno;;;;;;;;;;;;;;;;;
2023-07-01 00:00:00;Litoral;mTa;A regiao delimitada esta sob influencia da circulacao de um centro de alta pressao no Atlantico, caracterizando o predomino da massa tropical atlantica, quente e umida.;Inverno;;;;;;;;;;;;;;;;;
2023-07-01 00:00:00;Centro;mPa;A regiao delimitada esta sob influencia de adveccao de ar frio e seco, caracterizando a retaguarda de um sistema frontal com queda acentuada nas temperaturas e pontos de orvalho.;Inverno;;;;;;;;;;;;;;;;;
2023-07-01 00:00:00;Sul;mPa;A região encontra-se submetida ao fluxo de sul/sudeste com temperaturas reduzidas e estabilidade, característico do avanço de uma massa de ar polar após a passagem de um sistema fr;Inverno;;;;;;;;;;;;;;;;;
2023-07-02 00:00:00;Norte;mEc;A regiao apresenta predominio de condicoes quentes e umidas caracteristicas da bacia amazonica, sem interferencia de sistemas frontais ou massas de ar extratropicais.;Inverno;;;;;;;;;;;;;;;;;
2023-07-02 00:00:00;Nordeste;mTa;A região demarcada encontra-se sob influência predominante do fluxo de leste da alta pressão subtropical do Atlântico Sul, caracterizando a atuação da massa Tropical Atlântica.;Inverno;;;;;;;;;;;;;;;;;
2023-07-02 00:00:00;Litoral;mTa;A região delimitada encontra-se sob a influência direta do escoamento marítimo de leste, caracterizado pela estabilidade térmica e umidade da Massa Tropical Atlântica.;Inverno;;;;;;;;;;;;;;;;;
2023-07-02 00:00:00;Centro;mPa;A região encontra-se submetida ao avanço de uma massa de ar frio e seco, claramente identificada logo após a passagem da frente fria observada no setor sul/sudeste.;Inverno;;;;;;;;;;;;;;;;;
2023-07-02 00:00:00;Sul;mPa;A região apresenta o avanço de uma massa de ar pós-frontal, caracterizada por temperaturas amenas e condições de estabilidade típicas da influência da mPa sobre o Sul do Brasil.;Inverno;;;;;;;;;;;;;;;;;
2023-07-03 00:00:00;Norte;mEc;A região destacada sobre a bacia amazônica caracteriza-se pela predominância de ar quente e úmido, típicas propriedades da massa equatorial continental.;Inverno;;;;;;;;;;;;;;;;;
2023-07-03 00:00:00;Nordeste;mTa;Regiao sob fluxo predominante de leste/sudeste associado ao transporte de umidade do oceano para o continente, caracterizando o dominio da Massa Tropical Atlantica.;Inverno;;;;;;;;;;;;;;;;;
2023-07-03 00:00:00;Litoral;mTa;Regiao sob influencia do escoamento zonal e anticiclone do Atlantico Sul, caracterizando a presenca de massa de ar tropical quente e umida no setor costeiro.;Inverno;;;;;;;;;;;;;;;;;
2023-07-03 00:00:00;Centro;mPa;A região delimitada encontra-se sob o avanço de uma massa de ar polar, evidenciada pela retaguarda da frente fria e pelas características de temperaturas mais amenas na área.;Inverno;;;;;;;;;;;;;;;;;
2023-07-03 00:00:00;Sul;mPa;A região delimitada encontra-se sob a influência direta do avanço de uma massa de ar frio, pós-passagem de frente fria na costa, caracterizada por temperaturas reduzidas.;Inverno;;;;;;;;;;;;;;;;;
2023-07-04 00:00:00;Norte;mEc;A região delimitada abrange a bacia amazônica, onde a mEc predomina devido às características termodinâmicas de calor e umidade, sem influência de sistemas extratropicais.;Inverno;;;;;;;;;;;;;;;;;
2023-07-04 00:00:00;Nordeste;mTa;Predominância de fluxo marítimo sob influência do sistema de alta pressão no Atlântico Sul, caracterizando ar quente e úmido sobre o setor costeiro e interior do Nordeste.;Inverno;;;;;;;;;;;;;;;;;
2023-07-04 00:00:00;Litoral;mTa;A região delimitada no litoral leste do Brasil encontra-se sob influência do escoamento marítimo associado à alta pressão subtropical, caracterizando a atuação da massa Tropical At;Inverno;;;;;;;;;;;;;;;;;
2023-07-04 00:00:00;Centro;mTa;A região encontra-se sob influência da circulação marítima da ASAS, que transporta ar quente e úmido do oceano para o continente, caracterizando o predomínio da mTa.;Inverno;;;;;;;;;;;;;;;;;
2023-07-04 00:00:00;Sul;mPa;A região apresenta características típicas de pós-frontal, com temperaturas reduzidas e gradiente de pressão indicativo do avanço de ar polar sobre o Sudeste brasileiro.;Inverno;;;;;;;;;;;;;;;;;
2023-07-05 00:00:00;Norte;mEc;Regiao central e norte da Amazonia, apresentando caracteristicas tipicas de massa quente e umida de fonte continental, sem influencia de sistemas dinamicos frontais ou polares.;Inverno;;;;;;;;;;;;;;;;;
2023-07-05 00:00:00;Nordeste;mTa;A região encontra-se sob influência do fluxo de leste do Atlântico, caracterizando a predominância da Massa Tropical Atlântica, responsável pelas condições de estabilidade e umidad;Inverno;;;;;;;;;;;;;;;;;
2023-07-05 00:00:00;Litoral;mTa;A região encontra-se sob o fluxo do escoamento marítimo oriundo do oceano, caracterizando a predominância da Massa Tropical Atlântica no setor litorâneo.;Inverno;;;;;;;;;;;;;;;;;
2023-07-05 00:00:00;Centro;mPa;A região apresenta o avanço de uma massa de ar pós-frontal, caracterizada por temperaturas mais baixas e declínio térmico, típicos da mPa que adentra o Brasil Central.;Inverno;;;;;;;;;;;;;;;;;
2023-07-05 00:00:00;Sul;mPa;A região delimitada encontra-se sob o fluxo pós-frontal impulsionado pela frente fria, caracterizando o ingresso de ar frio e subjacente à incursão da massa polar atlântica.;Inverno;;;;;;;;;;;;;;;;;
2023-07-06 00:00:00;Norte;mEc;Região central da América do Sul sob domínio de massas de ar quente e úmido originadas na bacia amazônica, caracterizando a atuação predominante da massa Equatorial Continental.;Inverno;;;;;;;;;;;;;;;;;
2023-07-06 00:00:00;Nordeste;mTa;Região sob influência direta do fluxo marítimo da alta subtropical, caracterizando a atuação da massa tropical atlântica com características quentes e úmidas sobre o setor.;Inverno;;;;;;;;;;;;;;;;;
2023-07-06 00:00:00;Litoral;mEa;A região delimitada no setor litorâneo do Nordeste apresenta características de ar quente e úmido, típicas do domínio da Massa Equatorial Atlântica em baixas latitudes.;Inverno;;;;;;;;;;;;;;;;;
2023-07-06 00:00:00;Centro;mPa;A região encontra-se sob efeito da subsidência e advecção fria pós-frontal, com valores de temperatura reduzidos característicos do avanço da massa de ar polar pelo continente.;Inverno;;;;;;;;;;;;;;;;;
2023-07-06 00:00:00;Sul;mPa;A região encontra-se no setor pós-frontal, sob influência direta do deslocamento de uma massa de ar frio e seco, caracterizando a atuação da mPa sobre o Sul do Brasil.;Inverno;;;;;;;;;;;;;;;;;
2023-07-07 00:00:00;Norte;mEc;Região central da Bacia Amazônica sob influência predominante da massa de ar quente e úmida de origem continental, mantendo características térmicas e de umidade típicas da região.;Inverno;;;;;;;;;;;;;;;;;
2023-07-07 00:00:00;Nordeste;mTa;A região demarcada apresenta domínio de umidade e circulação oceânica característica, sob influência direta da massa Tropical Atlântica que atua sobre o setor leste do Nordeste.;Inverno;;;;;;;;;;;;;;;;;
2023-07-07 00:00:00;Litoral;mPa;A regiao delimitada encontra-se sob a influência direta do avanço da massa de ar pós-frontal, caracterizada por temperaturas mais amenas e fluxo de sul/sudeste.;Inverno;;;;;;;;;;;;;;;;;
2023-07-07 00:00:00;Centro;mTa;Regiao sob fluxo predominante de leste/nordeste associado ao escoamento da periferia do anticiclone sobre o Atlantico Sul, caracterizando a atuacao da massa Tropical Atlantica.;Inverno;;;;;;;;;;;;;;;;;
2023-07-07 00:00:00;Sul;mPa;A região delimitada encontra-se sob a influência direta do avanço da massa de ar pós-frontal, apresentando temperaturas reduzidas e ventos característicos da incursão mPa.;Inverno;;;;;;;;;;;;;;;;;
2023-07-08 00:00:00;Norte;mEc;A região mapeada encontra-se sobre a bacia amazônica, sob influência direta e persistente da massa de ar quente e úmida de origem continental, característica da região norte.;Inverno;;;;;;;;;;;;;;;;;
2023-07-08 00:00:00;Nordeste;mTa;Região sob influência direta do fluxo de leste/sudeste da circulação da ASAS, transportando umidade do Atlântico para o interior do setor Nordeste.;Inverno;;;;;;;;;;;;;;;;;
2023-07-08 00:00:00;Litoral;mTa;A área delimitada encontra-se sob influência do escoamento marítimo de leste, transporte de umidade e estabilidade térmica típicos da Massa Tropical Atlântica.;Inverno;;;;;;;;;;;;;;;;;
2023-07-08 00:00:00;Centro;mTa;A região encontra-se sob influência de um campo de alta pressão, caracterizando o domínio de ar quente e úmido proveniente do oceano, típico da Massa Tropical Atlântica.;Inverno;;;;;;;;;;;;;;;;;
2023-07-08 00:00:00;Sul;mPa;A região sob análise encontra-se sobre a influência direta e retaguarda de sistema frontal, evidenciando o ingresso e predominância da massa de ar polar, caracterizada por temperat;Inverno;;;;;;;;;;;;;;;;;
2023-07-09 00:00:00;Norte;mEc;Regiao central e norte da Amazonia sob influencia da massa de ar quente e umida caracteristica da regiao, sem presenca de sistemas frontais penetrando no setor nesta carta sinotica;Inverno;;;;;;;;;;;;;;;;;
2023-07-09 00:00:00;Nordeste;mTa;A região demarcada encontra-se sob o fluxo do quadrante leste típico do transporte marítimo de umidade oriundo da periferia oceânica, caracterizando a atuação da massa Tropical Atl;Inverno;;;;;;;;;;;;;;;;;
2023-07-09 00:00:00;Litoral;mEa;A região delimitada encontra-se integrada ao fluxo de alísios sob influência da massa Equatorial Atlântica, caracterizada pelo transporte de calor e umidade sobre o litoral nordest;Inverno;;;;;;;;;;;;;;;;;
2023-07-09 00:00:00;Centro;mPa;A região encontra-se no setor de retaguarda da frente fria, sob influência do avanço de ar frio e seco, característico do domínio da massa polar atlântica.;Inverno;;;;;;;;;;;;;;;;;
2023-07-09 00:00:00;Sul;mPa;A região encontra-se no quadrante posterior ao deslocamento de uma frente fria, caracterizando o avanço claro da Massa Polar Atlântica com queda acentuada das temperaturas e ventos;Inverno;;;;;;;;;;;;;;;;;
2023-07-10 00:00:00;Norte;mEc;Regiao situada sobre a bacia Amazonica, caracterizada pelo dominio de massa de ar quente e umida de origem continental, sem influencia direta de sistemas frontais.;Inverno;;;;;;;;;;;;;;;;;
2023-07-10 00:00:00;Nordeste;mTa;Predominio da massa de ar Tropical Atlantica na regiao sob influencia do escoamento zonal de leste, caracterizada por transporte de calor e umidade do oceano para o continente.;Inverno;;;;;;;;;;;;;;;;;
2023-07-10 00:00:00;Litoral;mTa;Regiao sob influencia do escoamento marítimo vindo do quadrante leste, característico da atuação da Massa Tropical Atlântica, mantendo condições térmicas e de umidade típicas.;Inverno;;;;;;;;;;;;;;;;;
2023-07-10 00:00:00;Centro;mPa;A regiao apresenta caracteristicas pos-frontais, com subsidencia e resfriamento associados ao avanco de uma massa de ar frio sobre o Centro-Oeste e Sudeste do Brasil.;Inverno;;;;;;;;;;;;;;;;;
2023-07-10 00:00:00;Sul;mPa;A região delimitada encontra-se sob a influência direta do avanço da massa de ar polar, evidenciada pelas baixas temperaturas e pelo posicionamento pós-frontal no Sul do Brasil.;Inverno;;;;;;;;;;;;;;;;;
2023-07-11 00:00:00;Norte;mEc;A região delimitada compreende a bacia amazônica. Verifica-se o predomínio da mEc, caracterizada por alta umidade e temperaturas elevadas, típica do núcleo continental equatorial.;Inverno;;;;;;;;;;;;;;;;;
2023-07-11 00:00:00;Nordeste;mTa;A região encontra-se sob influência do fluxo zonal de leste associado ao escoamento da alta pressão subtropical do Atlântico Sul, caracterizando a predominância da mTa.;Inverno;;;;;;;;;;;;;;;;;
2023-07-11 00:00:00;Litoral;mTa;A região sob o setor do Atlântico apresenta o domínio da circulação marítima característica da Massa Tropical Atlântica, mantendo o fluxo estável de ar quente e úmido no litoral.;Inverno;;;;;;;;;;;;;;;;;
2023-07-11 00:00:00;Centro;mPa;A região delimitada apresenta características de subsidência e retaguarda de sistema frontal que avançou, indicando a predominância da Massa Polar Atlântica sobre o setor.;Inverno;;;;;;;;;;;;;;;;;
2023-07-11 00:00:00;Sul;mPa;Devido à passagem de frente fria ao norte da região, observa-se o avanço de ar frio e seco, consolidando o domínio da mPa no setor delimitado.;Inverno;;;;;;;;;;;;;;;;;
2023-07-12 00:00:00;Norte;mEc;A regiao delimitada esta sob influencia direta da circulacao sobre a bacia Amazonica, caracterizando o dominio desta massa de ar quente e umida de origem continental.;Inverno;;;;;;;;;;;;;;;;;
2023-07-12 00:00:00;Nordeste;mTa;Predominancia de escoamento maritimo associado ao transporte de umidade do Atlantico Sul, caracterizando uma massa de ar quente e umida sobre o setor nordestino.;Inverno;;;;;;;;;;;;;;;;;
2023-07-12 00:00:00;Litoral;mTa;A região delimitada está sob influência do fluxo marítimo da massa Tropical Atlântica, caracterizada pelo transporte de umidade e calor oceânico sobre o setor costeiro central.;Inverno;;;;;;;;;;;;;;;;;
2023-07-12 00:00:00;Centro;mTa;A região encontra-se sob influência da circulação da ASAS, apresentando características de estabilidade e umidade típicas da massa Tropical Atlântica no setor central do Brasil.;Inverno;;;;;;;;;;;;;;;;;
2023-07-12 00:00:00;Sul;mPa;A região delimitada encontra-se sob a influência direta da massa de ar pós-frontal, caracterizada pelo ingresso de ar frio e seco no setor sul do país.;Inverno;;;;;;;;;;;;;;;;;
2023-07-13 00:00:00;Norte;mEc;Dominio da massa de ar Equatorial Continental sobre a regiao Amazonica, caracterizada por alta umidade e temperaturas elevadas, sem influencia de sistemas frontais ou massas polare;Inverno;;;;;;;;;;;;;;;;;
2023-07-13 00:00:00;Nordeste;mTa;A região é dominada pelo escoamento marítimo vindo do quadrante leste, característico da atuação da Massa Tropical Atlântica sob influência do gradiente de pressão regional.;Inverno;;;;;;;;;;;;;;;;;
2023-07-13 00:00:00;Litoral;mTa;A região delimitada está sob influência do escoamento marítimo persistente associado à circulação da alta subtropical do Atlântico Sul, caracterizando a predominância da mTa.;Inverno;;;;;;;;;;;;;;;;;
2023-07-13 00:00:00;Centro;mPa;A região apresenta o avanço de uma massa de ar pós-frontal, caracterizada por temperaturas amenas e subsidência associada ao transporte de ar frio em direção ao Sudeste/Centro-Oest;Inverno;;;;;;;;;;;;;;;;;
2023-07-13 00:00:00;Sul;mPa;A regiao delimitada esta sob a influencia direta de uma massa de ar frio e seco, posicionada na retaguarda da frente fria que avanca sobre o setor Sul do Brasil.;Inverno;;;;;;;;;;;;;;;;;
2023-07-14 00:00:00;Norte;mEc;Região situada no interior do continente amazônico, apresentando características de massa de ar quente e úmida, sem influência direta de sistemas frontais ou de circulação costeira;Inverno;;;;;;;;;;;;;;;;;
2023-07-14 00:00:00;Nordeste;mTa;Predominância da massa Tropical Atlântica, caracterizada pelo escoamento marítimo quente e úmido que influencia a região Nordeste sob influência do fluxo da ASAS.;Inverno;;;;;;;;;;;;;;;;;
2023-07-14 00:00:00;Litoral;mTa;A região delimitada está sob o domínio do fluxo marítimo da alta pressão, caracterizando a mTa como a massa de ar predominante, trazendo umidade e temperaturas tropicais ao setor.;Inverno;;;;;;;;;;;;;;;;;
2023-07-14 00:00:00;Centro;mPa;A região demarcada encontra-se sob influência direta da massa de ar polar, posicionada na retaguarda da frente fria que avança sobre o Centro-Oeste e Sudeste do Brasil.;Inverno;;;;;;;;;;;;;;;;;
2023-07-14 00:00:00;Sul;mPa;A região delimitada encontra-se no quadrante posterior a uma frente fria, caracterizando o ingresso e domínio da massa de ar Polar Atlântica com o fluxo de sul.;Inverno;;;;;;;;;;;;;;;;;
2023-07-15 00:00:00;Norte;mEc;Região sob influência da Massa Equatorial Continental, caracterizada pelo ar quente e úmido predominante sobre a bacia amazônica, mantendo estabilidade térmica no setor.;Inverno;;;;;;;;;;;;;;;;;
2023-07-15 00:00:00;Nordeste;mTa;Região sob influência direta da circulação marítima do Atlântico Sul, caracterizando a predominância da massa Tropical Atlântica com transporte de umidade para o setor.;Inverno;;;;;;;;;;;;;;;;;
2023-07-15 00:00:00;Litoral;mTa;A região delimitada está sob o domínio do fluxo marítimo da circulação da ASAS, caracterizando o predomínio de ar quente e úmido de origem oceânica (mTa).;Inverno;;;;;;;;;;;;;;;;;
2023-07-15 00:00:00;Centro;mPa;A região delimitada encontra-se sob influência do avanço de uma massa de ar frio e seco após a passagem de uma frente fria, caracterizando o predomínio da mPa no setor central.;Inverno;;;;;;;;;;;;;;;;;
2023-07-15 00:00:00;Sul;mPa;A região delimitada situa-se na retaguarda de uma frente fria que avança em direção ao oceano, sob influência de advecção de ar frio e seco, caracterizando o predomínio da mPa.;Inverno;;;;;;;;;;;;;;;;;
2023-07-16 00:00:00;Norte;mEc;Regiao sobre a bacia Amazonica apresentando caracteristicas tipicas de massa quente e umida, sem interferencia de sistemas frontais ou incursao de ar polar.;Inverno;;;;;;;;;;;;;;;;;
2023-07-16 00:00:00;Nordeste;mTa;Regiao sob fluxo predominante de leste, caracterizado pelo transporte de umidade do Atlantico Sul, sob influencia direta das caracteristicas fisicas da Massa Tropical Atlantica.;Inverno;;;;;;;;;;;;;;;;;
2023-07-16 00:00:00;Litoral;mTa;Zona sob influência direta do fluxo marítimo do Atlântico Sul, apresentando características de estabilidade e umidade típicas do domínio da circulação anticiclônica oceânica.;Inverno;;;;;;;;;;;;;;;;;
2023-07-16 00:00:00;Centro;mPa;A regiao apresenta adveccao de ar frio e seco apos a passagem de uma frente fria, caracterizando o dominio da massa polar atlantica no Centro-Oeste brasileiro.;Inverno;;;;;;;;;;;;;;;;;
2023-07-16 00:00:00;Sul;mPa;A região sob o retângulo vermelho encontra-se sob influência de núcleo de alta pressão pós-frontal, evidenciando o avanço e predominância da massa de ar polar no setor.;Inverno;;;;;;;;;;;;;;;;;
2023-07-17 00:00:00;Norte;mEc;A região demarcada encontra-se sobre a bacia amazônica, caracterizada pela predominância da massa de ar Equatorial Continental (mEc), quente e úmida, típica da calha equatorial.;Inverno;;;;;;;;;;;;;;;;;
2023-07-17 00:00:00;Nordeste;mTa;Região sob influência direta do fluxo zonal marítimo proveniente da ASAS, caracterizando o transporte de ar quente e úmido para o setor oriental do Nordeste.;Inverno;;;;;;;;;;;;;;;;;
2023-07-17 00:00:00;Litoral;mTa;A região encontra-se sob influência direta do escoamento marítimo associado ao sistema de alta pressão oceânico, caracterizando a predominância da Massa Tropical Atlântica.;Inverno;;;;;;;;;;;;;;;;;
2023-07-17 00:00:00;Centro;mPa;Região sob influência de ar frio e seco após a passagem de sistema frontal, evidenciada pelos valores de dewpoint reduzidos e queda tétrica na temperatura nos estados do Sudeste/Ce;Inverno;;;;;;;;;;;;;;;;;
2023-07-17 00:00:00;Sul;mPa;A região apresenta o avanço de uma massa de ar frio logo após a passagem de sistema frontal, evidenciado pelas temperaturas reduzidas e circulação anticiclônica característica.;Inverno;;;;;;;;;;;;;;;;;
2023-07-18 00:00:00;Norte;mEc;A região delimitada abrange a bacia amazônica e áreas continentais adjacentes, onde predomina a Massa Equatorial Continental, caracterizada por ser quente e úmida.;Inverno;;;;;;;;;;;;;;;;;
2023-07-18 00:00:00;Nordeste;mTa;Região sob influência direta do fluxo de leste/sudeste proveniente do Atlântico Tropical, caracterizando a estabilidade e transporte de umidade da Massa Tropical Atlântica.;Inverno;;;;;;;;;;;;;;;;;
2023-07-18 00:00:00;Litoral;mTa;Região sob influência direta da circulação marítima da alta pressão subtropical, caracterizada pelo transporte de umidade e temperaturas tropicais típicas da massa tropical atlânti;Inverno;;;;;;;;;;;;;;;;;
2023-07-18 00:00:00;Centro;mPa;Região sob atuação de massa de ar frio e seco (mPa), caracterizada por ventos do quadrante sul e redução significativa das temperaturas na retaguarda da frente fria.;Inverno;;;;;;;;;;;;;;;;;
2023-07-18 00:00:00;Sul;mPa;A região delimitada apresenta características de subsidência e queda nas temperaturas após a passagem de uma frente fria, confirmando a predominância de ar de origem polar.;Inverno;;;;;;;;;;;;;;;;;
2023-07-19 00:00:00;Norte;mEc;A regiao delimitada esta sob o dominio continental da Amazonia, caracteristico da massa Equatorial Continental, que apresenta altas temperaturas e umidade no setor.;Inverno;;;;;;;;;;;;;;;;;
2023-07-19 00:00:00;Nordeste;mTa;A região esta sob a influencia do escoamento marítimo associado a alta pressão subtropical do Atlantico Sul, caracterizando a predominancia de massa de ar quente e umida (mTa).;Inverno;;;;;;;;;;;;;;;;;
2023-07-19 00:00:00;Litoral;mTa;Regiao sob dominio do fluxo de leste/sudeste associado a circulacao maritima, caracterizando a presenca predominante de ar tropical aquecido e umido sobre o litoral.;Inverno;;;;;;;;;;;;;;;;;
2023-07-19 00:00:00;Centro;mPa;A região apresenta o avanço de uma massa de ar frio e seco, caracterizada pela retaguarda de um sistema frontal que atua sobre o Sudeste brasileiro.;Inverno;;;;;;;;;;;;;;;;;
2023-07-19 00:00:00;Sul;mPa;A região delimitada encontra-se sob efeito direto de advecção de ar polar, evidenciada pelos baixos valores de temperatura no setor pós-frontal, caracterizando o domínio da mPa.;Inverno;;;;;;;;;;;;;;;;;
2023-07-20 00:00:00;Norte;mEc;A região delimitada abrange a bacia amazônica, onde o ar quente e úmido de origem continental predomina, caracterizando a atuação da massa Equatorial Continental sobre a área.;Inverno;;;;;;;;;;;;;;;;;
2023-07-20 00:00:00;Nordeste;mTa;Região sob influência predominante do fluxo de leste/sudeste associado ao escoamento marítimo, caracterizando a atuação da massa de ar Tropical Atlântica na faixa costeira e interi;Inverno;;;;;;;;;;;;;;;;;
2023-07-20 00:00:00;Litoral;mTa;A regiao sob o retangulo esta sob influencia do escoamento zonal e meridional de leste, caracteristico da massa Tropical Atlantica, com gradiente de pressao estavel no oceano.;Inverno;;;;;;;;;;;;;;;;;
2023-07-20 00:00:00;Centro;mPa;A região do retângulo apresenta temperaturas amenas atrás da frente fria, indicando o ingresso e predominância da massa de ar polar sobre o leste da região Sudeste/Centro-Oeste.;Inverno;;;;;;;;;;;;;;;;;
2023-07-20 00:00:00;Sul;mPa;A região apresenta características de baixas temperaturas e umidade sob a influência do avanço de uma massa de ar frio pós-frontal, consolidando a predominância da mPa.;Inverno;;;;;;;;;;;;;;;;;
2023-07-21 00:00:00;Norte;mEc;Região central da Amazônia sob forte influência da massa de ar quente e úmida de origem continental, predominante nas baixas latitudes do interior do país.;Inverno;;;;;;;;;;;;;;;;;
2023-07-21 00:00:00;Nordeste;mTa;Região sob influência direta do fluxo de leste marítimo. A advecção de umidade e calor provindos do Atlântico Tropical caracteriza o domínio desta massa sobre o Nordeste brasileiro;Inverno;;;;;;;;;;;;;;;;;
2023-07-21 00:00:00;Litoral;mTa;O setor delimitado encontra-se sob influência do fluxo de circulação marítima, caracterizando o domínio da massa de ar Tropical Atlântica com transporte de umidade para o litoral.;Inverno;;;;;;;;;;;;;;;;;
2023-07-21 00:00:00;Centro;mTa;Região sob influência direta do fluxo de nordeste associado à circulação da alta subtropical sobre o oceano, caracterizando o domínio da massa tropical atlântica.;Inverno;;;;;;;;;;;;;;;;;
2023-07-21 00:00:00;Sul;mPa;A região apresenta o avanço de uma massa polar após a passagem de uma frente fria, caracterizada por temperaturas reduzidas e ventos do quadrante sul.;Inverno;;;;;;;;;;;;;;;;;
2023-07-22 00:00:00;Norte;mEc;Regiao central e norte da Amazonia sob influencia da Massa Equatorial Continental, caracterizada por alta umidade e temperaturas elevadas, sem a presenca de sistemas frontais.;Inverno;;;;;;;;;;;;;;;;;
2023-07-22 00:00:00;Nordeste;mTa;Região sob influência direta do fluxo de leste da circulação marítima, transportando características de umidade e temperatura da massa Tropical Atlântica para o setor leste do NE.;Inverno;;;;;;;;;;;;;;;;;
2023-07-22 00:00:00;Litoral;mTa;Area sob influência da circulação anticiclônica do Atlântico Sul, caracterizando a predominância da massa Tropical Atlântica com transporte de umidade para o litoral brasileiro.;Inverno;;;;;;;;;;;;;;;;;
2023-07-22 00:00:00;Centro;mPa;A região delimitada encontra-se sob a influência direta do avanço de uma massa de ar frio e seco, posicionada retaguarda da frente fria indicada no setor sul.;Inverno;;;;;;;;;;;;;;;;;
2023-07-22 00:00:00;Sul;mPa;A regiao encontra-se sob a influencia direta da circulacao pos-frontal, caracterizada por subsidencia e adveccao de ar frio e seco proveniente da massa polar atlantica.;Inverno;;;;;;;;;;;;;;;;;
2023-07-23 00:00:00;Norte;mEc;Predominancia da Massa Equatorial Continental sobre a regiao Amazonica, caracterizada por altas temperaturas e elevada umidade, em configuracao de subsidencia termo-dinamica tipica;Inverno;;;;;;;;;;;;;;;;;
2023-07-23 00:00:00;Nordeste;mTa;Predominio da massa de origem maritima sobre o Nordeste, caracterizada por transporte de umidade do Atlantico Sul sob regime de circulacao zonal do escoamento de leste.;Inverno;;;;;;;;;;;;;;;;;
2023-07-23 00:00:00;Litoral;mTa;A área delimitada encontra-se sob domínio do fluxo dos ventos de leste/sudeste associados ao escoamento da alta pressão subtropical, caracterizando a atuação da massa Tropical Atlâ;Inverno;;;;;;;;;;;;;;;;;
2023-07-23 00:00:00;Centro;mPa;A região encontra-se submetida ao fluxo de ar frio e seco proveniente do quadrante sul/sudoeste, instalado na retaguarda da frente fria, caracterizando a atuação da massa polar.;Inverno;;;;;;;;;;;;;;;;;
2023-07-23 00:00:00;Sul;mPa;A região delimitada situa-se na retaguarda da frente fria, sob influência direta de um centro de alta pressão, caracterizando o avanço e predominância da massa de ar polar.;Inverno;;;;;;;;;;;;;;;;;
2023-07-24 00:00:00;Norte;mEc;A região amazônica, delimitada na carta, encontra-se sob domínio da Massa Equatorial Continental, caracterizada pela predominância de ar quente e úmido sobre o continente.;Inverno;;;;;;;;;;;;;;;;;
2023-07-24 00:00:00;Nordeste;mTa;Predominancia da mTa sobre a regiao, caracterizada pelo fluxo de leste-sudeste sob influencia da circulacao de alta pressao que transporta umidade e calor para o setor Nordeste.;Inverno;;;;;;;;;;;;;;;;;
2023-07-24 00:00:00;Litoral;mTa;Regiao sob predominio de escoamento maritimo associado ao sistema de alta pressao do Atlantico Sul, caracterizando ar quente e umido sobre o litoral brasileiro.;Inverno;;;;;;;;;;;;;;;;;
2023-07-24 00:00:00;Centro;mPa;A região apresenta o avanço de uma massa de ar frio e seco, caracterizada por temperaturas amenas e subsidência na retaguarda da frente fria, predominando sobre o Centro do país.;Inverno;;;;;;;;;;;;;;;;;
2023-07-24 00:00:00;Sul;mPa;Regiao sob incidencia direta de fluxo de sul, caracterizada por temperaturas reduzidas e gradiente de pressao pos-frontal, consolidando o dominio da Massa Polar Atlantica.;Inverno;;;;;;;;;;;;;;;;;
2023-07-25 00:00:00;Norte;mEc;Região central da Amazônia sob influência de massa de ar quente e úmida de origem continental, típica da região equatorial, sem a presença de sistemas frontais atuantes no setor.;Inverno;;;;;;;;;;;;;;;;;
2023-07-25 00:00:00;Nordeste;mTa;A região delimitada está sob forte influência do fluxo marítimo dos ventos alísios condicionados pela alta pressão do Atlântico, caracterizando o domínio da massa Tropical Atlântic;Inverno;;;;;;;;;;;;;;;;;
2023-07-25 00:00:00;Litoral;mTa;A área delimitada encontra-se sob domínio do escoamento marítimo de leste, característico da circulação da alta pressão subtropical, definindo o fluxo da massa tropical atlântica.;Inverno;;;;;;;;;;;;;;;;;
2023-07-25 00:00:00;Centro;mPa;A regiao delimitada encontra-se sob a influência direta do avanço da massa de ar pós-frontal, caracterizada pelo deslocamento de ar frio e seco sobre o centro do país.;Inverno;;;;;;;;;;;;;;;;;
2023-07-25 00:00:00;Sul;mPa;A região delimitada encontra-se sob efeito direto do avanço de uma massa de ar frio e seco após a passagem de sistema frontal, caracterizando o predomínio da mPa.;Inverno;;;;;;;;;;;;;;;;;
2023-07-26 00:00:00;Norte;mEc;Regiao central e norte da Amazonia, caracterizada pela predominancia de ar quente e umido de origem continental, sem influencia direta de sistemas frontais ou massas polares.;Inverno;;;;;;;;;;;;;;;;;
2023-07-26 00:00:00;Nordeste;mTa;Predominância de fluxo marítimo quente e úmido vindo do Atlântico Sul, sob influência direta da circulação do anticiclone subtropical sobre a região Nordeste.;Inverno;;;;;;;;;;;;;;;;;
2023-07-26 00:00:00;Litoral;mTa;A região apresenta fluxo marítimo sob influência da alta pressão do Atlântico, caracterizando o domínio da massa tropical marítima no litoral do Nordeste brasileiro.;Inverno;;;;;;;;;;;;;;;;;
2023-07-26 00:00:00;Centro;mPa;A região encontra-se submetida ao avanço de uma massa polar após a passagem de sistema frontal, evidenciado pelos baixos valores de ponto de orvalho e temperaturas declinantes.;Inverno;;;;;;;;;;;;;;;;;
2023-07-26 00:00:00;Sul;mPa;Região sob influência de ar frio e seco, caracterizado por temperaturas reduzidas e gradientes de pressão pós-frontal avançando sobre o Sul e Sudeste do Brasil.;Inverno;;;;;;;;;;;;;;;;;
2023-07-27 00:00:00;Norte;mEc;Regiao central e norte da Amazonia sem influencias frontais, sob dominio de massa de ar quente e umida de origem continental, caracteristica da regiao equatorial.;Inverno;;;;;;;;;;;;;;;;;
2023-07-27 00:00:00;Nordeste;mTa;A região delimitada está sob forte influência do escoamento marítimo associado aos ventos alísios do quadrante leste, caracterizando a predominância da Massa Tropical Atlântica.;Inverno;;;;;;;;;;;;;;;;;
2023-07-27 00:00:00;Litoral;mTa;Região sob influência direta do fluxo de leste/sudeste associado à célula de alta pressão do Atlântico, apresentando características de ar quente e úmido típico da massa tropical a;Inverno;;;;;;;;;;;;;;;;;
2023-07-27 00:00:00;Centro;mPa;A regiao delimitada encontra-se sob a influência direta do avanço da mPa, caracterizada pelo decréscimo das temperaturas e umidade após a passagem da frente fria observada ao sul.;Inverno;;;;;;;;;;;;;;;;;
2023-07-27 00:00:00;Sul;mPa;A região delimitada encontra-se sob domínio de uma massa de ar frio e seco, evidenciada pelas baixas temperaturas e pelo escoamento pós-frontal característico da mPa.;Inverno;;;;;;;;;;;;;;;;;
2023-07-28 00:00:00;Norte;mEc;A região delimitada abrange a bacia amazônica e áreas continentais adjacentes, onde predomina a massa tropical continental quente e úmida, característica da circulação amazônica.;Inverno;;;;;;;;;;;;;;;;;
2023-07-28 00:00:00;Nordeste;mTa;Região sob influência direta do fluxo de leste marítimo, característico da Massa Tropical Atlântica, que transporta umidade para o setor costeiro e interior do Nordeste brasileiro.;Inverno;;;;;;;;;;;;;;;;;
2023-07-28 00:00:00;Litoral;mTa;A região delimitada está sob o domínio do fluxo marítimo característico da massa tropical atlântica, garantindo umidade e temperaturas elevadas no litoral do Nordeste brasileiro.;Inverno;;;;;;;;;;;;;;;;;
2023-07-28 00:00:00;Centro;mPa;A região delimitada encontra-se sob efeito direto de uma massa de ar frio e seco, posicionada na retaguarda de um sistema frontal, caracterizando a atuação da mPa.;Inverno;;;;;;;;;;;;;;;;;
2023-07-28 00:00:00;Sul;mPa;A região delimitada encontra-se na retaguarda do sistema frontal, caracterizada por temperaturas baixas e advecção de ar frio típica da Massa Polar Atlântica.;Inverno;;;;;;;;;;;;;;;;;
2023-07-29 00:00:00;Norte;mEc;A região delimitada abrange a bacia amazônica, caracterizada por baixas pressões térmicas e elevada umidade, evidenciando o domínio da massa Equatorial Continental sobre a área.;Inverno;;;;;;;;;;;;;;;;;
2023-07-29 00:00:00;Nordeste;mTa;Região sob influência direta do fluxo de leste/sudeste proveniente do Atlântico Sul, caracterizando a predominância de ar quente e úmido sobre o setor costeiro e interior do NE.;Inverno;;;;;;;;;;;;;;;;;
2023-07-29 00:00:00;Litoral;mTa;A área delimitada encontra-se sob efeito do fluxo marítimo persistente associado ao sistema de alta pressão no oceano, caracterizando a predominância da Massa Tropical Atlântica.;Inverno;;;;;;;;;;;;;;;;;
2023-07-29 00:00:00;Centro;mPa;A região apresenta o avanço de uma massa de ar frio e seco (mPa) na retaguarda de um sistema frontal, caracterizado pelos valores de pressão mais elevados e redução das temperatura;Inverno;;;;;;;;;;;;;;;;;
2023-07-29 00:00:00;Sul;mPa;A região apresenta características de baixas temperaturas e umidade no quadrante sul, indicando o avanço e a predominância da massa de ar polar na retaguarda de um sistema frontal.;Inverno;;;;;;;;;;;;;;;;;
2023-07-30 00:00:00;Norte;mEc;A regiao delimitada esta sob influencia direta da massa de ar quente e umida de origem amazonica, caracteristica do dominio continental no setor Norte.;Inverno;;;;;;;;;;;;;;;;;
2023-07-30 00:00:00;Nordeste;mTa;A região destacada está sob a influência predominante do fluxo de leste/sudeste associado à ASAS, caracterizando a atuação da massa Tropical Atlântica sobre a faixa litorânea.;Inverno;;;;;;;;;;;;;;;;;
2023-07-30 00:00:00;Litoral;mTa;Predominância da Massa Tropical Atlântica sob influência do regime de circulação marítima, caracterizando um ambiente quente e úmido no setor litorâneo analisado.;Inverno;;;;;;;;;;;;;;;;;
2023-07-30 00:00:00;Centro;mPa;A região delimitada encontra-se sob efeito direto de uma incursão de ar polar que avança pelo interior do continente, caracterizada pelos baixos valores de ponto de orvalho.;Inverno;;;;;;;;;;;;;;;;;
2023-07-30 00:00:00;Sul;mPa;A região delimitada encontra-se sob influência inequívoca de ar polar pós-frontal, evidenciado pelas baixas temperaturas e umidade característica do avanço da massa de ar polar.;Inverno;;;;;;;;;;;;;;;;;
2023-07-31 00:00:00;Norte;mEc;Regiao situada sobre a bacia Amazonica, caracterizada pelo dominio de massa de ar quente e umida de origem continental, tipica da regiao Norte em periodo sem influencias frontais.;Inverno;;;;;;;;;;;;;;;;;
2023-07-31 00:00:00;Nordeste;mTa;Predomínio de fluxo marítimo sob influência da circulação da ASAS, transportando umidade do Atlântico para o setor, caracterizando a atuação da massa Tropical Atlântica.;Inverno;;;;;;;;;;;;;;;;;
2023-07-31 00:00:00;Litoral;mTa;Predominio da massa tropical atlantica na regiao costeira sob influencia da circulacao do anticiclone subtropical, mantendo condicoes de estabilidade e umidade no setor.;Inverno;;;;;;;;;;;;;;;;;
2023-07-31 00:00:00;Centro;mPa;A regiao delimitada esta sob a influencia direta da circulacao de um sistema de alta pressao pos-frontal, caracterizando o avancamento da mPa sobre o Sudeste e Centro-Oeste.;Inverno;;;;;;;;;;;;;;;;;
2023-07-31 00:00:00;Sul;mPa;A regiao delimitada esta sob influencia de adveccao fria pos-frontal, caracterizada por temperaturas mais baixas e declinio de pressao, configurando o avanco da mPa pelo setor Sul.;Inverno;;;;;;;;;;;;;;;;;
2023-08-01 00:00:00;Norte;mEc;A região delimitada (Bacia Amazônica) apresenta características de alta temperatura e umidade, sob domínio da massa Equatorial Continental, típica da região setentrional.;Inverno;;;;;;;;;;;;;;;;;
2023-08-01 00:00:00;Nordeste;mTa;A região do Nordeste delimitada encontra-se sob influência predominante do fluxo de leste e sudeste associado à célula de alta pressão, caracterizando a atuação da mTa.;Inverno;;;;;;;;;;;;;;;;;
2023-08-01 00:00:00;Litoral;mTa;Região sob influência direta da circulação marítima da Alta Subtropical do Atlântico Sul, caracterizando o domínio de uma massa de ar quente e úmida sobre o litoral leste.;Inverno;;;;;;;;;;;;;;;;;
2023-08-01 00:00:00;Centro;mTc;Região sob influência de subsidência e ar seco característica da depressão do Chaco, mantendo estabilidade atmosférica e temperaturas elevadas no interior do continente.;Inverno;;;;;;;;;;;;;;;;;
2023-08-01 00:00:00;Sul;mPa;A região delimitada encontra-se sob influência do avanço de uma massa de ar frio pós-frontal, caracterizada pela queda nas temperaturas e estabilização das condições do tempo.;Inverno;;;;;;;;;;;;;;;;;
2023-08-02 00:00:00;Norte;mEc;A região delimitada sobre a bacia amazônica caracteriza-se por persistentes condições térmicas e de umidade elevadas, próprias da massa de ar quente e úmida de origem continental.;Inverno;;;;;;;;;;;;;;;;;
2023-08-02 00:00:00;Nordeste;mTa;Predominio da Massa Tropical Atlantica, evidenciado pelo posicionamento da alta pressao sobre o oceano, transportando umidade e ar aquecido para o setor do Nordeste brasileiro.;Inverno;;;;;;;;;;;;;;;;;
2023-08-02 00:00:00;Litoral;mTa;Predominio da massa Tropical Atlantica na regiao costeira sob influencia direta das circulacoes do Anticiclone Subtropical, mantendo condicoes de estabilidade e umidade.;Inverno;;;;;;;;;;;;;;;;;
2023-08-02 00:00:00;Centro;mTa;Regiao sob influencia do escoamento da alta subtropical, caracterizada pelo transporte de umidade e calor caracteristico da Massa Tropical Atlantica sobre o Centro-Oeste brasileiro;Inverno;;;;;;;;;;;;;;;;;
2023-08-02 00:00:00;Sul;mPa;Região sob influência de advecção fria pós-frontal, evidenciada pelas temperaturas mais baixas e fluxo de sul/sudeste característico da retaguarda de um sistema frontal no setor su;Inverno;;;;;;;;;;;;;;;;;
2023-08-03 00:00:00;Norte;mEc;A regiao delimitada esta sob influencia da Massa Equatorial Continental, caracterizada por baixas latitudes, elevadas temperaturas e umidade abundante tipicas do interior amazonico;Inverno;;;;;;;;;;;;;;;;;
2023-08-03 00:00:00;Nordeste;mTa;Predominancia de subsidencia e estabilidade associada ao escoamento de leste/sudeste, caracterizando a influencia da massa tropical atlantica na regiao nordeste.;Inverno;;;;;;;;;;;;;;;;;
2023-08-03 00:00:00;Litoral;mTa;Regiao sob influencia do setor ocidental da Alta Subtropical do Atlantico Sul, caracterizando predominio de massa tropical quente e umida sobre o litoral leste brasileiro.;Inverno;;;;;;;;;;;;;;;;;
2023-08-03 00:00:00;Centro;mPa;A regiao apresenta caracteristicas de uma massa de ar frio e seco, indicando o avanco da mPa que se desloca para o interior do continente, pos-passagem de sistema frontal.;Inverno;;;;;;;;;;;;;;;;;
2023-08-03 00:00:00;Sul;mPa;A região encontra-se sob influência de massa de ar frio e seco (mPa), evidenciada pela queda das temperaturas e valores de pressão elevados na retaguarda da frente fria.;Inverno;;;;;;;;;;;;;;;;;
2023-08-04 00:00:00;Norte;mEc;Região central da Bacia Amazônica sob domínio característico de ar quente e úmido de origem continental, sem influência de sistemas frontais ou massas de ar polar.;Inverno;;;;;;;;;;;;;;;;;
2023-08-04 00:00:00;Nordeste;mTa;A região é dominada pelo fluxo de leste da alta pressão subtropical do Atlântico Sul, transportando ar quente e úmido sobre a costa e o interior do Nordeste.;Inverno;;;;;;;;;;;;;;;;;
2023-08-04 00:00:00;Litoral;mTa;A área delineada está sob influência do escoamento marítimo típico da periferia oceânica, caracterizando o predomínio de massa quente e úmida de origem tropical.;Inverno;;;;;;;;;;;;;;;;;
2023-08-04 00:00:00;Centro;mTa;A região central apresentada encontra-se sob influência da circulação da alta pressão do Atlântico, configurando predomínio de ar quente e úmido característico da mTa.;Inverno;;;;;;;;;;;;;;;;;
2023-08-04 00:00:00;Sul;mPa;A região delimitada encontra-se na retaguarda de um sistema frontal, caracterizada pela incursão de ar frio e seco, consolidando o domínio da Massa Polar Atlântica.;Inverno;;;;;;;;;;;;;;;;;
2023-08-05 00:00:00;Norte;mEc;Regiao situada sobre a bacia Amazonica, caracterizada pelo dominio de massa de ar quente e umida de origem continental, mantendo estabilidade termica e elevados indices de umidade.;Inverno;;;;;;;;;;;;;;;;;
2023-08-05 00:00:00;Nordeste;mTa;Região sob influência direta do fluxo de leste da alta pressão subtropical do Atlântico Sul, caracterizando a predominância de ar quente e úmido de origem marítima.;Inverno;;;;;;;;;;;;;;;;;
2023-08-05 00:00:00;Litoral;mTa;A região delimitada encontra-se sob influência da circulação anticiclônica do Atlântico Sul, caracterizando a predominância da Massa Tropical Atlântica (mTa), quente e úmida.;Inverno;;;;;;;;;;;;;;;;;
2023-08-05 00:00:00;Centro;mPa;Área sob influência de gradientes de pressão pós-frontal com advecção de ar frio e seco, caracterizando o avanço de massa de origem polar sobre o Brasil Central.;Inverno;;;;;;;;;;;;;;;;;
2023-08-05 00:00:00;Sul;mPa;A região delimitada exibe valores de temperatura e ponto de orvalho baixos, característicos do escoamento pós-frontal de uma massa de ar frio e seco, avançando sobre o Sul do país.;Inverno;;;;;;;;;;;;;;;;;
2023-08-06 00:00:00;Norte;mEc;Região sob influência da Massa Equatorial Continental, caracterizada pela predominância de baixas pressões e ar quente e úmido sobre a bacia amazônica.;Inverno;;;;;;;;;;;;;;;;;
2023-08-06 00:00:00;Nordeste;mTa;Dominio da subsidencia e do escoamento de leste do anticiclone subtropical, transporte de umidade oceanica e estabilidade termodinamica caracteristica da Massa Tropical Atlantica.;Inverno;;;;;;;;;;;;;;;;;
2023-08-06 00:00:00;Litoral;mTa;Regiao sob influencia direta do fluxo marítimo da alta pressao do Atlantico Sul, caracterizando uma massa de ar quente e umida predominante no setor leste brasileiro.;Inverno;;;;;;;;;;;;;;;;;
2023-08-06 00:00:00;Centro;mTa;A regiao encontra-se sob influencia da circulacao da alta do Atlantico Sul, caracterizando a predominancia de caracteristicas da massa tropical maritima, quente e umida.;Inverno;;;;;;;;;;;;;;;;;
2023-08-06 00:00:00;Sul;mPa;A região apresenta características de massa de ar frio e seco, confirmada pela queda das temperaturas de ponto de orvalho e padrão de escoamento ao sul da frente fria observada.;Inverno;;;;;;;;;;;;;;;;;
2023-08-07 00:00:00;Norte;mEc;A região delimitada abrange a bacia amazônica e áreas continentais adjacentes, onde predomina uma massa de ar quente e úmida de origem continental, característica da mEc.;Inverno;;;;;;;;;;;;;;;;;
2023-08-07 00:00:00;Nordeste;mTa;Predominância de escoamento marítimo quente e úmido sobre a região Nordeste, característico da atuação da massa de ar Tropical Atlântica na circulação dos ventos alísios.;Inverno;;;;;;;;;;;;;;;;;
2023-08-07 00:00:00;Litoral;mTa;A região delimitada está sob influência do escoamento marítimo quente e úmido vindo do oceano, característico da circulação da massa Tropical Atlântica na costa leste brasileira.;Inverno;;;;;;;;;;;;;;;;;
2023-08-07 00:00:00;Centro;mPa;A região delimitada encontra-se sob influência de um gradiente de pressão pós-frontal, configurando o avanço de uma massa de ar frio e seco (mPa) sobre o Centro-Oeste.;Inverno;;;;;;;;;;;;;;;;;
2023-08-07 00:00:00;Sul;mPa;Na região delimitada, observa-se o avanço de uma massa de ar frio e seco (mPa), caracterizada pela queda das temperaturas e baixa umidade após a passagem de uma frente fria.;Inverno;;;;;;;;;;;;;;;;;
2023-08-08 00:00:00;Norte;mEc;Região central e norte da carta sob regime de baixas pressões térmicas em baixas latitudes, caracterizando a predominância da Massa Equatorial Continental, quente e úmida.;Inverno;;;;;;;;;;;;;;;;;
2023-08-08 00:00:00;Nordeste;mTa;Regiao sob influencia do escoamento do quadrante leste, caracteristico da massa tropical atlantica, com transporte de umidade em baixos niveis sobre o setor nordestino.;Inverno;;;;;;;;;;;;;;;;;
2023-08-08 00:00:00;Litoral;mTa;Regiao sob incidencia dos ventos de leste provenientes do Oceano Atlantico, caracterizando o fluxo da massa de ar tropical maritima que predomina no litoral do Nordeste e Sudeste.;Inverno;;;;;;;;;;;;;;;;;
2023-08-08 00:00:00;Centro;mTc;Região central do continente sob influência de subsidência e estabilidade característica da mTc, apresentando valores térmicos elevados e temperaturas de ponto de orvalho baixas.;Inverno;;;;;;;;;;;;;;;;;
2023-08-08 00:00:00;Sul;mPa;A regiao delimitada esta sob a influencia direta do avanco de uma massa de ar frio e seco, pos-frontal, caracterizada por baixas temperaturas e umidade no setor Sul e Sudeste.;Inverno;;;;;;;;;;;;;;;;;
2023-08-09 00:00:00;Norte;mEc;A região delimitada abrange a bacia amazônica e adjacências, onde predomina a Massa Equatorial Continental, caracterizada por altas temperaturas e elevada umidade atmosférica.;Inverno;;;;;;;;;;;;;;;;;
2023-08-09 00:00:00;Nordeste;mTa;A regiao delimitada esta sob influencia direta do escoamento de leste do Atlantico Sul, caracterizando a predominancia da massa Tropical Atlantica com caracteristicas quentes e umi;Inverno;;;;;;;;;;;;;;;;;
2023-08-09 00:00:00;Litoral;mEa;A região delimitada no litoral norte/nordeste encontra-se sob domínio da massa Equatorial Atlântica, caracterizada por ventos alísios que transportam umidade e calor para o setor.;Inverno;;;;;;;;;;;;;;;;;
2023-08-09 00:00:00;Centro;mPa;Região sob influência direta de advecção fria pós-frontal, observando-se queda nos valores de temperatura e ponto de orvalho, caracterizando a penetração da massa polar atlântica.;Inverno;;;;;;;;;;;;;;;;;
2023-08-09 00:00:00;Sul;mPa;A região apresenta a incursão de ar frio e seco na retaguarda de um sistema frontal, caracterizando o avanço e domínio da Massa Polar Atlântica sobre o setor.;Inverno;;;;;;;;;;;;;;;;;
2023-08-10 00:00:00;Norte;mEc;Região sob influência da Massa Equatorial Continental, caracterizada por baixas pressões térmicas em área equatorial e ausência de sistemas frontais, mantendo características conve;Inverno;;;;;;;;;;;;;;;;;
2023-08-10 00:00:00;Nordeste;mTa;Região sob influência direta do fluxo de leste-nordeste oriundo do anticiclone subtropical do Atlântico Sul, caracterizando a predominância da massa Tropical Atlântica.;Inverno;;;;;;;;;;;;;;;;;
2023-08-10 00:00:00;Litoral;mTa;Regiao sob influencia direta do fluxo da alta pressao do Atlantico Sul, caracterizando predominio da massa tropical maritima, quente e umida, sobre o litoral do Nordeste.;Inverno;;;;;;;;;;;;;;;;;
2023-08-10 00:00:00;Centro;mPa;Região sob influência de um sistema de alta pressão pós-frontal, com advecção de ar frio vinda do quadrante sul, caracterizando o domínio da massa polar atlântica.;Inverno;;;;;;;;;;;;;;;;;
2023-08-10 00:00:00;Sul;mPa;A região delimitada encontra-se sob sobriedade pós-frontal, com advecção fria e queda nas temperaturas, caracterizando o ingresso de massa de ar frio de origem polar.;Inverno;;;;;;;;;;;;;;;;;
2023-08-11 00:00:00;Norte;mEc;A região delimitada sobre a bacia amazônica apresenta comportamento térmico e de umidade característico da massa Equatorial Continental, sem influência de sistemas extratropicais.;Inverno;;;;;;;;;;;;;;;;;
2023-08-11 00:00:00;Nordeste;mTa;Predominio da massa tropical atlantica na regiao do Nordeste, caracterizada pelo fluxo de leste associado ao transporte de umidade do oceano para o continente.;Inverno;;;;;;;;;;;;;;;;;
2023-08-11 00:00:00;Litoral;mTa;Regiao sob influencia do escoamento de sueste associado ao anticiclone subtropical, caracterizando o dominio da Massa Tropical Atlantica no litoral leste brasileiro.;Inverno;;;;;;;;;;;;;;;;;
2023-08-11 00:00:00;Centro;mTa;Região sob influência direta do fluxo de ar quente e úmido proveniente do Atlântico, configurando a predominância da Massa Tropical Atlântica no Centro do Brasil.;Inverno;;;;;;;;;;;;;;;;;
2023-08-11 00:00:00;Sul;mPa;A região delimitada situa-se sob influência de massa de ar frio e seco, caracterizada pelo gradiente de pressão e posição logo após a passagem da frente fria no setor.;Inverno;;;;;;;;;;;;;;;;;
2023-08-12 00:00:00;Norte;mEc;Região central da Bacia Amazônica sob influência da massa Equatorial Continental, caracterizada pela presença de ar quente e úmido com ausência de influência de sistemas frontais.;Inverno;;;;;;;;;;;;;;;;;
2023-08-12 00:00:00;Nordeste;mTa;Regiao sob influencia direta do fluxo maritimo do quadrante leste, caracterizando a atuacao da massa tropical atlantica, que transporta umidade para o setor costeiro e interior.;Inverno;;;;;;;;;;;;;;;;;
2023-08-12 00:00:00;Litoral;mTa;Região sob influência direta da circulação marítima da alta pressão, caracterizando o transporte de umidade e estabilidade típica da Massa Tropical Atlântica no litoral.;Inverno;;;;;;;;;;;;;;;;;
2023-08-12 00:00:00;Centro;mTa;A região encontra-se sob influência de um campo de alta pressão, caracterizando o domínio da massa tropical atlântica, que mantém o tempo aberto e temperaturas estáveis no setor.;Inverno;;;;;;;;;;;;;;;;;
2023-08-12 00:00:00;Sul;mPa;A região delimitada localiza-se na retaguarda de um sistema frontal, sob forte influência do escoamento de ar frio e seco característico da Massa Polar Atlântica em deslocamento.;Inverno;;;;;;;;;;;;;;;;;
2023-08-13 00:00:00;Norte;mEc;Região central da Bacia Amazônica sob domínio da massa quente e úmida de origem continental, sem influência de sistemas frontais ou de massa polar em baixas latitudes.;Inverno;;;;;;;;;;;;;;;;;
2023-08-13 00:00:00;Nordeste;mTa;Predominio da massa Tropical Atlantica na região, caracterizada pelo fluxo de ar quente e umido transportado pelo regime de ventos de leste influenciado pelo anticiclone subtropica;Inverno;;;;;;;;;;;;;;;;;
2023-08-13 00:00:00;Litoral;mTa;A regiao delimitada encontra-se sob a influencia direta da circulacao oceanica de leste/sudeste associada a alta do Atlantico, caracterizando a predominancia da massa Tropical Atla;Inverno;;;;;;;;;;;;;;;;;
2023-08-13 00:00:00;Centro;mPa;A região delimitada encontra-se sob a influência direta do avanço de uma massa de ar frio e seco, posicionada na retaguarda da frente fria que atua no setor centro-sul do país.;Inverno;;;;;;;;;;;;;;;;;
2023-08-13 00:00:00;Sul;mPa;A região delimitada encontra-se na retaguarda de um sistema frontal, caracterizada por temperaturas mais baixas e entrada de ar frio e úmido de origem polar.;Inverno;;;;;;;;;;;;;;;;;
2023-08-14 00:00:00;Norte;mEc;Regiao sobre a bacia Amazonica apresentando caracteristicas tipicas de ar quente e umido, estavel e sem influencia direta de sistemas frontais ou transicoes de massa no momento.;Inverno;;;;;;;;;;;;;;;;;
2023-08-14 00:00:00;Nordeste;mEa;Região sob domínio da Massa Equatorial Atlântica, caracterizada pelo escoamento constante de ventos alísios que transportam umidade oceânica para o setor litorâneo do Nordeste.;Inverno;;;;;;;;;;;;;;;;;
2023-08-14 00:00:00;Litoral;mEa;A região delimitada no setor leste do Nordeste encontra-se sob influência da Massa Equatorial Atlântica, caracterizada pelo fluxo marítimo quente e úmido dominante na faixa litorân;Inverno;;;;;;;;;;;;;;;;;
2023-08-14 00:00:00;Centro;mPa;A região encontra-se sob influência clara da massa polar atlântica, caracterizada pelo ingresso de ar frio e seco após a passagem de sistema frontal, evidenciado pelas temperaturas;Inverno;;;;;;;;;;;;;;;;;
2023-08-14 00:00:00;Sul;mPa;A região delimitada pelo retângulo vermelho encontra-se sob influência de uma massa de ar polar, evidenciada pelos baixos valores de temperatura e ponto de orvalho pós-frontal.;Inverno;;;;;;;;;;;;;;;;;
2023-08-15 00:00:00;Norte;mEc;Região central da Bacia Amazônica sob domínio característico da Massa Equatorial Continental, apresentando umidade elevada e temperaturas típicas da massa de ar tropical úmida.;Inverno;;;;;;;;;;;;;;;;;
2023-08-15 00:00:00;Nordeste;mTa;Região sob influência direta do fluxo de leste da alta subtropical, caracterizando a atuação da massa tropical marítima com transporte de umidade do Atlântico para o setor.;Inverno;;;;;;;;;;;;;;;;;
2023-08-15 00:00:00;Litoral;mTa;A região destacada está sob a influência do fluxo marítimo do Anticiclone Subtropical do Atlântico Sul, caracterizando a atuação predominante da massa Tropical Atlântica (mTa).;Inverno;;;;;;;;;;;;;;;;;
2023-08-15 00:00:00;Centro;mTa;A região central encontra-se sob influência predominante do fluxo de ar quente e úmido transportado pelo regime de circulação oceânica, caracterizando a atuação da mTa.;Inverno;;;;;;;;;;;;;;;;;
2023-08-15 00:00:00;Sul;mPa;A região delimitada encontra-se sob a influência direta da massa de ar pós-frontal, apresentando valores de temperatura reduzidos e características típicas de estabilidade da mPa.;Inverno;;;;;;;;;;;;;;;;;
2023-08-16 00:00:00;Norte;mEc;A regiao delimitada esta sob influencia da Massa Equatorial Continental, caracterizada por condicoes quentes e umidas tipicas da bacia amazonica, sem interferencia de sistemas fron;Inverno;;;;;;;;;;;;;;;;;
2023-08-16 00:00:00;Nordeste;mTa;A região sob análise é dominada pelo escoamento marítimo de leste/sudeste, sob influência do anticiclone do Atlântico Sul, caracterizando a atuação da massa Tropical Atlântica.;Inverno;;;;;;;;;;;;;;;;;
2023-08-16 00:00:00;Litoral;mTa;Regiao sob influencia direta do fluxo zonal de leste associado a Alta Subtropical do Atlantico Sul, caracterizando o dominio da massa Tropical Atlantica no litoral.;Inverno;;;;;;;;;;;;;;;;;
2023-08-16 00:00:00;Centro;mTa;A região encontra-se sob influência do fluxo equatorial/tropical do Atlântico, caracterizado por temperaturas elevadas e umidade, típico da atuação da mTa sobre o interior do Sudes;Inverno;;;;;;;;;;;;;;;;;
2023-08-16 00:00:00;Sul;mPa;A região delimitada encontra-se sob a influência direta do avanço da massa de ar pós-frontal, caracterizada por temperaturas reduzidas e gradiente de pressão típico de sistemas mPa;Inverno;;;;;;;;;;;;;;;;;
2023-08-17 00:00:00;Norte;mEc;Região sobre a bacia amazônica sob domínio da massa de ar quente e úmida de origem continental, sem influência de sistemas dinâmicos externos neste setor.;Inverno;;;;;;;;;;;;;;;;;
2023-08-17 00:00:00;Nordeste;mTa;A região demarcada apresenta domínio de ar quente e úmido transportado pelos ventos alísios do quadrante leste, característicos da atuação da massa de ar Tropical Atlântica.;Inverno;;;;;;;;;;;;;;;;;
2023-08-17 00:00:00;Litoral;mTa;A regiao delimitada esta sob influencia direta do fluxo da circulacao maritima associada a alta subtropical, caracterizando-se pela massa de ar Tropical Atlantica, quente e umida.;Inverno;;;;;;;;;;;;;;;;;
2023-08-17 00:00:00;Centro;mTc;Região do Chaco sob influência de massa quente e seca, caracterizada por valores elevados de temperatura e baixa umidade, típica da mTc na área delimitada pelo retângulo.;Inverno;;;;;;;;;;;;;;;;;
2023-08-17 00:00:00;Sul;mPa;A região destacada encontra-se sob sob influência de uma massa de ar frio e seco (mPa) em deslocamento após a passagem de sistema frontal, evidenciada por registros térmicos amenos;Inverno;;;;;;;;;;;;;;;;;
2023-08-18 00:00:00;Norte;mEc;Regiao central e norte da Amazonia, com ausência de sistemas frontais, sob forte influência da massa de ar quente e úmida de origem continental, característica da região amazônica.;Inverno;;;;;;;;;;;;;;;;;
2023-08-18 00:00:00;Nordeste;mTa;Região sob influência direta do fluxo de leste da alta pressão subtropical do Atlântico, caracterizando o domínio da massa Tropical Atlântica com características quentes e úmidas.;Inverno;;;;;;;;;;;;;;;;;
2023-08-18 00:00:00;Litoral;mTa;Área sob influência do fluxo de sudeste/leste associado ao escoamento marítimo, caracterizando a presença da Massa Tropical Atlântica nesta porção do litoral.;Inverno;;;;;;;;;;;;;;;;;
2023-08-18 00:00:00;Centro;mTa;Região sob influência da circulação anticiclônica do Atlântico Sul, caracterizando o domínio de uma massa de ar quente e úmida que favorece estabilidade no interior do continente.;Inverno;;;;;;;;;;;;;;;;;
2023-08-18 00:00:00;Sul;mPa;A região delimitada encontra-se sob influência de um sistema frontal, com a massa de ar polar (mPa) avançando sobre o Sul e Sudeste, caracterizada por temperaturas e umidade reduzi;Inverno;;;;;;;;;;;;;;;;;
2023-08-19 00:00:00;Norte;mEc;A regiao delimitada esta sob influencia direta da massa de ar quente e umida caracteristica da Amazonia, mantendo estabilidade termica e umidade elevada na bacia amazonica.;Inverno;;;;;;;;;;;;;;;;;
2023-08-19 00:00:00;Nordeste;mTa;Regiao sob predominio de fluxo de SE/E vindo do Oceano Atlantico, caracterizando a atuacao da massa de ar Tropical Atlantica, quente e umida, sobre o setor nordestino.;Inverno;;;;;;;;;;;;;;;;;
2023-08-19 00:00:00;Litoral;mTa;A região está sob influência direta do escoamento marítimo provindo do fluxo da ASAS, caracterizando a predominância de ar quente e úmido típico da massa tropical atlântica.;Inverno;;;;;;;;;;;;;;;;;
2023-08-19 00:00:00;Centro;mTc;A região central encontra-se sob domínio da massa Tropical Continental, caracterizada por subsidência e estabilidade térmica, típica do interior do continente.;Inverno;;;;;;;;;;;;;;;;;
2023-08-19 00:00:00;Sul;mPa;A região delimitada encontra-se sob domínio de uma massa de ar pós-frontal, caracterizada por temperaturas amenas e subsidência associada ao avanço e estabilização da mPa.;Inverno;;;;;;;;;;;;;;;;;
2023-08-20 00:00:00;Norte;mEc;A região delimitada abrange a bacia amazônica, onde predomina a Massa Equatorial Continental, caracterizada por alta temperatura e umidade, sem a influência direta de sistemas fron;Inverno;;;;;;;;;;;;;;;;;
2023-08-20 00:00:00;Nordeste;mTa;Região sob influência direta do fluxo de leste da alta pressão subtropical do Atlântico Sul, caracterizando o predomínio de ar quente e úmido de origem marítima (mTa).;Inverno;;;;;;;;;;;;;;;;;
2023-08-20 00:00:00;Litoral;mTa;A região delimitada está sob o domínio do fluxo marítimo dos ventos alísios, caracterizando a atuação da massa de ar Tropical Atlântica com transporte de umidade para o setor coste;Inverno;;;;;;;;;;;;;;;;;
2023-08-20 00:00:00;Centro;mPa;A região encontra-se sob influência de uma massa de ar pós-frontal, caracterizada por temperaturas mais amenas e estabilidade térmica típicas da mPa em deslocamento continental.;Inverno;;;;;;;;;;;;;;;;;
2023-08-20 00:00:00;Sul;mPa;A região apresenta o avanço de uma massa de ar frio logo após a passagem da frente, caracterizada pelas baixas temperaturas e umidade no setor Sul do retângulo.;Inverno;;;;;;;;;;;;;;;;;
2023-08-21 00:00:00;Norte;mEc;Regiao central da Amazonia sob influencia da Massa Equatorial Continental, caracterizada por temperaturas elevadas e alta umidade sem presenca de sistemas frontais.;Inverno;;;;;;;;;;;;;;;;;
2023-08-21 00:00:00;Nordeste;mTa;Predominancia da Massa Tropical Atlantica, caracterizada pelo fluxo de sudeste que transporta umidade do oceano para a regiao e define as condicoes termicas e higrometricas do seto;Inverno;;;;;;;;;;;;;;;;;
2023-08-21 00:00:00;Litoral;mTa;O litoral indicado está sob a influência do escoamento marítimo oriundo da alta pressão do Atlântico, configurando a predominância da massa Tropical Atlântica (mTa).;Inverno;;;;;;;;;;;;;;;;;
2023-08-21 00:00:00;Centro;mPa;A região delimitada encontra-se sob a influência do avanço de uma massa de ar frio pós-frontal, caracterizada por temperaturas reduzidas e gradiente térmico típico de incursão pola;Inverno;;;;;;;;;;;;;;;;;
2023-08-21 00:00:00;Sul;mPa;A região delimitada situa-se no setor de retaguarda de um sistema frontal (pós-frontal), caracterizado pela advecção de ar frio e úmido típica da massa polar atlântica.;Inverno;;;;;;;;;;;;;;;;;
2023-08-22 00:00:00;Norte;mEc;A região amazônica encontra-se sob domínio de massas quentes e úmidas de origem continental, características da mEc, que se estabelecem sobre o interior do país.;Inverno;;;;;;;;;;;;;;;;;
2023-08-22 00:00:00;Nordeste;mTa;Regiao sob incidencia de escoamento vindo do quadrante leste, caracteristico da circulacao periferica da alta pressao subtropical, determinando a predominancia da massa Tropical At;Inverno;;;;;;;;;;;;;;;;;
2023-08-22 00:00:00;Litoral;mTa;Regiao sob influencia direta do escoamento provido pela alta pressao do Atlantico Sul, caracterizando a predominancia de massa tropical quente e umida sobre o litoral leste.;Inverno;;;;;;;;;;;;;;;;;
2023-08-22 00:00:00;Centro;mTa;A regiao delimitada esta predominantemente sob influencia da circulacao periferica da alta pressao do Atlantico, caracterizando a presenca predominante da massa Tropical Atlantica.;Inverno;;;;;;;;;;;;;;;;;
2023-08-22 00:00:00;Sul;mPa;A região delimitada encontra-se sob a influência direta do escoamento de uma massa de ar frio e seco, avançando após a passagem de sistema frontal (pós-frontal) no Sul do país.;Inverno;;;;;;;;;;;;;;;;;
2023-08-23 00:00:00;Norte;mEc;A região demarcada compreende a bacia amazônica, onde predomina a massa de ar quente e úmida de origem continental, mantendo características estáveis de temperatura e umidade.;Inverno;;;;;;;;;;;;;;;;;
2023-08-23 00:00:00;Nordeste;mTa;Região sob influência direta da circulação marítima do Atlântico Sul, caracterizando a predominância de ar quente e úmido de origem oceânica sobre o setor.;Inverno;;;;;;;;;;;;;;;;;
2023-08-23 00:00:00;Litoral;mTa;Região sob influência direta do fluxo de sudeste proveniente do anticiclone oceânico, estabilizando condições de umidade e temperatura típicas da massa tropical atlântica.;Inverno;;;;;;;;;;;;;;;;;
2023-08-23 00:00:00;Centro;mTc;Região central sob influência da massa de ar quente e seca continental, caracterizada por subsidência e estabilidade atmosférica, típica deste setor no inverno.;Inverno;;;;;;;;;;;;;;;;;
2023-08-23 00:00:00;Sul;mPa;Observa-se o avanço de uma massa de ar frio logo após a passagem da linha de instabilidade (frente fria), caracterizada pela queda de temperatura e regime de ventos de sul/sudoeste;Inverno;;;;;;;;;;;;;;;;;
2023-08-24 00:00:00;Norte;mEc;A região delimitada abrange a bacia amazônica, onde predomina a Massa Equatorial Continental, caracterizada pela circulação quente e úmida típica desta área tropical continental.;Inverno;;;;;;;;;;;;;;;;;
2023-08-24 00:00:00;Nordeste;mTa;Predominancia de fluxos de leste influenciados pela circulacao maritima, transportando umidade do Atlantico Sul para o interior do Nordeste, caracterizando a atuacao da mTa na regi;Inverno;;;;;;;;;;;;;;;;;
2023-08-24 00:00:00;Litoral;mTa;A região delimitada está sob o domínio do escoamento marítimo tropical, com características de estabilidade e umidade típicas da massa tropical atlântica que atua no setor.;Inverno;;;;;;;;;;;;;;;;;
2023-08-24 00:00:00;Centro;mTc;A região sob o retângulo vermelho está situada no interior do continente, sob influência de estabilidade atmosférica e subsidência, características típicas da massa Tropical Contin;Inverno;;;;;;;;;;;;;;;;;
2023-08-24 00:00:00;Sul;mPa;A região delimitada está sob influência clara de massa de ar pós-frontal, apresentando baixas temperaturas e umidade, características típicas do avanço da mPa pelo Sudeste.;Inverno;;;;;;;;;;;;;;;;;
2023-08-25 00:00:00;Norte;mEc;A região delimitada abrange a bacia amazônica e áreas continentais adjacentes, onde predomina a Massa Equatorial Continental, caracterizada por calor e umidade na ausência de frent;Inverno;;;;;;;;;;;;;;;;;
2023-08-25 00:00:00;Nordeste;mTa;Região sob influência direta do fluxo de leste da alta subtropical, caracterizando o domínio da massa tropical atlântica, quente e úmida, predominando sobre o setor.;Inverno;;;;;;;;;;;;;;;;;
2023-08-25 00:00:00;Litoral;mTa;A área demarcada encontra-se sob domínio da circulação marítima do Atlântico Sul, com escoamento de umidade sobre o continente, caracterizando a atuação predominante da massa Tropi;Inverno;;;;;;;;;;;;;;;;;
2023-08-25 00:00:00;Centro;mTa;A região encontra-se sob influência de um centro de alta pressão, caracterizando o domínio da massa tropical marítima com seu fluxo quente e úmido predominante.;Inverno;;;;;;;;;;;;;;;;;
2023-08-25 00:00:00;Sul;mPa;Regiao sob influencia direta de subsidencia pós-frontal, com adveccao de ar frio e umido, caracteristico da atuacao da massa polar sobre o sul e sudeste brasileiro.;Inverno;;;;;;;;;;;;;;;;;
2023-08-26 00:00:00;Norte;mEc;A região delimitada abrange a bacia amazônica, onde predomina a Massa Equatorial Continental, caracterizada por ar quente e úmido, típica de ambientes equatoriais sem influência de;Inverno;;;;;;;;;;;;;;;;;
2023-08-26 00:00:00;Nordeste;mTa;Regiao sob influencia predominante do fluxo de leste da alta subtropical, caracterizando a presenca da Massa Tropical Atlantica, que transporta umidade e calor sobre o setor nordes;Inverno;;;;;;;;;;;;;;;;;
2023-08-26 00:00:00;Litoral;mTa;Regiao sob influencia direta de circulacao maritima de leste/sudeste, com caracteristicas tropicais maritimas de umidade e temperaturas elevadas, sem influencia de adveccao fria.;Inverno;;;;;;;;;;;;;;;;;
2023-08-26 00:00:00;Centro;mPa;A região apresenta queda de temperatura e regime de ventos de quadrante sul, característicos da incursão de ar polar que sucede a passagem da linha de frente fria.;Inverno;;;;;;;;;;;;;;;;;
2023-08-26 00:00:00;Sul;mPa;A região delimitada encontra-se sob influência direta da massa de ar polar, evidenciada por temperaturas reduzidas e posicionamento a retaguarda da frente fria avançada.;Inverno;;;;;;;;;;;;;;;;;
2023-08-27 00:00:00;Norte;mEc;Regiao central da Amazonia sob dominio de massa de ar quente e umida de origem continental, mantendo caracteristicas termodinamicas tipicas da regiao sem influencia de sistemas fro;Inverno;;;;;;;;;;;;;;;;;
2023-08-27 00:00:00;Nordeste;mTa;A região encontra-se sob influência predominante do fluxo de leste/sudeste associado à massa de ar quente e úmida que adentra o continente pelo oceano.;Inverno;;;;;;;;;;;;;;;;;
2023-08-27 00:00:00;Litoral;mTa;A região delimitada está sob o domínio do escoamento marítimo oriundo do sistema de alta pressão subtropical, caracterizando o predomínio da massa Tropical Atlântica.;Inverno;;;;;;;;;;;;;;;;;
2023-08-27 00:00:00;Centro;mPa;A área delimitada situa-se imediatamente a retaguarda da frente fria, caracterizando o ingresso e persistência da massa de ar polar, com queda das temperaturas e umidade reduzida.;Inverno;;;;;;;;;;;;;;;;;
2023-08-27 00:00:00;Sul;mPa;A região delimitada encontra-se na retaguarda de um sistema frontal, caracterizada pelo ingresso de ar frio e seco, típico da atuação da Massa Polar Atlântica sobre o Sul.;Inverno;;;;;;;;;;;;;;;;;
2023-08-28 00:00:00;Norte;mEc;Regiao central e norte da Amazonia apresentando caracteristicas tipicas de massa equatorial continental, quente e umida, predominante na area interna do continente sem influencias ;Inverno;;;;;;;;;;;;;;;;;
2023-08-28 00:00:00;Nordeste;mTa;Região dominada pelo fluxo de leste marítimo associado à alta pressão do Atlântico, caracterizando a influência da massa Tropical Atlântica quente e úmida sobre o litoral nordestin;Inverno;;;;;;;;;;;;;;;;;
2023-08-28 00:00:00;Litoral;mTa;A regiao delimitada esta sob influencia direta do escoamento do Atlantico Sul, caracterizando um ambiente quente e umido associado a massa Tropical Atlantica.;Inverno;;;;;;;;;;;;;;;;;
2023-08-28 00:00:00;Centro;mPa;A região destacada apresenta o avanço da massa de ar pós-frontal, com queda de temperaturas e ventos do quadrante sul/sudeste, caracterizando a influência direta da mPa.;Inverno;;;;;;;;;;;;;;;;;
2023-08-28 00:00:00;Sul;mPa;A região delimitada sofre influência direta da retaguarda de um sistema frontal, caracterizada pelo ingresso de ar frio e úmido, evidenciada pelos valores térmicos reduzidos.;Inverno;;;;;;;;;;;;;;;;;
2023-08-29 00:00:00;Norte;mEc;Regiao central e norte da Amazonia sob dominio da massa equatorial continental, caracterizada pelo ar quente e umido, sem influencia direta de sistemas frontais ou circulação marit;Inverno;;;;;;;;;;;;;;;;;
2023-08-29 00:00:00;Nordeste;mTa;Predominância de escoamento marítimo quente e úmido sobre a região Nordeste, característico da atuação da massa tropical atlântica que avança do oceano para o continente.;Inverno;;;;;;;;;;;;;;;;;
2023-08-29 00:00:00;Litoral;mTa;Regiao sob influencia do escoamento de um sistema de alta pressao no Atlantico Sul, caracterizando o predominio de massa de ar tropical maritima quente e umida no setor delimitado.;Inverno;;;;;;;;;;;;;;;;;
2023-08-29 00:00:00;Centro;mPa;Região central sob influência de massa de ar frio e seco, evidenciada pela queda das temperaturas e gradiente de pressão posterior à passagem da frente fria.;Inverno;;;;;;;;;;;;;;;;;
2023-08-29 00:00:00;Sul;mPa;A região delimitada encontra-se sob influência de massa de ar frio e seco, caracterizada pelo ingresso de ar polar após a passagem de sistema frontal, evidenciado pelas baixas temp;Inverno;;;;;;;;;;;;;;;;;
2023-08-30 00:00:00;Norte;mEc;Regiao caracterizada por elevada temperatura e umidade, com ausencia de sistemas frontais, denotando o predominio absoluto da massa de ar quente e umida de origem amazonica.;Inverno;;;;;;;;;;;;;;;;;
2023-08-30 00:00:00;Nordeste;mTa;Predominância da Massa Tropical Atlântica, refletindo o fluxo de leste-sudeste associado ao escoamento da alta pressão subtropical do Atlântico Sul sobre o setor nordestino.;Inverno;;;;;;;;;;;;;;;;;
2023-08-30 00:00:00;Litoral;mTa;A região delimitada está sob forte influência do escoamento marítimo associado aos ventos alísios e circulacão anticiclônica oceânica, caracterizando a predominância da mTa.;Inverno;;;;;;;;;;;;;;;;;
2023-08-30 00:00:00;Centro;mTa;A região encontra-se submetida ao fluxo de norte/nordeste proveniente da periferia da ASAS, caracterizando o domínio da massa tropical atlântica, favorecendo o transporte de umidad;Inverno;;;;;;;;;;;;;;;;;
2023-08-30 00:00:00;Sul;mPa;A região delimitada encontra-se na retaguarda de um sistema frontal, caracterizada por temperaturas mais baixas e fluxo de sul, típicas do avanço da massa de ar polar.;Inverno;;;;;;;;;;;;;;;;;
2023-08-31 00:00:00;Norte;mEc;Região central da América do Sul sob influência da Massa Equatorial Continental, caracterizada por temperaturas elevadas e sem a presença de frentes frias ou sistemas dinâmicos.;Inverno;;;;;;;;;;;;;;;;;
2023-08-31 00:00:00;Nordeste;mTa;Predominam condições de estabilidade e temperaturas elevadas sob influência direta do escoamento marítimo de leste, característico da massa tropical atlântica que ocupa o setor.;Inverno;;;;;;;;;;;;;;;;;
2023-08-31 00:00:00;Litoral;mTa;A região delimitada está sob o domínio do fluxo marítimo da alta pressão subtropical do Atlântico Sul, caracterizando a presença da Massa Tropical Atlântica (mTa).;Inverno;;;;;;;;;;;;;;;;;
2023-08-31 00:00:00;Centro;mTc;A região central encontra-se sob domínio da mTc, caracterizada por altas temperaturas, baixa umidade e estabilidade atmosférica, típica do interior do continente.;Inverno;;;;;;;;;;;;;;;;;
2023-08-31 00:00:00;Sul;mPa;A região delimitada encontra-se sob influência de massa de ar frio e úmido após a passagem de uma frente fria, caracterizada por temperaturas reduzidas e circulação pós-frontal.;Inverno;;;;;;;;;;;;;;;;;
2023-09-01 00:00:00;Norte;mEc;A região delimitada abrange a bacia amazônica, onde predomina a Massa Equatorial Continental, caracterizada por altas temperaturas e elevada umidade, típica da dinâmica continental;Inverno;;;;;;;;;;;;;;;;;
2023-09-01 00:00:00;Nordeste;mTa;A região delimitada está sob forte influência do fluxo marítimo de sudeste, característico da Massa Tropical Atlântica, que predomina sobre o setor leste/nordeste do Brasil.;Inverno;;;;;;;;;;;;;;;;;
2023-09-01 00:00:00;Litoral;mTa;A regiao apresenta caracteristicas de escoamento maritimo quente e umido, sob influencia direta do fluxo tropical do Atlantico que predomina na costa leste brasileira.;Inverno;;;;;;;;;;;;;;;;;
2023-09-01 00:00:00;Centro;mTc;A região central apresenta valores de temperatura elevados e umidade reduzida, características típicas da atuação da massa de ar tropical continental sobre o interior do Brasil.;Inverno;;;;;;;;;;;;;;;;;
2023-09-01 00:00:00;Sul;mPa;A região apresenta características de subsidência e queda nas temperaturas logo após a passagem da frente fria, evidenciando o domínio da massa de ar polar no setor sul.;Inverno;;;;;;;;;;;;;;;;;
2023-09-02 00:00:00;Norte;mEc;A regiao delimitada esta sob influencia direta da circulacao amazonica, caracterizando o dominio da Massa Equatorial Continental, que apresenta elevadas temperaturas e umidade.;Inverno;;;;;;;;;;;;;;;;;
2023-09-02 00:00:00;Nordeste;mTa;Região do Nordeste sob influência predominante do fluxo de leste, caracterizando a massa tropical marítima que transporta umidade do oceano para o continente.;Inverno;;;;;;;;;;;;;;;;;
2023-09-02 00:00:00;Litoral;mTa;A região delimitada está sob forte influência do fluxo marítimo do Atlântico Sul, característico da massa tropical atlântica, garantindo condições de alta umidade no litoral.;Inverno;;;;;;;;;;;;;;;;;
2023-09-02 00:00:00;Centro;mTa;Regiao sob influencia do escoamento do quadrante norte/nordeste associado ao escoamento periferico da ASAS, caracterizando o dominio da Massa Tropical Atlantica.;Inverno;;;;;;;;;;;;;;;;;
2023-09-02 00:00:00;Sul;mPa;A região delimitada encontra-se sob a influência direta do avanço de uma massa de ar pós-frontal, caracterizada por temperaturas mais baixas e declínio acentuado de pressão.;Inverno;;;;;;;;;;;;;;;;;
2023-09-03 00:00:00;Norte;mEc;A regiao delimitada esta sob a influencia exclusiva da massa equatorial continental, caracterizada pelas altas temperaturas e umidade tipicas do interior da Amazonia.;Inverno;;;;;;;;;;;;;;;;;
2023-09-03 00:00:00;Nordeste;mTa;Predominância da massa Tropical Atlântica, caracterizada pelo escoamento de leste/sudeste associado à circulação marítima, mantendo o tempo quente e úmido no setor nordestino.;Inverno;;;;;;;;;;;;;;;;;
2023-09-03 00:00:00;Litoral;mTa;A área delimitada no litoral leste do Brasil encontra-se sob influência da circulação do sistema de alta pressão oceânico, caracterizando o predomínio da mTa.;Inverno;;;;;;;;;;;;;;;;;
2023-09-03 00:00:00;Centro;mTc;A região central delimitada encontra-se sob influência de subsidência e aquecimento advectivo característicos da mTc, mantendo tempo estável e seco na área de depressão continental;Inverno;;;;;;;;;;;;;;;;;
2023-09-03 00:00:00;Sul;mPa;A região encontra-se submetida ao fluxo pós-frontal impulsionado pelo centro de alta pressão, caracterizando a incursão e predomínio da massa de ar polar (mPa) no setor.;Inverno;;;;;;;;;;;;;;;;;
2023-09-04 00:00:00;Norte;mEc;A região apresenta características típicas da bacia amazônica, com predomínio de alta umidade, temperaturas elevadas e ausência de sistemas frontais, consolidando a influência da m;Inverno;;;;;;;;;;;;;;;;;
2023-09-04 00:00:00;Nordeste;mTa;A região demarcada encontra-se sob domínio direto do fluxo marítimo de sudeste, característico da massa tropical atlântica, apresentando umidade e estabilidade térmica típicas.;Inverno;;;;;;;;;;;;;;;;;
2023-09-04 00:00:00;Litoral;mTa;Regiao sob influencia do escoamento maritimo associado ao sistema de alta pressao do Atlantico Sul, caracterizando a presenca predominante da Massa Tropical Atlantica.;Inverno;;;;;;;;;;;;;;;;;
2023-09-04 00:00:00;Centro;mTa;Região central sob influência da circulação da Alta Subtropical do Atlântico Sul, caracterizada pela predominância de ar quente e úmido transportado do oceano para o continente.;Inverno;;;;;;;;;;;;;;;;;
2023-09-04 00:00:00;Sul;mPa;A regiao delimitada esta sob a influencia direta da circulacao de um sistema frontal, com caracteristicas de ar frio e umido advectado pela massa polar atlantica que avanca pelo Su;Inverno;;;;;;;;;;;;;;;;;
2023-09-05 00:00:00;Norte;mEc;A região delimitada compreende a bacia amazônica e áreas adjacentes, onde a massa de ar quente e úmida de origem continental predomina sem influência de sistemas frontais.;Inverno;;;;;;;;;;;;;;;;;
2023-09-05 00:00:00;Nordeste;mTa;Predominância da Massa Tropical Atlântica, caracterizada pelo fluxo zonal do leste que mantém o transporte de umidade e estabilidade sobre a região Nordeste sob influência do antic;Inverno;;;;;;;;;;;;;;;;;
2023-09-05 00:00:00;Litoral;mTa;Regiao sob influencia do fluxo marítimo da alta subtropical, caracterizando a atuação da massa tropical atlântica, quente e úmida, predominante no litoral do Nordeste brasileiro.;Inverno;;;;;;;;;;;;;;;;;
2023-09-05 00:00:00;Centro;mPa;A regiao delimitada encontra-se sob a influência direta do avanço da massa de ar polar (mPa), evidenciado pela configuração pós-frontal e queda nas temperaturas em superfície.;Inverno;;;;;;;;;;;;;;;;;
2023-09-05 00:00:00;Sul;mPa;Observa-se o avanço de um sistema frontal com fluxo de ar frio e seco ingressando na retaguarda pela região Sul do Brasil, caracterizando o predomínio da Massa Polar Atlântica.;Inverno;;;;;;;;;;;;;;;;;
2023-09-06 00:00:00;Norte;mEc;A regiao delimitada esta sob influencia da Massa Equatorial Continental, caracterizada por condicoes de calor e alta umidade tipicas da bacia amazonica.;Inverno;;;;;;;;;;;;;;;;;
2023-09-06 00:00:00;Nordeste;mTa;A região encontra-se submetida ao fluxo de leste da alta pressão subtropical do Atlântico Sul, caracterizando a predominância da massa tropical atlântica, quente e úmida.;Inverno;;;;;;;;;;;;;;;;;
2023-09-06 00:00:00;Litoral;mTa;Regiao sob incidencia de fluxo de transporte de umidade do oceano, caracterizando o dominio da Massa Tropical Atlantica, com predominio de tempo quente e umido na costa.;Inverno;;;;;;;;;;;;;;;;;
2023-09-06 00:00:00;Centro;mTc;Predominância em área continental interna, caracterizada por temperaturas altas e baixa umidade relativa, típica da depressão do Chaco e regiões adjacentes.;Inverno;;;;;;;;;;;;;;;;;
2023-09-06 00:00:00;Sul;mPa;A região apresenta características de ar frio e seco, com temperaturas e pontos de orvalho reduzidos, indicando a predominância da mPa após a passagem de sistema frontal.;Inverno;;;;;;;;;;;;;;;;;
2023-09-07 00:00:00;Norte;mEc;Região sob influência da circulação equatorial continental, caracterizada por alta umidade e temperaturas elevadas prevalecentes sobre a bacia amazônica.;Inverno;;;;;;;;;;;;;;;;;
2023-09-07 00:00:00;Nordeste;mTa;Região do Nordeste sob influência predominante do fluxo de leste da circulação da ASAS, transportando ar quente e úmido do Oceano Atlântico em direção ao continente.;Inverno;;;;;;;;;;;;;;;;;
2023-09-07 00:00:00;Litoral;mTa;A região delimitada está sob a influência do fluxo marítimo da alta pressão subtropical, caracterizando o predomínio de ar quente e úmido com origem oceânica.;Inverno;;;;;;;;;;;;;;;;;
2023-09-07 00:00:00;Centro;mTa;Area sob influencia do escoamento anticlonal maritimo, caracterizando o transporte de umidade e calor sobre o setor central do Brasil, estabelecendo a predominancia da mTa.;Inverno;;;;;;;;;;;;;;;;;
2023-09-07 00:00:00;Sul;mPa;A região delimitada encontra-se na retaguarda de um sistema frontal, sob forte influência da massa de ar polar, evidenciada pelos gradientes de pressão e temperaturas mais baixas.;Inverno;;;;;;;;;;;;;;;;;
2023-09-08 00:00:00;Norte;mEc;Predominio da massa equatorial continental sobre a regiao Amazonica, caracterizada pelo ar quente e umido, sem influencia de adveccao fria ou sistemas de pressao oceanicos.;Inverno;;;;;;;;;;;;;;;;;
2023-09-08 00:00:00;Nordeste;mTa;A região sob análise é influenciada predominantemente por características de estabilidade e fluxo marítimo típicos da massa tropical atlântica, favorecendo o transporte de umidade.;Inverno;;;;;;;;;;;;;;;;;
2023-09-08 00:00:00;Litoral;mTa;A região delimitada está sob influência do fluxo equatorial/tropical marítimo associado ao sistema de alta pressão extratropical, caracterizando a atuação da mTa.;Inverno;;;;;;;;;;;;;;;;;
2023-09-08 00:00:00;Centro;mTc;Região situada no interior continental, sob influência de condições térmicas elevadas características da massa tropical continental (mTc), predominante no setor do chaco.;Inverno;;;;;;;;;;;;;;;;;
2023-09-08 00:00:00;Sul;mPa;A região delimitada encontra-se na retaguarda de um sistema frontal, caracterizada pela incursão de ar frio e seco, típico da atuação da Massa Polar Atlântica sobre o setor.;Inverno;;;;;;;;;;;;;;;;;
2023-09-09 00:00:00;Norte;mEc;Regiao central e norte da Amazonia sob influencia da Massa Equatorial Continental, caracterizada por altas temperaturas e elevada umidade, sem interferencia de sistemas frontais.;Inverno;;;;;;;;;;;;;;;;;
2023-09-09 00:00:00;Nordeste;mTa;Predominância da Massa Tropical Atlântica, caracterizada pelo fluxo quente e úmido vindo do oceano sobre a região Nordeste sob influência de circulação anticiclônica.;Inverno;;;;;;;;;;;;;;;;;
2023-09-09 00:00:00;Litoral;mTa;A região delimitada está sob forte influência do escoamento marítimo associado ao sistema de alta pressão oceânico, caracterizando o predomínio da massa Tropical Atlântica.;Inverno;;;;;;;;;;;;;;;;;
2023-09-09 00:00:00;Centro;mPa;A região delimitada apresenta o avanço de uma massa de ar polar, caracterizada por gradiente de pressão e declínio térmico após a passagem de sistema frontal pelo Sudeste/Centro-Oe;Inverno;;;;;;;;;;;;;;;;;
2023-09-09 00:00:00;Sul;mPa;A região delimitada encontra-se atrás de um sistema frontal em deslocamento, caracterizando a entrada e a persistência da massa de ar frio e úmido de origem polar.;Inverno;;;;;;;;;;;;;;;;;
2023-09-10 00:00:00;Norte;mEc;A região delimitada compreende a bacia amazônica. A área apresenta características térmicas e de umidade típicas da massa Equatorial Continental, sem influência de sistemas frontai;Inverno;;;;;;;;;;;;;;;;;
2023-09-10 00:00:00;Nordeste;mTa;A região encontra-se sob o fluxo do escoamento de leste e sudeste, característico da circulação periférica da alta pressão sobre o Atlântico, sendo dominada pela mTa.;Inverno;;;;;;;;;;;;;;;;;
2023-09-10 00:00:00;Litoral;mTa;Area sob influencia do fluxo maritimo do quadrante leste, caracterizando a atuacao estavel da Massa Tropical Atlantica sobre o litoral do Nordeste brasileiro.;Inverno;;;;;;;;;;;;;;;;;
2023-09-10 00:00:00;Centro;mTc;A região apresenta características de subsidência e temperaturas elevadas típicas do interior do continente, sob influência da massa Tropical Continental na depressão do Chaco.;Inverno;;;;;;;;;;;;;;;;;
2023-09-10 00:00:00;Sul;mPa;A região delimitada está sob influência da circulação pós-frontal, evidenciada pela advecção fria e queda das temperaturas, caracterizando a atuação da massa de ar polar.;Inverno;;;;;;;;;;;;;;;;;
2023-09-11 00:00:00;Norte;mEc;A região delimitada abrange a bacia amazônica, onde predomina uma massa de ar quente e úmida, característica da mEc, consolidada pela ausência de perturbações frontais na área.;Inverno;;;;;;;;;;;;;;;;;
2023-09-11 00:00:00;Nordeste;mTa;Regiao sob influencia do escoamento de leste-sudeste proveniente do Atlantico Sul, caracterizando a predominancia da massa Tropical Atlantica no setor costeiro e interior adjacente;Inverno;;;;;;;;;;;;;;;;;
2023-09-11 00:00:00;Litoral;mTa;A região delimitada está sob forte influência do escoamento marítimo associado à alta pressão do Atlântico Sul, caracterizando a predominância da Massa Tropical Atlântica (mTa).;Inverno;;;;;;;;;;;;;;;;;
2023-09-11 00:00:00;Centro;mTc;A região central encontra-se sob domínio da mTc, caracterizada por baixas pressões relativas, tempo seco e temperaturas elevadas no interior do continente sul-americano.;Inverno;;;;;;;;;;;;;;;;;
2023-09-11 00:00:00;Sul;mPa;A região apresenta temperaturas amenas e valores de ponto de orvalho condizentes com a retaguarda de um sistema frontal, caracterizando a influência da massa de ar polar.;Inverno;;;;;;;;;;;;;;;;;
2023-09-12 00:00:00;Norte;mEc;Região localizada sobre a bacia amazônica, caracterizada por altas temperaturas e elevada umidade, sob predomínio da massa de ar equatorial continental.;Inverno;;;;;;;;;;;;;;;;;
2023-09-12 00:00:00;Nordeste;mTa;Região sob influência predominante do fluxo de leste e sudeste, característico do transporte de umidade da massa Tropical Atlântica que adentra o litoral e interior do Nordeste.;Inverno;;;;;;;;;;;;;;;;;
2023-09-12 00:00:00;Litoral;mTa;Região sob influência direta do escoamento marítimo de leste, caracterizado pelo transporte de umidade e calor oceânico, mantendo as condições típicas da massa tropical atlântica.;Inverno;;;;;;;;;;;;;;;;;
2023-09-12 00:00:00;Centro;mTc;Região do Brasil Central sob forte influência da massa de ar quente e seca, caracterizada por baixos valores de umidade e ausência de sistemas frontais atuantes no setor.;Inverno;;;;;;;;;;;;;;;;;
2023-09-12 00:00:00;Sul;mPa;A região delimitada encontra-se na retaguarda de uma frente fria e sob influência direta do centro de alta pressão migratório, caracterizando o ingresso de ar frio e úmido da mPa.;Inverno;;;;;;;;;;;;;;;;;
2023-09-13 00:00:00;Norte;mEc;A regiao delimitada esta sob influencia direta da massa de ar quente e umida caracteristica da Amazonia, mantendo estabilidade termica e elevada umidade no setor continental norte.;Inverno;;;;;;;;;;;;;;;;;
2023-09-13 00:00:00;Nordeste;mTa;A região esta sob a influencia direta do escoamento de leste do Atlantico Sul, caracterizando a predominancia da massa Tropical Atlantica em todo o setor Nordeste.;Inverno;;;;;;;;;;;;;;;;;
2023-09-13 00:00:00;Litoral;mTa;Regiao sob dominio da circulacao maritima associada a alta pressao do Atlantico Sul, caracterizando o fluxo persistente de ar quente e umido sobre o litoral leste brasileiro.;Inverno;;;;;;;;;;;;;;;;;
2023-09-13 00:00:00;Centro;mTa;Região sob influência direta do fluxo marítimo do Atlântico, caracterizada por temperaturas amenas e umidade proveniente da circulação anticiclônica oceânica dominante no quadrante;Inverno;;;;;;;;;;;;;;;;;
2023-09-13 00:00:00;Sul;mPa;A regiao delimitada esta sob influencia direta do avancamento de uma massa de ar polar, evidenciado pelas baixas temperaturas e umidade na retaguarda da frente fria.;Inverno;;;;;;;;;;;;;;;;;
2023-09-14 00:00:00;Norte;mEc;Regiao situada sobre o dominio da Amazonia, apresentando caracteristicas tipicas de massa quente e umida, sem influencia de sistemas frontais ou circulação polar.;Inverno;;;;;;;;;;;;;;;;;
2023-09-14 00:00:00;Nordeste;mTa;A regiao delimitada esta sob influencia direta do fluxo maritimo oriundo do oceano Atlantico, caracterizando a atuacao predominante da Massa Tropical Atlantica (mTa).;Inverno;;;;;;;;;;;;;;;;;
2023-09-14 00:00:00;Litoral;mTa;Regiao sob influencia do escoamento do Atlantico Sul, apresentando caracteristicas tipicas de massa quente e umida predominante na costa leste brasileira.;Inverno;;;;;;;;;;;;;;;;;
2023-09-14 00:00:00;Centro;mPa;A região encontra-se no setor de retaguarda de um sistema frontal, caracterizado pelo escoamento de ar mais frio e denso típico da incursão da massa polar pelo interior do Brasil.;Inverno;;;;;;;;;;;;;;;;;
2023-09-14 00:00:00;Sul;mPa;A região delimitada encontra-se na retaguarda de um sistema frontal, caracterizada pela presença de ar frio e seco típico da mPa, apresentando temperaturas reduzidas.;Inverno;;;;;;;;;;;;;;;;;
2023-09-15 00:00:00;Norte;mEc;A regiao delimitada esta sob influencia direta da circulacao continental da Amazonia, caracterizada por ar quente e umido, tipico da massa Equatorial Continental.;Inverno;;;;;;;;;;;;;;;;;
2023-09-15 00:00:00;Nordeste;mTa;Regiao sob influencia direta do fluxo de escoamento maritimo associado ao sistema de alta pressao do Atlantico Sul, caracterizando a predominancia de massa tropical atlantica.;Inverno;;;;;;;;;;;;;;;;;
2023-09-15 00:00:00;Litoral;mTa;Dominio do fluxo de leste-sudeste associado a ASAS, mantendo o litoral sob influencia de ar quente e umido de origem maritima com gradiente de pressao estavel.;Inverno;;;;;;;;;;;;;;;;;
2023-09-15 00:00:00;Centro;mPa;A região apresenta o avanço e a estabilização de uma massa de ar frio e úmido após a passagem de uma frente fria, caracterizada por ventos do quadrante sul e temperaturas amenas.;Inverno;;;;;;;;;;;;;;;;;
2023-09-15 00:00:00;Sul;mPa;A região apresenta declínio térmico e gradiente de alta pressão posicionado ao sul e sudeste, caracterizando o avanço e domínio da Massa Polar Atlântica.;Inverno;;;;;;;;;;;;;;;;;
2023-09-16 00:00:00;Norte;mEc;Região sob influência direta da Massa Equatorial Continental, caracterizada por alta umidade e temperaturas elevadas típicas do interior da Amazônia.;Inverno;;;;;;;;;;;;;;;;;
2023-09-16 00:00:00;Nordeste;mTa;Predominância da Massa Tropical Atlântica, caracterizada pelo fluxo marítimo de sudeste integrado ao regime de ventos alísios e à influência da ASAS sobre a região Nordeste.;Inverno;;;;;;;;;;;;;;;;;
2023-09-16 00:00:00;Litoral;mTa;A regiao delimitada esta sob influencia direta do fluxo zonal de leste da alta pressao do Atlantico Sul, caracterizando a predominancia de massa de ar Tropical Atlantica (mTa).;Inverno;;;;;;;;;;;;;;;;;
2023-09-16 00:00:00;Centro;mTc;A região central encontra-se sob domínio de ar quente e seco de origem continental, característico da atuação da massa Tropical Continental sobre o interior do Brasil.;Inverno;;;;;;;;;;;;;;;;;
2023-09-16 00:00:00;Sul;mPa;A região delimitada encontra-se sob influência de um sistema frontal em deslocamento, com a incursão característica de ar frio e úmido na retaguarda do sistema.;Inverno;;;;;;;;;;;;;;;;;
2023-09-17 00:00:00;Norte;mEc;A região delimitada abrange a bacia amazônica, onde o predomínio de baixas pressões e elevadas temperaturas caracteriza a atuação da Massa Equatorial Continental (mEc).;Inverno;;;;;;;;;;;;;;;;;
2023-09-17 00:00:00;Nordeste;mTa;Regiao sob influencia predominante do fluxo de aliseis do anticiclone subtropical do Atlantico Sul, caracterizando o dominio da Massa Tropical Atlantica.;Inverno;;;;;;;;;;;;;;;;;
2023-09-17 00:00:00;Litoral;mTa;A região do litoral delimitada permanece sob influência direta do fluxo de leste da alta pressão subtropical, caracterizando o predomínio da massa Tropical Atlântica (mTa).;Inverno;;;;;;;;;;;;;;;;;
2023-09-17 00:00:00;Centro;mTc;Predominancia da mTc sobre o interior do continente, caracterizada por baixos indices de umidade e temperaturas elevadas nesta regiao da depressao do Chaco e centro do Brasil.;Inverno;;;;;;;;;;;;;;;;;
2023-09-17 00:00:00;Sul;mPa;A região demarcada apresenta entrada de ar frio e seco após a passagem de sistema frontal, evidenciado pelas condições sinóticas de retaguarda que caracterizam o domínio da mPa.;Inverno;;;;;;;;;;;;;;;;;
2023-09-18 00:00:00;Norte;mEc;A regiao delimitada esta sob influencia da Massa Equatorial Continental, caracterizada por alta umidade e temperaturas elevadas, predominante sobre a bacia Amazonica.;Inverno;;;;;;;;;;;;;;;;;
2023-09-18 00:00:00;Nordeste;mTa;A região sob análise é influenciada pelo fluxo de leste da alta pressão subtropical do Atlântico Sul, caracterizando o predomínio da massa Tropical Atlântica (mTa) quente e úmida.;Inverno;;;;;;;;;;;;;;;;;
2023-09-18 00:00:00;Litoral;mTa;Região litorânea sob influência direta do fluxo de sudeste-leste do Atlântico Tropical, caracterizando o domínio da massa Tropical Atlântica (mTa) com características de umidade.;Inverno;;;;;;;;;;;;;;;;;
2023-09-18 00:00:00;Centro;mTc;A região central delimitada encontra-se sob influência de subsidência e aquecimento característicos da massa Tropical Continental, mantendo estabilidade atmosférica no setor.;Inverno;;;;;;;;;;;;;;;;;
2023-09-18 00:00:00;Sul;mPa;A região delimitada encontra-se sob a influência direta do avanço de uma massa de ar frio, posicionada logo atrás da frente fria identificada no setor.;Inverno;;;;;;;;;;;;;;;;;
2023-09-19 00:00:00;Norte;mEc;Dominio da massa equatorial continental sobre a regiao Amazonica, caracterizada por temperaturas elevadas e alta umidade, sem interferencia de sistemas frontais polares.;Inverno;;;;;;;;;;;;;;;;;
2023-09-19 00:00:00;Nordeste;mTa;A regiao delimitada esta sob influencia direta do escoamento de leste-sudeste proveniente do Atlantico Sul, caracterizando a predominancia da Massa Tropical Atlantica (mTa).;Inverno;;;;;;;;;;;;;;;;;
2023-09-19 00:00:00;Litoral;mTa;Predominancia da mTa sobre o litoral nordestino, caracterizada por transporte de umidade em baixos niveis sob a influencia do escoamento do anticiclone subtropical do Atlantico.;Inverno;;;;;;;;;;;;;;;;;
2023-09-19 00:00:00;Centro;mTc;À época da análise, a região central do Brasil apresenta características de subsidência e ar seco, típicas da massa Tropical Continental sobre o continente.;Inverno;;;;;;;;;;;;;;;;;
2023-09-19 00:00:00;Sul;mPa;Identificada a entrada de ar frio e seco após a passagem de sistema frontal, evidenciada pelos valores de temperatura e ponto de orvalho reduzidos na região sul do retângulo.;Inverno;;;;;;;;;;;;;;;;;
2023-09-20 00:00:00;Norte;mEc;A região amazônica apresenta características térmicas e de umidade típicas de origem continental, sob predomínio da massa Equatorial Continental, sem influência de sistemas frontai;Inverno;;;;;;;;;;;;;;;;;
2023-09-20 00:00:00;Nordeste;mTa;Predomínio da mTa na região, caracterizada pela circulação marítima quente e úmida sob influência do escoamento da alta pressão subtropical do Atlântico Sul no setor costeiro e int;Inverno;;;;;;;;;;;;;;;;;
2023-09-20 00:00:00;Litoral;mTa;Regiao sob influencia do fluxo marítimo do quadrante leste, característico da massa Tropical Atlântica que domina o setor costeiro do Nordeste/Sudeste brasileiro.;Inverno;;;;;;;;;;;;;;;;;
2023-09-20 00:00:00;Centro;mTa;A regiao delimitada esta sob influencia direta do fluxo marítimo do Atlantico Sul, caracterizando a predominancia da massa de ar Tropical Atlantica (mTa) sobre o interior do Brasil;Inverno;;;;;;;;;;;;;;;;;
2023-09-20 00:00:00;Sul;mPa;A região sul encontra-se sob influência de massa de ar frio e seco (mPa), evidenciado pelas baixas temperaturas e gradiente de pressão característicos pós-passagem de frente fria.;Inverno;;;;;;;;;;;;;;;;;
2023-09-21 00:00:00;Norte;mEc;Zona de atuação profunda sobre a bacia amazônica, caracterizada por altas temperaturas e elevada umidade, típica da massa equatorial continental predominante na região central.;Inverno;;;;;;;;;;;;;;;;;
2023-09-21 00:00:00;Nordeste;mTa;Predominancia da Massa Tropical Atlantica sobre o setor, caracterizada pela estabilidade e umidade advindas do escoamento zonal oriundo do oceano, influenciando o litoral e interio;Inverno;;;;;;;;;;;;;;;;;
2023-09-21 00:00:00;Litoral;mTa;Região sob influência direta da circulação marítima da alta pressão, caracterizando o transporte de ar quente e úmido sobre o litoral do Nordeste.;Inverno;;;;;;;;;;;;;;;;;
2023-09-21 00:00:00;Centro;mTa;A região delimitada encontra-se sob influência da circulação anticiclônica do Atlântico Sul, caracterizando o predomínio da Massa Tropical Atlântica (mTa) com transporte de umidade;Inverno;;;;;;;;;;;;;;;;;
2023-09-21 00:00:00;Sul;mPa;A região delimitada situa-se na retaguarda de um sistema frontal, apresentando temperaturas e pontos de orvalho condizentes com a atuação de uma Massa Polar Atlântica.;Inverno;;;;;;;;;;;;;;;;;
2023-09-22 00:00:00;Norte;mEc;A regiao delimitada esta sob o dominio estavel da massa de ar quente e umida de origem equatorial continental, caracteristica da bacia amazonica nesta configuracao atmosferica.;Inverno;;;;;;;;;;;;;;;;;
2023-09-22 00:00:00;Nordeste;mTa;Predominancia da mTa sobre o Nordeste, evidenciada pela circulacao do anticiclone subtropical sobre o Atlantico Sul, impondo fluxo quente e umido sobre o litoral e interior da regi;Inverno;;;;;;;;;;;;;;;;;
2023-09-22 00:00:00;Litoral;mTa;Predominância de escoamento marítimo associado ao anticiclone do Atlântico Sul, caracterizando a atuação da massa Tropical Atlântica no litoral do Nordeste brasileiro.;Inverno;;;;;;;;;;;;;;;;;
2023-09-22 00:00:00;Centro;mTa;A região encontra-se sob o quadrante noroeste de um sistema de alta pressão oceânico, favorecendo o transporte de ar quente e úmido sobre o setor central do Brasil.;Inverno;;;;;;;;;;;;;;;;;
2023-09-22 00:00:00;Sul;mPa;A região delimitada encontra-se sob influência imediata do avanço de ar polar na retaguarda de um sistema frontal, caracterizado por temperaturas mais baixas e ventos do quadrante ;Inverno;;;;;;;;;;;;;;;;;
2023-09-23 00:00:00;Norte;mEc;Região situada na bacia Amazônica central, sob influência direta e exclusiva da Massa Equatorial Continental, caracterizada por ar quente e alta umidade, sem interferência de outro;Primavera;;;;;;;;;;;;;;;;;
2023-09-23 00:00:00;Nordeste;mTa;Predominância de escoamento marítimo quente e úmido sob influência do Anticiclone Subtropical do Atlântico Sul, caracterizando o domínio da massa Tropical Atlântica na região.;Primavera;;;;;;;;;;;;;;;;;
2023-09-23 00:00:00;Litoral;mTa;O setor delimitado encontra-se sob domínio do escoamento marítimo associado à circulação anticiclônica do Atlântico Sul, configurando o predomínio de características da mTa.;Primavera;;;;;;;;;;;;;;;;;
2023-09-23 00:00:00;Centro;mTc;A região do Centro-Oeste brasileiro apresenta altas temperaturas e baixa umidade, características típicas da massa de ar tropical continental que atua sobre o interior do continent;Primavera;;;;;;;;;;;;;;;;;
2023-09-23 00:00:00;Sul;mPa;A região encontra-se na retaguarda de sistema frontal que avançou para o oceano, caracterizando o ingresso de ar frio e seco, típico da massa polar atlântica sobre o Sul.;Primavera;;;;;;;;;;;;;;;;;
2023-09-24 00:00:00;Norte;mEc;Região centrada sobre a bacia amazônica e interior do continente. A ausência de frentes ou influência marítima direta caracteriza a dominância da massa de ar quente e úmida equator;Primavera;;;;;;;;;;;;;;;;;
2023-09-24 00:00:00;Nordeste;mTa;Predominio da massa tropical atlantica na regiao nordeste, refletindo características de ar quente e umido sob influencia direta do escoamento do anticiclone subtropical.;Primavera;;;;;;;;;;;;;;;;;
2023-09-24 00:00:00;Litoral;mTa;A região delimitada está sob o domínio do fluxo marítimo da alta pressão do Atlântico, caracterizando a atuação da mTa com transporte de umidade para o litoral brasileiro.;Primavera;;;;;;;;;;;;;;;;;
2023-09-24 00:00:00;Centro;mTc;Região do interior do continente, sob influência da depressão térmica no Chaco, caracterizada por ar quente e estável e ausência de umidade significativa.;Primavera;;;;;;;;;;;;;;;;;
2023-09-24 00:00:00;Sul;mPa;A regiao delimitada esta sob influencia da retaguarda de um sistema frontal, caracterizada pelo ingresso de ar frio e seco, consolidando o dominio da Massa Polar Atlantica.;Primavera;;;;;;;;;;;;;;;;;
2023-09-25 00:00:00;Norte;mEc;A região demarcada encontra-se sobre a bacia amazônica, caracterizada pela ausência de sistemas frontais e domínio de umidade e calor típicos da massa Equatorial Continental.;Primavera;;;;;;;;;;;;;;;;;
2023-09-25 00:00:00;Nordeste;mTa;Região sob influência direta da circulação marítima do Atlântico Sul, com características de ar quente e úmido predominante sobre o setor leste da região Nordeste.;Primavera;;;;;;;;;;;;;;;;;
2023-09-25 00:00:00;Litoral;mTa;O setor litorâneo delimitado encontra-se sob influência predominante do fluxo estável e persistente da massa de ar Tropical Atlântica, caracterizada pelo ar quente e úmido.;Primavera;;;;;;;;;;;;;;;;;
2023-09-25 00:00:00;Centro;mTa;A regiao encontra-se sob influencia predominante da circulacao de um anticiclone sobre o oceano, caracterizando o fluxo de ar quente e umido de origem maritima sobre o continente.;Primavera;;;;;;;;;;;;;;;;;
2023-09-25 00:00:00;Sul;mPa;A região apresenta o avanço e a influência nítida de uma massa de ar frio e úmido após a passagem de sistema frontal, evidenciado pelas condições sinóticas no setor sul.;Primavera;;;;;;;;;;;;;;;;;
2023-09-26 00:00:00;Norte;mEc;A região delimitada compreende a bacia Amazônica, onde predomina a Massa Equatorial Continental, caracterizada por ar quente e úmido e instabilidade convectiva típica da localidade;Primavera;;;;;;;;;;;;;;;;;
2023-09-26 00:00:00;Nordeste;mTa;A região encontra-se sob influência do fluxo de leste/sudeste associado ao escoamento marítimo, caracterizando o domínio da massa Tropical Atlântica (mTa) sobre o nordeste brasilei;Primavera;;;;;;;;;;;;;;;;;
2023-09-26 00:00:00;Litoral;mTa;A região delimitada está sob influência do escoamento marítimo de leste, característico da massa de ar Tropical Atlântica, devido à circulação anticiclônica sobre o oceano.;Primavera;;;;;;;;;;;;;;;;;
2023-09-26 00:00:00;Centro;mTc;A regiao delimitada encontra-se sob circulacao tipica de subsidencia em area de interior, consistente com a atuacao da mTc, caracterizada por estabilidade atmosferica e ar quente e;Primavera;;;;;;;;;;;;;;;;;
2023-09-26 00:00:00;Sul;mPa;A regiao delimitada encontra-se sob a influencia direta do fluxo pós-frontal, com adveccao de ar frio e seco, caracterizando o dominio da Massa Polar Atlantica sobre o setor.;Primavera;;;;;;;;;;;;;;;;;
2023-09-27 00:00:00;Norte;mEc;A região delimitada abrange a bacia amazônica e adjacências, caracterizada por altas temperaturas e elevada umidade, sob domínio persistente da massa de ar Equatorial Continental.;Primavera;;;;;;;;;;;;;;;;;
2023-09-27 00:00:00;Nordeste;mTa;Predominância de circulação de leste associada à alta pressão do Atlântico, estabelecendo o transporte de umidade e características de estabilidade térmica típicas da mTa na região;Primavera;;;;;;;;;;;;;;;;;
2023-09-27 00:00:00;Litoral;mTa;Regiao sob incidencia de escoamento maritimo de sudeste/leste, caracteristico da circulacao periferica da alta pressao do Atlantico Sul, configurando predominio da mTa.;Primavera;;;;;;;;;;;;;;;;;
2023-09-27 00:00:00;Centro;mTa;A região central sob o retângulo vermelho encontra-se sob influência de um campo de alta pressão, caracterizando a atuação e predomínio da Massa Tropical Atlântica.;Primavera;;;;;;;;;;;;;;;;;
2023-09-27 00:00:00;Sul;mPa;A regiao delimitada encontra-se sob a influencia da subsidencia pos-frontal, caracterizada por temperaturas e umidades reduzidas, tipicas do avancamento da mPa pelo Sul do Brasil.;Primavera;;;;;;;;;;;;;;;;;
2023-09-28 00:00:00;Norte;mEc;Região central e norte da carta sob influência direta das características térmicas e de umidade da bacia amazônica, caracterizando a atuação da Massa Equatorial Continental.;Primavera;;;;;;;;;;;;;;;;;
2023-09-28 00:00:00;Nordeste;mTa;A região delimitada está sob forte influência do fluxo de sudeste/leste, transportando umidade do Atlântico subtropical característico da massa Tropical Atlântica.;Primavera;;;;;;;;;;;;;;;;;
2023-09-28 00:00:00;Litoral;mEa;Região delimitada sob influência da Massa Equatorial Atlântica, caracterizada pelo transporte de umidade do oceano e atuação em baixas latitudes no litoral nordestino.;Primavera;;;;;;;;;;;;;;;;;
2023-09-28 00:00:00;Centro;mPa;A região destacada apresenta o avanço de uma massa de ar frio logo após a passagem de uma frente fria, caracterizada pela incursão de ar mais denso e estável no setor sudeste.;Primavera;;;;;;;;;;;;;;;;;
2023-09-28 00:00:00;Sul;mPa;A região delimitada encontra-se na retaguarda de uma frente fria, caracterizada pela incursão de ar mais frio e seco que substitui a massa pré-frontal.;Primavera;;;;;;;;;;;;;;;;;
2023-09-29 00:00:00;Norte;mEc;A região delimitada abrange a bacia amazônica, onde predomina uma massa de ar quente e úmida de origem continental, caracterizada pela estabilidade térmica e alta disponibilidade d;Primavera;;;;;;;;;;;;;;;;;
2023-09-29 00:00:00;Nordeste;mTa;A região do Nordeste encontra-se sob influência do escoamento marítimo de leste, característico da massa tropical atlântica, garantindo umidade e estabilidade relativa na área.;Primavera;;;;;;;;;;;;;;;;;
2023-09-29 00:00:00;Litoral;mTa;Regiao sob influencia do escoamento do setor norte/nordeste da Alta Subtropical do Atlantico Sul, transportando ar quente e umido para o litoral.;Primavera;;;;;;;;;;;;;;;;;
2023-09-29 00:00:00;Centro;mTa;A região delimitada encontra-se sob influência persistente da circulação marítima quente e úmida, característica da massa tropical atlântica que domina o setor central e costeiro.;Primavera;;;;;;;;;;;;;;;;;
2023-09-29 00:00:00;Sul;mPa;A região delimitada encontra-se sob influência imediata da massa de ar pós-frontal, caracterizada por temperaturas e umidades reduzidas, indicando o avanço da mPa pelo setor.;Primavera;;;;;;;;;;;;;;;;;
2023-09-30 00:00:00;Norte;mEc;Região central e amazônica sob influência da Massa Equatorial Continental, caracterizada por altas temperaturas e elevada umidade, típica da dinâmica continental equatorial.;Primavera;;;;;;;;;;;;;;;;;
2023-09-30 00:00:00;Nordeste;mTa;Predominancia de escoamento vindo do oceano sobre o setor, caracterizando a influencia da massa Tropical Atlantica com caracteristicas quentes e umidas na regiao.;Primavera;;;;;;;;;;;;;;;;;
2023-09-30 00:00:00;Litoral;mTa;A região delimitada está sob influência do escoamento marítimo de leste/sudeste associado à circulação da ASAS, caracterizando a predominância da Massa Tropical Atlântica (mTa).;Primavera;;;;;;;;;;;;;;;;;
2023-09-30 00:00:00;Centro;mPa;A região delimitada localiza-se na retaguarda de um sistema frontal, sob a influência direta do avanço de uma massa de ar frio e seco, caracterizando a mPa.;Primavera;;;;;;;;;;;;;;;;;
2023-09-30 00:00:00;Sul;mPa;A região delimitada encontra-se na retaguarda de uma frente fria que avança com fluxo de sul, caracterizando o ingresso e domínio da massa de ar polar atlântica.;Primavera;;;;;;;;;;;;;;;;;
2023-10-01 00:00:00;Norte;mEc;A região delimitada abrange a bacia amazônica, onde a característica quente e úmida da massa equatorial continental predomina, mantendo estabilidade térmica diante da ausência de f;Primavera;;;;;;;;;;;;;;;;;
2023-10-01 00:00:00;Nordeste;mTa;Predominância de fluxo marítimo quente e úmido sobre a região Nordeste, característico da circulação de ventos alísios sob influência da alta pressão subtropical do Atlântico Sul.;Primavera;;;;;;;;;;;;;;;;;
2023-10-01 00:00:00;Litoral;mTa;A regiao delimitada encontra-se sob a influencia direta da circulacao de um centro de alta pressao maritima, caracterizando a predominancia da massa Tropical Atlantica (mTa).;Primavera;;;;;;;;;;;;;;;;;
2023-10-01 00:00:00;Centro;mTa;A região apresenta características de estabilidade térmica e umidade típicas do escoamento marítimo integrado à circulação sob influência da ASAS sobre o continente.;Primavera;;;;;;;;;;;;;;;;;
2023-10-01 00:00:00;Sul;mPa;Região sob influência direta de massa de ar frio e úmido, posicionada na retaguarda de sistema frontal que avança pelo setor sul do Brasil.;Primavera;;;;;;;;;;;;;;;;;
2023-10-02 00:00:00;Norte;mEc;Região localizada sobre a bacia amazônica, caracterizada sob condições de estabilidade e ausência de incursões de sistemas extratropicais, definindo a predominância da massa equato;Primavera;;;;;;;;;;;;;;;;;
2023-10-02 00:00:00;Nordeste;mTa;A regiao delimitada esta sob a influencia direta do escoamento de leste/sudeste associado a circulacao anticiclonica subtropical, caracterizando o predominio da massa tropical atla;Primavera;;;;;;;;;;;;;;;;;
2023-10-02 00:00:00;Litoral;mTa;A região delimitada está sob influência do escoamento marítimo de leste, caracterizando a atuação da mTa, transportando umidade e mantendo condições de estabilidade térmica.;Primavera;;;;;;;;;;;;;;;;;
2023-10-02 00:00:00;Centro;mPa;A região encontra-se logo após a passagem de uma frente fria, caracterizada pela entrada de ar mais frio e denso que substitui a circulação equatorial/tropical anteriormente estabe;Primavera;;;;;;;;;;;;;;;;;
2023-10-02 00:00:00;Sul;mPa;A região delimitada encontra-se sob a influência direta de uma massa de ar frio e úmido após a passagem de uma frente fria, caracterizada por temperaturas reduzidas e ventos de sul;Primavera;;;;;;;;;;;;;;;;;
2023-10-03 00:00:00;Norte;mEc;Região localizada sobre a bacia amazônica, caracterizada por altas temperaturas e umidade, sem influência de sistemas frontais ou massas de origem oceânica no momento da análise.;Primavera;;;;;;;;;;;;;;;;;
2023-10-03 00:00:00;Nordeste;mTa;Região sob influência direta do fluxo de leste da alta pressão subtropical do Atlântico Sul, caracterizando a predominância de ar tropical marítimo quente e úmido.;Primavera;;;;;;;;;;;;;;;;;
2023-10-03 00:00:00;Litoral;mTa;A regiao delimitada esta sob influencia direta do escoamento de leste/sudeste associado ao Anticiclone Subtropical, caracterizando a predominancia de ar quente e umido (mTa).;Primavera;;;;;;;;;;;;;;;;;
2023-10-03 00:00:00;Centro;mTa;A região central encontra-se sob domínio do escoamento marítimo oriundo do Atlântico Sul, caracterizando a influência da massa tropical marítima com perfil quente e úmido.;Primavera;;;;;;;;;;;;;;;;;
2023-10-03 00:00:00;Sul;mPa;A região apresenta o avanço de ar frio e seco após a passagem de sistema frontal, caracterizado por temperaturas mais baixas e declínio acentuado nos valores de ponto de orvalho.;Primavera;;;;;;;;;;;;;;;;;
2023-10-04 00:00:00;Norte;mEc;Região central e norte sob influência de ar quente e úmido de origem continental. A ausência de frentes ou sistemas de alta pressão litorâneos confirma o domínio da massa equatoria;Primavera;;;;;;;;;;;;;;;;;
2023-10-04 00:00:00;Nordeste;mTa;Região sob influência direta do fluxo de leste da alta subtropical, caracterizando o predomínio da Massa Tropical Atlântica com transporte de umidade para o setor.;Primavera;;;;;;;;;;;;;;;;;
2023-10-04 00:00:00;Litoral;mTa;A regiao delimitada encontra-se sob a influencia direta da circulacao oceanica de leste/sudeste associada ao fluxo da ASAS, caracterizando a predominancia da massa Tropical Atlanti;Primavera;;;;;;;;;;;;;;;;;
2023-10-04 00:00:00;Centro;mPa;A regiao delimitada encontra-se sob a influência direta do avanço da mPa, caracterizada por temperaturas amenas e fluxo de sul/sudeste na retaguarda da frente fria observada.;Primavera;;;;;;;;;;;;;;;;;
2023-10-04 00:00:00;Sul;mPa;A região delimitada está sob influência direta de uma massa de ar frio e úmido após a passagem de uma frente fria, evidenciada pelos campos de pressão e fluxo de sul/sudeste.;Primavera;;;;;;;;;;;;;;;;;
2023-10-05 00:00:00;Norte;mEc;A região delimitada compreende a bacia Amazônica, onde predomina uma massa de ar quente e úmida de origem continental, característica da mEc, sem influência de sistemas polares.;Primavera;;;;;;;;;;;;;;;;;
2023-10-05 00:00:00;Nordeste;mTa;Predominio da massa Tropical Atlantica, caracterizada pelo fluxo de leste/sudeste que transporta umidade do oceano para o continente sobre a regiao Nordeste.;Primavera;;;;;;;;;;;;;;;;;
2023-10-05 00:00:00;Litoral;mTa;A região demarcada encontra-se sob domínio do escoamento marítimo tropical, característica da influência da circulação da ASAS, configurando a atuação da Massa Tropical Atlântica.;Primavera;;;;;;;;;;;;;;;;;
2023-10-05 00:00:00;Centro;mTc;A região destacada está sob domínio da massa Tropical Continental, caracterizada por subsidência e aquecimento no interior do continente, mantendo condições estáveis e baixos teore;Primavera;;;;;;;;;;;;;;;;;
2023-10-05 00:00:00;Sul;mPa;A região delimitada encontra-se na retaguarda de um sistema frontal, caracterizada pela entrada de ar mais frio e denso, típico do domínio da Massa Polar Atlântica.;Primavera;;;;;;;;;;;;;;;;;
2023-10-06 00:00:00;Norte;mEc;Região sob influência direta da Massa Equatorial Continental, caracterizada por baixos gradientes de pressão e condições ambientais típicas da bacia amazônica.;Primavera;;;;;;;;;;;;;;;;;
2023-10-06 00:00:00;Nordeste;mTa;Região sob influência direta da circulação periférica do sistema de alta pressão sobre o Atlântico Sul, caracterizando o predomínio de ar quente e úmido de origem marítima.;Primavera;;;;;;;;;;;;;;;;;
2023-10-06 00:00:00;Litoral;mEa;A região delimitada no litoral nordestino encontra-se sob domínio da Massa Equatorial Atlântica, caracterizada pelo escoamento de ar quente e úmido vindo do oceano.;Primavera;;;;;;;;;;;;;;;;;
2023-10-06 00:00:00;Centro;mPa;A região delimitada encontra-se sob influência do avanço de uma massa de ar frio pós-frontal, caracterizada pela queda nas temperaturas e mudança na direção do fluxo de ventos.;Primavera;;;;;;;;;;;;;;;;;
2023-10-06 00:00:00;Sul;mPa;A região delimitada encontra-se sob influência de massa de ar frio e seco, avançando na retaguarda da frente fria indicada, caracterizando a atuação da mPa na área.;Primavera;;;;;;;;;;;;;;;;;
2023-10-07 00:00:00;Norte;mEc;A regiao delimitada esta situada sobre a bacia Amazonica, area de atuacao caracteristica da massa de ar quente e umida de origem continental, mantendo estabilidade termica na regia;Primavera;;;;;;;;;;;;;;;;;
2023-10-07 00:00:00;Nordeste;mTa;Regiao sob predominio de subsidencia e fluxo de leste oriundo do oceano, caracterizando a influencia da massa de ar Tropical Atlantica em todo o setor delimitado.;Primavera;;;;;;;;;;;;;;;;;
2023-10-07 00:00:00;Litoral;mTa;Predominio da massa de ar Tropical Atlantica na regiao costeira, caracterizada pelo fluxo de leste influenciado pelo sistema de alta pressao sobre o oceano.;Primavera;;;;;;;;;;;;;;;;;
2023-10-07 00:00:00;Centro;mTc;Região central do continente sob influência de altas temperaturas e baixos teores de umidade, características da massa tropical continental no interior da América do Sul.;Primavera;;;;;;;;;;;;;;;;;
2023-10-07 00:00:00;Sul;mPa;Regiao sob influencia de massa de ar frio e seco, caracterizada pelo avanco pos-frontal no setor sul, apresentando subsidencia e declinio de temperaturas caracteristicos da mPa.;Primavera;;;;;;;;;;;;;;;;;
2023-10-08 00:00:00;Norte;mEc;A região demarcada encontra-se sobre a bacia amazônica, caracterizada por baixos gradientes de pressão e ar quente e úmido de origem continental, configurando o domínio da mEc.;Primavera;;;;;;;;;;;;;;;;;
2023-10-08 00:00:00;Nordeste;mTa;A região encontra-se sob influência do fluxo de leste marítimo, característico da massa tropical atlântica, garantindo condições estáveis e transporte de umidade constante em baixo;Primavera;;;;;;;;;;;;;;;;;
2023-10-08 00:00:00;Litoral;mTa;A região delimitada está sob forte influência do escoamento marítimo de leste, característico da Massa Tropical Atlântica, que mantém o transporte de umidade para o setor costeiro.;Primavera;;;;;;;;;;;;;;;;;
2023-10-08 00:00:00;Centro;mTc;Regiao central do continente sob influencia de subsidencia e estabilidade termica, caracterizando o dominio da massa de ar quente e seca no interior do Brasil (Depressao do Chaco).;Primavera;;;;;;;;;;;;;;;;;
2023-10-08 00:00:00;Sul;mPa;A região delimitada encontra-se sob influência de um sistema frontal, com temperaturas e pressões indicativas da penetração e predominância da massa de ar polar (mPa) no Sul.;Primavera;;;;;;;;;;;;;;;;;
2023-10-09 00:00:00;Norte;mEc;A região delimitada abrange a bacia amazônica e adjacências, sob domínio característico da Massa Equatorial Continental, mantendo os parâmetros de umidade e calor da região.;Primavera;;;;;;;;;;;;;;;;;
2023-10-09 00:00:00;Nordeste;mTa;Predominância de ar quente e úmido vindo do Oceano Atlântico direcionado para o setor continental, caracterizando a atuação da mTa sobre a área delimitada.;Primavera;;;;;;;;;;;;;;;;;
2023-10-09 00:00:00;Litoral;mTa;Região sob influência direta do fluxo de leste da circulação periférica do sistema de alta pressão subtropical no oceano, caracterizando ar quente e úmido.;Primavera;;;;;;;;;;;;;;;;;
2023-10-09 00:00:00;Centro;mTa;A região apresenta características de estabilidade e regime de ventos marítimos, sob influência da circulação da alta pressão do Atlântico, consolidando o predomínio da mTa.;Primavera;;;;;;;;;;;;;;;;;
2023-10-09 00:00:00;Sul;mPa;A região apresenta características de decréscimo térmico e umidade pós-frontal, configurando o avanço e domínio de uma massa de ar polar sobre o setor sudeste.;Primavera;;;;;;;;;;;;;;;;;
2023-10-10 00:00:00;Norte;mEc;Regiao sobreposta a bacia Amazonica, caracterizada por temperaturas elevadas e alta umidade, sem influencia de sistemas frontais ou correntes de subsidencia maritima.;Primavera;;;;;;;;;;;;;;;;;
2023-10-10 00:00:00;Nordeste;mTa;Predominância da Massa Tropical Atlântica, caracterizada pelo fluxo quente e úmido vindo do oceano, influenciando o setor leste da região Nordeste sob regime de ventos alísios.;Primavera;;;;;;;;;;;;;;;;;
2023-10-10 00:00:00;Litoral;mTa;Regiao sob influencia do escoamento do anticiclone subtropical sobre o Atlantico Sul, caracterizando a predominancia de massa de ar quente e umida sobre o litoral nordestino.;Primavera;;;;;;;;;;;;;;;;;
2023-10-10 00:00:00;Centro;mTa;A região encontra-se sob influência do escoamento marítimo associado ao sistema de alta pressão no oceano, caracterizando a predominância da Massa Tropical Atlântica.;Primavera;;;;;;;;;;;;;;;;;
2023-10-10 00:00:00;Sul;mPa;A região delimitada está sob influência da massa de ar pós-frontal, caracterizada por temperaturas mais amenas e fluxo de ar frio vindo do quadrante sul.;Primavera;;;;;;;;;;;;;;;;;
2023-10-11 00:00:00;Norte;mEc;Regiao centralizada na bacia amazonica, caracterizada pelo dominio de ar tropical continental quente e umido, tipico da subsidencia e influencia local equatoriana.;Primavera;;;;;;;;;;;;;;;;;
2023-10-11 00:00:00;Nordeste;mTa;A região encontra-se sob influência do escoamento do quadrante leste, característico da circulação da alta pressão subtropical do Atlântico Sul, que transporta ar quente e úmido.;Primavera;;;;;;;;;;;;;;;;;
2023-10-11 00:00:00;Litoral;mTa;Regiao sob atuacao da circulacao de alta pressao do Atlantico Sul, caracterizando o dominio da massa de ar Tropical Atlantica, com fluxo de leste quente e umido sobre o litoral.;Primavera;;;;;;;;;;;;;;;;;
2023-10-11 00:00:00;Centro;mTc;A regiao delimitada esta sob influencia da massa de ar quente e seca de origem continental, caracteristica do interior do Brasil nesta epoca, mantendo baixos niveis de umidade.;Primavera;;;;;;;;;;;;;;;;;
2023-10-11 00:00:00;Sul;mPa;A região delimitada encontra-se sob influência do fluxo pós-frontal, caracterizado por temperaturas mais baixas e estabilidade, configurando o domínio da mPa no setor sul.;Primavera;;;;;;;;;;;;;;;;;
2023-10-12 00:00:00;Norte;mEc;A região delimitada está situada sobre a bacia amazônica e sob regime de baixas pressões relativas, caracterizando a atuação da Massa Equatorial Continental, quente e úmida.;Primavera;;;;;;;;;;;;;;;;;
2023-10-12 00:00:00;Nordeste;mTa;Predominio da mTa no Nordeste brasileiro, caracterizada pela influencia do fluxo marítimo quente e umido vindo do Atlantico Sul, mantendo estabilidade na regiao analizada.;Primavera;;;;;;;;;;;;;;;;;
2023-10-12 00:00:00;Litoral;mTa;Regiao sob fluxo marítimo e predominância do anticiclone oceânico, apresentando características de ar quente e úmido típicas da Massa Tropical Atlântica no litoral central.;Primavera;;;;;;;;;;;;;;;;;
2023-10-12 00:00:00;Centro;mTc;A região central encontra-se sob domínio da mTc, caracterizada por baixas pressões relativas e condições de subsidência que favorecem o aquecimento adiabático no interior do contin;Primavera;;;;;;;;;;;;;;;;;
2023-10-12 00:00:00;Sul;mPa;A região delimitada encontra-se atrás de uma frente fria e sob influxo de ar frio e seco, caracterizando o avanço e predomínio da massa polar atlântica (mPa).;Primavera;;;;;;;;;;;;;;;;;
2023-10-13 00:00:00;Norte;mEc;Região central da Bacia Amazônica sob domínio da massa Equatorial Continental, caracterizada por alta umidade e temperaturas elevadas típicas do norte do país.;Primavera;;;;;;;;;;;;;;;;;
2023-10-13 00:00:00;Nordeste;mTa;A região delimitada está sob forte influência do escoamento marítimo de leste/sudeste, característico da circulação da mTa, que transporta umidade do oceano para o interior do Nord;Primavera;;;;;;;;;;;;;;;;;
2023-10-13 00:00:00;Litoral;mEa;A região delimitada no litoral nordestino encontra-se sob a influência direta da massa equatorial atlântica, característica de baixas latitudes e ambiente quente e úmido.;Primavera;;;;;;;;;;;;;;;;;
2023-10-13 00:00:00;Centro;mTa;Regiao sob fluxo predominante de leste/nordeste advindo do oceano, caracterizando a atuacao da massa Tropical Atlantica com umidade e temperaturas elevadas na area delimitada.;Primavera;;;;;;;;;;;;;;;;;
2023-10-13 00:00:00;Sul;mPa;A região apresenta características de decréscimo térmico e umidade pós-frontal, com a massa de ar polar avançando sobre o Sul do Brasil, caracterizando a atuação da mPa.;Primavera;;;;;;;;;;;;;;;;;
2023-10-14 00:00:00;Norte;mEc;A regiao delimitada esta sob o dominio da massa de ar quente e umida de origem equatorial continental (mEc), caracteristica da bacia amazonica e sem influencia de sistemas frontais;Primavera;;;;;;;;;;;;;;;;;
2023-10-14 00:00:00;Nordeste;mTa;A região do Nordeste delimitada encontra-se sob influência direta do escoamento marítimo de leste, caracterizando a atuação predominante da Massa Tropical Atlântica.;Primavera;;;;;;;;;;;;;;;;;
2023-10-14 00:00:00;Litoral;mTa;A regiao delimitada encontra-se sob a influência direta do escoamento marítimo de leste, característico da circulação da massa tropical atlântica, mantendo o fluxo térmico e úmido.;Primavera;;;;;;;;;;;;;;;;;
2023-10-14 00:00:00;Centro;mTa;Regiao sob influencia do escoamento zonal da ASAS, apresentando temperaturas e umidade tipicas de adveccao maritima tropical sobre o centro-sul do Brasil.;Primavera;;;;;;;;;;;;;;;;;
2023-10-14 00:00:00;Sul;mPa;A região delimitada está sob o domínio de ar frio e seco, evidenciado pelas baixas temperaturas e pelo posicionamento a retaguarda de um sistema frontal em deslocamento sobre o Sul;Primavera;;;;;;;;;;;;;;;;;
2023-10-15 00:00:00;Norte;mEc;A regiao delimitada esta sob influencia direta da massa equatorial continental, caracterizada por alta umidade e temperaturas elevadas, propria do dominio amazonico.;Primavera;;;;;;;;;;;;;;;;;
2023-10-15 00:00:00;Nordeste;mTa;Regiao sob influencia do fluxo de base do Atlantico Sul, caracterizado por temperaturas elevadas e umidade transportada sobre o Nordeste brasileiro pelo escoamento anticiclonico.;Primavera;;;;;;;;;;;;;;;;;
2023-10-15 00:00:00;Litoral;mTa;A região delimitada encontra-se sob influência do escoamento marítimo de leste, característico da circulação da alta pressão do Atlântico, predominando a massa Tropical Atlântica.;Primavera;;;;;;;;;;;;;;;;;
2023-10-15 00:00:00;Centro;mTa;Regiao sob influencia direta do fluxo marítimo proveniente do Atlantico Sul, caracterizada pela estabilidade e umidade tipicas da massa tropical maritima sobre o centro-leste.;Primavera;;;;;;;;;;;;;;;;;
2023-10-15 00:00:00;Sul;mPa;A regiao delimitada encontra-se sob a influencia da circulacao pos-frontal, caracterizada por temperaturas mais amenas e regime de ventos de quadrante sul/sudeste.;Primavera;;;;;;;;;;;;;;;;;
2023-10-16 00:00:00;Norte;mEc;A região delimitada sobre a bacia amazônica caracteriza-se pela predominância de ar quente e úmido, refletindo a influência direta da massa equatorial continental.;Primavera;;;;;;;;;;;;;;;;;
2023-10-16 00:00:00;Nordeste;mTa;A região do Nordeste encontra-se sob o fluxo predominante de ventos de leste-sudeste, característicos do transporte de umidade da massa Tropical Atlântica na periferia do sistema d;Primavera;;;;;;;;;;;;;;;;;
2023-10-16 00:00:00;Litoral;mTa;Predominio da massa Tropical Atlantica, caracterizada pelo fluxo de sudeste/leste quente e umido sob influencia direta do campo de alta pressao do Atlantico Sul sobre o litoral.;Primavera;;;;;;;;;;;;;;;;;
2023-10-16 00:00:00;Centro;mTc;A região demarcada apresenta altas temperaturas e valores de ponto de orvalho mais baixos característicos da mTc, que atua no interior do continente sob regime de subsidência.;Primavera;;;;;;;;;;;;;;;;;
2023-10-16 00:00:00;Sul;mPa;Observa-se o avanço de uma massa polar após a passagem de sistema frontal, evidenciado pelos valores de temperatura e ponto de orvalho em declínio no setor Sul do Brasil.;Primavera;;;;;;;;;;;;;;;;;
2023-10-17 00:00:00;Norte;mEc;A região delimitada ocupa o coração da bacia amazônica, estando sob influência predominante da Massa Equatorial Continental, caracterizada pela vasta umidade e altas temperaturas l;Primavera;;;;;;;;;;;;;;;;;
2023-10-17 00:00:00;Nordeste;mTa;Região sob influência direta do fluxo de leste da alta pressão subtropical do Atlântico Sul, caracterizando a predominância da massa tropical atlântica sobre o setor.;Primavera;;;;;;;;;;;;;;;;;
2023-10-17 00:00:00;Litoral;mTa;A região delimitada está sob influência do fluxo marítimo quente e úmido estabelecido pela circulação da alta pressão subtropical, caracterizando a predominância da mTa.;Primavera;;;;;;;;;;;;;;;;;
2023-10-17 00:00:00;Centro;mTa;A regiao delimitada encontra-se sob a influencia da circulacao de um sistema de alta pressao no Atlantico Sul, caracterizando a predominancia da Massa Tropical Atlantica (mTa).;Primavera;;;;;;;;;;;;;;;;;
2023-10-17 00:00:00;Sul;mPa;A região sob o retângulo vermelho está situada na retaguarda de um sistema frontal, caracterizada pelo ingresso de ar frio e úmido de origem polar.;Primavera;;;;;;;;;;;;;;;;;
2023-10-18 00:00:00;Norte;mEc;Regiao centralizada na Amazonia, caracterizada por altas temperaturas e elevada umidade, evidenciando a persistencia e o dominio da circulacao continental equatorial.;Primavera;;;;;;;;;;;;;;;;;
2023-10-18 00:00:00;Nordeste;mTa;Regiao sob fluxo predominante de leste/sudeste associado ao escoamento da alta subtropical, caracterizando o transporte de umidade da mTa sobre o setor oriental do Nordeste.;Primavera;;;;;;;;;;;;;;;;;
2023-10-18 00:00:00;Litoral;mTa;Regiao sob influencia do escoamento do Atlantico Sul, caracterizado por transporte de umidade e calor, mantendo estabilidade termodinamica tpica da massa tropical atlantica.;Primavera;;;;;;;;;;;;;;;;;
2023-10-18 00:00:00;Centro;mTc;Regiao central sob influencia de massa quente e seca caracteristica da Depressao do Chaco, a noroeste da frente fria, apresentando baixos valores de umidade relativa.;Primavera;;;;;;;;;;;;;;;;;
2023-10-18 00:00:00;Sul;mPa;Região sob influência direta de ar frio e seco após a passagem de uma frente fria, caracterizada por temperaturas mais baixas e declínio dos níveis de umidade no setor.;Primavera;;;;;;;;;;;;;;;;;
2023-10-19 00:00:00;Norte;mEc;Região central da Bacia Amazônica sob influência da massa de ar quente e úmida de origem continental, predominante sobre a área sem interferência de outros sistemas dinâmicos.;Primavera;;;;;;;;;;;;;;;;;
2023-10-19 00:00:00;Nordeste;mTa;A região encontra-se sob influência do fluxo de leste do anticiclone subtropical do Atlântico Sul, caracterizando a atuação da massa de ar Tropical Atlântica (mTa), quente e úmida.;Primavera;;;;;;;;;;;;;;;;;
2023-10-19 00:00:00;Litoral;mTa;Regiao sob dominio do fluxo de leste/sudeste associado ao escoamento da alta subtropical, caracterizando a presenca de massa quente e umida de origem tropical atlantica.;Primavera;;;;;;;;;;;;;;;;;
2023-10-19 00:00:00;Centro;mTc;Região do Brasil Central sob forte influência de subsidência e aquecimento adiabático, característicos da mTc, que se estabelece sobre o interior do continente.;Primavera;;;;;;;;;;;;;;;;;
2023-10-19 00:00:00;Sul;mPa;A região delimitada encontra-se sob a influência direta do avanço de uma massa de ar frio e seco, posicionada na retaguarda de um sistema frontal que atua sobre o setor.;Primavera;;;;;;;;;;;;;;;;;
2023-10-20 00:00:00;Norte;mEc;Regiao sobre a bacia Amazonica, caracterizada pelo dominio de massa quente e umida de origem continental, sem influencia de sistemas frontais ou de altas pressoes extratropicais.;Primavera;;;;;;;;;;;;;;;;;
2023-10-20 00:00:00;Nordeste;mTa;Região do Nordeste sob influência do fluxo marítimo dos ventos alísios, predominando características de ar quente e úmido advindas do Atlântico Tropical.;Primavera;;;;;;;;;;;;;;;;;
2023-10-20 00:00:00;Litoral;mTa;A regiao delimitada esta sob influencia direta do escoamento do anticiclone subtropical, caracterizando a atuacao da massa Tropical Atlantica, com propriedades quentes e umidas.;Primavera;;;;;;;;;;;;;;;;;
2023-10-20 00:00:00;Centro;mTa;Região sob influência direta do escoamento marítimo de leste/sudeste, transportando ar quente e úmido sobre a porção central, caracterizando o predomínio da massa Tropical Atlântic;Primavera;;;;;;;;;;;;;;;;;
2023-10-20 00:00:00;Sul;mPa;Regiao sob influencia de massa de ar frio e umido (mPa) evidenciada pelo posicionamento a retaguarda de um sistema frontal que avanca sobre o sul do Brasil.;Primavera;;;;;;;;;;;;;;;;;
2023-10-21 00:00:00;Norte;mEc;Regiao central da Amazonia sob influencia de massa de ar quente e umida caracteristica da bacia, sem interferencia de sistemas frontais ou circulação de alta pressao oceanica.;Primavera;;;;;;;;;;;;;;;;;
2023-10-21 00:00:00;Nordeste;mTa;Predominância da Massa Tropical Atlântica, caracterizada pelo fluxo quente e úmido de leste/sudeste, influenciando o litoral e o setor interior do Nordeste brasileiro.;Primavera;;;;;;;;;;;;;;;;;
2023-10-21 00:00:00;Litoral;mTa;Regiao sob influencia direta do fluxo zonal da alta pressao subtropical do Atlantico Sul, caracterizando predominio de ar quente e umido transporte maritimo.;Primavera;;;;;;;;;;;;;;;;;
2023-10-21 00:00:00;Centro;mTa;A região apresenta características de estabilidade e umidade típicas da massa tropical atlântica, que predomina no quadrante leste e central do Brasil sob influência da circulação ;Primavera;;;;;;;;;;;;;;;;;
2023-10-21 00:00:00;Sul;mPa;A região delimitada encontra-se sob influência de um sistema frontal, com a massa de ar polar (mPa) avançando pelo Sul do Brasil, caracterizada por temperaturas mais baixas.;Primavera;;;;;;;;;;;;;;;;;
2023-10-22 00:00:00;Norte;mEc;Regiao continental amazônica caracterizada por altas temperaturas e elevada umidade, sob regime de circulação local sem influência de sistemas frontais externos.;Primavera;;;;;;;;;;;;;;;;;
2023-10-22 00:00:00;Nordeste;mTa;A região encontra-se sob influência do fluxo de leste/sudeste proveniente do Atlântico, característico da massa tropical atlântica, que predomina sobre o setor leste do Nordeste.;Primavera;;;;;;;;;;;;;;;;;
2023-10-22 00:00:00;Litoral;mTa;Regiao sob influencia do fluxo de base do Atlantico Sul, caracterizada pela circulacao anticiclonica maritima que transporta calor e umidade para o litoral leste brasileiro.;Primavera;;;;;;;;;;;;;;;;;
2023-10-22 00:00:00;Centro;mTa;A região encontra-se sob influência do fluxo de circulação marítima da ASAS, apresentando características de ar quente e úmido típicas da Massa Tropical Atlântica.;Primavera;;;;;;;;;;;;;;;;;
2023-10-22 00:00:00;Sul;mPa;A região delimitada encontra-se sob influência de uma massa de ar pós-frontal, caracterizada pelo resfriamento e padrão de circulação associado ao avanço da mPa pelo setor Sul.;Primavera;;;;;;;;;;;;;;;;;
2023-10-23 00:00:00;Norte;mEc;Região central da Amazônia sob influência de massa quente e úmida de origem continental, apresentando características típicas de estabilidade térmica e umidade elevada na ausência ;Primavera;;;;;;;;;;;;;;;;;
2023-10-23 00:00:00;Nordeste;mTa;Predomínio da Massa Tropical Atlântica, caracterizada pelo fluxo de ar quente e úmido originado pelo estabelecimento do gradiente de pressão sobre o setor leste do Nordeste.;Primavera;;;;;;;;;;;;;;;;;
2023-10-23 00:00:00;Litoral;mTa;A regiao delimitada esta sob influencia direta do fluxo maritimo do Atlantico Sul, caracteristico da massa Tropical Atlantica, com predominio de umidade e temperaturas tropicais.;Primavera;;;;;;;;;;;;;;;;;
2023-10-23 00:00:00;Centro;mTc;A região central delimitada encontra-se sob influência de subsidência característica da massa Tropical Continental, mantendo estabilidade com ar aquecido no interior do país.;Primavera;;;;;;;;;;;;;;;;;
2023-10-23 00:00:00;Sul;mPa;A região apresenta características de subsidência e queda de temperatura pós-passagem de frente fria, caracterizando o domínio da massa de ar polar na área delimitada.;Primavera;;;;;;;;;;;;;;;;;
2023-10-24 00:00:00;Norte;mEc;Região central da Bacia Amazônica sob influência de ar quente e úmido de origem continental, característico da atuação da Massa Equatorial Continental (mEc) na área delimitada.;Primavera;;;;;;;;;;;;;;;;;
2023-10-24 00:00:00;Nordeste;mTa;Região do Nordeste sob forte influência do escoamento marítimo de leste, característico da circulação periférica da ASAS, que impõe o transporte de umidade e calor da mTa.;Primavera;;;;;;;;;;;;;;;;;
2023-10-24 00:00:00;Litoral;mEa;Regiao sob incidencia de escoamento vindo do oceano tropical, caracterizado pela massa de ar quente e umida caracteristica das baixas latitudes do Atlantico Sul.;Primavera;;;;;;;;;;;;;;;;;
2023-10-24 00:00:00;Centro;mTc;Região do interior do continente apresentando temperaturas elevadas e baixa umidade, características típicas da Massa Tropical Continental (mTc) que atua sobre o Centro-Oeste brasi;Primavera;;;;;;;;;;;;;;;;;
2023-10-24 00:00:00;Sul;mPa;A regiao delimitada esta sob a influencia direta de uma massa de ar frio e seco que avanca na retaguarda do sistema frontal, caracterizando a presenca da mPa.;Primavera;;;;;;;;;;;;;;;;;
2023-10-25 00:00:00;Norte;mEc;A região da Amazônia está sob domínio da massa Equatorial Continental, caracterizada por ser quente e úmida, mantendo estabilidade térmica sobre o interior do continente.;Primavera;;;;;;;;;;;;;;;;;
2023-10-25 00:00:00;Nordeste;mTa;Regiao sob predominio de fluxo de circulacao maritima associado a alta pressao, transportando ar quente e umido para o setor leste e interior da regiao Nordeste.;Primavera;;;;;;;;;;;;;;;;;
2023-10-25 00:00:00;Litoral;mTa;A região delimitada está sob influência do fluxo marítimo da massa de ar Tropical Atlântica, caracterizada pelo transporte de umidade do oceano para o continente.;Primavera;;;;;;;;;;;;;;;;;
2023-10-25 00:00:00;Centro;mTc;Região central do continente sob influência de massa quente e seca, caracterizada por baixos valores de umidade relativa e fluxo de ar subsidente no interior do Brasil.;Primavera;;;;;;;;;;;;;;;;;
2023-10-25 00:00:00;Sul;mPa;A regiao encontra-se sob a influencia direta da mPa (Massa Polar Atlantica), caracterizada pela adveccao de ar frio e seco apos a passagem de um sistema frontal (frente fria).;Primavera;;;;;;;;;;;;;;;;;
2023-10-26 00:00:00;Norte;mEc;A regiao delimitada compreende a bacia Amazonica, onde predomina a Massa Equatorial Continental, caracterizada por ser quente e umida, sem interferencia de sistemas frontais.;Primavera;;;;;;;;;;;;;;;;;
2023-10-26 00:00:00;Nordeste;mTa;Predominio de circulacao anticiclonica sobre o setor, caracterizando a influencia da Massa Tropical Atlantica, com adveccao de ar quente e umidade em baixos niveis da troposfera.;Primavera;;;;;;;;;;;;;;;;;
2023-10-26 00:00:00;Litoral;mTa;A região apresenta características de regime térmico tropical e umidade marítima, estando sob o domínio do fluxo prevalecente de um sistema de alta pressão sobre o Atlântico Sul.;Primavera;;;;;;;;;;;;;;;;;
2023-10-26 00:00:00;Centro;mTa;Predominancia de caracteristicas quentes e umidas associadas ao fluxo da circulacao do Atlantico Sul, sob influencia do dominio da massa tropical atlantica na regiao central.;Primavera;;;;;;;;;;;;;;;;;
2023-10-26 00:00:00;Sul;mPa;A região delimitada encontra-se sob influência de massa de ar com características de subsidência e resfriamento, situada na retaguarda de sistema frontal, configurando a mPa.;Primavera;;;;;;;;;;;;;;;;;
2023-10-27 00:00:00;Norte;mEc;A região demarcada apresenta domínio da bacia amazônica, caracterizada por temperaturas elevadas e alta umidade, sem influência de sistemas extratropicais, definindo a Massa Equato;Primavera;;;;;;;;;;;;;;;;;
2023-10-27 00:00:00;Nordeste;mTa;Predomínio de ar quente e úmido no Nordeste, sob influência do escoamento marítimo oriundo do Atlântico, mantendo características térmicas tropicais na região.;Primavera;;;;;;;;;;;;;;;;;
2023-10-27 00:00:00;Litoral;mTa;Regiao sob incidencia de fluxo zonal maritimo e influencia direta da circulacao de alta pressao subtropical, caracterizando o dominio da Massa Tropical Atlantica.;Primavera;;;;;;;;;;;;;;;;;
2023-10-27 00:00:00;Centro;mTa;A região delimitada está sob influência do fluxo equatorial/tropical úmido do oceano, caracterizando o predomínio da Massa Tropical Atlântica sobre o interior do Brasil central.;Primavera;;;;;;;;;;;;;;;;;
2023-10-27 00:00:00;Sul;mPa;Região sob influência de ar frio e seco após a passagem de sistema frontal, evidenciado pelas temperaturas e ventos característicos do avanço da massa polar sobre o sul do Brasil.;Primavera;;;;;;;;;;;;;;;;;
2023-10-28 00:00:00;Norte;mEc;A região delimitada abrange a bacia amazônica, onde predomina a Massa Equatorial Continental, caracterizada por ser quente e úmida, típica destas latitudes nortistas.;Primavera;;;;;;;;;;;;;;;;;
2023-10-28 00:00:00;Nordeste;mTa;Dominio do fluxo de leste influenciado pela alta pressao subtropical do Atlantico Sul, caracterizando a mTa como a massa predominante na regiao Nordeste.;Primavera;;;;;;;;;;;;;;;;;
2023-10-28 00:00:00;Litoral;mTa;A regiao delimitada esta sob influencia direta do fluxo marítimo do Atlantico Sul, caracterizado por massas de ar quentes e umidas sob predominio de subsidencia.;Primavera;;;;;;;;;;;;;;;;;
2023-10-28 00:00:00;Centro;mTa;Regiao sob predominio de fluxo de umidade do quadrante leste/sudeste, caracteristico da circulacao maritima que transporta ar quente e umido para o interior do continente.;Primavera;;;;;;;;;;;;;;;;;
2023-10-28 00:00:00;Sul;mPa;A região delimitada encontra-se na retaguarda da frente fria, caracterizada pela incursão de ar polar, evidenciada pelos valores térmicos reduzidos e gradiente de pressão.;Primavera;;;;;;;;;;;;;;;;;
2023-10-29 00:00:00;Norte;mEc;Regiao central sob influencia da massa de ar quente e umida de origem continental, tipica da regiao amazonica, caracterizada por baixos gradientes de pressao e estabilidade térmica;Primavera;;;;;;;;;;;;;;;;;
2023-10-29 00:00:00;Nordeste;mTa;Regiao sob predominio do fluxo de leste/sudeste associado a circulacao do anticiclone sobre o Atlantico Sul, caracterizando uma massa de ar quente e umida predominante.;Primavera;;;;;;;;;;;;;;;;;
2023-10-29 00:00:00;Litoral;mTa;A região delimitada está sob a influência do fluxo marítimo do Atlântico Sul, caracterizado por massas quentes e úmidas estabelecidas sob regime de alta pressão oceânica.;Primavera;;;;;;;;;;;;;;;;;
2023-10-29 00:00:00;Centro;mTa;A região encontra-se sob influência da circulação marítima do Atlântico Sul, caracterizada pela predominância de ar quente e úmido transportado por ventos de leste-sudeste.;Primavera;;;;;;;;;;;;;;;;;
2023-10-29 00:00:00;Sul;mPa;Regiao sob influencia de massa de ar frio e seco (mPa), caracterizada pelo avanco do sistema pós-frontal que deslocou a massa de ar quente anteriormente presente no setor Sul.;Primavera;;;;;;;;;;;;;;;;;
2023-10-30 00:00:00;Norte;mEc;Região situada no interior do continente amazônico, caracterizando o domínio de ar quente e úmido de origem continental, sem influência de sistemas extratropicais.;Primavera;;;;;;;;;;;;;;;;;
2023-10-30 00:00:00;Nordeste;mTa;Regiao sob influencia do escoamento predominante do anticiclone subtropical do Atlantico Sul, caracterizando a presenca da Massa Tropical Atlantica (mTa) quente e umida sobre o Nor;Primavera;;;;;;;;;;;;;;;;;
2023-10-30 00:00:00;Litoral;mTa;Regiao sob influencia do escoamento de leste-sudeste proveniente da alta pressao subtropical, caracterizando o dominio da massa Tropical Atlantica no litoral leste brasileiro.;Primavera;;;;;;;;;;;;;;;;;
2023-10-30 00:00:00;Centro;mTc;Região central do continente sob forte aquecimento radiativo e ausência de sistemas dinâmicos, caracterizando a atuação da massa de ar quente e seca sobre o Chaco.;Primavera;;;;;;;;;;;;;;;;;
2023-10-30 00:00:00;Sul;mPa;A região encontra-se no quadrante posterior ao sistema frontal, caracterizada por gradiente de pressão e advecção de ar frio e úmido típico da massa polar atlântica.;Primavera;;;;;;;;;;;;;;;;;
2023-10-31 00:00:00;Norte;mEc;Regiao central e norte da Amazonia sob influencia da Massa Equatorial Continental, caracterizada por alta umidade e temperaturas elevadas, sem a presenca de sistemas frontais ativo;Primavera;;;;;;;;;;;;;;;;;
2023-10-31 00:00:00;Nordeste;mTa;A regiao delimitada esta predominantemente sob influencia da circulacao de leste/sudeste associada a alta do Atlantico Sul, caracterizando o dominio da Massa Tropical Atlantica.;Primavera;;;;;;;;;;;;;;;;;
2023-10-31 00:00:00;Litoral;mTa;Região sob influência direta do fluxo de sudeste/leste, característico da circulação da ASAS, estabelecendo predomínio de massa de ar tropical quente e úmida sobre o litoral.;Primavera;;;;;;;;;;;;;;;;;
2023-10-31 00:00:00;Centro;mTa;Região central sob influência termodinâmica do sistema de alta pressão extratropical, caracterizando o predomínio de ar quente e úmido proveniente do quadrante oceânico.;Primavera;;;;;;;;;;;;;;;;;
2023-10-31 00:00:00;Sul;mPa;A regiao apresenta caracteristicas de subsidencia e adveccao de ar polar, posicionada na retaguarda de sistema frontal que avanca sobre o Sudeste brasileiro.;Primavera;;;;;;;;;;;;;;;;;
2023-11-01 00:00:00;Norte;mEc;A regiao delimitada esta sob influencia da Massa Equatorial Continental, caracterizada pela baixa pressao termica e alta umidade, predominante sobre a bacia Amazonica.;Primavera;;;;;;;;;;;;;;;;;
2023-11-01 00:00:00;Nordeste;mTa;Região sob influência direta do fluxo zonal de leste associado à célula de alta pressão do Atlântico Sul, caracterizando o domínio da massa Tropical Atlântica (mTa), quente e úmida;Primavera;;;;;;;;;;;;;;;;;
2023-11-01 00:00:00;Litoral;mTa;Regiao sob clara influencia do fluxo maritimo do Atlantico Sul, caracterizada pela predominancia de ar quente e umido associado ao transporte oceanico para o litoral nordestino.;Primavera;;;;;;;;;;;;;;;;;
2023-11-01 00:00:00;Centro;mTc;Região central situada na Depressão do Chaco, sob condições de ar quente e estável, com ausência de influência direta de sistemas frontais, caracterizando a atuação da mTc.;Primavera;;;;;;;;;;;;;;;;;
2023-11-01 00:00:00;Sul;mPa;A regiao delimitada esta sob influencia direta da massa de ar polar, evidenciada pelas temperaturas mais brandas e posicionamento logo apos a passagem de sistema frontal.;Primavera;;;;;;;;;;;;;;;;;
2023-11-02 00:00:00;Norte;mEc;Região predominantemente sob influência da massa Equatorial Continental, caracterizada pela origem amazônica, elevadas temperaturas e umidade abundante sem influência frontal.;Primavera;;;;;;;;;;;;;;;;;
2023-11-02 00:00:00;Nordeste;mTa;Regiao sob influencia do escoamento de leste do anticiclone subtropical, caracterizada por massa quente e umida transportada do Atlantico para o interior do Nordeste.;Primavera;;;;;;;;;;;;;;;;;
2023-11-02 00:00:00;Litoral;mTa;A região delimitada está sob o domínio do fluxo marítimo da alta pressão do Atlântico, caracterizando a predominância da Massa Tropical Atlântica (mTa), quente e úmida.;Primavera;;;;;;;;;;;;;;;;;
2023-11-02 00:00:00;Centro;mTa;A região encontra-se sob influência da circulação da alta subtropical do Atlântico Sul, caracterizando o predomínio de ar quente e úmido transportado por fluxos marítimos.;Primavera;;;;;;;;;;;;;;;;;
2023-11-02 00:00:00;Sul;mPa;A regiao apresenta caracteristicas de pos-frontal, com adveccao de ar frio e umido identificada atraves da queda nas temperaturas e circulacao associada a ingressao da mPa.;Primavera;;;;;;;;;;;;;;;;;
2023-11-03 00:00:00;Norte;mEc;A região demarcada encontra-se sobre a bacia amazônica, caracterizada por altas temperaturas e umidade, sob domínio da massa equatorial continental.;Primavera;;;;;;;;;;;;;;;;;
2023-11-03 00:00:00;Nordeste;mTa;Dominio sob a circulacao perifirica da alta pressao do Atlantico Sul, caracterizando uma massa quente e umida que estabiliza o tempo no setor demarcado.;Primavera;;;;;;;;;;;;;;;;;
2023-11-03 00:00:00;Litoral;mTa;A regiao delimitada esta sob influencia direta do fluxo maritimo oriundo do oceano, caracterizando a atuacao da massa Tropical Atlantica, que apresenta elevada umidade e calor.;Primavera;;;;;;;;;;;;;;;;;
2023-11-03 00:00:00;Centro;mTc;Regiao central do continente sob influencia de subsidencia e adveccao de ar quente e seco, caracteristico da massa tropical continental (mTc) na depressao do Chaco.;Primavera;;;;;;;;;;;;;;;;;
2023-11-03 00:00:00;Sul;mPa;A região delimitada está sob a influência do pós-frontal, caracterizado por temperaturas mais amenas e fluxo de ar frio resultante do avanço desta massa polar pelo setor.;Primavera;;;;;;;;;;;;;;;;;
2023-11-04 00:00:00;Norte;mEc;Regiao localizada sobre a bacia Amazonica, caracterizada por alta umidade e temperaturas elevadas, mantendo as caracteristicas fisicas da massa equatorial continental.;Primavera;;;;;;;;;;;;;;;;;
2023-11-04 00:00:00;Nordeste;mTa;Regiao sob predominio da massa Tropical Atlantica, caracterizada por fluxos de leste que transportam umidade do oceano para o continente, mantendo condicoes quentes e estaveis.;Primavera;;;;;;;;;;;;;;;;;
2023-11-04 00:00:00;Litoral;mTa;A área é dominada pelo fluxo de leste da circulação anticiclônica oceânica, caracterizando a atuação da mTa sobre o litoral do Nordeste brasileiro.;Primavera;;;;;;;;;;;;;;;;;
2023-11-04 00:00:00;Centro;mPa;A regiao delimitada esta sofrendo o ingresso de adveccao fria, caracterizada pela entrada da massa de ar polar apos a passagem da frente fria observada no setor.;Primavera;;;;;;;;;;;;;;;;;
2023-11-04 00:00:00;Sul;mPa;A região delimitada encontra-se sob efeito direto do avanço de uma massa de ar frio e úmido após a passagem de uma frente fria, caracterizando o domínio da mPa.;Primavera;;;;;;;;;;;;;;;;;
2023-11-05 00:00:00;Norte;mEc;A região delimitada pelo retângulo vermelho situa-se integralmente sobre a bacia amazônica, caracterizada pelo domínio da massa de ar Equatorial Continental, quente e úmida.;Primavera;;;;;;;;;;;;;;;;;
2023-11-05 00:00:00;Nordeste;mTa;A região demarcada encontra-se sob influência predominante do fluxo de leste marítimo, característico da Massa Tropical Atlântica, que mantém condições de umidade e calor na área.;Primavera;;;;;;;;;;;;;;;;;
2023-11-05 00:00:00;Litoral;mTa;A região delimitada encontra-se sob influência do escoamento marítimo de leste, característico da circulação da massa tropical atlântica em atuação sobre o setor litorâneo.;Primavera;;;;;;;;;;;;;;;;;
2023-11-05 00:00:00;Centro;mPa;A região delimitada está sob influência da massa polar atlântica, caracterizada pelo resfriamento e deslocamento do ar frio no setor pós-frontal da frente fria atuante.;Primavera;;;;;;;;;;;;;;;;;
2023-11-05 00:00:00;Sul;mPa;A região delimitada encontra-se na retaguarda de um sistema frontal, caracterizando a incursão da massa de ar polar, evidenciada pelos valores de temperatura e ponto de orvalho.;Primavera;;;;;;;;;;;;;;;;;
2023-11-06 00:00:00;Norte;mEc;A região demarcada encontra-se sobre a bacia amazônica, caracterizada pela ausência de sistemas frontais e sob forte influência da massa de ar quente e úmida continental.;Primavera;;;;;;;;;;;;;;;;;
2023-11-06 00:00:00;Nordeste;mTa;Predominância de escoamento de leste vindo do Atlântico sobre a região Nordeste, caracterizando a influência da massa de ar Tropical Atlântica (mTa) na área delimitada.;Primavera;;;;;;;;;;;;;;;;;
2023-11-06 00:00:00;Litoral;mTa;A regiao delimitada esta sob influencia direta do escoamento oceanico caracteristico da mTa, transportando umidade e mantendo condicoes de estabilidade maritima.;Primavera;;;;;;;;;;;;;;;;;
2023-11-06 00:00:00;Centro;mTa;A regiao apresenta predominancia de circulacao ciclonica associada a um sistema de alta pressao, com caracteristicas termicas e de umidade tipicas da massa Tropical Atlantica.;Primavera;;;;;;;;;;;;;;;;;
2023-11-06 00:00:00;Sul;mPa;A regiao delimitada esta sob a influencia direta do avanco de uma massa de ar frio e seco (mPa), situada na retaguarda de um sistema frontal que atua sobre o oceano.;Primavera;;;;;;;;;;;;;;;;;
2023-11-07 00:00:00;Norte;mEc;Região sob influência da circulação equatorial amazônica, caracterizada por altas temperaturas e elevada umidade, estabelecida sobre o interior do continente.;Primavera;;;;;;;;;;;;;;;;;
2023-11-07 00:00:00;Nordeste;mTa;Região sob influência direta da circulação marítima do Atlântico Sul, caracterizada por transporte de umidade e estabilidade térmica típicas da mTa.;Primavera;;;;;;;;;;;;;;;;;
2023-11-07 00:00:00;Litoral;mTa;Regiao sob incidencia de fluxo de transporte de umidade do quadrante leste, caracteristico da circulacao maritima prevalecente da massa Tropical Atlantica no litoral.;Primavera;;;;;;;;;;;;;;;;;
2023-11-07 00:00:00;Centro;mTa;A regiao apresenta predominancia da massa Tropical Atlantica, observada pelo fluxo de umidade e estabilidade termica caracteristica sob influencia da circulacao do anticiclone.;Primavera;;;;;;;;;;;;;;;;;
2023-11-07 00:00:00;Sul;mPa;A região apresenta características de decréscimo térmico e instabilidade, indicando a predominância da mPa que avança sobre o setor após a passagem de um sistema frontal.;Primavera;;;;;;;;;;;;;;;;;
2023-11-08 00:00:00;Norte;mEc;Dominio da Massa Equatorial Continental sobre a regiao Amazonica, caracterizada por baixas pressoes, altas temperaturas e elevada umidade, sem influencia de sistemas frontais exter;Primavera;;;;;;;;;;;;;;;;;
2023-11-08 00:00:00;Nordeste;mTa;A região destacada está sob influência do fluxo equatorial e persistência da circulação de leste oriunda do Atlântico, caracterizando o domínio da massa tropical marítima no setor.;Primavera;;;;;;;;;;;;;;;;;
2023-11-08 00:00:00;Litoral;mTa;A região delimitada está sob influência do fluxo equatorial/tropical marítimo quente e úmido, característico do domínio da massa tropical atlântica sobre o setor leste do país.;Primavera;;;;;;;;;;;;;;;;;
2023-11-08 00:00:00;Centro;mTc;Regiao central do continente sob influencia de subsidencia e aquecimento adiabatico, caracterizando a Massa Tropical Continental com baixos indices de umidade.;Primavera;;;;;;;;;;;;;;;;;
2023-11-08 00:00:00;Sul;mPa;A região delimitada encontra-se no quadrante posterior ao sistema frontal, caracterizada pela incursão de ar frio e seco de origem polar, típica do avanço da mPa pelo continente.;Primavera;;;;;;;;;;;;;;;;;
2023-11-09 00:00:00;Norte;mEc;Região central da Bacia Amazônica sob domínio de ar quente e úmido de origem continental, característico da circulação equatorial sem influência de sistemas frontais.;Primavera;;;;;;;;;;;;;;;;;
2023-11-09 00:00:00;Nordeste;mTa;A região do Nordeste delimitada encontra-se sob influência predominante do fluxo de leste transportado pela circulação marítima, caracterizando o predomínio da mTa.;Primavera;;;;;;;;;;;;;;;;;
2023-11-09 00:00:00;Litoral;mTa;A região delimitada encontra-se sob a influência direta do escoamento marítimo associado à circulação de alta pressão oceânica, caracterizando o predomínio da massa Tropical Atlânt;Primavera;;;;;;;;;;;;;;;;;
2023-11-09 00:00:00;Centro;mTc;A região delimitada no interior do continente, a noroeste do sistema frontal, está sob influência da massa quente e seca, caracterizando o domínio da mTc na Depressão do Chaco.;Primavera;;;;;;;;;;;;;;;;;
2023-11-09 00:00:00;Sul;mPa;A região delimitada encontra-se na retaguarda de uma frente fria, caracterizada pela incursão de ar frio e úmido típico da massa polar atlântica avançando sobre o continente.;Primavera;;;;;;;;;;;;;;;;;
2023-11-10 00:00:00;Norte;mEc;A região delimitada sobre a bacia amazônica caracteriza-se pela predominância de ar quente e úmido de origem continental, sem influência de sistemas extratropicais ou oceânicos.;Primavera;;;;;;;;;;;;;;;;;
2023-11-10 00:00:00;Nordeste;mTa;Predomínio de ventos de leste influenciados pela circulação marítima do Atlântico Sul, caracterizando a atuação da massa de ar Tropical Atlântica na região do Nordeste brasileiro.;Primavera;;;;;;;;;;;;;;;;;
2023-11-10 00:00:00;Litoral;mTa;A região demarcada encontra-se sob domínio do escoamento marítimo associado à alta pressão, caracterizando a atuação da massa Tropical Atlântica com transporte de umidade.;Primavera;;;;;;;;;;;;;;;;;
2023-11-10 00:00:00;Centro;mTc;Região central sob influência da massa quente e seca de origem continental, mantendo características de baixas umidades e temperaturas elevadas no interior do país.;Primavera;;;;;;;;;;;;;;;;;
2023-11-10 00:00:00;Sul;mPa;A região delimitada sofre a influência direta da subsidência de uma Massa Polar Atlântica, que ingressou no continente, provocando o declínio das temperaturas e estabilidade atmosf;Primavera;;;;;;;;;;;;;;;;;
2023-11-11 00:00:00;Norte;mEc;Regiao situada sobre a Bacia Amazonica, caracterizada pelo predomino de umidade e calor, sob dominio da circulacao continental termo-equatorial estavel da Amazonia.;Primavera;;;;;;;;;;;;;;;;;
2023-11-11 00:00:00;Nordeste;mTa;Predominância de escoamento marítimo associado aos ventos alísios, caracterizando a mTa como a massa dominante sobre o setor leste da região Nordeste no período analisado.;Primavera;;;;;;;;;;;;;;;;;
2023-11-11 00:00:00;Litoral;mEa;A região delimitada está sob influência da massa Equatorial Atlântica, caracterizada por transporte de umidade e calor na porção costeira do Nordeste brasileiro.;Primavera;;;;;;;;;;;;;;;;;
2023-11-11 00:00:00;Centro;mTa;A região encontra-se sob o fluxo do anticiclone subtropical, apresentando características de ar quente e úmido transportado pelo regime de ventos de leste/nordeste típico da mTa.;Primavera;;;;;;;;;;;;;;;;;
2023-11-11 00:00:00;Sul;mPa;A região delimitada localiza-se na retaguarda da frente fria, caracterizando o ingresso e domínio da massa de ar polar, evidenciado pelas temperaturas mais amenas observadas.;Primavera;;;;;;;;;;;;;;;;;
2023-11-12 00:00:00;Norte;mEc;Regiao situada no interior da Amazonia apresentando caracteristicas tipicas de ar quente e umido, sob dominio da circulacao continental caracteristica da mEc.;Primavera;;;;;;;;;;;;;;;;;
2023-11-12 00:00:00;Nordeste;mTa;Predominância de ventos de leste sob influência da circulação da ASAS, transportando umidade do Atlântico Tropical para a região com temperaturas elevadas.;Primavera;;;;;;;;;;;;;;;;;
2023-11-12 00:00:00;Litoral;mTa;Região sob influência direta da circulação marítima da Alta Subtropical do Atlântico Sul, caracterizando a predominância da massa quente e úmida sobre o setor leste do Nordeste.;Primavera;;;;;;;;;;;;;;;;;
2023-11-12 00:00:00;Centro;mTa;A região sob análise é dominada por temperaturas elevadas e umidade, sob influência direta da circulação marítima da ASAS, caracterizando a atuação predominante da massa Tropical A;Primavera;;;;;;;;;;;;;;;;;
2023-11-12 00:00:00;Sul;mPa;A regiao delimitada encontra-se sob a influencia da massa de ar pos-frontal, caracterizada por temperaturas amenas e fluxo condicionado pela passagem de um sistema frontal.;Primavera;;;;;;;;;;;;;;;;;
2023-11-13 00:00:00;Norte;mEc;Região localizada sobre a bacia amazônica, caracterizada pela predominância da massa equatorial continental, quente e úmida, sem influência direta de sistemas frontais.;Primavera;;;;;;;;;;;;;;;;;
2023-11-13 00:00:00;Nordeste;mTa;A região encontra-se sob influência do fluxo equatorial e persistente estabilidade térmica do Atlântico, sendo dominada pela massa Tropical Atlântica (mTa) caracterizada pelo aquec;Primavera;;;;;;;;;;;;;;;;;
2023-11-13 00:00:00;Litoral;mTa;A região encontra-se sob influência do fluxo equatorial marítimo e circulação periférica da ASAS, apresentando características de massa quente e úmida típica da Tropical Atlântica.;Primavera;;;;;;;;;;;;;;;;;
2023-11-13 00:00:00;Centro;mTc;Regiao central do continente sob influencia da massa de ar quente e seca, caracterizada por baixos gradientes de pressao e estabilidade atmosferica na Depressao do Chaco.;Primavera;;;;;;;;;;;;;;;;;
2023-11-13 00:00:00;Sul;mPa;A região sob o retângulo vermelho encontra-se na retaguarda de um sistema frontal, caracterizada pela incursão de ar polar, evidenciada pelos gradientes térmicos e ventos do quadra;Primavera;;;;;;;;;;;;;;;;;
2023-11-14 00:00:00;Norte;mEc;A região demarcada encontra-se sobre a bacia amazônica, caracterizada por altas temperaturas e umidade, sob domínio da massa de ar equatorial continental.;Primavera;;;;;;;;;;;;;;;;;
2023-11-14 00:00:00;Nordeste;mTa;A região do Nordeste delimitada encontra-se sob influência do fluxo de sudeste/leste característico da circulação da ASAS, estabelecendo o predomínio da massa Tropical Atlântica.;Primavera;;;;;;;;;;;;;;;;;
2023-11-14 00:00:00;Litoral;mTa;Regiao sob influencia da circulacao periferica da alta subtropical, caracterizada por transporte de umidade e calor vindo do oceano, configurando o dominio da massa tropical atlant;Primavera;;;;;;;;;;;;;;;;;
2023-11-14 00:00:00;Centro;mTa;A região delimitada está sob a influência do escoamento marítimo oriundo da alta pressão oceânica, caracterizando o predomínio da massa Tropical Atlântica (mTa) sobre o setor.;Primavera;;;;;;;;;;;;;;;;;
2023-11-14 00:00:00;Sul;mPa;A região encontra-se no quadrante posterior à passagem de uma frente fria, caracterizada pela presença de ar frio e úmido desta massa polar em deslocamento sobre o setor.;Primavera;;;;;;;;;;;;;;;;;
2023-11-15 00:00:00;Norte;mEc;A região delimitada compreende a bacia amazônica e adjacências, sob domínio de ar quente e úmido de origem continental, sem influência direta de sistemas frontais ou massas marítim;Primavera;;;;;;;;;;;;;;;;;
2023-11-15 00:00:00;Nordeste;mTa;Predominância da massa Tropical Atlântica, caracterizada pelo transporte de umidade do oceano para o continente, mantendo as condições estáveis e quentes na região delimitada.;Primavera;;;;;;;;;;;;;;;;;
2023-11-15 00:00:00;Litoral;mTa;Regiao sob influencia do escoamento marítimo quente e úmido vindo do Oceano Atlântico, característica da predominância da massa Tropical Atlântica no litoral leste e nordeste.;Primavera;;;;;;;;;;;;;;;;;
2023-11-15 00:00:00;Centro;mTc;Regiao central do continente sob dominio de subsidencia e calor, caracterizando a atuação da massa de ar Tropical Continental, associada a altos valores de temperatura e ar seco.;Primavera;;;;;;;;;;;;;;;;;
2023-11-15 00:00:00;Sul;mPa;A região delimitada encontra-se sob o fluxo pós-frontal, com queda de temperaturas e ventos do quadrante sul/sudeste, caracterizando a atuação da massa de ar polar atlântica.;Primavera;;;;;;;;;;;;;;;;;
2023-11-16 00:00:00;Norte;mEc;Região central da Bacia Amazônica sob domínio subtropical. A ausência de sistemas dinâmicos frontais caracteriza a predominância da massa de ar quente e úmida de origem continental;Primavera;;;;;;;;;;;;;;;;;
2023-11-16 00:00:00;Nordeste;mTa;Dominio do fluxo de leste/sudeste associado à circulação marítima, transportando umidade e calor sobre o setor, característica da atuação da massa tropical atlântica.;Primavera;;;;;;;;;;;;;;;;;
2023-11-16 00:00:00;Litoral;mTa;O setor delimitado encontra-se sob domínio do escoamento de leste-sudeste, característico da circulação periférica da alta subtropical, transportando a massa Tropical Atlântica.;Primavera;;;;;;;;;;;;;;;;;
2023-11-16 00:00:00;Centro;mTc;Região central do continente sob influência de núcleo de ar quente e seco (Depressão do Chaco), caracterizada por baixas pressões térmicas e ausência de sistemas frontais.;Primavera;;;;;;;;;;;;;;;;;
2023-11-16 00:00:00;Sul;mTa;Regiao sob fluxo marítimo do Atlântico, caracterizado pela atuação da massa de ar Tropical Atlântica, mantendo condições quentes e úmidas no setor delimitado.;Primavera;;;;;;;;;;;;;;;;;
2023-11-17 00:00:00;Norte;mEc;A região sob o retângulo vermelho localiza-se sobre a bacia amazônica, caracterizada por baixas pressões e alta umidade, compatíveis com o domínio da massa equatorial continental.;Primavera;;;;;;;;;;;;;;;;;
2023-11-17 00:00:00;Nordeste;mTa;A região apresenta características de estabilidade associadas ao fluxo marítimo predominante do quadrante leste, sob influência direta da circulação do sistema de alta pressão oceâ;Primavera;;;;;;;;;;;;;;;;;
2023-11-17 00:00:00;Litoral;mTa;A região delimitada está sob o domínio do fluxo marítimo da Alta Subtropical do Atlântico Sul, caracterizando a atuação da massa de ar Tropical Atlântica (mTa), quente e úmida.;Primavera;;;;;;;;;;;;;;;;;
2023-11-17 00:00:00;Centro;mTc;Região situada no interior continental, caracterizada por temperaturas elevadas e baixos níveis de umidade, predominando o domínio da Massa Tropical Continental (mTc).;Primavera;;;;;;;;;;;;;;;;;
2023-11-17 00:00:00;Sul;mPa;A região delimitada encontra-se atrás de uma frente fria que avança pelo oceano, caracterizando a trajetória e o estabelecimento de uma massa de ar frio e úmido de origem polar.;Primavera;;;;;;;;;;;;;;;;;
2023-11-18 00:00:00;Norte;mEc;Regiao central e norte do continente sob influencia direta da circulacao e propriedades termodinamicas da Massa Equatorial Continental, caracterizada pelo ar quente e instavel.;Primavera;;;;;;;;;;;;;;;;;
2023-11-18 00:00:00;Nordeste;mTa;Predominância da massa Tropical Atlântica, caracterizada pelo escoamento marítimo com umidade e calor que atua de forma persistente sobre toda a região Nordeste.;Primavera;;;;;;;;;;;;;;;;;
2023-11-18 00:00:00;Litoral;mTa;Regiao sob influencia do escoamento de sueste/leste provindo do anticiclone subtropical do Atlantico Sul, caracterizando a presenca de massa de ar tropical quente e umida.;Primavera;;;;;;;;;;;;;;;;;
2023-11-18 00:00:00;Centro;mTc;Regiao central do continente sob influencia de subsidencia e adveccao continental, caracterizando ar quente e seco tipico da massa tropical continental no interior do Brasil.;Primavera;;;;;;;;;;;;;;;;;
2023-11-18 00:00:00;Sul;mPa;A região demarcada encontra-se sob influência de massa de ar pós-frontal, com gradiente térmico e estabelecimento de circulação de sul a sudeste, caracterizando o ingresso da mPa.;Primavera;;;;;;;;;;;;;;;;;
2023-11-19 00:00:00;Norte;mEc;A região delimitada abrange a bacia amazônica e áreas continentais adjacentes, onde o domínio da massa Equatorial Continental (mEc) prevalece devido às características de umidade e;Primavera;;;;;;;;;;;;;;;;;
2023-11-19 00:00:00;Nordeste;mTa;Predominância da Massa Tropical Atlântica, caracterizada pelo fluxo de ar marítimo quente e úmido que ingressa na região nordestina sob influência do gradiente de pressão regional.;Primavera;;;;;;;;;;;;;;;;;
2023-11-19 00:00:00;Litoral;mTa;O setor delimitado encontra-se sob o fluxo do escoamento marítimo oriundo do Anticiclone Subtropical do Atlântico Sul, caracterizando o domínio da massa Tropical Atlântica.;Primavera;;;;;;;;;;;;;;;;;
2023-11-19 00:00:00;Centro;mTc;A região apresenta características de temperaturas elevadas e baixa umidade relativa, típicas da massa de ar Tropical Continental que domina o interior do centro-sul do continente.;Primavera;;;;;;;;;;;;;;;;;
2023-11-19 00:00:00;Sul;mPa;A região delimitada encontra-se na retaguarda do sistema frontal, evidenciada pela queda dos valores de temperatura e ponto de orvalho, caracterizando o avanço da massa polar.;Primavera;;;;;;;;;;;;;;;;;
2023-11-20 00:00:00;Norte;mEc;Regiao central e norte da Bacia Amazonica sob dominio persistente de ar quente e umido de origem continental, caracteristico da mEc, sem interferencia de sistemas frontais.;Primavera;;;;;;;;;;;;;;;;;
2023-11-20 00:00:00;Nordeste;mTa;Região sob influência direta da circulação marítima quente e úmida transportada pelos ventos alísios de leste, caracterizando a predominância da Massa Tropical Atlântica.;Primavera;;;;;;;;;;;;;;;;;
2023-11-20 00:00:00;Litoral;mTa;O setor encontra-se sob influência do fluxo equatorial/tropical do Atlântico, caracterizado por ar quente e úmido, típico do domínio da Alta Subtropical do Atlântico Sul no litoral;Primavera;;;;;;;;;;;;;;;;;
2023-11-20 00:00:00;Centro;mTc;A região central encontra-se sob domínio da massa Tropical Continental, caracterizada pela persistência de altas temperaturas e baixos teores de umidade no interior do continente.;Primavera;;;;;;;;;;;;;;;;;
2023-11-20 00:00:00;Sul;mTa;A região encontra-se submetida ao fluxo de norte/nordeste do escoamento periférico da ASAS, evidenciando o predomínio da Massa Tropical Atlântica com características quentes e úmid;Primavera;;;;;;;;;;;;;;;;;
2023-11-21 00:00:00;Norte;mEc;Região sob influência direta da massa de ar quente e úmida originária da bacia amazônica, caracterizada por altas temperaturas e estabilidade local sem perturbações frontais.;Primavera;;;;;;;;;;;;;;;;;
2023-11-21 00:00:00;Nordeste;mTa;A região encontra-se sob influência do fluxo equatorial e tropical do Atlântico, com predomínio de umidade e estabilidade térmica caraterísticos da Massa Tropical Atlântica.;Primavera;;;;;;;;;;;;;;;;;
2023-11-21 00:00:00;Litoral;mTa;A regiao delimitada esta sob influencia direta do fluxo zonal do Atlantico Sul, transportando ar quente e umido, caracteristico da massa Tropical Atlantica no litoral brasileiro.;Primavera;;;;;;;;;;;;;;;;;
2023-11-21 00:00:00;Centro;mTa;A área encontra-se sob influência da circulação da alta pressão do Atlântico Sul, caracterizando a predominância de ar quente e úmido de origem marítima (mTa) sobre a região.;Primavera;;;;;;;;;;;;;;;;;
2023-11-21 00:00:00;Sul;mPa;A região apresenta a presença de ar frio e seco pós-frontal, evidenciado pela trajetória do avanço da massa polar sobre o setor sul do continente.;Primavera;;;;;;;;;;;;;;;;;
2023-11-22 00:00:00;Norte;mEc;A área encontra-se sob domínio da massa Equatorial Continental, caracterizada por baixas pressões e altos teores de umidade típicos da bacia Amazônica.;Primavera;;;;;;;;;;;;;;;;;
2023-11-22 00:00:00;Nordeste;mTa;A região encontra-se sob influência da circulação marítima da borda da ASAS, caracterizando o predomínio de ar quente e úmido transportado do Atlântico para o continente.;Primavera;;;;;;;;;;;;;;;;;
2023-11-22 00:00:00;Litoral;mTa;A região delimitada encontra-se sob influência do fluxo de leste/sudeste associado à circulação marítima, caracterizando o predomínio da Massa Tropical Atlântica (mTa).;Primavera;;;;;;;;;;;;;;;;;
2023-11-22 00:00:00;Centro;mTc;Região do interior do continente sob influência de altas temperaturas e baixa umidade relativa, característica da massa tropical continental que domina o setor central do país.;Primavera;;;;;;;;;;;;;;;;;
2023-11-22 00:00:00;Sul;mPa;A região delimitada encontra-se sob influência de um avanço pós-frontal, com predomínio de fluxo de sul/sudeste característico da incursão de massa de ar polar atlântica.;Primavera;;;;;;;;;;;;;;;;;
2023-11-23 00:00:00;Norte;mEc;Regiao central e norte da Amazonia sob influencia da Massa Equatorial Continental, caracterizada por alta umidade e temperaturas elevadas, sem a presenca de sistemas frontais.;Primavera;;;;;;;;;;;;;;;;;
2023-11-23 00:00:00;Nordeste;mTa;A região delimitada está sob influência do fluxo marítimo dos alísios, característico da atuação da massa mTa, mantendo condições térmicas e de umidade elevadas no setor.;Primavera;;;;;;;;;;;;;;;;;
2023-11-23 00:00:00;Litoral;mTa;A região delimitada está sob a influência do fluxo marítimo da alta pressão do Atlântico, caracterizando o predomínio da Massa Tropical Atlântica (mTa) no litoral leste.;Primavera;;;;;;;;;;;;;;;;;
2023-11-23 00:00:00;Centro;mTc;A regiao encontra-se sob a influência da Depressao do Chaco, caracterizada por temperaturas elevadas e baixos teores de umidade, predominando a massa Tropical Continental.;Primavera;;;;;;;;;;;;;;;;;
2023-11-23 00:00:00;Sul;mPa;Região sob influência de escoamento de sul após a passagem de uma frente fria, caracterizando o ingresso e domínio de massa de ar frio e úmida (mPa) sobre o setor.;Primavera;;;;;;;;;;;;;;;;;
2023-11-24 00:00:00;Norte;mEc;A região demarcada encontra-se sobre a bacia amazônica, caracterizada pela presença predominante de ar quente e úmido de origem continental, configurando o domínio da mEc.;Primavera;;;;;;;;;;;;;;;;;
2023-11-24 00:00:00;Nordeste;mTa;Predominância de escoamento marítimo quente e úmido sobre a região, sob influência da circulação da Alta Subtropical do Atlântico Sul, caracterizando a Massa Tropical Atlântica.;Primavera;;;;;;;;;;;;;;;;;
2023-11-24 00:00:00;Litoral;mTa;Regiao sob influencia do escoamento de leste-nordeste no litoral do Nordeste, caracterizando a permanencia da Massa Tropical Atlantica (mTa) com fluxo de umidade do oceano.;Primavera;;;;;;;;;;;;;;;;;
2023-11-24 00:00:00;Centro;mTa;A região encontra-se sob influência da circulação da alta pressão do Atlântico, apresentando características típicas de estabilidade térmica e umidade da Massa Tropical Atlântica.;Primavera;;;;;;;;;;;;;;;;;
2023-11-24 00:00:00;Sul;mPa;A região delimitada no setor Sul encontra-se sob influência de um sistema frontal com escoamento de ar pós-frontal, caracterizando o ingresso e domínio da massa de ar polar.;Primavera;;;;;;;;;;;;;;;;;
2023-11-25 00:00:00;Norte;mEc;Regiao central da Amazonia sob influencia da mEc, caracterizada por valores elevados de temperatura e umidade, sem interferencia de sistemas frontais ou incursao de ar polar.;Primavera;;;;;;;;;;;;;;;;;
2023-11-25 00:00:00;Nordeste;mTa;Predominancia da Massa Tropical Atlantica sobre o Nordeste brasileiro, caracterizada por fluxos de leste que transportam umidade do oceano para o continente sob regime de alta pres;Primavera;;;;;;;;;;;;;;;;;
2023-11-25 00:00:00;Litoral;mTa;A área do litoral está sob influência do fluxo marítimo dos quadrantes leste/sudeste, característico da circulação da massa tropical atlântica, apresentando ar quente e úmido.;Primavera;;;;;;;;;;;;;;;;;
2023-11-25 00:00:00;Centro;mTa;Região sob influência direta do fluxo de umidade do oceano Atlântico para o continente, mantendo características térmicas e de umidade típicas da massa Tropical Atlântica.;Primavera;;;;;;;;;;;;;;;;;
2023-11-25 00:00:00;Sul;mPa;A região delimitada encontra-se sob influência de um sistema frontal, com a massa de ar polar (mPa) avançando sobre o setor, caracterizada por temperaturas mais amenas e umidade.;Primavera;;;;;;;;;;;;;;;;;
2023-11-26 00:00:00;Norte;mEc;Região sob influência predominante de ar quente e úmido de origem equatorial, característico da bacia amazônica e ausência de incursões polares ou sistemas frontais no setor.;Primavera;;;;;;;;;;;;;;;;;
2023-11-26 00:00:00;Nordeste;mTa;Regiao sob predominio de fluxo maritimo quente e umido, caracteristico da circulacao periferica da alta subtropical do Atlantico Sul que adentra o leste do Nordeste brasileiro.;Primavera;;;;;;;;;;;;;;;;;
2023-11-26 00:00:00;Litoral;mTa;A região delimitada está sob a influência do fluxo marítimo da massa de ar Tropical Atlântica, caracterizada por ventos alísios que transportam umidade para o litoral do Nordeste.;Primavera;;;;;;;;;;;;;;;;;
2023-11-26 00:00:00;Centro;mPa;A região delimitada encontra-se sob a influência direta do avanço de uma massa de ar pós-frontal, com gradiente de temperatura característico da mPa penetrando pelo setor.;Primavera;;;;;;;;;;;;;;;;;
2023-11-26 00:00:00;Sul;mTa;A região selecionada encontra-se sob o domínio do escoamento marítimo de leste/nordeste associado à Alta Subtropical, caracterizando a predominância da Massa Tropical Atlântica.;Primavera;;;;;;;;;;;;;;;;;
2023-11-27 00:00:00;Norte;mEc;Região situada sobre a bacia amazônica, caracterizada por altas temperaturas e umidade, típica do domínio da massa Equatorial Continental sem interferência de sistemas frontais.;Primavera;;;;;;;;;;;;;;;;;
2023-11-27 00:00:00;Nordeste;mTa;Predominio da massa tropical atlantica na regiao nordestina, caracterizada por fluxos de leste influenciados pela circulacao periferica do centro de alta pressao sobre o oceano.;Primavera;;;;;;;;;;;;;;;;;
2023-11-27 00:00:00;Litoral;mEa;Região sob influência da mEa, caracterizada por transporte de umidade do oceano para o continente, mantendo temperaturas elevadas e umidade constante no litoral nordestino.;Primavera;;;;;;;;;;;;;;;;;
2023-11-27 00:00:00;Centro;mTa;Regiao sob influencia do escoamento oceanico, caracterizada por temperaturas amenas e umidade propria da circulacao de alta pressao atuante no Atlantico Sul.;Primavera;;;;;;;;;;;;;;;;;
2023-11-27 00:00:00;Sul;mPa;A região delimitada localiza-se na retaguarda de uma frente fria que avança pelo oceano, caracterizando a atuação da mPa com advecção de ar frio e redução das temperaturas.;Primavera;;;;;;;;;;;;;;;;;
2023-11-28 00:00:00;Norte;mEc;A regiao delimitada esta sob o dominio termodinamico da bacia amazonica, apresentando caracteristicas de alta umidade e temperaturas elevadas tipicas da massa equatorial continenta;Primavera;;;;;;;;;;;;;;;;;
2023-11-28 00:00:00;Nordeste;mTa;Predomínio de fluxo marítimo sob influência do Anticiclone Subtropical do Atlântico Sul, caracterizando a atuação da massa de ar Tropical Atlântica na região delimitada.;Primavera;;;;;;;;;;;;;;;;;
2023-11-28 00:00:00;Litoral;mTa;Região sob influência direta da circulação marítima da alta pressão, caracterizando a atuação da massa tropical marítima com transporte de umidade constante para o litoral.;Primavera;;;;;;;;;;;;;;;;;
2023-11-28 00:00:00;Centro;mTa;Regiao sob fluxo predominante de leste/nordeste vindo do oceano, caracterizando a atuacao da massa de ar tropical, com transporte de umidade e estabilidade térmica.;Primavera;;;;;;;;;;;;;;;;;
2023-11-28 00:00:00;Sul;mPa;A região apresenta declínio de temperaturas e ventos do quadrante sul/sudeste, caracterizando a atuação da mPa na retaguarda de um sistema frontal que avança pelo setor.;Primavera;;;;;;;;;;;;;;;;;
2023-11-29 00:00:00;Norte;mEc;A região delimitada abrange a bacia amazônica e adjacências, sob domínio característico da Massa Equatorial Continental, que apresenta elevadas temperaturas e umidade abundante.;Primavera;;;;;;;;;;;;;;;;;
2023-11-29 00:00:00;Nordeste;mTa;Região sob influência direta do fluxo de leste da Alta do Atlântico Sul, caracterizando a mTa, massa de ar quente e úmida predominante no setor leste e interior nordestino.;Primavera;;;;;;;;;;;;;;;;;
2023-11-29 00:00:00;Litoral;mTa;A regiao delimitada esta sob influencia da circulacao periferica do centro de alta pressao no Atlantico Sul, caracterizando a atuacao da massa de ar Tropical Atlantica.;Primavera;;;;;;;;;;;;;;;;;
2023-11-29 00:00:00;Centro;mTc;A região central delimitada apresenta características de subsidência e aquecimento termodinâmico no interior do continente, típicas da influência da Massa Tropical Continental.;Primavera;;;;;;;;;;;;;;;;;
2023-11-29 00:00:00;Sul;mPa;A região delimitada encontra-se na retaguarda de um sistema frontal, caracterizada pela incursão de uma Massa Polar Atlântica, evidenciada pelos valores de temperatura mais amenos.;Primavera;;;;;;;;;;;;;;;;;
2023-11-30 00:00:00;Norte;mEc;A região delimitada abrange a bacia amazônica. A característica de calor e umidade, associada à ausência de sistemas frontais, define a predominância da Massa Equatorial Continenta;Primavera;;;;;;;;;;;;;;;;;
2023-11-30 00:00:00;Nordeste;mTa;Região sob influência direta do fluxo de leste/sudeste proveniente do Atlântico Tropical, caracterizando a predominância da mTa sobre o setor do Nordeste brasileiro.;Primavera;;;;;;;;;;;;;;;;;
2023-11-30 00:00:00;Litoral;mTa;Regiao sob influencia do escoamento de leste-nordeste oriundo da Alta subtropical, caracterizando predominio de ar quente e umido sobre o litoral central brasileiro.;Primavera;;;;;;;;;;;;;;;;;
2023-11-30 00:00:00;Centro;mTa;Predominância da Massa Tropical Atlântica, caracterizada pelo escoamento de umidade marítima sob influência da circulação da ASAS, apresentando características térmicas elevadas.;Primavera;;;;;;;;;;;;;;;;;
2023-11-30 00:00:00;Sul;mTa;A região delimitada está sob influência do escoamento marítimo oriundo da alta pressão do Atlântico, caracterizando a predominância da Massa Tropical Atlântica com transporte de um;Primavera;;;;;;;;;;;;;;;;;
2023-12-01 00:00:00;Norte;mEc;A região delimitada abrange a bacia amazônica e áreas continentais adjacentes, onde a massa de ar quente e úmida de origem equatorial predomina sem interferência de sistemas fronta;Primavera;;;;;;;;;;;;;;;;;
2023-12-01 00:00:00;Nordeste;mTa;Dominio da subsidencia e fluxos de leste provenientes do Atlantico Sul, caracterizando a atuacao da massa Tropical Atlantica sobre a regiao nordeste.;Primavera;;;;;;;;;;;;;;;;;
2023-12-01 00:00:00;Litoral;mTa;A região esta sob influencia da circulacao periferica da alta pressao do Atlantico Sul, caracterizando o dominio da massa de ar Tropical Atlantica em todo o trecho costeiro.;Primavera;;;;;;;;;;;;;;;;;
2023-12-01 00:00:00;Centro;mTa;A região central encontra-se sob influência da circulação anticiclônica do Atlântico, configurando o predomínio da Massa Tropical Atlântica com características quentes e úmidas.;Primavera;;;;;;;;;;;;;;;;;
2023-12-01 00:00:00;Sul;mTa;A região sob análise está sob influência direta do fluxo de umidade oceânica proveniente do Atlântico Sul, caracterizando o predomínio da Massa Tropical Atlântica.;Primavera;;;;;;;;;;;;;;;;;
2023-12-02 00:00:00;Norte;mEc;Região situada no interior da bacia amazônica sob domínio de calor e umidade elevada, característica da massa de ar equatorial continental, sem influência de sistemas frontais.;Primavera;;;;;;;;;;;;;;;;;
2023-12-02 00:00:00;Nordeste;mTa;Predominância da Massa Tropical Atlântica, caracterizada pelo fluxo marítimo de sudeste que adentra o leste e interior da região Nordeste, mantendo condições térmicas e de umidade.;Primavera;;;;;;;;;;;;;;;;;
2023-12-02 00:00:00;Litoral;mTa;A região delimitada encontra-se sob domínio do fluxo marítimo de sudeste, característico da circulação da alta subtropical sobre o Atlântico, definindo a predominância da mTa.;Primavera;;;;;;;;;;;;;;;;;
2023-12-02 00:00:00;Centro;mTa;Região sob influência direta do fluxo de ar quente e úmido proveniente do Oceano Atlântico, caracterizando a predominância da Massa Tropical Atlântica no setor central brasileiro.;Primavera;;;;;;;;;;;;;;;;;
2023-12-02 00:00:00;Sul;mTa;A região encontra-se sob influência do fluxo equatorial/tropical marítimo, característico da circulação oceânica que predomina na costa do Sudeste nesta configuração sinótica.;Primavera;;;;;;;;;;;;;;;;;
2023-12-03 00:00:00;Norte;mEc;A região delimitada compreende a bacia amazônica e áreas centrais, onde a presença de ar quente e úmido de origem equatorial caracteriza a massa Equatorial Continental.;Primavera;;;;;;;;;;;;;;;;;
2023-12-03 00:00:00;Nordeste;mTa;Predominio da subsidencia e influencia do fluxo maritimo vindo do Atlantico Sul, caracterizando a Massa Tropical Atlantica sobre o setor do Nordeste brasileiro.;Primavera;;;;;;;;;;;;;;;;;
2023-12-03 00:00:00;Litoral;mTa;A região apresenta estabilidade atmosférica com escoamento predominante de leste/sudeste, sob influência direta da circulação marítima quente e úmida típica da massa Tropical Atlân;Primavera;;;;;;;;;;;;;;;;;
2023-12-03 00:00:00;Centro;mTa;A região central encontra-se sob domínio da circulação do escoamento oceânico periférico à ASAS, caracterizando o predomínio de ar tropical quente e úmido no setor.;Primavera;;;;;;;;;;;;;;;;;
2023-12-03 00:00:00;Sul;mPa;A região demarcada encontra-se sob influência de massa de ar pós-frontal, caracterizada por temperaturas amenas e avanço de ar frio e úmido vindo do quadrante sul.;Primavera;;;;;;;;;;;;;;;;;
2023-12-04 00:00:00;Norte;mEc;A região delimitada abrange a bacia amazônica e áreas centrais, onde a mEc é a massa predominante, caracterizada por altas temperaturas e elevada umidade em baixos níveis troposfér;Primavera;;;;;;;;;;;;;;;;;
2023-12-04 00:00:00;Nordeste;mTa;A região do Nordeste delimitada encontra-se sob influência direta do escoamento marítimo de leste, característico da massa Tropical Atlântica, que mantém o transporte de umidade.;Primavera;;;;;;;;;;;;;;;;;
2023-12-04 00:00:00;Litoral;mTa;A região delimitada está sob forte influência do escoamento marítimo associado ao Anticiclone Subtropical do Atlântico Sul, caracterizando a predominância da Massa Tropical Atlânti;Primavera;;;;;;;;;;;;;;;;;
2023-12-04 00:00:00;Centro;mTa;A região encontra-se sob influência da circulação anticiclônica do Atlântico Sul, caracterizando a predominância da massa Tropical Atlântica com escoamento de leste/nordeste.;Primavera;;;;;;;;;;;;;;;;;
2023-12-04 00:00:00;Sul;mPa;A região encontra-se no setor pós-frontal, sob influência direta do ar frio e estável transportado pelo avanço da massa de ar polar após a passagem da frente fria.;Primavera;;;;;;;;;;;;;;;;;
2023-12-05 00:00:00;Norte;mEc;A região delimitada abrange a bacia amazônica, onde predomina a Massa Equatorial Continental, caracterizada por ar quente e úmido, sem influência de sistemas extratropicais.;Primavera;;;;;;;;;;;;;;;;;
2023-12-05 00:00:00;Nordeste;mEa;A região apresenta características de baixas latitudes com influência da umidade oceânica, confirmando o predomínio da mEa sobre a faixa litorânea e adjacências do Nordeste.;Primavera;;;;;;;;;;;;;;;;;
2023-12-05 00:00:00;Litoral;mTa;A regiao delimitada esta sob influencia da circulacao periferica da alta pressao subtropical, caracterizando o dominio da Massa Tropical Atlantica, quente e umida.;Primavera;;;;;;;;;;;;;;;;;
2023-12-05 00:00:00;Centro;mPa;A região delimitada encontra-se sob influência de um sistema frontal, com o avanço da mPa logo após a passagem da frente fria, caracterizada pela queda de temperatura e umidade.;Primavera;;;;;;;;;;;;;;;;;
2023-12-05 00:00:00;Sul;mPa;A região delimitada localiza-se na retaguarda de um sistema frontal, sob forte influência da circulação de uma massa de ar frio e úmido de origem polar que adentra o continente.;Primavera;;;;;;;;;;;;;;;;;
2023-12-06 00:00:00;Norte;mEc;A região destacada sobre a bacia amazônica caracteriza-se pela predominância de ar quente e úmido, típicas das propriedades da Massa Equatorial Continental (mEc) na ausência de fre;Primavera;;;;;;;;;;;;;;;;;
2023-12-06 00:00:00;Nordeste;mTa;A região encontra-se sob influência do escoamento marítimo de leste, caracterizando o predomínio da Massa Tropical Atlântica com características quentes e úmidas.;Primavera;;;;;;;;;;;;;;;;;
2023-12-06 00:00:00;Litoral;mTa;Região sob influência direta do fluxo de leste/sudeste da circulação marítima, caracterizando o domínio da massa Tropical Atlântica na costa do Nordeste brasileiro.;Primavera;;;;;;;;;;;;;;;;;
2023-12-06 00:00:00;Centro;mTa;A região apresenta características típicas de um escoamento marítimo com umidade tropical e aquecimento continental, sob influência da circulação da ASAS, configurando o domínio da;Primavera;;;;;;;;;;;;;;;;;
2023-12-06 00:00:00;Sul;mTa;A regiao encontra-se sob influencia da circulacao periferica da alta pressao do Atlantico Sul, caracterizando o dominio de massa de ar tropical, quente e umida (mTa).;Primavera;;;;;;;;;;;;;;;;;
2023-12-07 00:00:00;Norte;mEc;A regiao delimitada esta sob influencia da Massa Equatorial Continental, caracterizada pela predominancia de umidade e calor sobre a Amazonia, sem a presenca de frentes frias.;Primavera;;;;;;;;;;;;;;;;;
2023-12-07 00:00:00;Nordeste;mTa;Predomínio de fluxo de leste/sudeste associado à célula de alta pressão do Atlântico, configurando a massa tropical atlântica quente e úmida sobre o Nordeste brasileiro.;Primavera;;;;;;;;;;;;;;;;;
2023-12-07 00:00:00;Litoral;mTa;Regiao sob influencia do escoamento do quadrante leste proveniente do oceano, caracterizando a atuacao da massa equatorial e tropical atlantica, com predominio de umidade e calor.;Primavera;;;;;;;;;;;;;;;;;
2023-12-07 00:00:00;Centro;mTa;Predominância de ar quente e úmido sobre a região central sob influência direta do escoamento da circulação marítima da Alta Subtropical do Atlântico Sul (ASAS).;Primavera;;;;;;;;;;;;;;;;;
2023-12-07 00:00:00;Sul;mPa;A região delimitada encontra-se sob influência de massa de ar polar, posicionada na retaguarda do sistema frontal que avança pelo setor sul e sudeste do continente.;Primavera;;;;;;;;;;;;;;;;;
2023-12-08 00:00:00;Norte;mEc;A região delimitada abrange a bacia amazônica e áreas continentais adjacentes, onde predomina a massa Equatorial Continental, caracterizada por ser quente e úmida.;Primavera;;;;;;;;;;;;;;;;;
2023-12-08 00:00:00;Nordeste;mEa;Região sob influência direta do fluxo oceânico tropical, caracterizada por alta umidade e temperaturas elevadas, típicas da Massa Equatorial Atlântica no litoral nordestino.;Primavera;;;;;;;;;;;;;;;;;
2023-12-08 00:00:00;Litoral;mTa;Região sob influência direta da circulação marítima da Alta Subtropical do Atlântico Sul, caracterizando a massa Tropical Atlântica com transporte de umidade para o litoral.;Primavera;;;;;;;;;;;;;;;;;
2023-12-08 00:00:00;Centro;mTa;Regiao sob influencia direta do fluxo transportado pela alta subtropica, estabelecendo condicoes tipicas de massa Tropical Atlantica com predominancia de umidade e calor no setor.;Primavera;;;;;;;;;;;;;;;;;
2023-12-08 00:00:00;Sul;mPa;A região delimitada situa-se no setor pós-frontal, com advecção de ar mais frio e denso associada ao deslocamento da frente fria pelo oceano e continente.;Primavera;;;;;;;;;;;;;;;;;
2023-12-09 00:00:00;Norte;mEc;Região central da Bacia Amazônica sob influência predominante da massa de ar quente e úmida de origem continental, típica da região equatorial no período.;Primavera;;;;;;;;;;;;;;;;;
2023-12-09 00:00:00;Nordeste;mTa;Dominio do fluxo de leste associado a ASAS sobre o Nordeste, mantendo caracteristicas de massa tropical quente e umida na regiao delimitada.;Primavera;;;;;;;;;;;;;;;;;
2023-12-09 00:00:00;Litoral;mTa;A regiao delimitada esta sob influencia direta do fluxo zonal de leste, caracteristico da circulacao periferica da ASAS, configurando a massa Tropical Atlantica.;Primavera;;;;;;;;;;;;;;;;;
2023-12-09 00:00:00;Centro;mTc;Região sob influência de ar quente e seco no interior do continente, caracterizada por temperaturas elevadas e baixa umidade relativa, típica da massa Tropical Continental sobre o ;Primavera;;;;;;;;;;;;;;;;;
2023-12-09 00:00:00;Sul;mPa;A região demarcada apresenta o avanço de uma frente fria. A circulação pós-frontal, com ventos de sul e temperaturas mais amenas, caracteriza a dominância da massa de ar polar.;Primavera;;;;;;;;;;;;;;;;;
2023-12-10 00:00:00;Norte;mEc;Regiao situada sobre a Bacia Amazonica, caracterizada pelo predomínio de massa de ar quente e úmida de origem continental, sem influência de sistemas extratropicais.;Primavera;;;;;;;;;;;;;;;;;
2023-12-10 00:00:00;Nordeste;mTa;A região encontra-se sob influência do fluxo de leste/sudeste proveniente do Atlântico Sul, caracterizando o domínio da massa tropical marítima em todo o setor.;Primavera;;;;;;;;;;;;;;;;;
2023-12-10 00:00:00;Litoral;mTa;Predominância de escoamento marítimo quente e úmido sob influência direta da circulação do anticiclone sobre o Atlântico Sul, mantendo estabilidade térmica na costa leste.;Primavera;;;;;;;;;;;;;;;;;
2023-12-10 00:00:00;Centro;mTa;A região encontra-se sob influência da circulação da Alta Subtropical do Atlântico Sul, caracterizando o predomínio de ar quente e úmido de origem marítima (mTa).;Primavera;;;;;;;;;;;;;;;;;
2023-12-10 00:00:00;Sul;mTa;A região encontra-se sob domínio do fluxo de nordeste e leste advindo do Atlântico Sul, caracterizando a atuação da massa de ar Tropical Atlântica com temperaturas elevadas.;Primavera;;;;;;;;;;;;;;;;;
2023-12-11 00:00:00;Norte;mEc;Regiao central da Amazonia sob influencia da Massa Equatorial Continental, caracterizada por temperaturas elevadas e alta umidade, sem interferencia de sistemas frontais externos.;Primavera;;;;;;;;;;;;;;;;;
2023-12-11 00:00:00;Nordeste;mTa;Predominio de ar quente e umido sob influencia direta do fluxo zonal do Atlantico Sul, caracterizando a atuacao da massa Tropical Atlantica sobre a regiao Nordeste.;Primavera;;;;;;;;;;;;;;;;;
2023-12-11 00:00:00;Litoral;mEa;A região delimitada no setor norte/nordeste do Brasil encontra-se sob a influência direta da Massa Equatorial Atlântica, caracterizada pelo fluxo quente e úmido predominante.;Primavera;;;;;;;;;;;;;;;;;
2023-12-11 00:00:00;Centro;mTc;A região destacada está sob influência da massa de ar quente e seca do Chaco, caracterizada por temperaturas elevadas e baixas pressões relativas no interior do continente.;Primavera;;;;;;;;;;;;;;;;;
2023-12-11 00:00:00;Sul;mPa;A região delimitada encontra-se na retaguarda de um sistema frontal, caracterizada pela incursão e domínio de ar frio e úmido de origem polar.;Primavera;;;;;;;;;;;;;;;;;
2023-12-12 00:00:00;Norte;mEc;Região centrada sobre a bacia amazônica caracterizada por condições quentes e úmidas típicas da massa continental, sem influência de sistemas frontais ou circulação marítima direta;Primavera;;;;;;;;;;;;;;;;;
2023-12-12 00:00:00;Nordeste;mTa;A região encontra-se sob influência do escoamento marítimo oriundo do anticiclone do Atlântico Sul, caracterizando o predomínio de ar quente e úmido da mTa sobre o setor.;Primavera;;;;;;;;;;;;;;;;;
2023-12-12 00:00:00;Litoral;mTa;A região encontra-se sob influência do fluxo de leste/sudeste associado ao escoamento da circulação da Alta do Atlântico Sul, configurando o predomínio da mTa no setor.;Primavera;;;;;;;;;;;;;;;;;
2023-12-12 00:00:00;Centro;mTa;Dominio da subsidencia e circulacao periferica da alta pressao do Atlantico Sul, mantendo caracteristicas de ar tropical quente e umido sobre o centro do Brasil.;Primavera;;;;;;;;;;;;;;;;;
2023-12-12 00:00:00;Sul;mPa;A região apresenta o avanço de uma massa polar após a passagem de sistema frontal, evidenciado pelas temperaturas mais baixas e ventos do quadrante sul/sudoeste no setor.;Primavera;;;;;;;;;;;;;;;;;
2023-12-13 00:00:00;Norte;mEc;A região delimitada abrange a bacia amazônica. A circulação é caracterizada por ar quente e úmido de origem continental, sem influência de sistemas extratropicais.;Primavera;;;;;;;;;;;;;;;;;
2023-12-13 00:00:00;Nordeste;mTa;A região encontra-se sob influência do escoamento marítimo persistente proveniente do Atlântico Sul, caracterizando o domínio da massa Tropical Atlântica (mTa).;Primavera;;;;;;;;;;;;;;;;;
2023-12-13 00:00:00;Litoral;mTa;Região sob influência direta do escoamento marítimo de leste/sudeste, transportando ar quente e úmido de origem oceânica para o litoral do Nordeste.;Primavera;;;;;;;;;;;;;;;;;
2023-12-13 00:00:00;Centro;mPa;A região delimitada situa-se na retaguarda de um sistema frontal, apresentando características de ar mais estável e frio típicas do avanço da massa polar atlântica.;Primavera;;;;;;;;;;;;;;;;;
2023-12-13 00:00:00;Sul;mPa;A região delimitada apresenta características de ar frio e seco, com declínio térmico após a passagem de sistema frontal, evidenciando o domínio de massa polar sobre o setor.;Primavera;;;;;;;;;;;;;;;;;
2023-12-14 00:00:00;Norte;mEc;Regiao sobre o dominio da Amazonia, caracterizada por estabilidade termica e alta umidade, sem influencia direta de sistemas frontais, configurando a predominancia da massa equator;Primavera;;;;;;;;;;;;;;;;;
2023-12-14 00:00:00;Nordeste;mTa;Predominância de escoamento marítimo quente e úmido sobre a região Nordeste, característico do fluxo da circulação anticiclônica do Atlântico Sul que estabelece a mTa na área.;Primavera;;;;;;;;;;;;;;;;;
2023-12-14 00:00:00;Litoral;mEa;A região delimitada no litoral norte/nordeste encontra-se sob influência da massa Equatorial Atlântica, caracterizada pelo fluxo quente e úmido predominante na área.;Primavera;;;;;;;;;;;;;;;;;
2023-12-14 00:00:00;Centro;mTc;A regiao delimitada posiciona-se sobre o interior do continente, sob influencia da depressao termica do Chaco, caracterizando-se por ar quente e seco, tipico da mTc.;Primavera;;;;;;;;;;;;;;;;;
2023-12-14 00:00:00;Sul;mPa;A região delimitada está sob forte influência de pós-frente fria, apresentando queda de Td e regime de ventos de quadrante sul/sudoeste, caracterizando a atuação da mPa.;Primavera;;;;;;;;;;;;;;;;;
2023-12-15 00:00:00;Norte;mEc;Região sob influência direta da Massa Equatorial Continental, caracterizada por ambiente quente e úmido, refletindo as condições típicas do interior da Amazônia.;Primavera;;;;;;;;;;;;;;;;;
2023-12-15 00:00:00;Nordeste;mTa;Predominância da Massa Tropical Atlântica, caracterizada pelo fluxo de sudeste que transporta umidade para a costa e o interior da região Nordeste, sob influência do centro de alta;Primavera;;;;;;;;;;;;;;;;;
2023-12-15 00:00:00;Litoral;mTa;A área delimitada encontra-se sob influência predominante do escoamento marítimo associado à circulação da alta pressão subtropical, caracterizando a atuação da mTa.;Primavera;;;;;;;;;;;;;;;;;
2023-12-15 00:00:00;Centro;mTa;A região encontra-se sob influência de um campo de pressões associado à circulação marítima, caracterizando o domínio da massa Tropical Atlântica com transporte de umidade do ocean;Primavera;;;;;;;;;;;;;;;;;
2023-12-15 00:00:00;Sul;mPa;A regiao apresenta caracteristicas de subsidencia e fluxo de sudeste condizentes com o avanco de uma massa de ar frio apos a passagem de sistema frontal pelo sul do pais.;Primavera;;;;;;;;;;;;;;;;;
2023-12-16 00:00:00;Norte;mEc;Regiao central da Amazonia sob influencia de caracteristicas termodinâmicas tropicais quentes e úmidas, tipicas da massa de ar continental que domina o norte do pais.;Primavera;;;;;;;;;;;;;;;;;
2023-12-16 00:00:00;Nordeste;mTa;Predominancia da Massa Tropical Atlantica, observada pelo gradiente de pressao e escoamento estavel em grande parte da regiao Nordeste, caracterizando a influencia do fluxo maritim;Primavera;;;;;;;;;;;;;;;;;
2023-12-16 00:00:00;Litoral;mTa;A região delimitada está sob a influência do fluxo marítimo dos quadrantes leste/sudeste, característico da massa tropical atlântica que predomina nesta faixa do litoral brasileiro;Primavera;;;;;;;;;;;;;;;;;
2023-12-16 00:00:00;Centro;mTa;Região central sob influência da circulação marítima da ASAS, favorecendo o transporte de umidade e temperaturas elevadas características da massa tropical atlântica.;Primavera;;;;;;;;;;;;;;;;;
2023-12-16 00:00:00;Sul;mTa;A região encontra-se sob o fluxo do quadrante norte/nordeste oriundo do oceano, característico do domínio da massa tropical atlântica em atuação sobre o setor.;Primavera;;;;;;;;;;;;;;;;;
2023-12-17 00:00:00;Norte;mEc;A região delimitada compreende a Bacia Amazônica, onde a influência da Massa Equatorial Continental caracteriza-se por elevada umidade e temperaturas constantes em toda a bacia.;Primavera;;;;;;;;;;;;;;;;;
2023-12-17 00:00:00;Nordeste;mTa;Predominância de escoamento marítimo quente e úmido sob influência do campo de alta pressão do Atlântico Sul, caracterizando a atuação da massa Tropical Atlântica sobre o setor.;Primavera;;;;;;;;;;;;;;;;;
2023-12-17 00:00:00;Litoral;mTa;Regiao sob influencia directa do escoamento maritimo associado a alta subtropical, caracterizando-se por ar quente e umido tipico da Massa Tropical Atlantica.;Primavera;;;;;;;;;;;;;;;;;
2023-12-17 00:00:00;Centro;mTa;Prevalência de ar quente e úmido no setor central, sob influência do fluxo da circulação marítima da ASAS, que mantém características tropicais sobre a região delimitada.;Primavera;;;;;;;;;;;;;;;;;
2023-12-17 00:00:00;Sul;mPa;A região delimitada encontra-se sob influência do avanço de uma massa de ar frio e seco, caracterizada pela retaguarda de um sistema frontal que atua sobre o oceano.;Primavera;;;;;;;;;;;;;;;;;
2023-12-18 00:00:00;Norte;mEc;Predominancia de subsidencia e fluxo equatorial sobre a Amazonia, caracterizando a mEc, massa quente e umida que domina a regiao central do continente.;Primavera;;;;;;;;;;;;;;;;;
2023-12-18 00:00:00;Nordeste;mTa;Predominancia da mTa sobre a regiao, caracterizada pela circulacao quente e umida proveniente do escoamento do sistema de alta pressao sobre o Atlantico Sul.;Primavera;;;;;;;;;;;;;;;;;
2023-12-18 00:00:00;Litoral;mTa;A região sob o retângulo vermelho encontra-se sob influência predominante do fluxo de leste/sudeste associado à massa de ar quente e úmida originada sobre o oceano Atlântico.;Primavera;;;;;;;;;;;;;;;;;
2023-12-18 00:00:00;Centro;mTa;A região delimitada está sob influência do fluxo de umidade do oceano provocado pela ASAS, caracterizando o predomínio da massa Tropical Atlântica (mTa) sobre o setor continental.;Primavera;;;;;;;;;;;;;;;;;
2023-12-18 00:00:00;Sul;mTa;A região apresenta predominância de escoamento marítimo quente e úmido sob influência da circulação do sistema de alta pressão oceânico, caracterizando a atuação da mTa.;Primavera;;;;;;;;;;;;;;;;;
2023-12-19 00:00:00;Norte;mEc;Região sob influência da Massa Equatorial Continental, caracterizada pelo ar quente e úmido predominante sobre a bacia amazônica na ausência de sistemas frontais.;Primavera;;;;;;;;;;;;;;;;;
2023-12-19 00:00:00;Nordeste;mTa;Predominio da massa Tropical Atlantica na regiao sob influencia do escoamento do anticiclone subtropical, garantindo umidade e temperaturas elevadas no setor leste nordestino.;Primavera;;;;;;;;;;;;;;;;;
2023-12-19 00:00:00;Litoral;mTa;Area sob influencia do fluxo marítimo de sudeste/leste, característico da massa tropical atlântica, apresentando umidade e temperaturas elevadas no litoral nordestino.;Primavera;;;;;;;;;;;;;;;;;
2023-12-19 00:00:00;Centro;mTc;A regiao delimitada esta sob influencia da massa Tropical Continental, caracterizada por valores elevados de temperatura e estabilidade atmosferica no interior do continente.;Primavera;;;;;;;;;;;;;;;;;
2023-12-19 00:00:00;Sul;mPa;A região apresenta o avanço e a passagem de um sistema frontal, com as estações sendo dominadas por ar de origem polar que segue na retaguarda da frente, caracterizando a mPa.;Primavera;;;;;;;;;;;;;;;;;
2023-12-20 00:00:00;Norte;mEc;Região central da Amazônia sob influência da massa Equatorial Continental, caracterizada pela predominância de baixas pressões, ar quente e alta umidade, sem incursões de sistemas ;Primavera;;;;;;;;;;;;;;;;;
2023-12-20 00:00:00;Nordeste;mTa;Regiao sob fluxo predominante de leste, caracteristico da circulacao maritima associada a alta pressao do Atlantico Sul, configurando o dominio da Massa Tropical Atlantica.;Primavera;;;;;;;;;;;;;;;;;
2023-12-20 00:00:00;Litoral;mTa;Area sob influência da circulação anticiclônica do Atlântico Sul, caracterizada pela predominância da Massa Tropical Atlântica, mantendo condições térmicas e de umidade típicas.;Primavera;;;;;;;;;;;;;;;;;
2023-12-20 00:00:00;Centro;mTa;A regiao delimitada encontra-se sob circulacao maritima do Atlantico Sul, caracterizada pela predominancia de umidades e temperaturas elevadas tipicas da Massa Tropical Atlantica.;Primavera;;;;;;;;;;;;;;;;;
2023-12-20 00:00:00;Sul;mPa;A região delimitada encontra-se sob efeito de advecção fria logo após a passagem de sistema frontal, evidenciado pelas temperaturas mais amenas e fluxo de sul/sudeste.;Primavera;;;;;;;;;;;;;;;;;
2023-12-21 00:00:00;Norte;mEc;A regiao delimitada compreende a bacia Amazonica, onde predomina a Massa Equatorial Continental, caracterizada por alto teor de umidade e instabilidades termodinâmicas sazonais.;Primavera;;;;;;;;;;;;;;;;;
2023-12-21 00:00:00;Nordeste;mTa;Predominância de fluxo marítimo sob influência da circulação do Atlântico, transportando umidade e calor para o setor oriental do Nordeste brasileiro.;Primavera;;;;;;;;;;;;;;;;;
2023-12-21 00:00:00;Litoral;mTa;Area sob influencia do fluxo maritimo do quadrante leste, caracteristico da circulacao periferica da alta pressao subtropical, mantendo condicoes de umidade e calor tropical.;Primavera;;;;;;;;;;;;;;;;;
2023-12-21 00:00:00;Centro;mEc;Região sob influência da massa de ar quente e úmida de origem continental, predominante no interior do Brasil nesta época do ano, mantendo estabilidade térmica no Centro-Oeste.;Primavera;;;;;;;;;;;;;;;;;
2023-12-21 00:00:00;Sul;mPa;A região delimitada está sob influência da massa polar avançada, caracterizada pela queda nas temperaturas e transporte de umidade no setor pós-frontal sobre o Sul.;Primavera;;;;;;;;;;;;;;;;;
2023-12-22 00:00:00;Norte;mEc;A região delimitada abrange a bacia amazônica e adjacências, onde a Massa Equatorial Continental estabelece seu domínio por características de umidade e calor típicas do setor.;Verão;;;;;;;;;;;;;;;;;
2023-12-22 00:00:00;Nordeste;mTa;Predominância de escoamento vindo do oceano sobre o setor, caracterizando a influência da massa de ar quente e úmida de origem tropical que ingressa na região.;Verão;;;;;;;;;;;;;;;;;
2023-12-22 00:00:00;Litoral;mTa;Região sob influência direta do escoamento marítimo de leste/sudeste associado à célula de alta pressão oceânica, caracterizando o predomínio de ar tropical quente e úmido.;Verão;;;;;;;;;;;;;;;;;
2023-12-22 00:00:00;Centro;mTc;A região apresenta características de baixas pressões térmicas sobre o interior do continente, típicas da atuação da Massa Tropical Continental, sendo a predominante na área do Cha;Verão;;;;;;;;;;;;;;;;;
2023-12-22 00:00:00;Sul;mTa;Predominancia de escoamento de origem maritima tropical, caracterizada por alta umidade e temperaturas elevadas na regiao sob influencia do gradiente de pressao da ASAS.;Verão;;;;;;;;;;;;;;;;;
2023-12-23 00:00:00;Norte;mEc;Região localizada sobre a bacia amazônica caracterizada por altas temperaturas e elevada umidade, sob domínio da massa Equatorial Continental, sem influência externa direta.;Verão;;;;;;;;;;;;;;;;;
2023-12-23 00:00:00;Nordeste;mTa;Regiao sob predominio de fluxo zonal de leste, caracterizando a influencia da massa Tropical Atlantica, com transporte de umidade e estabilidade sobre o Nordeste brasileiro.;Verão;;;;;;;;;;;;;;;;;
2023-12-23 00:00:00;Litoral;mTa;Zona sob influência direta do escoamento marítimo do Atlântico Sul, com características térmicas e de umidade típicas da massa tropical atlântica que domina o setor litorâneo.;Verão;;;;;;;;;;;;;;;;;
2023-12-23 00:00:00;Centro;mTa;Regiao sob dominio do fluxo de leste/nordeste proveniente do Atlantico, caracterizando a atuacao da massa de ar Tropical Atlantica, com perfil quente e umido sobre o setor.;Verão;;;;;;;;;;;;;;;;;
2023-12-23 00:00:00;Sul;mTa;A região delimitada está sob forte influência do fluxo marítimo da ASAS, caracterizando a predominância da Massa Tropical Atlântica (mTa), quente e úmida, sobre o setor leste da Re;Verão;;;;;;;;;;;;;;;;;
2023-12-24 00:00:00;Norte;mEc;A região apresenta características de baixas pressões térmicas e umidade elevada típicas da bacia amazônica, sob influência direta e exclusividade da Massa Equatorial Continental.;Verão;;;;;;;;;;;;;;;;;
2023-12-24 00:00:00;Nordeste;mTa;A região encontra-se sob influência da circulação anticiclônica do Atlântico Sul, caracterizando o predomínio de ar quente e úmido transportado pela Massa Tropical Atlântica (mTa).;Verão;;;;;;;;;;;;;;;;;
2023-12-24 00:00:00;Litoral;mTa;A região selecionada encontra-se sob o domínio do fluxo do quadrante leste/sudeste, característico da circulação da Alta Subtropical do Atlântico Sul, mantendo a estabilidade atmos;Verão;;;;;;;;;;;;;;;;;
2023-12-24 00:00:00;Centro;mTc;Região do interior do continente apresentando características de ar quente e seco, sendo a massa dominante sobre a depressão do Chaco e área central do território brasileiro.;Verão;;;;;;;;;;;;;;;;;
2023-12-24 00:00:00;Sul;mTa;A região encontra-se sob influência do escoamento marítimo quente e úmido estabelecido pela ASAS, caracterizando o domínio da massa Tropical Atlântica no setor analisado.;Verão;;;;;;;;;;;;;;;;;
2023-12-25 00:00:00;Norte;mEc;A região amazônica apresenta características de elevada umidade e temperatura, típicas da massa Equatorial Continental, que domina o setor norte do país sem influência de sistemas ;Verão;;;;;;;;;;;;;;;;;
2023-12-25 00:00:00;Nordeste;mTa;Região sob influência direta do fluxo de leste da circulação marítima oceânica, apresentando características de estabilidade e umidade típicas da massa tropical atlântica.;Verão;;;;;;;;;;;;;;;;;
2023-12-25 00:00:00;Litoral;mTa;A região delimitada encontra-se sob influência da circulação anticiclônica do Atlântico Sul, caracterizando o domínio da massa Tropical Atlântica (mTa), quente e úmida.;Verão;;;;;;;;;;;;;;;;;
2023-12-25 00:00:00;Centro;mEc;Região central do Brasil com características de umidade e calor típicas da massa Equatorial Continental, predominante na época do ano sobre o interior do continente.;Verão;;;;;;;;;;;;;;;;;
2023-12-25 00:00:00;Sul;mTa;A região encontra-se sob influência do fluxo de circulação marítima da Alta Subtropical do Atlântico Sul, caracterizando a predominância de ar tropical marítimo quente e úmido.;Verão;;;;;;;;;;;;;;;;;
2023-12-26 00:00:00;Norte;mEc;A região delimitada abrange a bacia amazônica e encontra-se sob domínio de uma massa de ar quente e úmida, característica da Massa Equatorial Continental, sem influência polar.;Verão;;;;;;;;;;;;;;;;;
2023-12-26 00:00:00;Nordeste;mTa;Predominância de fluxo marítimo oriundo do Atlântico Tropical trazendo umidade e temperaturas elevadas, característica típica da atuação da massa Tropical Atlântica sobre a região.;Verão;;;;;;;;;;;;;;;;;
2023-12-26 00:00:00;Litoral;mEa;A região delimitada no litoral nordeste encontra-se sob influência da Massa Equatorial Atlântica, caracterizada pelo transporte de umidade e calor na interface oceano-continente.;Verão;;;;;;;;;;;;;;;;;
2023-12-26 00:00:00;Centro;mTa;Região sob influência direta do fluxo de circulacão periférica da ASAS, apresentando características térmicas e de umidade típicas da massa tropical atlântica.;Verão;;;;;;;;;;;;;;;;;
2023-12-26 00:00:00;Sul;mPa;Regiao sob influencia de massa de ar pós-frontal, caracterizada pelo ingresso de ar frio e seco, consolidando o avanço da retaguarda de um sistema frontal no setor Sul.;Verão;;;;;;;;;;;;;;;;;
2023-12-27 00:00:00;Norte;mEc;Região central da Bacia Amazônica dominada por ar quente e úmido, característico da Massa Equatorial Continental, sem influência de sistemas frontais ou massas extratropicais.;Verão;;;;;;;;;;;;;;;;;
2023-12-27 00:00:00;Nordeste;mTa;Região sob influência direta do fluxo de leste da circulação marítima oceânica, apresentando características de ar quente e úmido típicas da Massa Tropical Atlântica.;Verão;;;;;;;;;;;;;;;;;
2023-12-27 00:00:00;Litoral;mTa;A região do litoral delimitada está sob influência do escoamento marítimo de leste/sudeste, condizente com a atuação da massa de ar Tropical Atlântica, quente e úmida.;Verão;;;;;;;;;;;;;;;;;
2023-12-27 00:00:00;Centro;mTa;A região encontra-se sob influência do fluxo equatorial e marítimo, caracterizando o predomínio da massa tropical atlântica, com umidade e temperaturas elevadas típicas da estação.;Verão;;;;;;;;;;;;;;;;;
2023-12-27 00:00:00;Sul;mTa;A região sob o retângulo vermelho encontra-se sob influência do fluxo equatorial/tropical marítimo, caracterizando o domínio da massa Tropical Atlântica na circulação zonal.;Verão;;;;;;;;;;;;;;;;;
2023-12-28 00:00:00;Norte;mEc;Região central da Bacia Amazônica sob influência de ar quente e úmido, característica da massa Equatorial Continental, com ausência de influência direta de sistemas frontais.;Verão;;;;;;;;;;;;;;;;;
2023-12-28 00:00:00;Nordeste;mTa;Predomínio de massa tropical marítima sobre o setor, caracterizada pelo transporte de umidade do Atlântico associado à circulação zonal para a Região Nordeste.;Verão;;;;;;;;;;;;;;;;;
2023-12-28 00:00:00;Litoral;mTa;O litoral nordestino encontra-se sob a influência direta do escoamento marítimo provindo da circulação do Anticiclone Subtropical do Atlântico Sul, caracterizando a mTa.;Verão;;;;;;;;;;;;;;;;;
2023-12-28 00:00:00;Centro;mTc;A regiao delimitada esta sob influencia da Depressao do Chaco, caracterizada por subsidencia, ar quente e seco, consistente com as propriedades da Massa Tropical Continental (mTc).;Verão;;;;;;;;;;;;;;;;;
2023-12-28 00:00:00;Sul;mPa;A regiao delimitada esta sob a influencia direta do fluxo pos-frontal, caracterizado pelo avanco de uma massa de ar mais frio e seco na retaguarda da frente fria.;Verão;;;;;;;;;;;;;;;;;
2023-12-29 00:00:00;Norte;mEc;Região localizada sobre a bacia amazônica, caracterizada por altas temperaturas e elevada umidade, sob domínio da massa de ar quente e úmida de origem continental.;Verão;;;;;;;;;;;;;;;;;
2023-12-29 00:00:00;Nordeste;mTa;Regiao sob influencia do escoamento de leste-sudeste induzido pela ASAS, caracterizando o transporte de umidade e calor da massa Tropical Atlantica sobre a costa e interior do NE.;Verão;;;;;;;;;;;;;;;;;
2023-12-29 00:00:00;Litoral;mEa;A região delimitada encontra-se sob influência da Massa Equatorial Atlântica, caracterizada pelo fluxo quente e úmido predominante no litoral do Nordeste brasileiro.;Verão;;;;;;;;;;;;;;;;;
2023-12-29 00:00:00;Centro;mTa;Região central sob influência da circulação anticiclônica marítima, apresentando temperaturas e umidade características da massa tropical atlântica que ingressa no continente.;Verão;;;;;;;;;;;;;;;;;
2023-12-29 00:00:00;Sul;mPa;A região delimitada encontra-se sob influência do avanço de uma massa de ar pós-frontal, caracterizada pela entrada de ar de características polares no setor sul/sudeste.;Verão;;;;;;;;;;;;;;;;;
2023-12-30 00:00:00;Norte;mEc;A região delimitada sobre a Amazônia apresenta características de calor e alta umidade, típicas de uma massa de ar quente e úmida de origem continental, sem influência de sistemas ;Verão;;;;;;;;;;;;;;;;;
2023-12-30 00:00:00;Nordeste;mTa;Região sob influência predominante do fluxo de leste da circulação marítima, transportando características de calor e umidade típicas da massa tropical atlântica.;Verão;;;;;;;;;;;;;;;;;
2023-12-30 00:00:00;Litoral;mTa;A região delimitada encontra-se sob influência da circulação da alta pressão subtropical do Atlântico Sul, caracterizando o predomínio da mTa, quente e úmida.;Verão;;;;;;;;;;;;;;;;;
2023-12-30 00:00:00;Centro;mTa;Região sob influência da circulação da ASAS, apresentando características de massa quente e úmida típica da mTa sobre o Sudeste/Centro-Oeste brasileiro.;Verão;;;;;;;;;;;;;;;;;
2023-12-30 00:00:00;Sul;mPa;A região apresenta características típicas de pós-frontal, com advecção de ar frio e umidade na retaguarda da frente fria, indicando a predominância da Massa Polar Atlântica.;Verão;;;;;;;;;;;;;;;;;
2023-12-30 00:00:00;Norte;mEc;A região destacada sobre a bacia amazônica apresenta estabilidade térmica característica, sob domínio de massa de ar quente e úmida de origem continental, sem influência de sistema;Verão;;;;;;;;;;;;;;;;;
2023-12-30 00:00:00;Nordeste;mTa;Região sob influência direta do fluxo de ar quente e úmido proveniente do Atlântico, configurando o predomínio da Massa Tropical Atlântica no setor delimitado.;Verão;;;;;;;;;;;;;;;;;
2023-12-30 00:00:00;Litoral;mTa;A regiao delimitada esta sob o regime de circulacao do escoamento zonal de leste, caracteristico da atuacao da massa de ar Tropical Atlantica, quente e umida.;Verão;;;;;;;;;;;;;;;;;
2023-12-30 00:00:00;Centro;mTa;Regiao sob fluxo predominante de leste/nordeste proveniente do Atlantico Sul, caracterizando a atuacao da massa Tropical Atlantica sobre o Centro-Oeste e Sudeste do pais.;Verão;;;;;;;;;;;;;;;;;
2023-12-30 00:00:00;Sul;mPa;A região delimitada situa-se sob influência de massa de ar pós-frontal, com gradiente de pressão indicando o ingresso e permanência de ar frio e instável característica da mPa.;Verão;;;;;;;;;;;;;;;;;
2023-12-31 00:00:00;Norte;mEc;Regiao continental amazonica caracterizada por ar quente e alta umidade, sem influencia de sistemas frontais ou alta pressão oceanica no setor delimitado.;Verão;;;;;;;;;;;;;;;;;
2023-12-31 00:00:00;Nordeste;mTa;Predominio da massa Tropical Atlantica na regiao Nordeste, caracterizada por transporte de umidade e calor originado na periferia do anticiclone sobre o oceano adjacente.;Verão;;;;;;;;;;;;;;;;;
2023-12-31 00:00:00;Litoral;mTa;A área delimitada situa-se sob influência de um campo de alta pressão do Atlântico Sul, caracterizando o predomínio da mTa, massa de ar quente e úmida sobre o litoral leste brasile;Verão;;;;;;;;;;;;;;;;;
2023-12-31 00:00:00;Centro;mTa;Regiao sob clara influencia do escoamento marítimo de leste/nordeste associado a ASAS, mantendo temperaturas elevadas e umidade sobre o Sudeste/Centro-Oeste do Brasil.;Verão;;;;;;;;;;;;;;;;;
2023-12-31 00:00:00;Sul;mPa;A regiao delimitada esta sob a influencia e avancando logo apos a passagem de uma frente fria, caracterizando o dominio da massa de ar polar com temperaturas em declinio.;Verão;;;;;;;;;;;;;;;;;
