DATA CARTA;REGIÃO;MASSA DE AR;DESCRIÇÃO;;;;;;;;;;;;;;;;;
2025-01-01 00:00:00;Nordeste;mTa;Predominio da massa Tropical Atlantica, caracterizada por fluxos quentes e umidos vindos do oceano que exercem influencia majoritaria sobre o setor nordestino.;Verão;;;;;;;;;;;;;;;;
2025-01-01 00:00:00;Litoral;mTa;A regiao delimitada esta sob o regime de circulacao do anticiclone subtropical, configurando fluxo de ar quente e umido transporte pelo oceano, caracterizando a atuacao da mTa.;Verão;;;;;;;;;;;;;;;;
2025-01-01 00:00:00;Centro;mTa;Regiao sob influencia direta das circulacoes da alta pressao do Atlantico Sul, caracterizada pela predominancia de ar quente e umido transporte maritimo sobre o litoral e interior.;Verão;;;;;;;;;;;;;;;;
2025-01-01 00:00:00;Sul;mTa;A região delimitada está sob influência do fluxo equatorial/tropical do Atlântico, caracterizando-se como massa quente e úmida típica desta época do ano na costa do Sudeste.;Verão;;;;;;;;;;;;;;;;
2025-01-02 00:00:00;Norte;mEc;A região delimitada compreende a bacia amazônica. A ausência de frentes frias ou sistemas de subsidência caracteriza o domínio da massa equatorial continental (mEc), quente e úmida;Verão;;;;;;;;;;;;;;;;
2025-01-02 00:00:00;Nordeste;mTa;A região do Nordeste encontra-se sob influência da circulação anticiclônica do Atlântico Sul, caracterizando a predominância da massa Tropical Atlântica (mTa), quente e úmida.;Verão;;;;;;;;;;;;;;;;
2025-01-02 00:00:00;Litoral;mTa;A região delimitada encontra-se sob influência do escoamento marítimo provindo do anticiclone subtropical, caracterizando a atuação da Massa Tropical Atlântica.;Verão;;;;;;;;;;;;;;;;
2025-01-02 00:00:00;Centro;mEc;A região central encontra-se sob domínio da massa equatoriana continental, caracterizada pela umidade elevada e temperaturas típicas de verão sobre o interior do Brasil.;Verão;;;;;;;;;;;;;;;;
2025-01-02 00:00:00;Sul;mPa;A região delimitada encontra-se na retaguarda de um sistema frontal (frente fria) que avança pelo Sudeste/Sul, evidenciando o ingresso e predomínio de ar frio e úmido de origem pol;Verão;;;;;;;;;;;;;;;;
2025-01-03 00:00:00;Norte;mEc;Regiao central e norte da Amazonia sob influencia direta da massa de ar quente e umida caracteristica da bacia amazonica, sem interferencia de sistemas frontais extratropicais.;Verão;;;;;;;;;;;;;;;;
2025-01-03 00:00:00;Nordeste;mTa;Regiao sob predominio da circulacao de leste/sudeste, apresentando caracteristicas de massa quente e umida transportada pelo fluxo zonal maritimo do Atlantico Sul.;Verão;;;;;;;;;;;;;;;;
2025-01-03 00:00:00;Litoral;mTa;A área delimitada é influenciada pelo fluxo de leste da circulação marítima, sob regime de ar quente e úmido característico da massa Tropical Atlântica.;Verão;;;;;;;;;;;;;;;;
2025-01-03 00:00:00;Centro;mTa;Regiao sob predominio de escoamento maritimo quente e umido, caracteristico da massa tropical atlantica, condizente com as condicoes de estabilidade observadas na area de estudo.;Verão;;;;;;;;;;;;;;;;
2025-01-03 00:00:00;Sul;mTa;Região sob influência da circulação anticiclônica do Atlântico Sul, caracterizada pela predominância de ar quente e úmido transportado do oceano para o continente.;Verão;;;;;;;;;;;;;;;;
2025-01-04 00:00:00;Norte;mEc;A região demarcada abrange a bacia amazônica e áreas continentais adjacentes, onde predomina uma massa de ar quente e úmida de origem continental durante o verão.;Verão;;;;;;;;;;;;;;;;
2025-01-04 00:00:00;Nordeste;mTa;Predominio da massa Tropical Atlantica no setor nordestino, caracterizada por alta umidade e temperaturas elevadas sob fluxo de leste influenciado pela circulacao do Atlantico Sul.;Verão;;;;;;;;;;;;;;;;
2025-01-04 00:00:00;Litoral;mTa;Regiao sob influencia do escoamento de leste-nordeste oriundo do anticiclone subtropical do Atlantico Sul, caracterizando a predominancia de ar tropical quente e umido no litoral.;Verão;;;;;;;;;;;;;;;;
2025-01-04 00:00:00;Centro;mTa;Região central sob influência direta do fluxo de umidade do Atlântico e gradiente de pressão característico da massa tropical, mantendo temperaturas elevadas e umidade moderada.;Verão;;;;;;;;;;;;;;;;
2025-01-04 00:00:00;Sul;mPa;A região delimitada no setor Sul encontra-se sob influência de ar frio e seco, caracterizando o pós-frontal do sistema que avança sobre o continente, indicativo claro da mPa.;Verão;;;;;;;;;;;;;;;;
2025-01-05 00:00:00;Norte;mEc;Dominio sobre a regiao Amazonica, caracterizada pelo ar quente e umido de origem continental, mantendo o padrao termobarometrico estavel do interior do continente.;Verão;;;;;;;;;;;;;;;;
2025-01-05 00:00:00;Nordeste;mTa;A região sob o retângulo é dominada pelo fluxo de leste/sudeste associado ao transporte marítimo, caracterizando a atuação da massa Tropical Atlântica (mTa) sobre o nordeste brasil;Verão;;;;;;;;;;;;;;;;
2025-01-05 00:00:00;Litoral;mTa;A regiao delimitada esta sob o dominio do escoamento de leste-nordeste da alta pressao subtropical, caracterizando a atuacao da Massa Tropical Atlantica (mTa) no litoral leste.;Verão;;;;;;;;;;;;;;;;
2025-01-05 00:00:00;Centro;mTa;A região encontra-se submetida ao fluxo de norte/nordeste periférico da ASAS, apresentando características termodinâmicas típicas de uma massa de ar quente e úmida marítima.;Verão;;;;;;;;;;;;;;;;
2025-01-05 00:00:00;Sul;mPa;A região delimitada encontra-se na retaguarda de uma frente fria, caracterizada pela incursão de ar mais frio e menos úmido típico da massa polar atlântica.;Verão;;;;;;;;;;;;;;;;
2025-01-06 00:00:00;Norte;mEc;Dominio da Massa Equatorial Continental sobre a regiao Amazonica, caracterizada pelo ar quente e umido, sem influencia direta de sistemas frontais ou massas de origem polar no seto;Verão;;;;;;;;;;;;;;;;
2025-01-06 00:00:00;Nordeste;mTa;A região encontra-se sob influência do fluxo de leste/sudeste associado ao escoamento marítimo, característico da massa tropical atlântica, predominante na área delimitada.;Verão;;;;;;;;;;;;;;;;
2025-01-06 00:00:00;Litoral;mTa;A região delimitada apresenta o transporte marítimo de umidade sob influência da circulação do gradiente de pressão do Atlântico Sul, caracterizando a predominância da mTa.;Verão;;;;;;;;;;;;;;;;
2025-01-06 00:00:00;Centro;mPa;A regiao delimitada encontra-se sob a influência direta do avanço da massa de ar polar, posicionada logo atrás da frente fria que atua no setor centro-sudeste do Brasil.;Verão;;;;;;;;;;;;;;;;
2025-01-06 00:00:00;Sul;mTa;A região encontra-se sob influência do fluxo marítimo da ASAS, caracterizado por temperaturas elevadas e umidade, configurando o predomínio da Massa Tropical Atlântica (mTa).;Verão;;;;;;;;;;;;;;;;
2025-01-07 00:00:00;Norte;mEc;Região central da Bacia Amazônica sob domínio da massa equatorial continental, caracterizada por elevados índices de temperatura e umidade, sem influência direta de sistemas fronta;Verão;;;;;;;;;;;;;;;;
2025-01-07 00:00:00;Nordeste;mTa;A região encontra-se sob influência do fluxo marítimo da alta pressão do Atlântico, estabelecendo o domínio da massa tropical atlântica, quente e úmida.;Verão;;;;;;;;;;;;;;;;
2025-01-07 00:00:00;Litoral;mTa;Região sob influência direta da circulação marítima quente e úmida da massa tropical atlântica, caracterizada pelo escoamento persistente com fluxo vindo do oceano sobre a costa.;Verão;;;;;;;;;;;;;;;;
2025-01-07 00:00:00;Centro;mTa;Predominancia da Massa Tropical Atlantica devido ao fluxo de leste/nordeste sob influencia do anticiclone subtropical, mantendo condicoes de aquecimento e umidade sobre a regiao.;Verão;;;;;;;;;;;;;;;;
2025-01-07 00:00:00;Sul;mTa;A região encontra-se sob influência do fluxo equatorial/tropical do quadrante norte/nordeste, sem transição para ar frio pós-frontal, caracterizando a predominância da mTa.;Verão;;;;;;;;;;;;;;;;
2025-01-08 00:00:00;Norte;mEc;Região central e amazônica com características termais quentes e úmidas típicas da massa equatorial continental, sem influência frontal no setor delimitado.;Verão;;;;;;;;;;;;;;;;
2025-01-08 00:00:00;Nordeste;mTa;Predominio da massa tropical atlantica na regiao nordeste, caracterizada por transporte de umidade e estabilidade vindo do oceano sob influencia do escoamento zonal prevalente.;Verão;;;;;;;;;;;;;;;;
2025-01-08 00:00:00;Litoral;mTa;Predominio da massa tropical atlantica na regiao costeira, sob influencia do escoamento zonal e caracteristicas termodinamicas tipicas de estabilidade e umidade oceanica.;Verão;;;;;;;;;;;;;;;;
2025-01-08 00:00:00;Centro;mTa;Regiao sob influencia da circulacao periferica da alta pressao subtropical do Atlantico Sul, caracterizando a predominancia da massa Tropical Atlantica.;Verão;;;;;;;;;;;;;;;;
2025-01-08 00:00:00;Sul;mTa;A região delimitada situa-se sob domínio do fluxo de nordeste e leste proveniente do oceano, característico da circulação da Massa Tropical Atlântica, mantendo condições estáveis.;Verão;;;;;;;;;;;;;;;;
2025-01-09 00:00:00;Norte;mEc;Regiao situada sobre a bacia Amazonica, caracterizada por elevados indices de umidade e temperaturas elevadas, configurando o dominio tipico da massa equatorial continental.;Verão;;;;;;;;;;;;;;;;
2025-01-09 00:00:00;Nordeste;mTa;Predominância de fluxo marítimo oriundo do Atlântico Sul, caracterizando a atuação da mTa sobre a costa e porção oriental do Nordeste brasileiro.;Verão;;;;;;;;;;;;;;;;
2025-01-09 00:00:00;Litoral;mTa;Regiao sob predominio da circulacao maritima associada a alta subtropical, caracterizando a atuacao da massa Tropical Atlantica com predominancia de umidade e calor no litoral.;Verão;;;;;;;;;;;;;;;;
2025-01-09 00:00:00;Centro;mTa;Região sob influência direta do fluxo de umidade do oceano associado ao transporte marítimo, caracterizando a predominância de ar quente e úmido de origem tropical atlântica.;Verão;;;;;;;;;;;;;;;;
2025-01-09 00:00:00;Sul;mPa;A região delimitada situa-se na retaguarda da frente fria, caracterizada pela incursão de ar mais frio e denso, típico do deslocamento pós-frontal da mPa sobre o Sul do Brasil.;Verão;;;;;;;;;;;;;;;;
2025-01-10 00:00:00;Norte;mEc;Região situada no domínio da Bacia Amazônica, caracterizada pela predominância de ar quente e úmido de origem continental, típica da mEc.;Verão;;;;;;;;;;;;;;;;
2025-01-10 00:00:00;Nordeste;mTa;Predominância da Massa Tropical Atlântica, caracterizada pelo escoamento de leste/sudeste associado ao fluxo periférico da ASAS, favorecendo umidade e calor na região.;Verão;;;;;;;;;;;;;;;;
2025-01-10 00:00:00;Litoral;mTa;A regiao delimitada esta sob influencia direta do fluxo maritimo vindo do Atlantico Sul, caracterizando a predominancia da Massa Tropical Atlantica (mTa) quente e umida.;Verão;;;;;;;;;;;;;;;;
2025-01-10 00:00:00;Centro;mTa;A região encontra-se sob influência do escoamento marítimo quente e úmido associado à circulação de alta pressão sobre o Atlântico Sul, caracterizando a predominância da mTa.;Verão;;;;;;;;;;;;;;;;
2025-01-10 00:00:00;Sul;mPa;A região delimitada encontra-se na retaguarda da frente fria, caracterizada por aporte de ar mais frio e denso, típico do domínio da Massa Polar Atlântica.;Verão;;;;;;;;;;;;;;;;
2025-01-11 00:00:00;Norte;mEc;Regiao central da Amazonia sob influencia da Massa Equatorial Continental, caracterizada por alta umidade e temperaturas elevadas, desvinculada de sistemas frontais externos.;Verão;;;;;;;;;;;;;;;;
2025-01-11 00:00:00;Nordeste;mTa;Região sob influência direta do fluxo de leste estabelecido pela alta subtropical, caracterizando a massa tropical atlântica, quente e úmida, predominante no setor leste do Brasil.;Verão;;;;;;;;;;;;;;;;
2025-01-11 00:00:00;Litoral;mTa;A regiao delimitada esta sob influencia direta do fluxo maritimo quente e umido, caracteristico da massa tropical atlantica, condizente com a circulacao do setor leste.;Verão;;;;;;;;;;;;;;;;
2025-01-11 00:00:00;Centro;mPa;A região apresenta o avanço de uma frente fria, com a predominância de uma Massa Polar Atlântica (mPa) na retaguarda, caracterizada pela incursão de ar mais frio e denso sobre o se;Verão;;;;;;;;;;;;;;;;
2025-01-11 00:00:00;Sul;mTa;Predominância da massa Tropical Atlântica, caracterizada pelo fluxo de umidade do quadrante norte/nordeste e temperaturas elevadas na região sob influência da ASAS.;Verão;;;;;;;;;;;;;;;;
2025-01-12 00:00:00;Norte;mEc;A região delimitada abrange a bacia amazônica, caracterizada sobre esta área por ar quente e úmido, definindo o domínio da Massa Equatorial Continental (mEc).;Verão;;;;;;;;;;;;;;;;
2025-01-12 00:00:00;Nordeste;mTa;Região sob influência direta do fluxo de leste/sudeste originado no Oceano Atlântico, caracterizando o transporte de umidade e calor típico da Massa Tropical Atlântica.;Verão;;;;;;;;;;;;;;;;
2025-01-12 00:00:00;Litoral;mTa;Predominio da massa Tropical Atlantica na regiao costeira do Nordeste, caracterizada por fluxo de leste quente e umido sob influencia da circulacao de alta pressao do Atlantico Sul;Verão;;;;;;;;;;;;;;;;
2025-01-12 00:00:00;Centro;mTa;A região encontra-se sob influência do escoamento marítimo oriundo da borda do sistema de alta pressão atlântica, caracterizando o transporte de ar quente e úmido dominante (mTa).;Verão;;;;;;;;;;;;;;;;
2025-01-12 00:00:00;Sul;mTa;Região sob influência direta da circulação marítima do Atlântico Sul, caracterizando um fluxo quente e úmido predominante de setor marítimo sobre o litoral do Sudeste.;Verão;;;;;;;;;;;;;;;;
2025-01-13 00:00:00;Norte;mEc;A região destacada sobre a bacia amazônica caracteriza-se por temperaturas elevadas e alta umidade, típicas da massa Equatorial Continental, sem influência de outros sistemas.;Verão;;;;;;;;;;;;;;;;
2025-01-13 00:00:00;Nordeste;mTa;Região sob influência direta do fluxo de leste da alta pressão subtropical do Atlântico Sul, caracterizando uma massa de ar quente e úmida predominante no setor do Nordeste.;Verão;;;;;;;;;;;;;;;;
2025-01-13 00:00:00;Litoral;mTa;A regiao delimitada encontra-se sob influncia da circulacao maritima predominante de leste/nordeste, caracterizando a presenca da massa de ar Tropical Atlantica (mTa) no litoral.;Verão;;;;;;;;;;;;;;;;
2025-01-13 00:00:00;Centro;mEc;Regiao sob predominio de massa quente e umida de origem equatorial, caracterizada pelo fluxo de umidade amazonica sobre o Brasil central, sem influência direta de sistemas frontais;Verão;;;;;;;;;;;;;;;;
2025-01-13 00:00:00;Sul;mTa;A região delimitada está sob forte influência do escoamento marítimo quente e úmido vindo do Atlântico Sul, característico da atuação da Massa Tropical Atlântica.;Verão;;;;;;;;;;;;;;;;
2025-01-14 00:00:00;Norte;mEc;Regiao central da Amazonia sem influencias frontais, predominando ar quente e umido caracteristico da Massa Equatorial Continental que domina o setor norte do continente.;Verão;;;;;;;;;;;;;;;;
2025-01-14 00:00:00;Nordeste;mTa;A região delimitada está sob forte influência do fluxo marítimo de sudeste, característico da atuação da Massa Tropical Atlântica, mantendo o transporte de umidade para o setor.;Verão;;;;;;;;;;;;;;;;
2025-01-14 00:00:00;Litoral;mTa;A regiao apresenta caracteristicas de escoamento maritimo associado a circulacao de alta pressao, transportando ar quente e umido sobre o setor leste do Brasil continental.;Verão;;;;;;;;;;;;;;;;
2025-01-14 00:00:00;Centro;mEc;A região delimitada encontra-se sob o domínio da massa equatorial continental, caracterizada por calor e alta umidade sobre o interior do continente, sem interferência polar.;Verão;;;;;;;;;;;;;;;;
2025-01-14 00:00:00;Sul;mTa;A região apresenta campo de pressão característico da periferia da ASAS, favorecendo o transporte de umidade e calor sobre o setor, sem influência direta de ar polar.;Verão;;;;;;;;;;;;;;;;
2025-01-15 00:00:00;Norte;mEc;Regiao sobre o dominio da Amazonia, caracterizada por baixas pressoes latitudinais e alta umidade convectiva, configurando a atuação da Massa Equatorial Continental.;Verão;;;;;;;;;;;;;;;;
2025-01-15 00:00:00;Nordeste;mTa;A regiao delimitada esta sob influencia direta do fluxo marítimo vindo do Atlantico Sul, caracterizando a predominancia da Massa Tropical Atlantica (mTa) sobre o setor.;Verão;;;;;;;;;;;;;;;;
2025-01-15 00:00:00;Litoral;mTa;Regiao sob influencia direta do fluxo marítimo do Atlantico Sul, apresentando caracteristicas de alta pressao, transporte de umidade e estabilidade tipicas da massa Tropical Atlant;Verão;;;;;;;;;;;;;;;;
2025-01-15 00:00:00;Centro;mEc;A região central encontra-se sob domínio da massa de ar quente e úmida proveniente da Amazônia, com reduzido gradiente de pressão e ausência de avanço de ar polar no setor.;Verão;;;;;;;;;;;;;;;;
2025-01-15 00:00:00;Sul;mPa;A região delimitada encontra-se na retaguarda de um sistema frontal, caracterizada pela incursão de ar mais frio e denso, típico do domínio da Massa Polar Atlântica.;Verão;;;;;;;;;;;;;;;;
2025-01-16 00:00:00;Norte;mEc;Regiao central da Amazonia brasileira caracterizada pela predominancia de ar quente e umido de origem continental, sem influencia de sistemas frontais ou massas de origem oceanica.;Verão;;;;;;;;;;;;;;;;
2025-01-16 00:00:00;Nordeste;mTa;Região sob influência direta do fluxo de leste/sudeste da circulação marítima, transportando umidade e ar quente característicos da Massa Tropical Atlântica sobre o setor.;Verão;;;;;;;;;;;;;;;;
2025-01-16 00:00:00;Litoral;mTa;A regiao delimitada esta sob influencia da circulacao periferica da alta pressao subtropical, caracterizando a atuacao da massa de ar Tropical Atlantica, quente e umida.;Verão;;;;;;;;;;;;;;;;
2025-01-16 00:00:00;Centro;mPa;A regiao delimitada encontra-se sob a influencia direta do avanco de uma massa de ar frio e seco, caracteristico de uma mPa, logo a retaguarda de um sistema frontal.;Verão;;;;;;;;;;;;;;;;
2025-01-16 00:00:00;Sul;mTa;A região encontra-se sob influência do escoamento marítimo associado ao sistema de alta pressão oceânico, caracterizando a predominância da Massa Tropical Atlântica.;Verão;;;;;;;;;;;;;;;;
2025-01-17 00:00:00;Norte;mEc;Região central da Bacia Amazônica sob influência de ar quente e úmido, característico do centro de ação térmico que define a massa Equatorial Continental.;Verão;;;;;;;;;;;;;;;;
2025-01-17 00:00:00;Nordeste;mTa;Predominância de escoamento marítimo associado ao fluxo da alta subtropical, transportando umidade e mantendo características térmicas tropicais sobre a região delimitada.;Verão;;;;;;;;;;;;;;;;
2025-01-17 00:00:00;Litoral;mTa;A regiao delimitada esta sob influencia direta do fluxo maritimo oriundo do Anticiclone subtropical, caracterizando o dominio da Massa Tropical Atlantica (mTa) no litoral leste/nor;Verão;;;;;;;;;;;;;;;;
2025-01-17 00:00:00;Centro;mTa;Região sob influência da circulação do Atlântico Tropical, caracterizando uma massa de ar quente e úmida que domina o setor central do Brasil conforme o campo de pressão atual.;Verão;;;;;;;;;;;;;;;;
2025-01-17 00:00:00;Sul;mTa;A regiao delimitada encontra-se sob a influência direta do escoamento marítimo, caracterizando o domínio da massa tropical atlântica, com umidade e temperaturas elevadas.;Verão;;;;;;;;;;;;;;;;
2025-01-18 00:00:00;Norte;mEc;A região destacada sobre a bacia amazônica está sob influência direta da massa equatorial continental, caracterizada por índices térmicos elevados e alta umidade atmosférica.;Verão;;;;;;;;;;;;;;;;
2025-01-18 00:00:00;Nordeste;mTa;A região delimitada está sob forte influência do fluxo marítimo da massa Tropical Atlântica, caracterizada pelo transporte de umidade e estabilidade térmica típica da costa leste.;Verão;;;;;;;;;;;;;;;;
2025-01-18 00:00:00;Litoral;mTa;Predominio de umidade e calor caracteristicos da massa tropical, sob influencia da circulacao do anticiclone subtropical sobre o Atlantico Sul na costa leste brasileira.;Verão;;;;;;;;;;;;;;;;
2025-01-18 00:00:00;Centro;mTa;Regiao sob influencia do escoamento maritimo da alta subtropical, caracterizada por temperaturas e umidade elevadas, tipicas da massa Tropical Atlantica no Centro-Sul do pais.;Verão;;;;;;;;;;;;;;;;
2025-01-18 00:00:00;Sul;mPa;A região delimitada encontra-se sob a influência direta do avanço da massa de ar polar, posicionada na retaguarda da frente fria que atua sobre o Sudeste brasileiro.;Verão;;;;;;;;;;;;;;;;
2025-01-19 00:00:00;Norte;mEc;Região sob influência direta da Massa Equatorial Continental, caracterizada por permanência sobre o setor norte da bacia amazônica e condições de calor e umidade típicas do verão.;Verão;;;;;;;;;;;;;;;;
2025-01-19 00:00:00;Nordeste;mTa;Predominância de ar quente e úmido transportado pelos ventos alísios oceânicos, característicos da circulação periférica do sistema de alta pressão sobre o Atlântico Sul.;Verão;;;;;;;;;;;;;;;;
2025-01-19 00:00:00;Litoral;mTa;Predominância de fluxo marítimo sob influência do sistema de alta pressão do Atlântico Sul, caracterizando ar quente e úmido no setor litorâneo especificado.;Verão;;;;;;;;;;;;;;;;
2025-01-19 00:00:00;Centro;mTc;Região sob influência de ar quente e seco típico da Depressão do Chaco, mantendo estabilidade atmosférica e elevadas temperaturas no interior do continente.;Verão;;;;;;;;;;;;;;;;
2025-01-19 00:00:00;Sul;mPa;A região delimitada situa-se sob influência da massa logo após a passagem de uma frente fria, caracterizada pela incursão de ar mais frio e denso sobre o setor.;Verão;;;;;;;;;;;;;;;;
2025-01-20 00:00:00;Norte;mEc;Regiao central e norte da Amazonia sob influencia da Massa Equatorial Continental, caracterizada por alto teor de umidade e instabilidade termodinamica tipica do verao amazonico.;Verão;;;;;;;;;;;;;;;;
2025-01-20 00:00:00;Nordeste;mTa;Predominio da massa Tropical Atlantica, caracterizada por fluxos de leste e ventos aliseos que sustentam condicoes quentes e umidas na regiao costeira e interior do Nordeste.;Verão;;;;;;;;;;;;;;;;
2025-01-20 00:00:00;Litoral;mTa;A regiao delimitada esta sob influencia direta do fluxo marítimo da alta subtropical, caracterizando a predominancia da massa Tropical Atlantica, quente e umida.;Verão;;;;;;;;;;;;;;;;
2025-01-20 00:00:00;Centro;mTa;A região central encontra-se sob influência de um fluxo quente e úmido de origem oceânica, característico da mTa, que predomina sobre o interior do Brasil central.;Verão;;;;;;;;;;;;;;;;
2025-01-20 00:00:00;Sul;mTa;A região delimitada encontra-se sob influência da circulação da ASAS, caracterizando o predomínio de ar quente e úmido transportado do oceano para o continente, tipicamente mTa.;Verão;;;;;;;;;;;;;;;;
2025-01-21 00:00:00;Norte;mEc;Regiao central e norte da Amazonia, caracterizada por alta umidade e temperaturas elevadas, mantendo as caracteristicas proprias da massa Equatorial Continental.;Verão;;;;;;;;;;;;;;;;
2025-01-21 00:00:00;Nordeste;mTa;Predominio da massa tropical atlantica na regiao nordeste, favorecida pelo fluxo de leste impulsionado pelo sistema de alta pressao sobre o oceano adjacente.;Verão;;;;;;;;;;;;;;;;
2025-01-21 00:00:00;Litoral;mEa;A região delimitada no litoral norte/nordeste encontra-se sob influência da Massa Equatorial Atlântica, caracterizada pelo seu transporte de umidade em baixas latitudes.;Verão;;;;;;;;;;;;;;;;
2025-01-21 00:00:00;Centro;mTa;A região central encontra-se sob o fluxo do escoamento marítimo oriundo da borda do sistema de alta pressão, caracterizando o predomínio da Massa Tropical Atlântica (mTa).;Verão;;;;;;;;;;;;;;;;
2025-01-21 00:00:00;Sul;mTa;Na região delimitada, observa-se o domínio da circulação marítima sob influência da Alta Subtropical, caracterizando a atuação da massa de ar Tropical Atlântica com fluxo zonal.;Verão;;;;;;;;;;;;;;;;
2025-01-22 00:00:00;Norte;mEc;A região delimitada compreende a bacia Amazônica, onde predomina a Massa Equatorial Continental, caracterizada por alta umidade e temperaturas elevadas típicas do verão continental;Verão;;;;;;;;;;;;;;;;
2025-01-22 00:00:00;Nordeste;mTa;A área é dominada pelo escoamento de leste vindo do Atlântico Tropical, caracterizando a atuação da mTa sobre a região Nordeste sob influência do gradiente de pressão regional.;Verão;;;;;;;;;;;;;;;;
2025-01-22 00:00:00;Litoral;mTa;Predominancia da Massa Tropical Atlantica no setor, caracterizada pela estabilidade e fluxo de leste associado ao escoamento da alta pressao sobre o Atlantico Sul.;Verão;;;;;;;;;;;;;;;;
2025-01-22 00:00:00;Centro;mEc;Região sob influência direta da massa equatorial continental, caracterizada por alto teor de umidade e temperaturas elevadas típicas do interior do continente no verão.;Verão;;;;;;;;;;;;;;;;
2025-01-22 00:00:00;Sul;mTa;A região encontra-se sob influência da circulação da ASAS, apresentando características de temperatura e umidade típicas do fluxo marítimo tropical que atua sobre o Sudeste.;Verão;;;;;;;;;;;;;;;;
2025-01-23 00:00:00;Norte;mEc;Região central dos estados do Amazonas e Pará sob influência da massa Equatorial Continental, caracterizada por ar quente e alta umidade, refletindo as condições sazonais amazônica;Verão;;;;;;;;;;;;;;;;
2025-01-23 00:00:00;Nordeste;mTa;Regiao sob predominio da circulacao de leste/sudeste, com caracteristicas de ar quente e umido proveniente do oceano, caracterizando a atuacao da massa Tropical Atlantica.;Verão;;;;;;;;;;;;;;;;
2025-01-23 00:00:00;Litoral;mTa;Regiao sob influencia do escoamento marítimo em borda de sistema de alta pressao, caracterizando transporte de umidade e estabilidade tipicos da massa Tropical Atlantica.;Verão;;;;;;;;;;;;;;;;
2025-01-23 00:00:00;Centro;mEc;Regiao central do continente sob influencia da subsidencia termica e umidade residual da bacia amazonica, configurando condicoes tipicas de massa equatorial continental.;Verão;;;;;;;;;;;;;;;;
2025-01-23 00:00:00;Sul;mPa;A região delimitada encontra-se atrás de um sistema frontal, sob a influência direta de ar mais frio e denso que ingressou no continente, caracterizando o domínio da massa polar.;Verão;;;;;;;;;;;;;;;;
2025-01-24 00:00:00;Norte;mEc;Regiao central e norte do Brasil sob influencia da Massa Equatorial Continental, caracterizada por alta umidade e temperaturas elevadas típicas do centro da bacia amazonica.;Verão;;;;;;;;;;;;;;;;
2025-01-24 00:00:00;Nordeste;mTa;Predomínio de fluxo marítimo sob influência do escoamento de leste do Atlântico Tropical, caracterizando a atuação da massa Tropical Atlântica sobre a região delimitada.;Verão;;;;;;;;;;;;;;;;
2025-01-24 00:00:00;Litoral;mTa;A regiao delimitada esta sob influencia direta do escoamento maritimo predominante do quadrante leste, caracteristico da Massa Tropical Atlantica, mantendo estabilidade termica.;Verão;;;;;;;;;;;;;;;;
2025-01-24 00:00:00;Centro;mTa;Regiao central sob influencia do escoamento de umidade do oceano associado a ASAS, caracterizando a predominancia de caracteristicas quentes e umidas tipicas da massa Tropical Atla;Verão;;;;;;;;;;;;;;;;
2025-01-24 00:00:00;Sul;mTa;A região delimitada está sob a influência do fluxo marítimo da alta pressão do Atlântico, configurando o predomínio da massa Tropical Atlântica (mTa), quente e úmida.;Verão;;;;;;;;;;;;;;;;
2025-01-25 00:00:00;Norte;mEc;Regiao central e norte da Amazonia sob influencia da massa de ar quente e umida de origem continental, mantendo caracteristicas de alta umidade e temperaturas elevadas na regiao.;Verão;;;;;;;;;;;;;;;;
2025-01-25 00:00:00;Nordeste;mTa;Predominancia da Massa Tropical Atlantica devido ao fluxo de leste/sudeste associado a ASAS, mantendo o transporte de umidade e estabilidade sobre o setor delimitado do Nordeste.;Verão;;;;;;;;;;;;;;;;
2025-01-25 00:00:00;Litoral;mTa;A região do retângulo litorâneo encontra-se sob influência da circulação marítima característica da massa Tropical Atlântica, mantendo condições quentes e úmidas no setor.;Verão;;;;;;;;;;;;;;;;
2025-01-25 00:00:00;Centro;mTa;A região apresenta o predomínio de escoamento vindo do oceano, característico da atuação da massa de ar Tropical Atlântica sobre o setor central.;Verão;;;;;;;;;;;;;;;;
2025-01-25 00:00:00;Sul;mTa;A região encontra-se sob influência de um gradiente de pressão característico da circulação oceânica, predominando ar quente e úmido com característica tropical atlântica.;Verão;;;;;;;;;;;;;;;;
2025-01-26 00:00:00;Norte;mEc;A região demarcada encontra-se sobre a bacia amazônica, caracterizada pela predominância da Massa Equatorial Continental, que apresenta elevados teores de umidade e calor latente.;Verão;;;;;;;;;;;;;;;;
2025-01-26 00:00:00;Nordeste;mTa;Predominio da massa Tropical Atlantica, caracterizada por transporte de umidade do oceano para o interior do Nordeste sob regime de ventos de leste influenciando a regiao costeira.;Verão;;;;;;;;;;;;;;;;
2025-01-26 00:00:00;Litoral;mEa;Região delimitada sob influência da massa Equatorial Atlântica, caracterizada pelo transporte de umidade em baixos níveis sobre o setor costeiro do Nordeste brasileiro.;Verão;;;;;;;;;;;;;;;;
2025-01-26 00:00:00;Centro;mTa;Região sob influência da circulação anticiclônica do Atlântico Sul, caracterizada por transporte de umidade oceânica para o interior do continente, mantendo características de mTa.;Verão;;;;;;;;;;;;;;;;
2025-01-26 00:00:00;Sul;mTa;A região delimitada está sob influência do fluxo predominante de leste/nordeste da circulação marítima, caracterizando a atuação da massa de ar Tropical Atlântica (mTa).;Verão;;;;;;;;;;;;;;;;
2025-01-27 00:00:00;Norte;mEc;Região sob influência predominante da massa Equatorial Continental, caracterizada por permanência de ar quente e úmido sobre a bacia amazônica.;Verão;;;;;;;;;;;;;;;;
2025-01-27 00:00:00;Nordeste;mTa;Regiao sob influencia predominante do fluxo maritimo oriundo do Atlantico Sul, caracterizadora da massa tropical quente e umida que atua na costa e interior nordestino.;Verão;;;;;;;;;;;;;;;;
2025-01-27 00:00:00;Litoral;mTa;Região sob influência direta do fluxo de leste da circulação marítima, transportando ar quente e úmido característico da Massa Tropical Atlântica ao longo do litoral.;Verão;;;;;;;;;;;;;;;;
2025-01-27 00:00:00;Centro;mTc;A região do retângulo posiciona-se sobre o continente, caracterizada por altas temperaturas e ar seco, típicas da influência da massa de ar tropical continental sobre o Chaco.;Verão;;;;;;;;;;;;;;;;
2025-01-27 00:00:00;Sul;mTa;A região encontra-se sob influência do fluxo equatorial/tropical marítimo, com circulação característica de borda de sistemas de alta pressão, mantendo estabilidade térmica.;Verão;;;;;;;;;;;;;;;;
2025-01-28 00:00:00;Norte;mEc;A região demarcada abrange a bacia amazônica e áreas continentais adjacentes, onde predomina a circulação característica de calor e umidade típicos da massa Equatorial Continental.;Verão;;;;;;;;;;;;;;;;
2025-01-28 00:00:00;Nordeste;mTa;Predomínio de ar quente e úmido transportado pelos ventos de leste sob influência da circulação anticiclônica do Atlântico que domina o setor leste/nordeste brasileiro.;Verão;;;;;;;;;;;;;;;;
2025-01-28 00:00:00;Litoral;mTa;A área delimitada encontra-se sob influência do fluxo marítimo da alta pressão, caracterizando o predomínio de ar quente e úmido tipicamente transportado pela mTa.;Verão;;;;;;;;;;;;;;;;
2025-01-28 00:00:00;Centro;mTa;Região sob influência da circulação anticiclônica do Atlântico, caracterizada por temperaturas e umidade elevadas, dominando o setor central sem presença de sistemas frontais.;Verão;;;;;;;;;;;;;;;;
2025-01-28 00:00:00;Sul;mTa;A região do retângulo litorâneo apresenta predomínio de circulação marítima sob influência da ASAS, caracterizando o transporte de ar quente e úmido típico da mTa.;Verão;;;;;;;;;;;;;;;;
2025-01-29 00:00:00;Norte;mEc;Predominância de ar quente e úmido de origem equatorial continental, estabelecido sobre a bacia amazônica e áreas centrais adjacentes, caracterizando a instabilidade sazonal.;Verão;;;;;;;;;;;;;;;;
2025-01-29 00:00:00;Nordeste;mTa;A região encontra-se sob influência do fluxo equatorial/tropical marítimo associado ao gradiente de pressão do oceano, caracterizando a predominância da massa de ar Tropical Atlânt;Verão;;;;;;;;;;;;;;;;
2025-01-29 00:00:00;Litoral;mTa;A região delimitada está sob influência do escoamento marítimo de leste/sudeste, com características tropicais e úmidas típicas da mTa, predominante no litoral do Nordeste brasilei;Verão;;;;;;;;;;;;;;;;
2025-01-29 00:00:00;Centro;mTc;Região do interior do continente sob influência de núcleo térmico, caracterizando a atuação da Massa Tropical Continental, com ar quente e seco típico da depressão central.;Verão;;;;;;;;;;;;;;;;
2025-01-29 00:00:00;Sul;mTa;A região demarcada apresenta domínio de um campo de pressões associado ao escoamento marítimo do Atlântico, caracterizando a atuação da massa de ar Tropical Atlântica.;Verão;;;;;;;;;;;;;;;;
2025-01-30 00:00:00;Norte;mEc;A região delimitada está situada sobre a bacia amazônica, caracterizada por altas temperaturas e umidade sob a influência direta da massa equatorial continental.;Verão;;;;;;;;;;;;;;;;
2025-01-30 00:00:00;Nordeste;mTa;Região sob influência direta do escoamento marítimo de leste, característico da circulação periférica da ASAS, transportando umidade e mantendo temperaturas elevadas.;Verão;;;;;;;;;;;;;;;;
2025-01-30 00:00:00;Litoral;mTa;A região delimitada está sob influência do fluxo marítimo da alta pressão do Atlântico, apresentando características de massa quente e úmida típica da mTa.;Verão;;;;;;;;;;;;;;;;
2025-01-30 00:00:00;Centro;mTa;Região sob influência da circulação da ASAS, apresentando características de elevada umidade e temperaturas tropicais predominantes no setor central do território brasileiro.;Verão;;;;;;;;;;;;;;;;
2025-01-30 00:00:00;Sul;mTa;Regiao sob influencia do escoamento do Atlantico Sul, caracterizado por temperaturas elevadas e umidade, sob o dominio da circulacao oceanica tropical.;Verão;;;;;;;;;;;;;;;;
2025-01-31 00:00:00;Norte;mEc;A regiao delimitada esta sob influencia direta da circulacao amazonica, apresentando caracteristicas tipicas de massa quente e umida de origem continental, sem influencia de sistem;Verão;;;;;;;;;;;;;;;;
2025-01-31 00:00:00;Nordeste;mTa;A região do Nordeste delimitada encontra-se sob influência direta do fluxo de leste marítimo, característico da circulação da alta subtropical sobre o Atlântico Sul.;Verão;;;;;;;;;;;;;;;;
2025-01-31 00:00:00;Litoral;mTa;O setor delimitado encontra-se sob domínio do fluxo marítimo persistente na periferia da ASAS, caracterizando a influência da Massa Tropical Atlântica (mTa) no litoral leste.;Verão;;;;;;;;;;;;;;;;
2025-01-31 00:00:00;Centro;mPa;A região delimitada localiza-se na retaguarda da frente fria, sob influência da subsidência e advecção de advecção de ar frio e seco característica da massa polar atlântica.;Verão;;;;;;;;;;;;;;;;
2025-01-31 00:00:00;Sul;mTa;Região sob influência da circulação da ASAS, apresentando características de ar tropical quente e úmido no setor, sem evidências de penetração de massa polar no referido retângulo.;Verão;;;;;;;;;;;;;;;;
2025-02-01 00:00:00;Norte;mEc;Regiao sobre a bacia Amazonica apresentando caracteristicas tipicas de intensa umidade e temperatura elevadas, sob dominio da circulacao continental caracteristica da mEc.;Verão;;;;;;;;;;;;;;;;
2025-02-01 00:00:00;Nordeste;mTa;A região selecionada está sob influência do fluxo de leste/sudeste proveniente do Oceano Atlântico, característico da massa Tropical Atlântica que domina o setor em baixa latitude.;Verão;;;;;;;;;;;;;;;;
2025-02-01 00:00:00;Litoral;mTa;Região sob influência da circulação anticiclônica do Atlântico Sul, caracterizando o domínio da massa Tropical Atlântica com fluxo de umidade constante sobre o litoral.;Verão;;;;;;;;;;;;;;;;
2025-02-01 00:00:00;Centro;mEc;Região situada sobre o interior do continente, sob influência de características equatoriais quentes e úmidas, típica da massa Equatorial Continental atuante na estação chuvosa.;Verão;;;;;;;;;;;;;;;;
2025-02-01 00:00:00;Sul;mTa;Regiao sob predominio de fluxo de norte/nordeste associado ao escoamento da alta subtropical, caracterizando o ingresso de ar quente e umido de origem tropical direta sobre o setor;Verão;;;;;;;;;;;;;;;;
2025-02-02 00:00:00;Norte;mEc;A região demarcada encontra-se sobre a bacia amazônica, caracterizada por altas temperaturas e umidade elevada, típicas da influência da Massa Equatorial Continental (mEc).;Verão;;;;;;;;;;;;;;;;
2025-02-02 00:00:00;Nordeste;mTa;Predominio da massa Tropical Atlantica na regiao Nordeste, caracterizada por altas temperaturas e elevada umidade sob influencia do escoamento oceanico persistente.;Verão;;;;;;;;;;;;;;;;
2025-02-02 00:00:00;Litoral;mEa;A região delimitada no setor norte/nordeste do litoral está sob influência da massa Equatorial Atlântica, caracterizada por condições quentes e úmidas típicas da faixa equatorial.;Verão;;;;;;;;;;;;;;;;
2025-02-02 00:00:00;Centro;mTa;Região central sob influência direta do fluxo de umidade do oceano provindo do anticiclone do Atlântico Sul, caracterizando o predomínio da Massa Tropical Atlântica.;Verão;;;;;;;;;;;;;;;;
2025-02-02 00:00:00;Sul;mTa;A região encontra-se sob a influência do escoamento marítimo oriundo do Atlântico Sul, caracterizando a predominância da Massa Tropical Atlântica com características quentes e úmid;Verão;;;;;;;;;;;;;;;;
2025-02-03 00:00:00;Norte;mEc;Predominancia de caracteristicas de calor e umidade sobre a bacia amazonica, configurando o dominio da Massa Equatorial Continental na regiao delimitada.;Verão;;;;;;;;;;;;;;;;
2025-02-03 00:00:00;Nordeste;mEa;Região sob influência direta do escoamento marítimo tropical, transportando umidade e características térmicas elevadas típicas da Massa Equatorial Atlântica sobre a faixa costeira;Verão;;;;;;;;;;;;;;;;
2025-02-03 00:00:00;Litoral;mEa;A região delimitada no litoral nordeste encontra-se sob influência da massa Equatorial Atlântica, caracterizada por elevados índices de umidade e temperaturas tropicais típicas da ;Verão;;;;;;;;;;;;;;;;
2025-02-03 00:00:00;Centro;mTa;A região apresenta características de estabilidade e fluxo associado à circulação marítima, confirmando o predomínio de ar quente e úmido vindo do Atlântico.;Verão;;;;;;;;;;;;;;;;
2025-02-03 00:00:00;Sul;mTa;Regiao sob influencia do escoamento marítimo persistente proveniente da ASAS, estabelecendo massa de ar quente e umida sobre o setor costeiro e adjacencias do Sudeste brasileiro.;Verão;;;;;;;;;;;;;;;;
2025-02-04 00:00:00;Norte;mEc;Regiao central e norte da Amazonia sob influencia direta da massa Equatorial Continental, caracterizada por ar quente e umido, sem interrupcao por sistemas frontais.;Verão;;;;;;;;;;;;;;;;
2025-02-04 00:00:00;Nordeste;mTa;A região é dominada pelo fluxo de ar quente e úmido proveniente do Oceano Atlântico, característico da massa Tropical Atlântica que atua sobre o litoral e o interior do Nordeste.;Verão;;;;;;;;;;;;;;;;
2025-02-04 00:00:00;Litoral;mEa;A região delimitada no litoral nordeste encontra-se inserida no fluxo de umidade tropical oceânica, característica da massa Equatorial Atlântica em sua atuação sazonal.;Verão;;;;;;;;;;;;;;;;
2025-02-04 00:00:00;Centro;mPa;A região apresenta o avanço de uma massa de ar frio e úmido após a passagem de frente fria, caracterizando o domínio da mPa no centro-sudeste do Brasil.;Verão;;;;;;;;;;;;;;;;
2025-02-04 00:00:00;Sul;mTa;A regiao delimitada encontra-se sob predominancia de escoamento maritimo associado a circulacao anticiclonica, caracterizando o dominio da Massa Tropical Atlantica.;Verão;;;;;;;;;;;;;;;;
2025-02-05 00:00:00;Norte;mEc;A região sob o retângulo vermelho localiza-se sobre a bacia amazônica, caracterizada por alta umidade e temperaturas elevadas, configurando o domínio da mEc.;Verão;;;;;;;;;;;;;;;;
2025-02-05 00:00:00;Nordeste;mTa;Regiao sob incidencia dos fluxos oceanicos de leste/sudeste, mantendo caracteristicas de estabilidade e umidade tipicas da Massa Tropical Atlantica na costa nordestina.;Verão;;;;;;;;;;;;;;;;
2025-02-05 00:00:00;Litoral;mTa;Região sob influência direta do fluxo de leste/sudeste associado à ASAS, caracterizando o transporte de umidade e calor típico da Massa Tropical Atlântica sobre o setor litorâneo.;Verão;;;;;;;;;;;;;;;;
2025-02-05 00:00:00;Centro;mPa;A região demarcada encontra-se atrás de um sistema frontal em deslocamento (setas verdes), sob influência de um gradiente de pressão que favorece o ingresso da Massa Polar Atlântic;Verão;;;;;;;;;;;;;;;;
2025-02-05 00:00:00;Sul;mPa;A região delimitada encontra-se sob influência de massa de ar frio e úmido após a passagem de uma frente fria, evidenciada pelos gradientes de temperatura e pressão característicos;Verão;;;;;;;;;;;;;;;;
2025-02-06 00:00:00;Norte;mEc;Regiao central e norte da Amazonia sob influencia de ar quente e umido de origem equatorial continental, caracteristico da circulacao termica local e ausencia de sistemas frontais.;Verão;;;;;;;;;;;;;;;;
2025-02-06 00:00:00;Nordeste;mTa;Regiao sob predominio da circulacao maritima quente e umida da borda do sistema de alta pressao subtropical, caracterizando a dominancia da massa tropical atlantica na costa nordes;Verão;;;;;;;;;;;;;;;;
2025-02-06 00:00:00;Litoral;mTa;A região delimitada está sob forte influência do escoamento marítimo de leste/sudeste associado à circulação da alta pressão, configurando o predomínio da massa Tropical Atlântica.;Verão;;;;;;;;;;;;;;;;
2025-02-06 00:00:00;Centro;mTa;A região central encontra-se sob influência de um gradiente de pressão característico da mTa, que mantém o transporte de umidade do oceano e temperatura elevada na área delimitada.;Verão;;;;;;;;;;;;;;;;
2025-02-06 00:00:00;Sul;mPa;A região delimitada encontra-se atrás de uma frente fria que avança pelo Sul/Sudeste, caracterizando a incursão da massa de ar polar, evidenciada pelo gradiente térmico observado.;Verão;;;;;;;;;;;;;;;;
2025-02-07 00:00:00;Norte;mEc;A regiao delimitada esta sob influencia da Massa Equatorial Continental, caracterizada pela predominancia de umidade e calor tipicos da regiao Amazonica.;Verão;;;;;;;;;;;;;;;;
2025-02-07 00:00:00;Nordeste;mTa;Regiao sob predominio da circulacao maritima com transporte de umidade do oceano para o continente, caracterizando o dominio da massa tropical atlantica na faixa leste nordestina.;Verão;;;;;;;;;;;;;;;;
2025-02-07 00:00:00;Litoral;mTa;Regiao sob influencia predominante do escoamento maritimo associado ao sistema de alta pressao, caracterizando estabilidade e transporte de umidade da massa tropical atlantica.;Verão;;;;;;;;;;;;;;;;
2025-02-07 00:00:00;Centro;mTa;A região delimitada está sob a influência do escoamento marítimo de leste/nordeste, característico da massa de ar tropical atlântica, apresentando características termodinâmicas de;Verão;;;;;;;;;;;;;;;;
2025-02-07 00:00:00;Sul;mPa;A região delimitada encontra-se sob influência de um sistema frontal em deslocamento, com a incursão característica de ar frio e seco, configurando o domínio da massa polar atlânti;Verão;;;;;;;;;;;;;;;;
2025-02-08 00:00:00;Norte;mEc;Regiao localizada sobre a Amazonia, com características de elevadas temperaturas e umidade, sem interferencia de sistemas frontais ou massas de ar polares, caracterizando a mEc.;Verão;;;;;;;;;;;;;;;;
2025-02-08 00:00:00;Nordeste;mTa;Dominio de circulação marítima quente e úmida sob influência do fluxo de leste da alta pressão subtropical, caracterizando o transporte da massa tropical atlântica no NE.;Verão;;;;;;;;;;;;;;;;
2025-02-08 00:00:00;Litoral;mTa;Regiao sob influencia do fluxo marítimo da ASAS, caracterizada pela predominancia de ventos de quadrante leste que transportam ar quente e umido para o litoral brasileiro.;Verão;;;;;;;;;;;;;;;;
2025-02-08 00:00:00;Centro;mTa;A região encontra-se sob influência da circulação anticiclônica marítima, com transporte de umidade do oceano para o interior do continente, caracterizando o domínio da massa Tropi;Verão;;;;;;;;;;;;;;;;
2025-02-08 00:00:00;Sul;mTa;A região encontra-se sob influência da circulação anticiclônica oceânica, caracterizando o transporte de umidade e calor sobre o setor, definindo o domínio da massa tropical atlânt;Verão;;;;;;;;;;;;;;;;
2025-02-09 00:00:00;Norte;mEc;Regiao central e norte da Amazonia sob dominio de massa equatorial quente e umida, caracterizando fluxo tipico continental sem influencia de sistemas frontais.;Verão;;;;;;;;;;;;;;;;
2025-02-09 00:00:00;Nordeste;mTa;Regiao sob influencia do escoamento do quadrante leste, caracteristico da circulacao periferica da alta pressao subtropical do Atlantico Sul, transportando ar quente e umido.;Verão;;;;;;;;;;;;;;;;
2025-02-09 00:00:00;Litoral;mTa;A área encontra-se sob influência do fluxo de leste/sudeste associado ao escoamento marítimo, caracterizando o domínio da massa tropical atlântica na região litorânea.;Verão;;;;;;;;;;;;;;;;
2025-02-09 00:00:00;Centro;mTc;Região sob influência de baixas pressões térmicas em áreas continentais do Chaco, caracterizada por temperaturas elevadas e baixa umidade relativa típica desta massa de ar.;Verão;;;;;;;;;;;;;;;;
2025-02-09 00:00:00;Sul;mTa;A região do retângulo está sob influência do fluxo marítimo quente e úmido vindo do Atlântico Sul, caracterizando a predominância da massa Tropical Atlântica.;Verão;;;;;;;;;;;;;;;;
2025-02-10 00:00:00;Norte;mEc;A região delimitada abrange a bacia amazônica e áreas continentais adjacentes, onde predomina a mEc, caracterizada por elevados teores de umidade e calor, típicos da circulação reg;Verão;;;;;;;;;;;;;;;;
2025-02-10 00:00:00;Nordeste;mTa;A região do Nordeste delimitada encontra-se sob influência do escoamento marítimo quente e úmido vindo do Atlântico Subtropical, caracterizando o predomínio da mTa na área.;Verão;;;;;;;;;;;;;;;;
2025-02-10 00:00:00;Litoral;mTa;Regiao sob influencia do escoamento do anticiclone subtropical, mantendo condicoes de estabilidade, ar quente e umido caracteristico da Massa Tropical Atlantica.;Verão;;;;;;;;;;;;;;;;
2025-02-10 00:00:00;Centro;mTa;A região apresenta características de temperaturas elevadas e umidade, sob influência de escoamento vindo do Atlântico, configurando o domínio da massa tropical marítima.;Verão;;;;;;;;;;;;;;;;
2025-02-10 00:00:00;Sul;mPa;A região apresenta o avanço de uma frente fria seguida por advecção de ar mais frio e denso, caracterizando o domínio da massa de ar polar atlântica sobre o setor sul.;Verão;;;;;;;;;;;;;;;;
2025-02-11 00:00:00;Norte;mEc;A regiao delimitada esta sob influencia direta da Massa Equatorial Continental, caracterizada pelo ar quente e umido tipico da bacia amazonica, sem interferencia de sistemas fronta;Verão;;;;;;;;;;;;;;;;
2025-02-11 00:00:00;Nordeste;mTa;A região do Nordeste delimitada encontra-se sob influência direta do escoamento marítimo de leste, característico da circulação da mTa, transportando umidade e calor da circulação ;Verão;;;;;;;;;;;;;;;;
2025-02-11 00:00:00;Litoral;mTa;O litoral setentrional e nordestino encontra-se sob influência da circulação marítima característica da Massa Tropical Atlântica, mantendo condições quentes e úmidas na região.;Verão;;;;;;;;;;;;;;;;
2025-02-11 00:00:00;Centro;mTa;A região encontra-se sob influência da circulação da ASAS, apresentando características de temperatura e umidade típicas de uma massa tropical marítima sobre o Brasil central.;Verão;;;;;;;;;;;;;;;;
2025-02-11 00:00:00;Sul;mTa;A região delimitada está sob forte influência do fluxo marítimo da massa Tropical Atlântica, caracterizada por temperaturas amenas a quentes e umidade oceânica predominante.;Verão;;;;;;;;;;;;;;;;
2025-02-12 00:00:00;Norte;mEc;Região predominantemente sob influência da massa Equatorial Continental, caracterizada por altas temperaturas e elevada umidade, típica do interior da Bacia Amazônica.;Verão;;;;;;;;;;;;;;;;
2025-02-12 00:00:00;Nordeste;mTa;Predomínio de ar quente e úmido transportado pelo regime de ventos marítimos do Atlântico Sul, mantendo condições típicas de estabilidade térmica na região selecionada.;Verão;;;;;;;;;;;;;;;;
2025-02-12 00:00:00;Litoral;mTa;A área delimitada encontra-se sob o fluxo do quadrante leste/sudeste, característico da circulação periférica da ASAS, configurando o domínio da massa Tropical Atlântica (mTa).;Verão;;;;;;;;;;;;;;;;
2025-02-12 00:00:00;Centro;mTc;Regiao central sob influencia de massa quente e seca, caracterizada por subsidencia e valores reduzidos de umidade relativa no interior do continente.;Verão;;;;;;;;;;;;;;;;
2025-02-12 00:00:00;Sul;mTa;A região demarcada encontra-se sob domínio do escoamento marítimo de leste/nordeste, sob influência da circulação anticiclônica oceânica, caracterizando a atuação da mTa.;Verão;;;;;;;;;;;;;;;;
2025-02-13 00:00:00;Norte;mEc;A região delimitada sobre a bacia amazônica caracteriza-se pela predominância de ar quente e úmido de origem continental, típica da mEc neste período do ano.;Verão;;;;;;;;;;;;;;;;
2025-02-13 00:00:00;Nordeste;mTa;Região sob influência direta da circulação marítima tropical, apresentando características de ar quente e úmido transportado do Atlântico para o setor oriental do Nordeste.;Verão;;;;;;;;;;;;;;;;
2025-02-13 00:00:00;Litoral;mTa;A região delimitada está sob influência do fluxo equatorial/tropical marítimo do Atlântico Sul, caracterizando a atuação da massa de ar Tropical Atlântica (mTa), quente e úmida.;Verão;;;;;;;;;;;;;;;;
2025-02-13 00:00:00;Centro;mTa;Região central sob influência da circulação anticiclônica do Atlântico, apresentando características de temperatura e umidade típicas da massa tropical marítima.;Verão;;;;;;;;;;;;;;;;
2025-02-13 00:00:00;Sul;mPa;A região delimitada situa-se no setor pós-frontal, sob influência direta do ingresso de ar mais frio e denso característico da Massa Polar Atlântica.;Verão;;;;;;;;;;;;;;;;
2025-02-14 00:00:00;Norte;mEc;A região do retângulo está posicionada sobre a bacia amazônica, caracterizada por altas temperaturas e elevada umidade, sob domínio da Massa Equatorial Continental.;Verão;;;;;;;;;;;;;;;;
2025-02-14 00:00:00;Nordeste;mTa;A região encontra-se sob influência do fluxo subsidente da alta pressão do Atlântico, caracterizando a atuação da Massa Tropical Atlântica com transporte de umidade para o continen;Verão;;;;;;;;;;;;;;;;
2025-02-14 00:00:00;Litoral;mTa;A região sob análise está sob o domínio do escoamento marítimo associado à circulação anticiclônica do Atlântico Sul, caracterizando a predominância da Massa Tropical Atlântica (mT;Verão;;;;;;;;;;;;;;;;
2025-02-14 00:00:00;Centro;mTa;A região encontra-se sob o fluxo do escoamento marítimo vindo do Atlântico Sul, caracterizando o domínio da massa Tropical Atlântica com transporte de umidade para o interior.;Verão;;;;;;;;;;;;;;;;
2025-02-14 00:00:00;Sul;mTa;A região delimitada está sob influência direta do fluxo de ar quente e úmido proveniente do oceano, característico da circulação da massa Tropical Atlântica.;Verão;;;;;;;;;;;;;;;;
2025-02-15 00:00:00;Norte;mEc;A região apresenta características de baixas latitudes sobre o interior do continente, com predomínio de massa quente e úmida típica da bacia Amazônica.;Verão;;;;;;;;;;;;;;;;
2025-02-15 00:00:00;Nordeste;mTa;Predominio de fluxo marítimo quente e úmido sobre a região Nordeste, característico da atuação da massa Tropical Atlântica sob regime de circulação zonal.;Verão;;;;;;;;;;;;;;;;
2025-02-15 00:00:00;Litoral;mEa;A região delimitada no litoral nordestino encontra-se sob influência predominante do escoamento oceânico quente e úmido, característico da Massa Equatorial Atlântica.;Verão;;;;;;;;;;;;;;;;
2025-02-15 00:00:00;Centro;mTa;Região central sob influência da circulação do escoamento tropical marítimo, caracterizado por fluxo de norte/nordeste transportando umidade do Atlântico para o interior do país.;Verão;;;;;;;;;;;;;;;;
2025-02-15 00:00:00;Sul;mTa;A região encontra-se sob domínio da circulação marítima da alta pressão, caracterizando o fluxo de uma massa de ar quente e úmida sobre o setor.;Verão;;;;;;;;;;;;;;;;
2025-02-16 00:00:00;Norte;mEc;A região delimitada abrange a bacia amazônica, caracterizada por fluxo dominante de umidade e calor, típicos da Massa Equatorial Continental, sem influência de sistemas frontais.;Verão;;;;;;;;;;;;;;;;
2025-02-16 00:00:00;Nordeste;mTa;Predomínio de ar quente e úmido transportado pelos ventos alísios do quadrante leste, característico da atuação da circulação da alta subtropical sobre a costa e interior nordestin;Verão;;;;;;;;;;;;;;;;
2025-02-16 00:00:00;Litoral;mTa;Região sob influência direta do fluxo de leste/sudeste associado à circulação marítima oceânica, caracterizando o domínio da massa Tropical Atlântica.;Verão;;;;;;;;;;;;;;;;
2025-02-16 00:00:00;Centro;mTc;Região continental central sob influência da massa Tropical Continental, caracterizada por temperaturas elevadas e umidade variável, típica da Depressão do Chaco.;Verão;;;;;;;;;;;;;;;;
2025-02-16 00:00:00;Sul;mTa;Região sob influência direta do fluxo de leste/nordeste advindo do oceano, caracterizando a atuação da massa tropical atlântica quente e úmida sobre o setor sudeste.;Verão;;;;;;;;;;;;;;;;
2025-02-17 00:00:00;Norte;mEc;Regiao central e norte da Amazonia sob influencia persistente da Massa Equatorial Continental, caracterizada por alta umidade e temperaturas elevadas sem interferencia de frentes.;Verão;;;;;;;;;;;;;;;;
2025-02-17 00:00:00;Nordeste;mTa;Predomínio de valores de umidade e temperaturas elevados condizentes com a massa Tropical Atlântica, que exerce influência sobre o setor litorâneo e adjacências no momento.;Verão;;;;;;;;;;;;;;;;
2025-02-17 00:00:00;Litoral;mEa;A região delimitada no litoral nordestino encontra-se sob influência predominante da massa Equatorial Atlântica, caracterizada pelo fluxo de ar quente e úmido vindo do oceano.;Verão;;;;;;;;;;;;;;;;
2025-02-17 00:00:00;Centro;mTa;A regiao encontra-se sob circulacao de leste/nordeste associada a alta pressao, evidenciando o transporte de umidade e calor do oceano para o continente, configurando influencia da;Verão;;;;;;;;;;;;;;;;
2025-02-17 00:00:00;Sul;mPa;A região delimitada está sob a influência direta do avanço de uma massa polar, caracterizada por temperaturas mais amenas e fluxo de ar pós-frontal evidente na carta.;Verão;;;;;;;;;;;;;;;;
2025-02-18 00:00:00;Norte;mEc;Região sob influência predominante de ar quente e úmido de origem equatorial continental, característica da bacia amazônica e sem interação direta com sistemas frontais de alta lat;Verão;;;;;;;;;;;;;;;;
2025-02-18 00:00:00;Nordeste;mTa;A região delimitada sob influência da circulação anticiclônica marítima, apresentando características de massa quente e úmida típica da estabilidade de origem oceânica.;Verão;;;;;;;;;;;;;;;;
2025-02-18 00:00:00;Litoral;mTa;Região sob influência direta da circulação marítima quente e úmida, característica da Massa Tropical Atlântica com fluxo de Leste atuando sobre o litoral do Nordeste brasileiro.;Verão;;;;;;;;;;;;;;;;
2025-02-18 00:00:00;Centro;mEc;Predominancia de caracteristicas termodinamicas da massa equatorial continental sobre a regiao central, mantendo umidade e instabilidade conforme os dados sinoticos observados.;Verão;;;;;;;;;;;;;;;;
2025-02-18 00:00:00;Sul;mTa;O setor delimitado encontra-se sob domínio do escoamento marítimo de leste/nordeste associado a alta pressão, caracterizando a atuação típica da Massa Tropical Atlântica (mTa).;Verão;;;;;;;;;;;;;;;;
2025-02-19 00:00:00;Norte;mEc;A região delimitada compreende a porção central e norte do Brasil, onde a mEc predomina como massa quente e úmida característica da continentalidade amazônica.;Verão;;;;;;;;;;;;;;;;
2025-02-19 00:00:00;Nordeste;mTa;Predominância da Massa Tropical Atlântica, caracterizada pelo fluxo de leste/sudeste associado à circulação marítima que atua sobre a região Nordeste, transportando calor e umidade;Verão;;;;;;;;;;;;;;;;
2025-02-19 00:00:00;Litoral;mTa;A região delimitada está sob forte influência do escoamento marítimo associado aos ventos alísios, caracterizando o domínio da massa Tropical Atlântica (mTa) no setor leste.;Verão;;;;;;;;;;;;;;;;
2025-02-19 00:00:00;Centro;mTa;A área encontra-se sob influência do fluxo equatorial e persistência da umidade marítima, com estabilidade típica da massa tropical atlântica, garantindo calor e umidade na região.;Verão;;;;;;;;;;;;;;;;
2025-02-19 00:00:00;Sul;mTa;A região encontra-se sob influência do fluxo marítimo da ASAS, caracterizado pela estabilidade e umidade advindas do Atlântico, configurando o predomínio da Massa Tropical Atlântic;Verão;;;;;;;;;;;;;;;;
2025-02-20 00:00:00;Norte;mEc;A região delimitada compreende a bacia amazônica e áreas centrais, onde predomina uma massa de ar quente e úmida de origem continental, característica da mEc, sem influência de sis;Verão;;;;;;;;;;;;;;;;
2025-02-20 00:00:00;Nordeste;mEa;A região delimitada no Nordeste encontra-se sob influência imediata da Massa Equatorial Atlântica, caracterizada por seu fluxo quente e úmido predominante sobre o setor litorâneo.;Verão;;;;;;;;;;;;;;;;
2025-02-20 00:00:00;Litoral;mTa;Area sob influencia do fluxo maritimo do quadrante leste, caracteristico da circulacao periferica da alta pressao subtropical do Atlantico Sul, trazendo ar quente e umido.;Verão;;;;;;;;;;;;;;;;
2025-02-20 00:00:00;Centro;mTa;Região sob influência direta do fluxo marítimo da circulação da ASAS, caracterizando o domínio da massa Tropical Atlântica com transporte de umidade e calor para o interior do país;Verão;;;;;;;;;;;;;;;;
2025-02-20 00:00:00;Sul;mTa;A região encontra-se sob influência do escoamento marítimo associado à alta pressão, caracterizando a predominância da massa Tropical Atlântica com transporte de umidade do oceano.;Verão;;;;;;;;;;;;;;;;
2025-02-21 00:00:00;Norte;mEc;A região delimitada abrange a bacia amazônica e áreas continentais adjacentes, onde predomina a presença da massa de ar quente e úmida de origem equatorial e continental.;Verão;;;;;;;;;;;;;;;;
2025-02-21 00:00:00;Nordeste;mEa;A região delimitada sofre influência direta da Massa Equatorial Atlântica, caracterizada pelo ar quente e úmido transportado pelos ventos alísios em direção à costa setentrional br;Verão;;;;;;;;;;;;;;;;
2025-02-21 00:00:00;Litoral;mTa;Regiao sob influencia do escoamento maritimo da alta subtropical, caracterizada por temperaturas e umidade elevadas, tipicas da massa tropical atlantica na costa leste brasileira.;Verão;;;;;;;;;;;;;;;;
2025-02-21 00:00:00;Centro;mTa;A área é dominada pelo escoamento associado à alta pressão do Atlântico Sul, caracterizando a atuação da mTa sobre o Sudeste e Centro-Oeste brasileiro, mantendo condições térmicas ;Verão;;;;;;;;;;;;;;;;
2025-02-21 00:00:00;Sul;mTa;Regiao sob dominio do fluxo maritimo do Atlantico Sul. A ausencia de frentes frias ou avanco polar permite a predominancia da massa Tropical Atlantica com ar quente e umido.;Verão;;;;;;;;;;;;;;;;
2025-02-22 00:00:00;Norte;mEc;Regiao predominantemente sob influencia de caracteristicas amazonicas, com elevadas temperaturas e altos teores de umidade, configurando a dominio da Massa Equatorial Continental.;Verão;;;;;;;;;;;;;;;;
2025-02-22 00:00:00;Nordeste;mEa;A regiao delimitada esta sob influencia direta do fluxo maritimo tropical do Atlantico Norte, caracterizando a predominancia da Massa Equatorial Atlantica (mEa), quente e umida.;Verão;;;;;;;;;;;;;;;;
2025-02-22 00:00:00;Litoral;mTa;A região delimitada encontra-se sob influência do escoamento marítimo persistente associado à circulação da alta subtropical, caracterizando o domínio da massa Tropical Atlântica.;Verão;;;;;;;;;;;;;;;;
2025-02-22 00:00:00;Centro;mTa;Região sob influência da circulação da ASAS, apresentando características de ar quente e úmido, típicas do transporte marítimo para o interior do país.;Verão;;;;;;;;;;;;;;;;
2025-02-22 00:00:00;Sul;mTa;A região delimitada está sob a influência do fluxo marítimo estabelecido pela alta pressão do Atlântico, caracterizando a predominância de ar quente e úmido sobre o setor.;Verão;;;;;;;;;;;;;;;;
2025-02-23 00:00:00;Norte;mEc;Regiao situada sobre a Bacia Amazonica, caracterizada pelo dominio de ar quente e umido de origem continental, sob influencia direta das propriedades da massa equatorial continenta;Verão;;;;;;;;;;;;;;;;
2025-02-23 00:00:00;Nordeste;mTa;Região sob influência direta do fluxo de ar quente e úmido proveniente do Atlântico Sul, caracterizado pelo regime de ventos de leste dominante no setor.;Verão;;;;;;;;;;;;;;;;
2025-02-23 00:00:00;Litoral;mTa;A regiao delimitada esta sob influencia direta da circulacao oceanica de leste/sudeste, caracterizando o dominio da Massa Tropical Atlantica (mTa) com transporte de umidade.;Verão;;;;;;;;;;;;;;;;
2025-02-23 00:00:00;Centro;mTa;Area sob influencia do escoamento oceanico do Atlantico Sul. As temperaturas e umidades observadas indicam predominancia da massa de origem tropical maritima sobre a regiao.;Verão;;;;;;;;;;;;;;;;
2025-02-23 00:00:00;Sul;mTa;A região delimitada encontra-se sob influência do fluxo marítimo do Atlântico associado à circulação de alta pressão, caracterizando a predominância da Massa Tropical Atlântica.;Verão;;;;;;;;;;;;;;;;
2025-02-24 00:00:00;Norte;mEc;Regiao central e norte da Amazonia sob dominio da massa equatorial continental, caracterizada por alta umidade e temperaturas elevadas, sem influencia de sistemas frontais.;Verão;;;;;;;;;;;;;;;;
2025-02-24 00:00:00;Nordeste;mTa;Região sob influência direta do fluxo de leste da circulação marítima, característica da Massa Tropical Atlântica, mantendo condições quentes e com transporte de umidade oceânica.;Verão;;;;;;;;;;;;;;;;
2025-02-24 00:00:00;Litoral;mTa;Regiao sob influencia do escoamento do anticiclone subtropical, caracterizando a predominancia de massa tropical atlantica, quente e umida sobre o setor costeiro.;Verão;;;;;;;;;;;;;;;;
2025-02-24 00:00:00;Centro;mTa;A região encontra-se sob influência da circulação da Alta Subtropical do Atlântico Sul, caracterizando o predomínio da Massa Tropical Atlântica, quente e úmida.;Verão;;;;;;;;;;;;;;;;
2025-02-24 00:00:00;Sul;mTa;A região encontra-se sob influência da circulação da ASAS, apresentando características de ar quente e úmido típicas da massa Tropical Atlântica, predominante na área do retângulo.;Verão;;;;;;;;;;;;;;;;
2025-02-25 00:00:00;Norte;mEc;Regiao central sob influencia da massa continental quente e umida, caracteristica dos baixos niveis da Amazonia, mantendo o padrao de umidade e calor sem interferencia de frentes.;Verão;;;;;;;;;;;;;;;;
2025-02-25 00:00:00;Nordeste;mTa;Predominância da Massa Tropical Atlântica, caracterizada pelo fluxo marítimo úmido e quente sobre a região, sob influência do campo de alta pressão do Atlântico Sul no setor.;Verão;;;;;;;;;;;;;;;;
2025-02-25 00:00:00;Litoral;mEa;A região delimitada no litoral nordeste encontra-se sob influência da Massa Equatorial Atlântica, caracterizada por ser quente e úmida, predominante nesta faixa latitudinal.;Verão;;;;;;;;;;;;;;;;
2025-02-25 00:00:00;Centro;mTa;A região delimitada situa-se sob influência da circulação anticiclônica periférica do Atlântico Sul, caracterizando o fluxo estável de ar quente e úmido sobre o Centro-Oeste brasil;Verão;;;;;;;;;;;;;;;;
2025-02-25 00:00:00;Sul;mTa;A região delimitada encontra-se sob influência do escoamento marítimo associado à alta pressão, caracterizando o predomínio de ar tropical quente e úmido vindo do Atlântico.;Verão;;;;;;;;;;;;;;;;
2025-02-26 00:00:00;Norte;mEc;A região delimitada abrange a bacia amazônica, onde o escoamento térmico e a umidade elevada confirmam a predominância da Massa Equatorial Continental sobre o setor norte.;Verão;;;;;;;;;;;;;;;;
2025-02-26 00:00:00;Nordeste;mTa;Predominância de escoamento marítimo quente e úmido sobre o Nordeste brasileiro, característica da massa tropical atlântica que atua na região costeira e interior do setor.;Verão;;;;;;;;;;;;;;;;
2025-02-26 00:00:00;Litoral;mTa;Região sob influência direta da circulação marítima quente e úmida características da Massa Tropical Atlântica, mantendo estabilidade no litoral nordestino.;Verão;;;;;;;;;;;;;;;;
2025-02-26 00:00:00;Centro;mTc;Regiao situada sobre o interior do continente, caracterizada por subsidencia e fluxos de ar quente e seco, coerente com o dominio da massa tropical continental no centro-oeste.;Verão;;;;;;;;;;;;;;;;
2025-02-26 00:00:00;Sul;mPa;A região delimitada encontra-se na retaguarda de um sistema frontal, sob a influência direta do deslocamento de uma massa de ar frio e úmido de origem polar.;Verão;;;;;;;;;;;;;;;;
2025-02-27 00:00:00;Norte;mEc;A região delimitada ocupa o centro-norte do país, sob influência direta da massa equatorial continental, caracterizada por ser quente e úmida, típica da bacia Amazônica.;Verão;;;;;;;;;;;;;;;;
2025-02-27 00:00:00;Nordeste;mTa;Regiao sob influencia do fluxo marítimo do Atlantico Sul, transportando umidade e ar aquecido sobre o Leste Nordestino, caracterizando o dominio da Massa Tropical Atlantica.;Verão;;;;;;;;;;;;;;;;
2025-02-27 00:00:00;Litoral;mTa;Predominio da Massa Tropical Atlantica no litoral demarcado, caracterizada por transporte de umidade e calor sob regime de circulação de leste persistente.;Verão;;;;;;;;;;;;;;;;
2025-02-27 00:00:00;Centro;mTa;Regiao sob influencia do escoamento oceanico de leste/sudeste, mantendo caracteristicas de calor e umidade tipicas da massa tropical atlantica na regiao central do Brasil.;Verão;;;;;;;;;;;;;;;;
2025-02-27 00:00:00;Sul;mTa;A região apresenta predomínio de baixas pressões relativas sob influência do fluxo de ar quente e úmido proveniente do Atlântico, configurando a dominância da mTa.;Verão;;;;;;;;;;;;;;;;
2025-02-28 00:00:00;Norte;mEc;A região delimitada abrange a bacia amazônica, onde predomina massa de ar quente e úmida de origem continental, característica da mEc, sem influência de sistemas polares.;Verão;;;;;;;;;;;;;;;;
2025-02-28 00:00:00;Nordeste;mEa;Região sob influência direta do fluxo oceânico tropical, caracterizado por ar quente e úmido no setor norte/nordeste do Brasil, sob regime de circulação da Massa Equatorial Atlânti;Verão;;;;;;;;;;;;;;;;
2025-02-28 00:00:00;Litoral;mTa;A área encontra-se sob influência do fluxo equatorial marítimo quente e úmido, caracterizando a dominância da Massa Tropical Atlântica sobre o setor litorâneo analisado.;Verão;;;;;;;;;;;;;;;;
2025-02-28 00:00:00;Centro;mTa;A região está sob influência do fluxo de circulação marítima da alta pressão, caracterizando o predomínio de ar quente e úmido de origem oceânica.;Verão;;;;;;;;;;;;;;;;
2025-02-28 00:00:00;Sul;mTa;A região delimitada encontra-se sob influência da circulação da ASAS, caracterizando o predomínio de ar quente e úmido transportado do oceano para o continente, definido como mTa.;Verão;;;;;;;;;;;;;;;;
2025-03-01 00:00:00;Norte;mEc;Região do Norte do Brasil sob influência da Massa Equatorial Continental, caracterizada por características quentes e úmidas típicas da bacia amazônica.;Verão;;;;;;;;;;;;;;;;
2025-03-01 00:00:00;Nordeste;mTa;Região sob influência direta do fluxo de ar quente e úmido vindo do Oceano Atlântico, característico da circulação de leste que domina a costa e o setor leste do Nordeste brasileir;Verão;;;;;;;;;;;;;;;;
2025-03-01 00:00:00;Litoral;mTa;Região sob domínio do fluxo marítimo da alta pressão do Atlântico, caracterizada por temperaturas e umidade elevadas típicas da Massa Tropical Atlântica no litoral brasileiro.;Verão;;;;;;;;;;;;;;;;
2025-03-01 00:00:00;Centro;mTa;A região central encontra-se sob domínio do escoamento marítimo tropical, apresentando condições de umidade e calor típicas da massa Tropical Atlântica que adentra o continente.;Verão;;;;;;;;;;;;;;;;
2025-03-01 00:00:00;Sul;mPa;Região sob influência de ar mais frio e denso transportado por uma massa polar atlântica após a passagem de sistema frontal, evidenciado pela queda dos valores de pressão e tempera;Verão;;;;;;;;;;;;;;;;
2025-03-02 00:00:00;Norte;mEc;Predominio da massa de ar Equatorial Continental, caracterizada por temperaturas elevadas e alta umidade sobre a Bacia Amazonica, sem influencia de sistemas frontais.;Verão;;;;;;;;;;;;;;;;
2025-03-02 00:00:00;Nordeste;mTa;A regiao delimitada esta sob influencia direta do fluxo marítimo do Atlantico Sul, caracterizado pela estabilidade e umidade transportada pela circulacao associada a ASAS.;Verão;;;;;;;;;;;;;;;;
2025-03-02 00:00:00;Litoral;mTa;Predomínio de característica quente e úmida associada ao fluxo marítimo na costa leste do Nordeste, sob influência do regime de circulação da alta subtropical do Atlântico Sul.;Verão;;;;;;;;;;;;;;;;
2025-03-02 00:00:00;Centro;mTa;A regiao encontra-se sob predominio de escoamento vindo do oceano, caracterizando a influencia da Massa Tropical Atlantica, com caracteristicas de umidade e temperaturas elevadas.;Verão;;;;;;;;;;;;;;;;
2025-03-02 00:00:00;Sul;mTa;A região delimitada está sob forte influência do fluxo marítimo quente e úmido do quadrante leste/nordeste, característico do domínio da Massa Tropical Atlântica.;Verão;;;;;;;;;;;;;;;;
2025-03-03 00:00:00;Norte;mEc;A região demarcada encontra-se sobre a bacia amazônica, caracterizada pela predominância de ar quente e úmido de origem continental, sem influência de sistemas frontais ou massas m;Verão;;;;;;;;;;;;;;;;
2025-03-03 00:00:00;Nordeste;mTa;Predominância de escoamento marítimo tropical sobre a região, sob influência do regime de alta pressão do Atlântico Sul, caracterizando uma massa de ar quente e úmida.;Verão;;;;;;;;;;;;;;;;
2025-03-03 00:00:00;Litoral;mTa;Regiao sob influencia direta do fluxo equatorial e tropical do Atlantico, caracterizada por alta umidade e temperaturas elevadas tipicas da massa Tropical Atlantica.;Verão;;;;;;;;;;;;;;;;
2025-03-03 00:00:00;Centro;mTa;A região central encontra-se sob domínio da circulação periférica da Alta Subtropical do Atlântico Sul, caracterizando a presença da Massa Tropical Atlântica, quente e úmida.;Verão;;;;;;;;;;;;;;;;
2025-03-03 00:00:00;Sul;mTa;Regiao sob influencia da circulacao de um centro de alta pressao no Atlantico Sul, caracterizando predominio de massa tropical maritima com fluxo de umidade em direcao ao continent;Verão;;;;;;;;;;;;;;;;
2025-03-04 00:00:00;Norte;mEc;Regiao central e norte da Amazonia sob influencia da Massa Equatorial Continental, caracterizada por altas temperaturas e elevada umidade, sem interferencia frontal nesta area.;Verão;;;;;;;;;;;;;;;;
2025-03-04 00:00:00;Nordeste;mTa;Predomínio da Massa Tropical Atlântica, caracterizada pelo escoamento de leste/sudeste associado à circulação marítima, mantendo condições quentes e úmidas sobre a região nordestin;Verão;;;;;;;;;;;;;;;;
2025-03-04 00:00:00;Litoral;mTa;Predominio da massa Tropical Atlantica no setor costeiro, caracterizada pelo fluxo de ar quente e umido sob influencia do anticiclone subtropical do Atlantico Sul.;Verão;;;;;;;;;;;;;;;;
2025-03-04 00:00:00;Centro;mTa;Regiao sob clara influencia do escoamento zonal da alta pressao do Atlantico Sul, caracterizando a predominancia de massa de ar quente e umida sobre o Centro-Oeste e Sudeste.;Verão;;;;;;;;;;;;;;;;
2025-03-04 00:00:00;Sul;mTa;A região encontra-se sob influência do escoamento marítimo associado ao centro de alta pressão no Atlântico Sul, caracterizando o predomínio de ar quente e úmido.;Verão;;;;;;;;;;;;;;;;
2025-03-05 00:00:00;Norte;mEc;A região sob o retângulo vermelho está situada no interior do continente amazônico, caracterizada por alto teor de umidade e temperaturas elevadas típicas do domínio da mEc.;Verão;;;;;;;;;;;;;;;;
2025-03-05 00:00:00;Nordeste;mTa;Predominancia da mTa sobre a regiao, transportando umidade do Atlantico Sul devido ao escoamento estavel em baixos niveis sob a influencia do Anticiclone subtropical.;Verão;;;;;;;;;;;;;;;;
2025-03-05 00:00:00;Litoral;mTa;Regiao sob incidencia de fluxo de transporte de umidade do oceano para o continente, caracteristica da circulacao maritima associada a massa tropical atlantica.;Verão;;;;;;;;;;;;;;;;
2025-03-05 00:00:00;Centro;mEc;A região central encontra-se sob domínio de uma massa de ar quente e úmida, com características de circulação equatorial continental, apresentando elevados teores de umidade.;Verão;;;;;;;;;;;;;;;;
2025-03-05 00:00:00;Sul;mTa;A região delimitada está sob o domínio do fluxo marítimo estabelecido pela circulação da alta pressão do Atlântico, caracterizando a atuação predominante da massa Tropical Atlântic;Verão;;;;;;;;;;;;;;;;
2025-03-07 00:00:00;Norte;mEc;A região delimitada compreende a bacia amazônica e áreas continentais adjacentes, onde a predominância é de ar quente e úmido, característico da Massa Equatorial Continental.;Verão;;;;;;;;;;;;;;;;
2025-03-07 00:00:00;Nordeste;mTa;A região encontra-se sob influência do fluxo marítimo de sudeste, característico da massa Tropical Atlântica, que mantém condições de umidade e temperaturas elevadas no setor.;Verão;;;;;;;;;;;;;;;;
2025-03-07 00:00:00;Litoral;mEa;A região delimitada no setor norte/nordeste encontra-se sob influência da Massa Equatorial Atlântica, caracterizada pelo fluxo marítimo quente e úmido dominante na faixa litorânea.;Verão;;;;;;;;;;;;;;;;
2025-03-07 00:00:00;Centro;mTa;A região delimitada está sob forte influência do escoamento marítimo associado à circulação da alta subtropical do Atlântico, caracterizando a predominância da massa Tropical Atlân;Verão;;;;;;;;;;;;;;;;
2025-03-07 00:00:00;Sul;mTa;Regiao sob influencia do escoamento de norte/nordeste oriundo da ASAS, caracterizando o transporte de ar quente e umido sobre o setor sudeste/sul do Brasil.;Verão;;;;;;;;;;;;;;;;
2025-03-08 00:00:00;Norte;mEc;A região delimitada está situada sobre a bacia amazônica, caracterizada por baixos gradientes de pressão e condições térmicas elevadas, confirmando a predominância da massa equator;Verão;;;;;;;;;;;;;;;;
2025-03-08 00:00:00;Nordeste;mTa;Regiao sob incidencia dos fluxos oceanicos orientados pelos ventos alisios, caracterizando o predomino da massa tropical atlantica sobre o setor leste/interior do Nordeste.;Verão;;;;;;;;;;;;;;;;
2025-03-08 00:00:00;Litoral;mTa;A regiao sob o retangulo esta sob influencia da circulacao periferica da alta pressao do Atlantico Sul, caracterizando a predominancia da massa Tropical Atlantica (mTa).;Verão;;;;;;;;;;;;;;;;
2025-03-08 00:00:00;Centro;mPa;Regiao sob influência de ar mais frio e denso que ingressa no continente, posicionado na retaguarda da frente fria que avança sobre a região central e Sudeste do Brasil.;Verão;;;;;;;;;;;;;;;;
2025-03-08 00:00:00;Sul;mPa;A região delimitada encontra-se na retaguarda de uma frente fria, caracterizada pela incursão de ar polar, evidenciada pelos gradientes barométricos e queda de temperatura.;Verão;;;;;;;;;;;;;;;;
2025-03-10 00:00:00;Norte;mEc;Regiao central da Amazonia sob influencia direta da massa de ar Equatorial Continental, caracterizada por altas temperaturas e umidade elevada, sem interferencia de sistemas fronta;Verão;;;;;;;;;;;;;;;;
2025-03-10 00:00:00;Nordeste;mTa;A região encontra-se sob influência da circulação marítima de leste, associada ao escoamento constante da alta pressão subtropical do Atlântico, configurando o predomínio da mTa.;Verão;;;;;;;;;;;;;;;;
2025-03-10 00:00:00;Litoral;mTa;A região delimitada está sob o domínio do fluxo marítimo da alta pressão do Atlântico, caracterizando a predominância da Massa Tropical Atlântica (mTa).;Verão;;;;;;;;;;;;;;;;
2025-03-10 00:00:00;Centro;mEc;Regiao situada no interior do continente, sob influencia da massa Equatorial Continental, caracterizada por alta umidade e temperaturas elevadas no setor central do Brasil.;Verão;;;;;;;;;;;;;;;;
2025-03-10 00:00:00;Sul;mPa;A região delimitada situa-se na retaguarda de um sistema frontal, caracterizada pelo ingresso de ar frio e seco, consolidando o domínio da Massa Polar Atlântica sobre o setor.;Verão;;;;;;;;;;;;;;;;
2025-03-11 00:00:00;Norte;mEc;A regiao delimitada compreende a bacia Amazonica, onde as observacoes de superficie indicam condicoes estaveis de temperatura e umidade caracteristicas da Massa Equatorial Continen;Verão;;;;;;;;;;;;;;;;
2025-03-11 00:00:00;Nordeste;mEa;Região sob influência direta do escoamento marítimo de leste, característico da massa Equatorial Atlântica, que transporta umidade e calor da zona intertropical oceânica.;Verão;;;;;;;;;;;;;;;;
2025-03-11 00:00:00;Litoral;mTa;Area sob influência da circulação da Alta Subtropical do Atlântico Sul, caracterizando padrão de escoamento quente e úmido típico da massa tropical marítima no litoral.;Verão;;;;;;;;;;;;;;;;
2025-03-11 00:00:00;Centro;mTc;A região central do continente apresenta valores térmicos elevados e baixa umidade relativa, característicos da massa de ar tropical continental que atua sobre o interior.;Verão;;;;;;;;;;;;;;;;
2025-03-11 00:00:00;Sul;mPa;A região delimitada encontra-se sob influência imediata de massa de ar frio e úmido após a passagem de uma frente fria, caracterizada pelos gradientes de pressão e temperatura no s;Verão;;;;;;;;;;;;;;;;
2025-03-12 00:00:00;Norte;mEc;A região delimitada abrange a bacia amazônica, onde predomina a Massa Equatorial Continental, caracterizada por alto teor de umidade e temperaturas elevadas típicas do interior do ;Verão;;;;;;;;;;;;;;;;
2025-03-12 00:00:00;Nordeste;mTa;A região delimitada está sob forte influência do escoamento marítimo de leste, caracterizando a atuação da Massa Tropical Atlântica (mTa), mantendo condições de calor e umidade.;Verão;;;;;;;;;;;;;;;;
2025-03-12 00:00:00;Litoral;mTa;Região sob influência da circulação marítima da alta pressão subtropical, caracterizando o domínio da massa tropical atlântica, quente e úmida, ao longo do litoral leste brasileiro;Verão;;;;;;;;;;;;;;;;
2025-03-12 00:00:00;Centro;mTa;A região apresenta estabilidade atmosférica característica da circulação marítima da ASAS, favorecendo a predominância da mTa, massa quente e úmida que domina o setor central e cos;Verão;;;;;;;;;;;;;;;;
2025-03-12 00:00:00;Sul;mPa;A região delimitada está sob influência da massa polar atlântica, caracterizada pelo avanço de ar frio e seco na retaguarda do sistema frontal que atua sobre o Sul do Brasil.;Verão;;;;;;;;;;;;;;;;
2025-03-13 00:00:00;Norte;mEc;A regiao delimitada esta sob influencia direta da Massa Equatorial Continental, caracterizada pela predominancia de altas temperaturas e elevada umidade sobre a bacia amazonica.;Verão;;;;;;;;;;;;;;;;
2025-03-13 00:00:00;Nordeste;mTa;Predominio da massa tropical atlantica na regiao do Nordeste, caracterizada por transporte de umidade e calor oceânico sobre o continente no setor leste e interior da regiao.;Verão;;;;;;;;;;;;;;;;
2025-03-13 00:00:00;Litoral;mTa;Região sob influência direta da circulação marítima quente e úmida, característica da Massa Tropical Atlântica, devido à predominância de ventos de leste nos níveis baixos.;Verão;;;;;;;;;;;;;;;;
2025-03-13 00:00:00;Centro;mPa;A região demarcada apresenta temperaturas mais amenas e está sob a influência do avanço de uma massa de ar polar, posicionada no setor pós-frontal da frente fria atuante.;Verão;;;;;;;;;;;;;;;;
2025-03-13 00:00:00;Sul;mPa;A região delimitada encontra-se na retaguarda de uma frente fria, caracterizada pela presença de ar mais frio e denso, sustentando a predominância da massa de ar polar.;Verão;;;;;;;;;;;;;;;;
2025-03-14 00:00:00;Norte;mEc;Região central da Bacia Amazônica sob domínio de massa de ar quente e úmida, com características de estabilidade térmica e umidade elevada típicas da mEc.;Verão;;;;;;;;;;;;;;;;
2025-03-14 00:00:00;Nordeste;mTa;A região encontra-se sob influência do escoamento marítimo de leste/sudeste, mantendo as características de ar quente e úmido típicas da Massa Tropical Atlântica predominante no se;Verão;;;;;;;;;;;;;;;;
2025-03-14 00:00:00;Litoral;mTa;A região encontra-se sob o fluxo do escoamento de leste do Atlântico Sul, característico da atuação da massa Tropical Atlântica (mTa), mantendo condições quentes e úmidas no litora;Verão;;;;;;;;;;;;;;;;
2025-03-14 00:00:00;Centro;mTa;A região apresenta transporte umidade do oceano e valores térmicos elevados, característicos da atuação da mTa, que domina o setor central sob influência da ASAS.;Verão;;;;;;;;;;;;;;;;
2025-03-14 00:00:00;Sul;mTa;A região encontra-se sob influência do escoamento marítimo persistente associado ao sistema de alta pressão no oceano, caracterizando uma massa de ar quente e úmida (mTa).;Verão;;;;;;;;;;;;;;;;
2025-03-17 00:00:00;Norte;mEc;Regiao sobre o dominio da Amazonia, caracterizada pela predominancia de ar quente e umido de origem continental, tipico da Massa Equatorial Continental.;Verão;;;;;;;;;;;;;;;;
2025-03-17 00:00:00;Nordeste;mTa;Predominância da massa Tropical Atlântica, caracterizada pelo fluxo de ar marítimo quente e úmido que ingressa no litoral e interior do Nordeste sob influência do gradiente de pres;Verão;;;;;;;;;;;;;;;;
2025-03-17 00:00:00;Litoral;mTa;Regiao sob influencia do estabelecimento do fluxo maritimo do quadrante leste, caracterizando a presenca de massa de ar quente e umida sobre o litoral leste brasileiro.;Verão;;;;;;;;;;;;;;;;
2025-03-17 00:00:00;Centro;mTa;Região sob influência direta do escoamento marítimo vindo do quadrante leste, característico da circulação da ASAS, mantendo temperatura e umidade elevadas (mTa).;Verão;;;;;;;;;;;;;;;;
2025-03-17 00:00:00;Sul;mPa;Região delimitada sob influência clara da circulação pós-frontal, com advecção de um ar mais frio e denso característico da massa Polar Atlântica avançando sobre o sudeste.;Verão;;;;;;;;;;;;;;;;
2025-03-18 00:00:00;Norte;mEc;Região central e norte da bacia amazônica sob influência predominantemente da massa equatorial continental, caracterizada por altos teores de umidade e instabilidade local.;Verão;;;;;;;;;;;;;;;;
2025-03-18 00:00:00;Nordeste;mEa;A região delimitada no Nordeste encontra-se sob influência predominante da Massa Equatorial Atlântica, devido à proximidade com o Atlântico equatorial e baixas latitudes.;Verão;;;;;;;;;;;;;;;;
2025-03-18 00:00:00;Litoral;mTa;Regiao sob dominio da circulacao de umidade e calor vinda do Oceano Atlantico, caracterizando a atuacao da massa tropical marinha sobre o litoral leste brasileiro.;Verão;;;;;;;;;;;;;;;;
2025-03-18 00:00:00;Centro;mTa;A regiao encontra-se sob influencia predominante do fluxo de leste/nordeste proveniente da ASAS, caracterizando o dominio da Massa Tropical Atlantica sobre o interior do pais.;Verão;;;;;;;;;;;;;;;;
2025-03-18 00:00:00;Sul;mPa;Regiao sob influência de ar frio e seco após a passagem de sistema frontal, caracterizado pelos valores de dewpoint mais baixos e estabilidade atmosférica no setor sul.;Verão;;;;;;;;;;;;;;;;
2025-03-19 00:00:00;Norte;mEc;Regiao central da Amazonia sob dominio de massa de ar quente e umida caracteristica de origem continental, mantendo estabilidade termica e elevada umidade.;Verão;;;;;;;;;;;;;;;;
2025-03-19 00:00:00;Nordeste;mTa;A região do Nordeste encontra-se sob influência da circulação da alta pressão subtropical do Atlântico, caracterizando o domínio da massa Tropical Atlântica, quente e úmida.;Verão;;;;;;;;;;;;;;;;
2025-03-19 00:00:00;Litoral;mTa;Região sob influência direta do fluxo de leste da alta pressão subtropical do Atlântico Sul, caracterizando a predominância de ar quente e úmido no setor costeiro indicado.;Verão;;;;;;;;;;;;;;;;
2025-03-19 00:00:00;Centro;mTa;Região sob influência da circulação da alta pressão do Atlântico, caracterizada por temperaturas elevadas e umidade transportada sobre o continente, configurando a massa tropical a;Verão;;;;;;;;;;;;;;;;
2025-03-19 00:00:00;Sul;mTa;A região encontra-se sob o fluxo do quadrante norte/nordeste do sistema de alta pressão oceânico, caracterizando o predomínio da Massa Tropical Atlântica com temperaturas elevadas.;Outono;;;;;;;;;;;;;;;;
2025-03-20 00:00:00;Norte;mEc;Região central e norte sob influência de massa de ar quente e úmida, característica da circulação amazônica, sem a presença de sistemas frontais ou resfriamento advectivo.;Outono;;;;;;;;;;;;;;;;
2025-03-20 00:00:00;Nordeste;mTa;Regiao sob influencia da circulacao periferica da alta pressao do Atlantico Sul, apresentando caracteristicas tropicais maritimas de temperatura e umidade.;Outono;;;;;;;;;;;;;;;;
2025-03-20 00:00:00;Litoral;mEa;Região sob influência predominante da massa Equatorial Atlântica, caracterizada pelo transporte de umidade e calor na porção equatorial do litoral brasileiro.;Outono;;;;;;;;;;;;;;;;
2025-03-20 00:00:00;Centro;mEc;A regiao delimitada esta sob influencia da massa de ar quente e umida caracteristica da regiao Amazonica, apresentando baixos gradientes de pressao e estabilidade termica.;Outono;;;;;;;;;;;;;;;;
2025-03-20 00:00:00;Sul;mPa;A região delimitada situa-se na retaguarda da frente fria, caracterizada pela incursão de ar mais frio e seco de origem polar, indicando o domínio da massa polar atlântica.;Outono;;;;;;;;;;;;;;;;
2025-03-21 00:00:00;Norte;mEc;A região demarcada encontra-se sobre a bacia amazônica, caracterizada pela predominância da Massa Equatorial Continental, que apresenta elevados índices de umidade e calor.;Outono;;;;;;;;;;;;;;;;
2025-03-21 00:00:00;Nordeste;mTa;Predominio da massa Tropical Atlantica na região, caracterizada por fluxos de leste influenciados pelos gradientes da ASAS, mantendo estabilidade térmica e umidade no setor.;Outono;;;;;;;;;;;;;;;;
2025-03-21 00:00:00;Litoral;mTa;Predominância da Massa Tropical Atlântica, caracterizada pelo escoamento de leste/sudeste, mantendo condições quentes e úmidas típicas do regime de circulação periférica do oceano.;Outono;;;;;;;;;;;;;;;;
2025-03-21 00:00:00;Centro;mTa;Região central sob influência da circulação da ASAS, apresentando características de massa quente e úmida típica de baixas latitudes com escoamento predominante do quadrante leste.;Outono;;;;;;;;;;;;;;;;
2025-03-21 00:00:00;Sul;mPa;A região encontra-se sob a influência direta do avanço da massa de ar polar, evidenciado pelas temperaturas mais baixas e pelo fluxo de sul pós-frontal no setor.;Outono;;;;;;;;;;;;;;;;
2025-03-22 00:00:00;Norte;mEc;Regiao sobre o dominio termodinamico da bacia amazonica, caracterizada por ar quente e umido, sem influencia direta de sistemas frontais ou massas de origem polar no setor.;Outono;;;;;;;;;;;;;;;;
2025-03-22 00:00:00;Nordeste;mTa;Região sob influência direta do fluxo de leste/sudeste associado ao escoamento da alta pressão subtropical, caracterizando o predomínio de características da massa Tropical Atlânti;Outono;;;;;;;;;;;;;;;;
2025-03-22 00:00:00;Litoral;mTa;Regiao sob influencia do escoamento de leste-sudeste associado ao anticiclone subtropical, transportando ar quente e umido do oceano para o setor costeiro.;Outono;;;;;;;;;;;;;;;;
2025-03-22 00:00:00;Centro;mTa;Regiao sob regime de circulação anticiclônica marítima, com transporte de umidade e calor vindo do Atlântico, configurando o domínio da massa Tropical Atlântica (mTa).;Outono;;;;;;;;;;;;;;;;
2025-03-22 00:00:00;Sul;mPa;A regiao apresenta o aporte de ar frio e seco, caracterizado pelo avanco pós-frontal no setor Sul, evidenciado pelos gradientes de temperatura e deslocamento da massa polar.;Outono;;;;;;;;;;;;;;;;
2025-03-23 00:00:00;Norte;mEc;Regiao predominantemente ocupada pela massa de ar quente e umida sobre a bacia Amazonica, caracterizada por baixos gradientes de pressao e estabilidade termodinamica continental.;Outono;;;;;;;;;;;;;;;;
2025-03-23 00:00:00;Nordeste;mTa;Predominância de fluxo marítimo sob influência de alta pressão oceânica, caracterizando o transporte de ar quente e úmido para o setor leste da região Nordeste brasileira.;Outono;;;;;;;;;;;;;;;;
2025-03-23 00:00:00;Litoral;mTa;A regiao delimitada sobredepende do fluxo de leste/sudeste associado ao escoamento da circulacao marinha, caracterizando a predominancia da massa Tropical Atlantica neste setor.;Outono;;;;;;;;;;;;;;;;
2025-03-23 00:00:00;Centro;mTa;Regiao sob dominio da circulacao maritima do Atlantico Sul, apresentando caracteristicas tipicas de transferencia de calor e umidade, configurando a predominancia da mTa.;Outono;;;;;;;;;;;;;;;;
2025-03-23 00:00:00;Sul;mPa;A região delimitada encontra-se sob influência de massa de ar frio e úmido após a passagem de sistema frontal, evidenciada pela queda das temperaturas e gradiente térmico caracterí;Outono;;;;;;;;;;;;;;;;
2025-03-24 00:00:00;Norte;mEc;Região sob influência direta da Massa Equatorial Continental, caracterizada pela predominância de baixas pressões e alta umidade, típica da bacia Amazônica e do interior do norte b;Outono;;;;;;;;;;;;;;;;
2025-03-24 00:00:00;Nordeste;mTa;A região sob análise é dominada por características típicas da Massa Tropical Atlântica, mantendo condições de calor e umidade sob a influência do escoamento marítimo persistente.;Outono;;;;;;;;;;;;;;;;
2025-03-24 00:00:00;Litoral;mTa;Regiao sob influencia do escoamento de leste-nordeste oriundo do anticiclone subtropical, transportando ar quente e umido sobre o litoral nordestino.;Outono;;;;;;;;;;;;;;;;
2025-03-24 00:00:00;Centro;mTc;Dominio de massa de ar quente e seca sobre o interior do continente, caracterizada por valores de temperatura elevados e umidade relativa reduzida na regiao central.;Outono;;;;;;;;;;;;;;;;
2025-03-24 00:00:00;Sul;mPa;A região delimitada encontra-se sob influência de uma massa de ar pós-frontal, apresentando declínio térmico e gradiente de pressão característico da mPa avançando sobre o cone sul;Outono;;;;;;;;;;;;;;;;
2025-03-25 00:00:00;Norte;mEc;A região delimitada compreende a bacia amazônica e áreas centrais, estando sob pleno domínio da massa equatorial continental, caracterizada por calor e elevada umidade.;Outono;;;;;;;;;;;;;;;;
2025-03-25 00:00:00;Nordeste;mTa;Predominância da Massa Tropical Atlântica, caracterizada pelo fluxo de ar marítimo morno e úmido que ingressa persistentemente na região leste do Nordeste brasileiro.;Outono;;;;;;;;;;;;;;;;
2025-03-25 00:00:00;Litoral;mTa;A região delimitada encontra-se sob influência da circulação do escoamento de leste/sudeste oceânico, caracterizando a predominância da Massa Tropical Atlântica no setor leste.;Outono;;;;;;;;;;;;;;;;
2025-03-25 00:00:00;Centro;mTa;Região sob influência da circulação da alta subtropical, apresentando características de massa tropical atlântica, garantindo estabilidade e umidade no setor central do país.;Outono;;;;;;;;;;;;;;;;
2025-03-25 00:00:00;Sul;mPa;A região apresenta declínio térmico e gradiente de pressão associado ao avanço de sistema frontal, evidenciando a incursão da massa de ar polar sobre o setor sul.;Outono;;;;;;;;;;;;;;;;
2025-03-26 00:00:00;Norte;mEc;A regiao delimitada esta sob influencia direta da massa de ar quente e umida da Amazonia, mantendo caracteristicas termicas e higrometricas estaveis tipicas desta regiao continenta;Outono;;;;;;;;;;;;;;;;
2025-03-26 00:00:00;Nordeste;mTa;Predominância de fluxo marítimo quente e úmido sobre o setor nordestino, transportado pelo anticiclone subtropical do Atlântico Sul, caracterizando a atuação da mTa na região.;Outono;;;;;;;;;;;;;;;;
2025-03-26 00:00:00;Litoral;mEa;A região delimitada no setor leste do Nordeste encontra-se sob influência da massa Equatorial Atlântica, caracterizada por transporte de umidade e temperaturas elevadas no litoral.;Outono;;;;;;;;;;;;;;;;
2025-03-26 00:00:00;Centro;mTa;Regiao sob influencia do escoamento maritimo da alta pressao do Atlantico, caracterizada por transporte de umidade e estabilidade térmica, configurando predominio da mTa.;Outono;;;;;;;;;;;;;;;;
2025-03-26 00:00:00;Sul;mPa;A região delimitada encontra-se sob influência de ar frio e seco proveniente do quadrante sul/sudoeste, associado ao escoamento pós-frontal que caracteriza o avanço da mPa.;Outono;;;;;;;;;;;;;;;;
2025-03-27 00:00:00;Norte;mEc;Regiao sobre o dominio da Amazonia, caracterizada por baixas pressoes e umidade elevada, sem interferencia de sistemas frontais ou circuicao oceanica direta, definindo a mEc.;Outono;;;;;;;;;;;;;;;;
2025-03-27 00:00:00;Nordeste;mTa;A região sob análise é dominada pelo fluxo de umidade proveniente do Atlântico Tropical, onde o ar quente e úmido da mTa exerce influência direta sobre o setor nordestino.;Outono;;;;;;;;;;;;;;;;
2025-03-27 00:00:00;Litoral;mTa;Regiao sob influencia direta do fluxo zonal vindo do oceano, caracteristico da massa tropical atlantica, mantendo predominio de ar quente e umido em todo o litoral.;Outono;;;;;;;;;;;;;;;;
2025-03-27 00:00:00;Centro;mTa;A região central delimitada está sob o domínio do fluxo quente e úmido vindo do Atlântico, característico da massa Tropical Atlântica que atua na porção oriental do Brasil.;Outono;;;;;;;;;;;;;;;;
2025-03-27 00:00:00;Sul;mTa;Região sob influência da circulação anticiclônica do Atlântico, caracterizada por temperaturas e umidade elevadas, conferindo estabilidade e o domínio da massa Tropical Atlântica.;Outono;;;;;;;;;;;;;;;;
2025-03-28 00:00:00;Norte;mEc;A regiao delimitada encontra-se sobre a Amazonia, com caracteristicas termicas elevadas e umidade elevada, sem influencia de outros sistemas, caracterizando a atuacao da mEc.;Outono;;;;;;;;;;;;;;;;
2025-03-28 00:00:00;Nordeste;mTa;Regiao sob influencia do escoamento marítimo oriundo do Atlantico Tropical, apresentando caracteristicas tipicas de subsidencia e estabilidade da alta subtropical.;Outono;;;;;;;;;;;;;;;;
2025-03-28 00:00:00;Litoral;mTa;A regiao delimitada esta sob influencia direta do escoamento maritimo associado ao sistema de alta pressao do Atlantico, caracterizando a presenca da mTa.;Outono;;;;;;;;;;;;;;;;
2025-03-28 00:00:00;Centro;mTa;Regiao sob incidencia de fluxo continental e oceanico de origem tropical, caracterizado por temperaturas elevadas e umidade, sob influencia do dominio da circulacao de alta pressao;Outono;;;;;;;;;;;;;;;;
2025-03-28 00:00:00;Sul;mTa;A região delimitada está sob influência do fluxo predominante do sistema de alta pressão oceânico, caracterizando uma massa de ar quente e úmida, típica da mTa sobre a área.;Outono;;;;;;;;;;;;;;;;
2025-03-29 00:00:00;Norte;mEc;Regiao central e norte da Amazonia sob influencia direta da massa Equatorial Continental, caracterizada por altas temperaturas e elevada umidade, sem interferencia de sistemas fron;Outono;;;;;;;;;;;;;;;;
2025-03-29 00:00:00;Nordeste;mTa;Regiao sob dominio do fluxo do setor leste da ASAS, apresentando caracteristicas tipicas de subsidencia e estabilidade associadas a massa Tropical Atlantica.;Outono;;;;;;;;;;;;;;;;
2025-03-29 00:00:00;Litoral;mTa;A regiao delimitada esta sob influencia direta da circulacao oceanica de leste/sudeste, caracteristica do dominio da massa tropical atlantica, apresentando umidade e temperaturas e;Outono;;;;;;;;;;;;;;;;
2025-03-29 00:00:00;Centro;mTa;A região apresenta predominância de umidade e temperaturas elevadas sob influência direta da circulação oceânica, caracterizando o domínio da massa tropical atlântica.;Outono;;;;;;;;;;;;;;;;
2025-03-29 00:00:00;Sul;mPa;A região delimitada encontra-se sob influência de massa de ar pós-frontal, com gradientes térmicos característicos de ar mais frio e denso avançando pelo setor.;Outono;;;;;;;;;;;;;;;;
2025-03-30 00:00:00;Norte;mEc;Regiao central da Amazonia caracterizada por ar quente e umido, sem influencia de sistemas frontais ou alta pressao oceanica, caracterizando a predominancia da Massa Equatorial Con;Outono;;;;;;;;;;;;;;;;
2025-03-30 00:00:00;Nordeste;mTa;A região apresenta características típicas de um escoamento marítimo quente e úmido sob forte influência da circulação do Atlântico Tropical, predominando condições de mTa.;Outono;;;;;;;;;;;;;;;;
2025-03-30 00:00:00;Litoral;mTa;A região destacada está sob a influência do escoamento marítimo predominantemente de leste, característico da circulação da massa Tropical Atlântica na costa leste do Brasil.;Outono;;;;;;;;;;;;;;;;
2025-03-30 00:00:00;Centro;mTa;Região sob influência direta do fluxo de umidade e calor proveniente do Atlântico Sul, caracterizada pelo transporte de ar quente e úmido no setor central do Brasil.;Outono;;;;;;;;;;;;;;;;
2025-03-30 00:00:00;Sul;mPa;A região apresenta características típicas de pós-frontal, com temperaturas em declínio e regime de ventos do quadrante sul/sudeste, indicando o avanço e domínio da massa polar.;Outono;;;;;;;;;;;;;;;;
2025-03-31 00:00:00;Norte;mEc;A região delimitada compreende a bacia amazônica. A ausência de sistemas frontais e a posição geográfica confirmam a predominância da Massa Equatorial Continental, quente e úmida.;Outono;;;;;;;;;;;;;;;;
2025-03-31 00:00:00;Nordeste;mTa;A região encontra-se sob influência do escoamento marítimo de leste/sudeste associado à célula de alta pressão do Atlântico, caracterizando o predomínio da massa Tropical Atlântica;Outono;;;;;;;;;;;;;;;;
2025-03-31 00:00:00;Litoral;mTa;O litoral indicado está sob a influência do escoamento marítimo associado à alta pressão, caracterizando a atuação da Massa Tropical Atlântica (mTa), quente e úmida na região.;Outono;;;;;;;;;;;;;;;;
2025-03-31 00:00:00;Centro;mTa;Região central sob influência da circulação da alta pressão do Atlântico, apresentando características térmicas e de umidade típicas da massa Tropical Atlântica.;Outono;;;;;;;;;;;;;;;;
2025-03-31 00:00:00;Sul;mTa;A região apresenta características de temperaturas elevadas e umidade associadas ao fluxo marítimo predominante do quadrante norte/nordeste, sob influência da ASAS.;Outono;;;;;;;;;;;;;;;;
2025-04-01 00:00:00;Norte;mEc;Região localizada sobre a bacia amazônica, caracterizada por altas temperaturas e elevada umidade, sob domínio da massa de ar Equatorial Continental, sem influência polar.;Outono;;;;;;;;;;;;;;;;
2025-04-01 00:00:00;Nordeste;mTa;Região sob influência direta do fluxo de leste da circulação marítima, caracterizando o domínio da massa Tropical Atlântica com transporte de umidade do oceano para o continente.;Outono;;;;;;;;;;;;;;;;
2025-04-01 00:00:00;Litoral;mTa;Região sob influência direta do fluxo de leste/nordeste da circulação marítima, característica da zona de atuação da massa tropical atlântica no setor costeiro.;Outono;;;;;;;;;;;;;;;;
2025-04-01 00:00:00;Centro;mTa;A região delimitada encontra-se sob domínio da circulação do escoamento tropical, caracterizando a influência da massa de ar Tropical Atlântica, quente e úmida, atuando sobre a áre;Outono;;;;;;;;;;;;;;;;
2025-04-01 00:00:00;Sul;mPa;A região delimitada encontra-se sob influência do fluxo pós-frontal, com advecção de ar frio e úmido característica da Massa Polar Atlântica avançando sobre o Sul do Brasil.;Outono;;;;;;;;;;;;;;;;
2025-04-02 00:00:00;Norte;mEc;A região delimitada abrange a bacia amazônica, caracterizada pela predominância da massa equatorial continental, quente e úmida, típica desta porção do território brasileiro.;Outono;;;;;;;;;;;;;;;;
2025-04-02 00:00:00;Nordeste;mTa;A região encontra-se sob influência do fluxo marítimo estável proveniente do setor oceânico, caracterizando a predominância da Massa Tropical Atlântica com características quentes ;Outono;;;;;;;;;;;;;;;;
2025-04-02 00:00:00;Litoral;mTa;A área delimitada encontra-se sob domínio do fluxo adjacente à Alta Subtropical do Atlântico Sul, caracterizando a presença da Massa Tropical Atlântica (mTa), quente e úmida.;Outono;;;;;;;;;;;;;;;;
2025-04-02 00:00:00;Centro;mTa;A região central encontra-se sob domínio do escoamento marítimo tropical, com características de estabilidade e umidade típicas da massa Tropical Atlântica.;Outono;;;;;;;;;;;;;;;;
2025-04-02 00:00:00;Sul;mPa;A regiao delimitada encontra-se sob a influência direta de uma massa de ar frio e úmido após a passagem da frente fria, caracterizada por temperaturas e dew points mais baixos.;Outono;;;;;;;;;;;;;;;;
2025-04-03 00:00:00;Norte;mEc;Regiao caracterizada pela predominancia de ar quente e umido de origem equatorial continental, tipico da bacia amazonica e sem influencia direta de sistemas frontais externos.;Outono;;;;;;;;;;;;;;;;
2025-04-03 00:00:00;Nordeste;mTa;Regiao sob predominio da circulacao de leste do anticiclone subtropical, caracterizada por transporte de umidade do oceano e estabilidade termodinamica tipica da mTa.;Outono;;;;;;;;;;;;;;;;
2025-04-03 00:00:00;Litoral;mTa;A regiao compreendida pelo litoral encontra-se sob circulacao de leste/sudeste associada ao escoamento da alta pressao subtropical, caracterizando o dominio da mTa.;Outono;;;;;;;;;;;;;;;;
2025-04-03 00:00:00;Centro;mTa;A regiao delimitada esta sob influencia da circulacao periferica da alta pressao do Atlantico Sul, caracterizando a predominancia da massa de ar Tropical Atlantica (mTa).;Outono;;;;;;;;;;;;;;;;
2025-04-03 00:00:00;Sul;mPa;A região delimitada encontra-se na retaguarda de sistema frontal, com valores de temperatura reduzidos e gradiente de pressão característicos da penetração da massa de ar polar.;Outono;;;;;;;;;;;;;;;;
2025-04-04 00:00:00;Norte;mEc;A região continental setentrional apresenta características térmicas e de umidade típicas da massa Equatorial Continental, predominante na bacia Amazônica sem influência de sistema;Outono;;;;;;;;;;;;;;;;
2025-04-04 00:00:00;Nordeste;mEa;A região delimitada no Nordeste encontra-se sob influência predominante da Massa Equatorial Atlântica, devido a sua posição latitudinal e fluxo de umidade oceânica tropical.;Outono;;;;;;;;;;;;;;;;
2025-04-04 00:00:00;Litoral;mTa;Região sob influência direta do fluxo de leste da alta subtropical, caracterizada por ventos marítimos que transportam umidade e calor oceânico para o litoral setentrional.;Outono;;;;;;;;;;;;;;;;
2025-04-04 00:00:00;Centro;mPa;A região sob o retângulo vermelho encontra-se sob influência de uma massa de ar pós-frontal, caracterizada por temperaturas e umidades reduzidas típicas de uma mPa em avanço.;Outono;;;;;;;;;;;;;;;;
2025-04-04 00:00:00;Sul;mPa;A região delimitada está posicionada a retaguarda de uma frente fria em deslocamento pelo setor, apresentando queda de temperaturas e entrada de ar frio e úmido característico da m;Outono;;;;;;;;;;;;;;;;
2025-04-05 00:00:00;Norte;mEc;Região sob domínio da Massa Equatorial Continental, caracterizada pela elevada umidade e instabilidade térmica intrínseca à bacia amazônica, sem influência de sistemas extratropica;Outono;;;;;;;;;;;;;;;;
2025-04-05 00:00:00;Nordeste;mTa;Região sob influência direta do fluxo de escoamento de leste/sudeste associado ao gradiente barométrico oceânico, caracterizando a predominância da Massa Tropical Atlântica.;Outono;;;;;;;;;;;;;;;;
2025-04-05 00:00:00;Litoral;mTa;A área apresenta regime de ventos do quadrante marítimo sob influência de gradiente de alta pressão, caracterizando o predomínio da Massa Tropical Atlântica (mTa), quente e úmida.;Outono;;;;;;;;;;;;;;;;
2025-04-05 00:00:00;Centro;mPa;A região demarcada apresenta a incursão de uma massa polar após a passagem de uma frente fria, evidenciada pelos gradientes de temperatura e fluxo de sul no setor sul do quadro.;Outono;;;;;;;;;;;;;;;;
2025-04-05 00:00:00;Sul;mPa;A região delimitada encontra-se na retaguarda de um sistema frontal, caracterizada por temperaturas amenas e pela incursão de ar polar sobre o Sudeste brasileiro.;Outono;;;;;;;;;;;;;;;;
2025-04-06 00:00:00;Norte;mEc;A região delimitada compreende a bacia amazônica e áreas centrais, caracterizadas pela predominância de ar quente e úmido de origem equatorial continental.;Outono;;;;;;;;;;;;;;;;
2025-04-06 00:00:00;Nordeste;mTa;Região sob influência direta do escoamento marítimo quente e úmido vindo do Atlântico Sul, característico da circulação da ASAS, configurando o predomínio da massa Tropical Atlânti;Outono;;;;;;;;;;;;;;;;
2025-04-06 00:00:00;Litoral;mTa;Regiao sob influencia do escoamento maritimo associado a circulacao do Anticiclone subtropical, configurando caracteristicas de massa de ar Tropical Atlantica, quente e umida.;Outono;;;;;;;;;;;;;;;;
2025-04-06 00:00:00;Centro;mPa;A região demarcada apresenta a penetração de uma frente fria, com o quadrante sul sob influência direta da massa polar atlântica, caracterizada pelo resfriamento das temperaturas.;Outono;;;;;;;;;;;;;;;;
2025-04-06 00:00:00;Sul;mPa;A região delimitada encontra-se na retaguarda de um sistema frontal, caracterizada pela incursão de ar frio e seco, típico da atuação da Massa Polar Atlântica.;Outono;;;;;;;;;;;;;;;;
2025-04-07 00:00:00;Norte;mEc;A regiao delimitada esta sob influencia direta da massa de ar quente e umida de origem equatorial continental, caracteristica da bacia Amazonica.;Outono;;;;;;;;;;;;;;;;
2025-04-07 00:00:00;Nordeste;mTa;A região sob análise está sob influência do fluxo equatorial/tropical do Atlântico, caracterizando a predominância da Massa Tropical Atlântica com transporte de umidade para o seto;Outono;;;;;;;;;;;;;;;;
2025-04-07 00:00:00;Litoral;mTa;A área delimitada encontra-se sob domínio do escoamento marítimo de leste/sudeste, com características de ar quente e úmido típicas da mTa associada ao transporte de umidade do oce;Outono;;;;;;;;;;;;;;;;
2025-04-07 00:00:00;Centro;mPa;A região encontra-se submetida ao fluxo pós-frontal impulsionado pelo deslocamento da massa de ar polar, caracterizado pelo declínio térmico e estabilidade atmosférica na retaguard;Outono;;;;;;;;;;;;;;;;
2025-04-07 00:00:00;Sul;mPa;A região encontra-se submetida ao fluxo pós-frontal, evidenciado pela trajetória dos ventos e valores de temperatura característicos da penetração de ar frio e úmido sobre o Sudest;Outono;;;;;;;;;;;;;;;;
2025-04-08 00:00:00;Norte;mEc;A região delimitada abrange a bacia amazônica e áreas adjacentes, onde a massa de ar quente e úmida de origem continental predomina sem influência de sistemas frontais.;Outono;;;;;;;;;;;;;;;;
2025-04-08 00:00:00;Nordeste;mTa;A região demarcada apresenta influência predominante do fluxo de leste/sudeste associado à circulação oceânica, caracterizando o domínio da massa Tropical Atlântica (mTa).;Outono;;;;;;;;;;;;;;;;
2025-04-08 00:00:00;Litoral;mTa;A região do litoral compreendida no retângulo está sob influência do fluxo equatorial/tropical marítimo, caracterizando-se pela estabilidade térmica e umidade típica da mTa.;Outono;;;;;;;;;;;;;;;;
2025-04-08 00:00:00;Centro;mTa;A área encontra-se sob influência do fluxo de ar quente e úmido vindo do oceano, característico da Massa Tropical Atlântica, mantendo condições térmicas elevadas na região.;Outono;;;;;;;;;;;;;;;;
2025-04-08 00:00:00;Sul;mPa;A região do retângulo apresenta temperaturas amenas e condições típicas de pós-passagem de frente fria, caracterizando o avanço e predomínio da massa de ar polar.;Outono;;;;;;;;;;;;;;;;
2025-04-09 00:00:00;Norte;mEc;A região amazônica, delimitada pelo retângulo, apresenta características de instabilidade térmica e umidade elevada, típicas da mEc, sem influência direta de frentes frias.;Outono;;;;;;;;;;;;;;;;
2025-04-09 00:00:00;Nordeste;mTa;Região sob influência direta do fluxo de leste da circulação marítima da ASAS, que transporta umidade do oceano para o continente, caracterizando o domínio da massa tropical atlânt;Outono;;;;;;;;;;;;;;;;
2025-04-09 00:00:00;Litoral;mTa;O setor delimitado encontra-se sob influência do escoamento marítimo de leste, característico da massa tropical atlântica, que mantém umidade e temperaturas elevadas no litoral.;Outono;;;;;;;;;;;;;;;;
2025-04-09 00:00:00;Centro;mTa;A região apresenta características típicas de um ambiente tropical úmido, sob domínio de circulação marítima, sem a influência direta de sistemas frontais ou massas polares ou cont;Outono;;;;;;;;;;;;;;;;
2025-04-09 00:00:00;Sul;mPa;A região encontra-se no quadrante posterior ao sistema frontal, caracterizada por aporte de ar frio e seco, consolidando o avanço da mPa sobre o setor.;Outono;;;;;;;;;;;;;;;;
2025-04-10 00:00:00;Norte;mEc;Região sob influência direta da massa de ar equatorial continental, caracterizada por temperaturas elevadas e alta umidade, predominante em grande parte da bacia amazônica.;Outono;;;;;;;;;;;;;;;;
2025-04-10 00:00:00;Nordeste;mEa;Dominio da Massa Equatorial Atlantica sobre a regiao nordestina, caracterizada pelo fluxo de ar quente e umido vindo do oceano que penetra o setor definido.;Outono;;;;;;;;;;;;;;;;
2025-04-10 00:00:00;Litoral;mTa;Região do litoral sob regime de alta pressão oceânica, com circulação marítima favorecendo o transporte de umidade e características térmicas típicas desta massa de ar.;Outono;;;;;;;;;;;;;;;;
2025-04-10 00:00:00;Centro;mTa;Região central sob influência da circulação da ASAS, apresentando escoamento fluindo do oceano para o continente, caracterizando o predomínio da massa tropical atlântica.;Outono;;;;;;;;;;;;;;;;
2025-04-10 00:00:00;Sul;mPa;A região apresenta características típicas de pós-frontal, com temperaturas reduzidas e ventos de sul/sudeste, indicando o avanço e predominância da massa de ar polar.;Outono;;;;;;;;;;;;;;;;
2025-04-11 00:00:00;Norte;mEc;A regiao delimitada esta sob influencia direta da massa de ar quente e umida de origem continental, mantendo caracteristicas termicas elevadas tipicas da regiao amazonica.;Outono;;;;;;;;;;;;;;;;
2025-04-11 00:00:00;Nordeste;mTa;Regiao sob fluxo marítimo estável proveniente do Atlântico Tropical, caracterizando a predominância da Massa Tropical Atlântica com transporte de umidade para o setor costeiro.;Outono;;;;;;;;;;;;;;;;
2025-04-11 00:00:00;Litoral;mTa;A área delimitada encontra-se sob o fluxo do quadrante leste/sudeste, característico da circulação de ventos alísios e da influência da massa tropical atlântica sobre o setor.;Outono;;;;;;;;;;;;;;;;
2025-04-11 00:00:00;Centro;mTa;Regiao sob influencia do escoamento do anticiclone maritimo, apresentando caracteristicas tropicais maritimas com temperaturas elevadas e transporte de umidade constante do Oceano.;Outono;;;;;;;;;;;;;;;;
2025-04-11 00:00:00;Sul;mPa;A região delimitada encontra-se na retaguarda de uma frente fria, caracterizada pela advecção de ar frio e seco, consolidando o domínio da massa de ar polar sobre o setor Sul.;Outono;;;;;;;;;;;;;;;;
2025-04-14 00:00:00;Norte;mEc;Regiao central da Amazonia sem influencias frontais ou sistemas extratropicais. Caracteriza-se por ar quente e umido, tipico da predominancia da Massa Equatorial Continental.;Outono;;;;;;;;;;;;;;;;
2025-04-14 00:00:00;Nordeste;mTa;A região destacada está sob a influência do escoamento marítimo oriundo do oceano, caracterizado pela estabilidade e transporte de umidade típica da Massa Tropical Atlântica.;Outono;;;;;;;;;;;;;;;;
2025-04-14 00:00:00;Litoral;mTa;O litoral indicado encontra-se sob o fluxo do escoamento marítimo persistente proveniente do oceano, característico do domínio da massa Tropical Atlântica.;Outono;;;;;;;;;;;;;;;;
2025-04-14 00:00:00;Centro;mTa;Região central sob influência das correntes de leste/nordeste do Atlântico, apresentando características de temperatura e umidade típicas da massa tropical marítima.;Outono;;;;;;;;;;;;;;;;
2025-04-14 00:00:00;Sul;mPa;A região delimitada encontra-se sob efeito direto do avanço de uma massa de ar frio e úmido após a passagem de uma frente fria, caracterizada por temperaturas reduzidas nas estaçõe;Outono;;;;;;;;;;;;;;;;
2025-04-15 00:00:00;Norte;mEc;Regiao central e norte do pais dominada por massa de ar quente e umida de origem continental, caracteristica da Amazonia, sem influencia de sistemas frontais ou massas polares.;Outono;;;;;;;;;;;;;;;;
2025-04-15 00:00:00;Nordeste;mTa;A região sob análise está sob o domínio do escoamento marítimo integrado à alta pressão do Atlântico, caracterizando a atuação predominante da Massa Tropical Atlântica (mTa).;Outono;;;;;;;;;;;;;;;;
2025-04-15 00:00:00;Litoral;mTa;Regiao sob influencia do fluxo maritimo do quadrante leste, caracteristico da circulacao da alta subtropical, estabelecendo predominio de ar tropical quente e umido na costa.;Outono;;;;;;;;;;;;;;;;
2025-04-15 00:00:00;Centro;mTa;Regiao sob influencia do escoamento da alta pressao do Atlantico Sul, apresentando caracteristicas de estabilidade e umidade tipicas da Massa Tropical Atlantica sobre a região sude;Outono;;;;;;;;;;;;;;;;
2025-04-15 00:00:00;Sul;mPa;A região delimitada encontra-se sob a influência direta do avanço da massa de ar polar, evidenciada pelas temperaturas reduzidas e circulação pós-frontal predominante.;Outono;;;;;;;;;;;;;;;;
2025-04-16 00:00:00;Norte;mEc;A região demarcada encontra-se sob domínio térmico e de umidade característico da Massa Equatorial Continental, que atua de forma persistente sobre a bacia amazônica e adjacências.;Outono;;;;;;;;;;;;;;;;
2025-04-16 00:00:00;Nordeste;mTa;A região encontra-se sob influência direta do fluxo marítimo de sudeste associado ao sistema de alta pressão do Atlântico, caracterizando a predominância da Massa Tropical Atlântic;Outono;;;;;;;;;;;;;;;;
2025-04-16 00:00:00;Litoral;mTa;Regiao sob fluxo predominante de circulação marítima, com características de ar quente e úmido transportado pelo anticiclone do Atlântico Sul, caracterizando a mTa.;Outono;;;;;;;;;;;;;;;;
2025-04-16 00:00:00;Centro;mTa;Região sob influência da circulação da ASAS, caracterizada por transporte de umidade do Atlântico e temperaturas elevadas, configurando o domínio da Massa Tropical Atlântica.;Outono;;;;;;;;;;;;;;;;
2025-04-16 00:00:00;Sul;mPa;A região apresenta características típicas de pós-frontal, com temperaturas mais amenas e ventos do quadrante sul, indicando o avanço e a predominância da massa de ar polar.;Outono;;;;;;;;;;;;;;;;
2025-04-17 00:00:00;Norte;mEc;Região central da Bacia Amazônica, caracterizada por altas temperaturas e elevada umidade, sob domínio da massa Equatorial Continental, sem influência de sistemas frontais.;Outono;;;;;;;;;;;;;;;;
2025-04-17 00:00:00;Nordeste;mTa;A região encontra-se sob o fluxo do escoamento zonal tropical, caracterizado pela estabilidade e umidade advindas do Atlântico, configurando o predomínio da massa Tropical Atlântic;Outono;;;;;;;;;;;;;;;;
2025-04-17 00:00:00;Litoral;mTa;Area sob influência da circulação marítima da alta pressão, caracterizando estabilidade, umidade e temperaturas elevadas típicas da Massa Tropical Atlântica no setor leste brasilei;Outono;;;;;;;;;;;;;;;;
2025-04-17 00:00:00;Centro;mPa;A região encontra-se no setor pós-frontal, sob influência de advecção de ar frio e seco, caracterizando o domínio da massa de ar polar atlântica avançando pelo interior do continen;Outono;;;;;;;;;;;;;;;;
2025-04-17 00:00:00;Sul;mPa;A região encontra-se submetida à influência direta de uma massa de ar pós-frontal, caracterizada por temperaturas amenas e condições de estabilidade típicas da mPa.;Outono;;;;;;;;;;;;;;;;
2025-04-18 00:00:00;Norte;mEc;Regiao central da Amazonia sem influencias externas, caracterizada por altas temperaturas e elevada umidade, sob dominio da Massa Equatorial Continental.;Outono;;;;;;;;;;;;;;;;
2025-04-18 00:00:00;Nordeste;mTa;Predominância da massa Tropical Atlântica, caracterizada pelo escoamento persistente de ar quente e úmido vindo do oceano sobre a região Nordeste.;Outono;;;;;;;;;;;;;;;;
2025-04-18 00:00:00;Litoral;mTa;A região delimitada está sob a influência do escoamento marítimo quente e úmido característico da periferia da Alta Subtropical do Atlântico Sul, definindo a mTa.;Outono;;;;;;;;;;;;;;;;
2025-04-18 00:00:00;Centro;mTa;A região delimitada está sob influência do escoamento marítimo vindo do Atlântico Sul, característico da massa Tropical Atlântica, mantendo estabilidade térmica e umidade no setor.;Outono;;;;;;;;;;;;;;;;
2025-04-18 00:00:00;Sul;mPa;A região delimitada encontra-se na retaguarda de um sistema frontal, caracterizada por temperaturas amenas e fluxo de ar frio e úmido típico do ingresso da massa polar atlântica.;Outono;;;;;;;;;;;;;;;;
2025-04-19 00:00:00;Norte;mEc;A região delimitada pelo retângulo encontra-se sobre a bacia amazônica. Verifica-se o predomínio de características equatoriais continentais quentes e úmidas, sem influência polar.;Outono;;;;;;;;;;;;;;;;
2025-04-19 00:00:00;Nordeste;mTa;Predomínio de ar quente e úmido transportado pelos ventos de leste/sudeste, característico da circulação da alta pressão subtropical sobre o setor nordeste do Brasil.;Outono;;;;;;;;;;;;;;;;
2025-04-19 00:00:00;Litoral;mTa;A região delimitada está sob influência do escoamento marítimo de leste/sudeste, transportando ar quente e úmido característico da massa Tropical Atlântica (mTa).;Outono;;;;;;;;;;;;;;;;
2025-04-19 00:00:00;Centro;mTa;A região central encontra-se sob domínio do escoamento da alta pressão subtropical do Atlântico Sul, caracterizando a predominância da Massa Tropical Atlântica (mTa).;Outono;;;;;;;;;;;;;;;;
2025-04-19 00:00:00;Sul;mPa;A região apresenta o avanço nítido de uma massa de ar frio no setor pós-frontal, caracterizada por temperaturas menores e circulação que indica o influxo da mPa no Sul do Brasil.;Outono;;;;;;;;;;;;;;;;
2025-04-20 00:00:00;Norte;mEc;A regiao delimitada esta sob influencia direta da circulacao amazonica, caracteristicas de ar quente e umido, sem influencia de sistemas frontais ou altas subtroipcais.;Outono;;;;;;;;;;;;;;;;
2025-04-20 00:00:00;Nordeste;mTa;Regiao sob fluxo de leste influenciado pela circulacao maritima, apresentando caracteristicas termicas e de umidade tipicas da massa tropical atlantica na costa nordeste.;Outono;;;;;;;;;;;;;;;;
2025-04-20 00:00:00;Litoral;mTa;A região encontra-se sob influência do fluxo de leste/sudeste associado ao escoamento marítimo quente e úmido, característico da atuação da massa de ar Tropical Atlântica.;Outono;;;;;;;;;;;;;;;;
2025-04-20 00:00:00;Centro;mEc;A região central encontra-se sob domínio da Massa Equatorial Continental, caracterizada pela presença de ar quente e úmido no interior do continente, sem interferência de sistemas ;Outono;;;;;;;;;;;;;;;;
2025-04-20 00:00:00;Sul;mPa;A região delimitada está sob forte influência de uma massa de ar frio e seco, posicionada nitidamente no setor pós-frontal, caracterizada por quedas de temperatura e ventos do quad;Outono;;;;;;;;;;;;;;;;
2025-04-21 00:00:00;Norte;mEc;A região delimitada abrange a bacia amazônica, onde predomina a Massa Equatorial Continental, caracterizada por elevados índices de umidade e temperaturas tropicais típicas do seto;Outono;;;;;;;;;;;;;;;;
2025-04-21 00:00:00;Nordeste;mTa;Região sob influência direta do fluxo de leste da alta pressão subtropical do Atlântico Sul, caracterizando o domínio da massa Tropical Atlântica com transporte de umidade para o s;Outono;;;;;;;;;;;;;;;;
2025-04-21 00:00:00;Litoral;mTa;A região delimitada está sob influência do fluxo equatorial/tropical marítimo persistente, caracterizado por ar quente e úmido, típico do domínio da circulação do Anticiclone subtr;Outono;;;;;;;;;;;;;;;;
2025-04-21 00:00:00;Centro;mTa;A região delimitada está sob o domínio do fluxo subsidente e estável da alta pressão do Atlântico, configurando a predominância da Massa Tropical Atlântica (mTa).;Outono;;;;;;;;;;;;;;;;
2025-04-21 00:00:00;Sul;mPa;A região delimitada encontra-se sob influência de massa de ar frio e seco (mPa), evidenciada pela advecção de ventos do quadrante sul/sudoeste após a passagem de sistema frontal.;Outono;;;;;;;;;;;;;;;;
2025-04-22 00:00:00;Norte;mEc;A região delimitada abrange a bacia amazônica e áreas centrais, onde a presença de ar quente e úmido é predominante, caracterizando a influência direta da massa Equatorial Continen;Outono;;;;;;;;;;;;;;;;
2025-04-22 00:00:00;Nordeste;mTa;A região destacada é dominada pela circulação periférica da Alta Subtropical do Atlântico Sul, caracterizando a influência predominante da Massa Tropical Atlântica (mTa).;Outono;;;;;;;;;;;;;;;;
2025-04-22 00:00:00;Litoral;mTa;Regiao sob influencia do escoamento de leste do anticiclone sub-tropical, configurando caracteristicas tipicas de uma massa de ar quente e umida sobre o setor costeiro.;Outono;;;;;;;;;;;;;;;;
2025-04-22 00:00:00;Centro;mPa;A região apresenta temperaturas amenas e fluxo de sul/sudeste pós-frontal, configurando o avanço da massa de ar polar pela retaguarda de um sistema frontal no setor.;Outono;;;;;;;;;;;;;;;;
2025-04-22 00:00:00;Sul;mPa;A regiao apresenta valores de temperatura e ponto de orvalho significativamente reduzidos, caracterizando a entrada de uma massa de ar frio e seco na retaguarda da frente fria.;Outono;;;;;;;;;;;;;;;;
2025-04-23 00:00:00;Norte;mEc;Dominio da massa Equatorial Continental sobre a regiao Amazonica, caracterizada pelo ar quente e umido, sem influencias diretas de sistemas frontais ou circulação polar neste setor;Outono;;;;;;;;;;;;;;;;
2025-04-23 00:00:00;Nordeste;mEa;A região delimitada, localizada no setor setentrional do Nordeste, encontra-se sob domínio direto do fluxo marítimo tropical úmido de baixas latitudes, caracterizando a Massa Equat;Outono;;;;;;;;;;;;;;;;
2025-04-23 00:00:00;Litoral;mTa;A regiao delimitada esta sob o regime de circulacao do anticiclone subtropical, sendo dominada pela massa Tropical Atlantica, caracterizada por transporte de umidade do oceano.;Outono;;;;;;;;;;;;;;;;
2025-04-23 00:00:00;Centro;mTa;A região encontra-se sob influência do fluxo equatorial/tropical do Atlântico, caracterizado por temperaturas elevadas e umidade associada à circulação periférica da ASAS.;Outono;;;;;;;;;;;;;;;;
2025-04-23 00:00:00;Sul;mPa;A região delimitada encontra-se sob influência de massa de ar frio e seco, avançando após a passagem de sistema frontal, evidenciada pelos gradientes de pressão e queda de temperat;Outono;;;;;;;;;;;;;;;;
2025-04-24 00:00:00;Norte;mEc;Regiao central integrada a bacia Amazonica apresentando caracteristicas tipicas de massa quente e umida de origem continental, sem influencia de outros sistemas frontais.;Outono;;;;;;;;;;;;;;;;
2025-04-24 00:00:00;Nordeste;mTa;Regiao sob forte influencia do escoamento maritimo associado ao sistema de alta pressao do Atlantico Sul, transportando umidade e mantendo condicoes tipicas de massa tropical marit;Outono;;;;;;;;;;;;;;;;
2025-04-24 00:00:00;Litoral;mTa;A região delimitada está sob forte influência do escoamento marítimo oriundo da circulação do anticiclone sobre o Atlântico, caracterizando o predomínio de massa Tropical Atlântica;Outono;;;;;;;;;;;;;;;;
2025-04-24 00:00:00;Centro;mTa;A região demarcada encontra-se sob influência direta do fluxo de sudeste proveniente do anticiclone subtropical, caracterizando o predomínio da massa tropical atlântica.;Outono;;;;;;;;;;;;;;;;
2025-04-24 00:00:00;Sul;mPa;A região apresenta valores de temperatura e ponto de orvalho em declínio, caracterizando a trajetória de uma massa de ar polar pós-frontal sobre o Sul/Sudeste do Brasil.;Outono;;;;;;;;;;;;;;;;
2025-04-25 00:00:00;Norte;mEc;Regiao central e norte da Amazonia sob influencia direta da massa equatorial continental, caracterizada por alta umidade e temperaturas elevadas, sem influencia de sistemas frontai;Outono;;;;;;;;;;;;;;;;
2025-04-25 00:00:00;Nordeste;mTa;Predomínio de circulação marítima nos baixos níveis, configurando o escoamento advectivo da Massa Tropical Atlântica sobre o setor leste da região nordeste.;Outono;;;;;;;;;;;;;;;;
2025-04-25 00:00:00;Litoral;mTa;A área encontra-se sob influência do fluxo equatorial/tropical marítimo associado ao domínio da alta pressão oceânica, caracterizando o transporte de ar quente e úmido no setor.;Outono;;;;;;;;;;;;;;;;
2025-04-25 00:00:00;Centro;mTa;Região sob influência direta do fluxo de sudeste periférico ao anticiclone termodinâmico do Atlântico Sul, caracterizando o predomínio de ar tropical marítimo quente e úmido.;Outono;;;;;;;;;;;;;;;;
2025-04-25 00:00:00;Sul;mPa;A região delimitada encontra-se na retaguarda da frente fria que atravessa o Sudeste, caracterizada pela incursão de ar frio e úmido de origem polar.;Outono;;;;;;;;;;;;;;;;
2025-04-27 00:00:00;Norte;mEc;Regiao central e norte sob influencia da massa equatorial continental, caracterizada por baixas pressões e elevada disponibilidade de umidade sobre a bacia Amazonica.;Outono;;;;;;;;;;;;;;;;
2025-04-27 00:00:00;Nordeste;mTa;Predomínio da Massa Tropical Atlântica, que flui do oceano para o continente, mantendo as características de ar quente e úmido sobre a região nordeste brasileira.;Outono;;;;;;;;;;;;;;;;
2025-04-27 00:00:00;Litoral;mTa;O litoral indicado encontra-se sob domínio da circulação marítima da Alta Subtropical do Atlântico Sul, caracterizando a atuação da massa de ar Tropical Atlântica (mTa).;Outono;;;;;;;;;;;;;;;;
2025-04-27 00:00:00;Centro;mPa;A região encontra-se submetida ao fluxo de ar frio e seco que ingressa pelo quadrante sul/sudoeste, característico da pós-frontal atuação da massa polar atlântica no setor.;Outono;;;;;;;;;;;;;;;;
2025-04-27 00:00:00;Sul;mPa;A região delimitada situa-se na retaguarda da frente fria, sob influência direta de um núcleo de alta pressão, caracterizando a atuação da massa de ar polar atlântica.;Outono;;;;;;;;;;;;;;;;
2025-04-28 00:00:00;Norte;mEc;Região continental amazônica caracterizada por uma massa de ar quente e úmida, mantendo estabilidade térmica típica da mEc na ausência de sistemas frontais atuantes no setor.;Outono;;;;;;;;;;;;;;;;
2025-04-28 00:00:00;Nordeste;mTa;Regiao sob dominio da circulacao do anticiclone subtropical do Atlantico Sul, caracterizada pela predominancia da massa Tropical Atlantica quente e umida sobre o setor leste/nordes;Outono;;;;;;;;;;;;;;;;
2025-04-28 00:00:00;Litoral;mTa;A regiao delimitada esta sob influencia direta do fluxo maritimo oriundo do Anticiclone Subtropical do Atlantico Sul, caracterizando o predominio da massa tropical atlantica.;Outono;;;;;;;;;;;;;;;;
2025-04-28 00:00:00;Centro;mPa;A região delimitada encontra-se sob efeito da incursão de ar frio e seco após a passagem de sistema frontal, evidenciando o transporte de ar polar sobre o setor.;Outono;;;;;;;;;;;;;;;;
2025-04-28 00:00:00;Sul;mPa;A região delimitada encontra-se na retaguarda de um sistema frontal, sob forte influência de uma massa de ar frio e úmido com característica de subsidência pós-frontal.;Outono;;;;;;;;;;;;;;;;
2025-04-29 00:00:00;Norte;mEc;Regiao central da Amazonia brasileira caracterizada por condições de calor e umidade, típica da atuação da massa Equatorial Continental, sem influência de sistemas frontais externo;Outono;;;;;;;;;;;;;;;;
2025-04-29 00:00:00;Nordeste;mTa;Predominância de circulação marítima quente e úmida sob influência da alta subtropical, caracterizando a atuação da Massa Tropical Atlântica sobre o setor delimitado.;Outono;;;;;;;;;;;;;;;;
2025-04-29 00:00:00;Litoral;mTa;Regiao sob influencia dos gradientes de alta pressao do Atlantico Sul, caracterizando predominio da massa Tropical Atlantica, quente e umida, sobre a faixa litoranea.;Outono;;;;;;;;;;;;;;;;
2025-04-29 00:00:00;Centro;mPa;A região destacada encontra-se no setor pós-frontal, sob influência direta do ingresso de ar frio e seco após a passagem de uma frente fria, caracterizando a atuação da mPa.;Outono;;;;;;;;;;;;;;;;
2025-04-29 00:00:00;Sul;mPa;A região delimitada encontra-se na retaguarda de um sistema frontal, sendo influenciada pela advecção de ar mais frio e denso de origem polar, caracterizando a mPa.;Outono;;;;;;;;;;;;;;;;
2025-04-30 00:00:00;Norte;mEc;Região central da Amazônia sob influência de massa quente e úmida de origem continental, predominante sobre a bacia amazônica na ausência de sistemas frontais.;Outono;;;;;;;;;;;;;;;;
2025-04-30 00:00:00;Nordeste;mTa;Predominância da Massa Tropical Atlântica, que flui do oceano para o continente, mantendo características de calor e umidade sobre grande parte da região Nordeste brasileira.;Outono;;;;;;;;;;;;;;;;
2025-04-30 00:00:00;Litoral;mTa;A região delimitada sob influência da circulação do escoamento de leste, estabelecendo o domínio de ar quente e úmido característico da massa tropical atlântica no litoral leste.;Outono;;;;;;;;;;;;;;;;
2025-04-30 00:00:00;Centro;mPa;A região apresenta o avanço e a permanência de ar frio e seco após a passagem de sistema frontal, caracterizado por temperaturas reduzidas e estabilidade no setor delimitado.;Outono;;;;;;;;;;;;;;;;
2025-04-30 00:00:00;Sul;mPa;Regional sob influência direta de uma massa de ar frio e úmido, evidenciada pela declinação acentuada das temperaturas e fluxo de sul no pós-passagem de sistema frontal.;Outono;;;;;;;;;;;;;;;;
2025-05-01 00:00:00;Norte;mEc;A regiao apresenta predominio de condicoes quentes e umidas caracteristicas da circulacao equatorial continental, sem influência direta de sistemas frontais ou massas polares.;Outono;;;;;;;;;;;;;;;;
2025-05-01 00:00:00;Nordeste;mTa;Regiao sob influencia do escoamento de leste-nordeste persistente do Atlantico Sul, caracteristico da massa Tropical Atlantica, mantendo estabilidade e umidade no setor.;Outono;;;;;;;;;;;;;;;;
2025-05-01 00:00:00;Litoral;mTa;Região sob influência direta do fluxo de leste/sudeste da circulação anticiclônica oceânica, caracterizando o predomínio de ar quente e úmido de origem marítima.;Outono;;;;;;;;;;;;;;;;
2025-05-01 00:00:00;Centro;mPa;A região encontra-se no setor pós-frontal de uma frente fria que avança sobre o Brasil, caracterizada pela incursão de ar mais frio e denso sobre o Sudeste/Centro-Oeste.;Outono;;;;;;;;;;;;;;;;
2025-05-01 00:00:00;Sul;mPa;A região delimitada no setor Sul encontra-se sob influência de massa de ar frio e seco, posicionada na retaguarda de sistema frontal, evidenciada pelos gradientes térmicos observad;Outono;;;;;;;;;;;;;;;;
2025-05-02 00:00:00;Norte;mEc;Regiao central e norte da Amazonia, caracterizada por altas temperaturas e elevada umidade, evidenciando o dominio da Massa Equatorial Continental sobre o continente.;Outono;;;;;;;;;;;;;;;;
2025-05-02 00:00:00;Nordeste;mTa;Predominância de fluxo marítimo quente e úmido sob influência da alta pressão subtropical do Atlântico Sul, caracterizando o domínio da massa Tropical Atlântica sobre a região.;Outono;;;;;;;;;;;;;;;;
2025-05-02 00:00:00;Litoral;mTa;A regiao delimitada encontra-se sob a influencia da circulacao periferica da alta pressao do Atlantico, caracterizando a predominancia da Massa Tropical Atlantica (mTa).;Outono;;;;;;;;;;;;;;;;
2025-05-02 00:00:00;Centro;mPa;A região central delimitada encontra-se sob a influência direta do avanço de uma massa de ar frio e seco, caracterizando a mPa devido ao deslocamento do sistema frontal para o ocea;Outono;;;;;;;;;;;;;;;;
2025-05-02 00:00:00;Sul;mPa;A região apresenta o avanço de uma massa de ar frio e seco (mPa) após a passagem de sistema frontal, evidenciado pelas temperaturas mais baixas características no quadrante sul.;Outono;;;;;;;;;;;;;;;;
2025-05-05 00:00:00;Norte;mEc;A região sob o retângulo vermelho está situada na bacia Amazônica, onde as características de umidade e temperatura elevadas confirmam a predominância da Massa Equatorial Continent;Outono;;;;;;;;;;;;;;;;
2025-05-05 00:00:00;Nordeste;mEa;A região delimitada no Nordeste encontra-se sob influência predominante da massa equatorial marítima, caracterizada por transporte de umidade em baixos níveis do oceano para o cont;Outono;;;;;;;;;;;;;;;;
2025-05-05 00:00:00;Litoral;mTa;Regiao sob influencia do escoamento de leste/sudeste associado ao anticiclone subtropical, caracterizando a predominancia da massa Tropical Atlantica no setor costeiro indicado.;Outono;;;;;;;;;;;;;;;;
2025-05-05 00:00:00;Centro;mPa;Regiao sob clara influencia de uma massa de ar frio e seco (mPa), evidenciada pelos gradientes de temperatura e deslocamento pós-frontal sobre o Centro-Oeste e Sudeste do Brasil.;Outono;;;;;;;;;;;;;;;;
2025-05-05 00:00:00;Sul;mPa;Região delimitada sob influência clara da massa de ar pós-frontal, caracterizada por temperaturas amenas e fluxo de sul, confirmando o avanço e domínio da mPa no setor.;Outono;;;;;;;;;;;;;;;;
2025-05-06 00:00:00;Norte;mEc;Região sob influência direta da Massa Equatorial Continental, caracterizada por baixos gradientes de pressão e alta umidade sobre a Bacia Amazônica, sem presença de sistemas fronta;Outono;;;;;;;;;;;;;;;;
2025-05-06 00:00:00;Nordeste;mTa;Região sob influência direta do fluxo de leste da alta pressão subtropical do Atlântico, caracterizada por ventos alísios que transportam ar quente e úmido para o interior do Norde;Outono;;;;;;;;;;;;;;;;
2025-05-06 00:00:00;Litoral;mTa;A regiao delimitada encontra-se sob a influencia direta do escoamento marítimo associado aos ventos alísios e a periferia da celula de alta pressao do Atlantico Sul.;Outono;;;;;;;;;;;;;;;;
2025-05-06 00:00:00;Centro;mTa;Regiao sob influencia do escoamento maritimo da alta pressao do Atlantico Sul, transportando ar quente e umido para o interior do continente, caracteristico da mTa.;Outono;;;;;;;;;;;;;;;;
2025-05-06 00:00:00;Sul;mPa;A região delimitada encontra-se na retaguarda de um sistema frontal, caracterizada pela incursão de ar frio e seco, confirmada pela queda das temperaturas e pressão em elevação.;Outono;;;;;;;;;;;;;;;;
2025-05-07 00:00:00;Norte;mEc;Região central da Bacia Amazônica, caracterizada por ar quente e úmido, sem influência de sistemas frontais polares, configurando o domínio típico da massa equatorial continental.;Outono;;;;;;;;;;;;;;;;
2025-05-07 00:00:00;Nordeste;mTa;A regiao delimitada esta sob influencia direta do fluxo zonal de leste, caracteristico da massa Tropical Atlantica, que transporta ar quente e umido do oceano para o continente.;Outono;;;;;;;;;;;;;;;;
2025-05-07 00:00:00;Litoral;mTa;A região delimitada encontra-se sob influência da circulação da alta pressão do Atlântico Sul, caracterizando a predominância da Massa Tropical Atlântica, quente e úmida.;Outono;;;;;;;;;;;;;;;;
2025-05-07 00:00:00;Centro;mTa;Area sob influência da circulação anticiclônica do Atlântico Sul, caracterizada por temperaturas amenas a quentes e umidade moderada, típica do domínio da mTa no setor.;Outono;;;;;;;;;;;;;;;;
2025-05-07 00:00:00;Sul;mPa;A região delimitada está situada na retaguarda de um sistema frontal, caracterizada por temperaturas amenas e fluxo de sul, denotando a penetração e o domínio da mPa.;Outono;;;;;;;;;;;;;;;;
2025-05-08 00:00:00;Norte;mEc;A região delimitada apresenta características de ar quente e úmido, típicas do domínio da massa Equatorial Continental sobre a bacia amazônica e adjacências.;Outono;;;;;;;;;;;;;;;;
2025-05-08 00:00:00;Nordeste;mTa;Predominancia da mTa sobre o Nordeste, caracterizada pelo fluxo de ar maritimo quente e umido vindo do Atlantico Sul, influenciando as condicoes meteorologicas na area delimitada.;Outono;;;;;;;;;;;;;;;;
2025-05-08 00:00:00;Litoral;mTa;Predomínio de característica quente e úmida associada ao fluxo marítimo na borda ocidental do anticiclone oceânico, mantendo estabilidade típica da massa Tropical Atlântica.;Outono;;;;;;;;;;;;;;;;
2025-05-08 00:00:00;Centro;mTa;Regiao sob predominio da circulacao de um sistema de alta pressao sobre o Atlantico, caracterizando a presenca e adveccao da massa de ar tropical atlantica na area delimitada.;Outono;;;;;;;;;;;;;;;;
2025-05-08 00:00:00;Sul;mPa;A região delimitada encontra-se sob a influência direta do avanço da Massa Polar Atlântica, caracterizada pelo resfriamento observável nas estações meteorológicas após a frente fri;Outono;;;;;;;;;;;;;;;;
2025-05-09 00:00:00;Norte;mEc;Area situada na bacia Amazonica sob estavel atuacao da Massa Equatorial Continental, caracterizada por alto conteudos de umidade e calor em toda sua extensao.;Outono;;;;;;;;;;;;;;;;
2025-05-09 00:00:00;Nordeste;mTa;Região sob influência direta do fluxo de leste/sudeste da circulação marítima, característica da Massa Tropical Atlântica, mantendo o transporte de umidade e estabilidade térmica.;Outono;;;;;;;;;;;;;;;;
2025-05-09 00:00:00;Litoral;mEa;A região delimitada no setor Nordeste está sob influência da massa Equatorial Atlântica, caracterizada por transporte de umidade em baixos níveis com regime térmico tropical.;Outono;;;;;;;;;;;;;;;;
2025-05-09 00:00:00;Centro;mTa;A região delimitada encontra-se sob influência da circulação anticiclônica periférica do Atlântico Sul, caracterizando a predominância da Massa Tropical Atlântica (mTa).;Outono;;;;;;;;;;;;;;;;
2025-05-09 00:00:00;Sul;mPa;A região encontra-se no setor de retaguarda de um sistema frontal, caracterizada pela incursão de ar frio e úmido de origem polar, configurando o domínio da mPa no Sul do país.;Outono;;;;;;;;;;;;;;;;
2025-05-10 00:00:00;Norte;mEc;Região sob influência da Massa Equatorial Continental, caracterizada por baixas pressões, elevados teores de umidade e temperaturas tropicais típicas da bacia amazônica.;Outono;;;;;;;;;;;;;;;;
2025-05-10 00:00:00;Nordeste;mTa;Predomínio de massa tropical atlântica, caracterizada pelo escoamento de leste/sudeste associado ao anticiclone subtropical sobre o Oceano Atlântico, influenciando o setor delimita;Outono;;;;;;;;;;;;;;;;
2025-05-10 00:00:00;Litoral;mTa;Regiao sob dominio da circulacao maritima associada ao escoamento de leste/sudeste, transportando ar tropical umido para o litoral do Nordeste brasileiro.;Outono;;;;;;;;;;;;;;;;
2025-05-10 00:00:00;Centro;mTa;A região encontra-se sob influência da circulação marítima, apresentando características de temperatura e umidade associadas à Massa Tropical Atlântica, sem evidência de incursão p;Outono;;;;;;;;;;;;;;;;
2025-05-10 00:00:00;Sul;mPa;A regiao delimitada esta sob influencia direta da massa de ar pos-frontal, caracterizada pelo avancamento de ar frio e seco apos a passagem de sistema frontal sobre o Sul/Sudeste.;Outono;;;;;;;;;;;;;;;;
2025-05-11 00:00:00;Norte;mEc;Regiao central e norte da Amazonia, caracterizada pela predominancia de ar quente e umido de origem equatorial continental, sem influencia de sistemas frontais polares.;Outono;;;;;;;;;;;;;;;;
2025-05-11 00:00:00;Nordeste;mTa;Predominio da massa de ar sob influencia da circulacao do anticiclone subtropical, apresentando caracteristicas de calor e umidade na regiao nordeste.;Outono;;;;;;;;;;;;;;;;
2025-05-11 00:00:00;Litoral;mTa;A área delimitada encontra-se sob o domínio do fluxo marítimo da alta pressão, caracterizando a influência da Massa Tropical Atlântica com transporte de umidade para o setor costei;Outono;;;;;;;;;;;;;;;;
2025-05-11 00:00:00;Centro;mPa;Regiao sob influencia de adveccao fria pos-frontal, evidenciada pelo posicionamento da frente fria a norte/leste do setor retangular, caracterizando a atuacao da massa polar.;Outono;;;;;;;;;;;;;;;;
2025-05-11 00:00:00;Sul;mPa;A regiao delimitada posiciona-se na retaguarda de uma frente fria, caracterizada pela adveccao de ar mais frio e denso, tipico da atuacao da mPa sobre o Sul do Brasil.;Outono;;;;;;;;;;;;;;;;
2025-05-12 00:00:00;Norte;mEc;A região delimitada abrange a bacia amazônica e áreas continentais adjacentes, onde predomina uma massa de ar quente e úmida, característica da Massa Equatorial Continental.;Outono;;;;;;;;;;;;;;;;
2025-05-12 00:00:00;Nordeste;mTa;Predominio da massa Tropical Atlantica na regiao Nordeste, caracterizada pelo transporte de umidade em fluxo maritimo constante sob influencia da circulacao de alta pressao.;Outono;;;;;;;;;;;;;;;;
2025-05-12 00:00:00;Litoral;mTa;Area delimitada sob influencia direta da circulacao oceanica de leste/sudeste, com caracteristicas termodinamicas de uma massa de ar quente e umida predominante na costa.;Outono;;;;;;;;;;;;;;;;
2025-05-12 00:00:00;Centro;mPa;A região apresenta o avanço de uma massa polar após a passagem de sistema frontal, evidenciado pela queda nas temperaturas e umidade relativa condizente com a trajetória da mPa.;Outono;;;;;;;;;;;;;;;;
2025-05-12 00:00:00;Sul;mPa;A região encontra-se sob efeito direto de advecção de ar frio e seco, posicionada nitidamente no quadrante posterior ao sistema frontal que atravessa a costa do Sudeste.;Outono;;;;;;;;;;;;;;;;
2025-05-13 00:00:00;Norte;mEc;A região destacada é dominada pela massa Equatorial Continental, caracterizada pela presença de ar quente e úmido tipicamente associado à bacia amazônica e sem influência frontal.;Outono;;;;;;;;;;;;;;;;
2025-05-13 00:00:00;Nordeste;mTa;Predominância da Massa Tropical Atlântica, caracterizada pelo escoamento marítimo quente e úmido que penetra na região Nordeste, mantendo elevadas temperaturas e umidade.;Outono;;;;;;;;;;;;;;;;
2025-05-13 00:00:00;Litoral;mTa;Região sob influência direta do escoamento marítimo de leste/sudeste, mantendo características de temperatura e umidade da Massa Tropical Atlântica ao longo da costa leste brasilei;Outono;;;;;;;;;;;;;;;;
2025-05-13 00:00:00;Centro;mPa;A região apresenta declínio de temperaturas e valores de umidade compatíveis com o escoamento de ar frio e seco pós-frontal, caracterizando o domínio da massa de ar polar atlântica;Outono;;;;;;;;;;;;;;;;
2025-05-13 00:00:00;Sul;mPa;A região destacada encontra-se sob a influência direta do escoamento de uma massa de ar pós-frontal, caracterizada por temperaturas reduzidas e circulação de sul associada à mPa.;Outono;;;;;;;;;;;;;;;;
2025-05-14 00:00:00;Norte;mEc;Regiao central da Amazonia sob influencia de caracteristicas de alta umidade, baixos gradientes pressoricos e estabilidade termica tipicas da massa Equatorial Continental.;Outono;;;;;;;;;;;;;;;;
2025-05-14 00:00:00;Nordeste;mTa;A região selecionada está sob a influência do escoamento marítimo oriundo do Anticiclone do Atlântico Sul, caracterizando a predominância da Massa Tropical Atlântica (mTa).;Outono;;;;;;;;;;;;;;;;
2025-05-14 00:00:00;Litoral;mTa;A região delimitada encontra-se sob influência do escoamento marítimo de leste, característico da circulação da massa tropical atlântica, garantindo umidade e temperaturas elevadas;Outono;;;;;;;;;;;;;;;;
2025-05-14 00:00:00;Centro;mTa;Região sob influência da circulação anticiclônica de base, caracterizada pelo transporte de umidade do oceano e características térmicas tropicais predominantes no setor.;Outono;;;;;;;;;;;;;;;;
2025-05-14 00:00:00;Sul;mPa;A região apresenta características de subsidência e resfriamento pós-frontal, com incursão de ar polar confirmada pelo gradiente de pressão e registros de temperaturas mais baixas.;Outono;;;;;;;;;;;;;;;;
2025-05-15 00:00:00;Norte;mEc;A região demarcada encontra-se sobre a bacia amazônica, caracterizada por altas temperaturas e elevada umidade, sob domínio da Massa Equatorial Continental sem influência de sistem;Outono;;;;;;;;;;;;;;;;
2025-05-15 00:00:00;Nordeste;mTa;A região sob análise está sob influência do fluxo equatorial e tropical oceânico, predominando condições de calor e umidade típicas da massa tropical atlântica no setor.;Outono;;;;;;;;;;;;;;;;
2025-05-15 00:00:00;Litoral;mTa;A região delimitada está sob forte influência do fluxo marítimo de sudeste/leste, característico da massa tropical atlântica, garantindo condições de umidade ao longo do litoral.;Outono;;;;;;;;;;;;;;;;
2025-05-15 00:00:00;Centro;mPa;A região delimitada apresenta queda nas temperaturas e valores menores de ponto de orvalho, caracterizando o ingresso e persistência da Massa Polar Atlântica sobre o setor.;Outono;;;;;;;;;;;;;;;;
2025-05-15 00:00:00;Sul;mPa;A região destacada apresenta fluxo de sul associado ao avanço da mPa, caracterizado por temperaturas mais amenas e perfil pós-frontal típico na retaguarda da frente fria.;Outono;;;;;;;;;;;;;;;;
2025-05-16 00:00:00;Norte;mEc;A região delimitada abrange a bacia amazônica e adjacências, sob domínio de características térmicas e de umidade típicas desta massa, sem influência direta de sistemas frontais.;Outono;;;;;;;;;;;;;;;;
2025-05-16 00:00:00;Nordeste;mTa;Regiao sob incidencia de fluxo zonal de leste, caracterizando a atuacao da mTa, que transporta ar quente e umido do Oceano Atlantico para o litoral e interior do Nordeste.;Outono;;;;;;;;;;;;;;;;
2025-05-16 00:00:00;Litoral;mTa;Regiao sob influencia do escoamento marítimo persistente associado ao sistema de alta pressao do Atlantico Sul, caracterizando a predominancia de caracteristicas quentes e umidas.;Outono;;;;;;;;;;;;;;;;
2025-05-16 00:00:00;Centro;mPa;A região delimitada está sob a influência do fluxo pós-frontal associado à circulação de um sistema de alta pressão, caracterizando o avanço de uma massa de ar frio e úmido (mPa).;Outono;;;;;;;;;;;;;;;;
2025-05-16 00:00:00;Sul;mPa;A região apresenta características típicas de pós-frontal, com temperaturas reduzidas e ventos do quadrante sul/sudoeste, confirmando o predomínio da massa de ar polar.;Outono;;;;;;;;;;;;;;;;
2025-05-17 00:00:00;Norte;mEc;A região delimitada abrange a bacia amazônica e áreas centrais, onde a presença de ar quente e úmido é característica da mEc, sem influência direta de sistemas frontais ou massas m;Outono;;;;;;;;;;;;;;;;
2025-05-17 00:00:00;Nordeste;mTa;A região apresenta características de estabilidade associadas ao escoamento marítimo quente e úmido sob influência do fluxo de leste da alta pressão, configurando o domínio da mTa.;Outono;;;;;;;;;;;;;;;;
2025-05-17 00:00:00;Litoral;mTa;A região delimitada está sob influência do fluxo equatorial/tropical marítimo associado ao transporte de umidade e estabilidade térmica típica da massa tropical atlântica.;Outono;;;;;;;;;;;;;;;;
2025-05-17 00:00:00;Centro;mPa;A região apresenta temperaturas reduzidas e um padrão de escoamento retrógrado pós-frontal, configurando a invasão e o domínio de ar frio de origem polar.;Outono;;;;;;;;;;;;;;;;
2025-05-17 00:00:00;Sul;mPa;A região apresenta características de subsidência e temperaturas reduzidas, configurando a retaguarda de um sistema frontal com o avanço da massa de ar polar sobre o Sudeste.;Outono;;;;;;;;;;;;;;;;
2025-05-18 00:00:00;Norte;mEc;Região central da Bacia Amazônica sob influência da massa de ar quente e úmida de origem continental, mantendo características de estabilidade térmica e elevada umidade atmosférica;Outono;;;;;;;;;;;;;;;;
2025-05-18 00:00:00;Nordeste;mTa;Predominio de umidade e calor caracteristicos da massa tropical atlantica, influenciando o litoral e parte do interior nordestino sob regime de circulacao maritima.;Outono;;;;;;;;;;;;;;;;
2025-05-18 00:00:00;Litoral;mTa;Regiao sob influencia do fluxo marítimo da alta subtropical, caracterizada por calor e umidade, confirmando a predominancia da massa Tropical Atlantica no setor costeiro indicado.;Outono;;;;;;;;;;;;;;;;
2025-05-18 00:00:00;Centro;mTa;Região central sob influência da circulação do escoamento marítimo de leste/sudeste, transportando umidade do Atlântico e configurando o predomínio da massa tropical marítima.;Outono;;;;;;;;;;;;;;;;
2025-05-18 00:00:00;Sul;mPa;A região delimitada localiza-se na retaguarda da frente fria, apresentando queda de temperatura e declínio de umidade, características típicas do avanço da massa polar atlântica (m;Outono;;;;;;;;;;;;;;;;
2025-05-19 00:00:00;Norte;mEc;A região delimitada abrange a bacia amazônica e adjacências continentais. A ausência de frentes ou sistemas de alta pressão oceânica confirma o predomínio da massa equatorial conti;Outono;;;;;;;;;;;;;;;;
2025-05-19 00:00:00;Nordeste;mTa;Predomínio de fluxos marítimos quentes e úmidos transportados pela circulação de alta pressão do Atlântico, configurando a massa Tropical Atlântica na região.;Outono;;;;;;;;;;;;;;;;
2025-05-19 00:00:00;Litoral;mTa;Região sob influência direta do fluxo de leste/sudeste da circulação marítima, característica da Massa Tropical Atlântica, mantendo condições térmicas e de umidade típicas do setor;Outono;;;;;;;;;;;;;;;;
2025-05-19 00:00:00;Centro;mPa;A região delimitada encontra-se sob efeito de advecção fria pós-frontal, com queda de temperatura e umidade, caracterizando a atuação da mPa avançando sobre o Centro-Oeste e Sudest;Outono;;;;;;;;;;;;;;;;
2025-05-19 00:00:00;Sul;mPa;A região delimitada encontra-se sob efeito da incursão de ar frio e seco após o avanço de uma frente fria, caracterizando a atuação da massa de ar Polar Atlântica (mPa).;Outono;;;;;;;;;;;;;;;;
2025-05-20 00:00:00;Norte;mEc;Região central e norte da carta sob influência direta das características térmicas e de umidade originadas na bacia Amazônica, sem presença de incursões de massas polares no setor.;Outono;;;;;;;;;;;;;;;;
2025-05-20 00:00:00;Nordeste;mTa;Região sob influência direta do escoamento marítimo de leste, caracterizado pelo transporte de umidade e estabilidade térmica típicas da massa Tropical Atlântica.;Outono;;;;;;;;;;;;;;;;
2025-05-20 00:00:00;Litoral;mTa;Região delimitada sob influência do escoamento marítimo da alta pressão, configurando o predomínio da Massa Tropical Atlântica com características quentes e úmidas.;Outono;;;;;;;;;;;;;;;;
2025-05-20 00:00:00;Centro;mPa;A região destacada encontra-se sob o fluxo pós-frontal impulsionado pelo deslocamento da frente fria, caracterizando a entrada e o domínio da massa de ar polar (mPa).;Outono;;;;;;;;;;;;;;;;
2025-05-20 00:00:00;Sul;mPa;A região delimitada encontra-se sob influência do ar frio e estável pós-frontal, caracterizado por temperaturas mais baixas e declínio acentuado após a passagem da frente fria.;Outono;;;;;;;;;;;;;;;;
2025-05-21 00:00:00;Norte;mEc;Região central da Bacia Amazônica sob regime de calor e umidade, com ausência de sistemas frontais, caracterizando o domínio da massa Equatorial Continental.;Outono;;;;;;;;;;;;;;;;
2025-05-21 00:00:00;Nordeste;mTa;Predomínio de circulação marítima sob influência da Alta Subtropical do Atlântico Sul, caracterizando uma massa de ar quente e úmida sobre o setor nordestino.;Outono;;;;;;;;;;;;;;;;
2025-05-21 00:00:00;Litoral;mTa;O litoral indicado está sob influência do escoamento marítimo associado à circulação de alta pressão do Atlântico, configurando a predominância da massa Tropical Atlântica.;Outono;;;;;;;;;;;;;;;;
2025-05-21 00:00:00;Centro;mTa;Regiao sob influencia das subsidencias associadas ao sistema de alta pressao do Atlantico Sul, caracterizando a predominancia de massa tropical atlantica na area delimitada.;Outono;;;;;;;;;;;;;;;;
2025-05-21 00:00:00;Sul;mPa;A regiao delimitada esta sob a influencia direta do avanco de uma massa de ar polar, caracterizada por temperaturas amenas e subsidencia apos a passagem da frente fria.;Outono;;;;;;;;;;;;;;;;
2025-05-22 00:00:00;Norte;mEc;Regiao central e norte da Amazonia sob influencia persistente de massa equatorial continental, caracterizada por alta umidade e ar quente, sem presenca de sistemas frontais atuante;Outono;;;;;;;;;;;;;;;;
2025-05-22 00:00:00;Nordeste;mTa;Região sob influência direta da circulação marítima, apresentando características de temperatura e umidade típicas da massa tropical atlântica que domina o litoral e parte do setor;Outono;;;;;;;;;;;;;;;;
2025-05-22 00:00:00;Litoral;mTa;A região destacada encontra-se sob domínio do escoamento marítimo de leste/sudeste associado à circulação da alta pressão do Atlântico, caracterizando a atuação da mTa.;Outono;;;;;;;;;;;;;;;;
2025-05-22 00:00:00;Centro;mPa;A região central delimitada encontra-se sob a influência direta do avanço da massa de ar polar, evidenciada pelas temperaturas reduzidas e circulação pós-frontal.;Outono;;;;;;;;;;;;;;;;
2025-05-22 00:00:00;Sul;mPa;A região delimitada encontra-se sob influência do avanço de uma massa de ar frio e seco (mPa), evidenciado pelas temperaturas reduzidas e gradiente térmico pós-frontal no setor.;Outono;;;;;;;;;;;;;;;;
2025-05-23 00:00:00;Norte;mEc;Regiao central da Amazonia sem influencia de sistemas frontais, caracterizada pela predominancia da massa de ar quente e umida de origem continental.;Outono;;;;;;;;;;;;;;;;
2025-05-23 00:00:00;Nordeste;mTa;Predominância de circulação marítima de leste/sudeste, transportando ar quente e úmido sobre a região sob influência direta da alta pressão do Atlântico Sul.;Outono;;;;;;;;;;;;;;;;
2025-05-23 00:00:00;Litoral;mEa;A região delimitada no litoral nordestino encontra-se sob domínio da mEa, caracterizada por ventos alísios que transportam umidade oceânica para a costa norte-nordeste brasileira.;Outono;;;;;;;;;;;;;;;;
2025-05-23 00:00:00;Centro;mTa;A região encontra-se sob influência do escoamento de leste/nordeste advindo do Atlântico Sul, característico da atuação da Massa Tropical Atlântica na porção central do país.;Outono;;;;;;;;;;;;;;;;
2025-05-23 00:00:00;Sul;mPa;A região apresenta temperaturas reduzidas e gradientes de pressão característicos da retaguarda de uma frente fria, evidenciando o domínio da massa de ar polar.;Outono;;;;;;;;;;;;;;;;
2025-05-24 00:00:00;Norte;mEc;A região apresenta características típicas de um ambiente equatorial, com alta umidade e temperaturas elevadas, refletindo o domínio da Massa Equatorial Continental sobre a Amazôni;Outono;;;;;;;;;;;;;;;;
2025-05-24 00:00:00;Nordeste;mTa;Predominio da massa tropical atlantica na regiao nordeste, evidenciada pelo fluxo de leste influenciado pela circulacao do anticiclone subtropical sobre o oceano adjacente.;Outono;;;;;;;;;;;;;;;;
2025-05-24 00:00:00;Litoral;mTa;A região delimitada está sob a influência do fluxo marítimo da alta pressão, caracterizando a atuação da massa Tropical Atlântica com suas propriedades de umidade e temperatura.;Outono;;;;;;;;;;;;;;;;
2025-05-24 00:00:00;Centro;mTa;A região encontra-se sob influência do fluxo de circulação marítima da Alta Subtropical do Atlântico Sul, caracterizando a presença da Massa Tropical Atlântica (mTa).;Outono;;;;;;;;;;;;;;;;
2025-05-24 00:00:00;Sul;mPa;Regiao sob clara influencia do post-frontal de sistema de alta pressao, apresentando valores de temperatura e ponto de orvalho reduzidos, caracteristicos do ingresso da mPa.;Outono;;;;;;;;;;;;;;;;
2025-05-25 00:00:00;Norte;mEc;A região delimitada compreende a bacia amazônica. Verifica-se o predomínio de condições tropicais úmidas e quentes, características da massa equatorial continental sem influência d;Outono;;;;;;;;;;;;;;;;
2025-05-25 00:00:00;Nordeste;mTa;A região apresenta predominância de um fluxo marítimo de leste a sudeste, característico da circulação da massa Tropical Atlântica sobre o setor costeiro e interior do Nordeste.;Outono;;;;;;;;;;;;;;;;
2025-05-25 00:00:00;Litoral;mTa;A região delimitada está sob forte influência do escoamento marítimo oriundo do oceano Atlântico, configurando a predominância da massa Tropical Atlântica (mTa) na costa leste.;Outono;;;;;;;;;;;;;;;;
2025-05-25 00:00:00;Centro;mPa;A regiao delimitada encontra-se sob a influência direta do avanco de uma massa de ar frio pós-frontal, evidenciada pela queda nas temperaturas e valores térmicos característicos.;Outono;;;;;;;;;;;;;;;;
2025-05-25 00:00:00;Sul;mPa;A região delimitada encontra-se sob influência de massa de ar frio e seco, avançando pelo setor meridional do continente após a passagem de sistema frontal.;Outono;;;;;;;;;;;;;;;;
2025-05-26 00:00:00;Norte;mEc;Região central da Bacia Amazônica sob domínio da Massa Equatorial Continental, apresentando características de ar quente e úmido típicas da sua região de origem permanente.;Outono;;;;;;;;;;;;;;;;
2025-05-26 00:00:00;Nordeste;mTa;Predominio de circulacao de leste/sudeste associada a estabilidade atmosferica sobre o Nordeste, caracterizando a influencia da massa de ar quente e umida de origem oceanica.;Outono;;;;;;;;;;;;;;;;
2025-05-26 00:00:00;Litoral;mTa;Predominância de ar quente e úmido no setor costeiro, sob influência da circulação marítima da alta pressão subtropical, caracterizando a atuação da massa Tropical Atlântica.;Outono;;;;;;;;;;;;;;;;
2025-05-26 00:00:00;Centro;mTa;Região sob influência direta do fluxo de ar quente e úmido proveniente do Atlântico, característico da circulação da ASAS que ancora o estabelecimento da mTa sobre o setor.;Outono;;;;;;;;;;;;;;;;
2025-05-26 00:00:00;Sul;mPa;A região delimitada encontra-se sob influência do avanço de uma frente fria, caracterizada por temperaturas em declínio e advecção de uma massa de ar frio e úmido de origem polar.;Outono;;;;;;;;;;;;;;;;
2025-05-27 00:00:00;Norte;mEc;A regiao delimitada posiciona-se sobre a bacia Amazonica, onde as observacoes de superficie indicam caracteristicas de alta umidade e temperatura, condizentes com a massa equatoria;Outono;;;;;;;;;;;;;;;;
2025-05-27 00:00:00;Nordeste;mTa;A região encontra-se sob influência do fluxo de leste da alta subtropical, caracterizando a atuação da massa Tropical Atlântica, quente e úmida, predominante no setor.;Outono;;;;;;;;;;;;;;;;
2025-05-27 00:00:00;Litoral;mTa;Regiao sob dominio do escoamento de leste-sudeste induzido pelo anticiclone subtropical, caracterizando a presenca de massa de ar quente e umida sobre o litoral brasileiro.;Outono;;;;;;;;;;;;;;;;
2025-05-27 00:00:00;Centro;mPa;A região demarcada encontra-se sob a influência direta do avanço da massa polar atlântica, caracterizada pelo resfriamento das temperaturas e estabilidade pós-passagem de frente fr;Outono;;;;;;;;;;;;;;;;
2025-05-27 00:00:00;Sul;mPa;Observa-se o avanco de uma massa de ar frio e seco (mPa) posterior a passagem de sistema frontal, evidenciado pelas baixas temperaturas e ventos do quadrante sul no setor.;Outono;;;;;;;;;;;;;;;;
2025-05-28 00:00:00;Norte;mEc;A região demarcada encontra-se sobre a bacia amazônica, caracterizada por altas temperaturas e umidade, sob domínio da massa equatorial continental, sem influência de sistemas fron;Outono;;;;;;;;;;;;;;;;
2025-05-28 00:00:00;Nordeste;mTa;A região sob análise é dominada pelo fluxo de leste/sudeste associado à Alta Subtropical do Atlântico Sul, caracterizando a atuação da Massa Tropical Atlântica nesta área.;Outono;;;;;;;;;;;;;;;;
2025-05-28 00:00:00;Litoral;mTa;Predominio da massa Tropical Atlantica na regiao costeira, caracterizada por ambiente quente e umido sob a influencia direta do fluxo marítimo do anticiclone subtropical.;Outono;;;;;;;;;;;;;;;;
2025-05-28 00:00:00;Centro;mPa;A região delimitada encontra-se sob a influência direta do avanço da Massa Polar Atlântica, caracterizada pelo gradiente térmico observado e pelo posicionamento pós-frontal.;Outono;;;;;;;;;;;;;;;;
2025-05-28 00:00:00;Sul;mPa;A região delimitada está sob forte influência de uma massa de ar frio e úmido, posicionada na retaguarda de um sistema frontal que avança pelo setor sul e sudeste do continente.;Outono;;;;;;;;;;;;;;;;
2025-05-29 00:00:00;Norte;mEc;Regiao central e norte da Amazonia sob influencia predominante da massa quente e umida de origem continental, mantendo caracteristicas termodinamicas tipicas de sua regiao fonte.;Outono;;;;;;;;;;;;;;;;
2025-05-29 00:00:00;Nordeste;mTa;Predominancia de escoamento maritimo associado ao sistema de alta pressao do Atlantico Sul, transportando ar quente e umido para a regiao delimitada.;Outono;;;;;;;;;;;;;;;;
2025-05-29 00:00:00;Litoral;mTa;A regiao delimitada encontra-se sob circulacao de ar quente e umido de origem maritima, caracteristica do dominio da Massa Tropical Atlantica (mTa) no setor leste do Brasil.;Outono;;;;;;;;;;;;;;;;
2025-05-29 00:00:00;Centro;mPa;A região encontra-se no setor frio, com retrocesso de temperaturas e umidade, caracterizando o domínio da massa de ar polar após a passagem da linha frontal pelo Centro-Oeste.;Outono;;;;;;;;;;;;;;;;
2025-05-29 00:00:00;Sul;mPa;A região delimitada encontra-se sob influência direta do ar frio e estável após a passagem de uma frente fria, caracterizando a atuação da massa de ar polar.;Outono;;;;;;;;;;;;;;;;
2025-05-30 00:00:00;Norte;mEc;Região central da América do Sul sob domínio de características equatoriais quentes e úmidas, típicas da bacia amazônica, sem influência direta de sistemas frontais nesta área.;Outono;;;;;;;;;;;;;;;;
2025-05-30 00:00:00;Nordeste;mTa;A região delimitada está sob forte influência do escoamento marítimo de leste, característico da circulação da alta subtropical, mantendo o domínio de ar tropical quente e úmido.;Outono;;;;;;;;;;;;;;;;
2025-05-30 00:00:00;Litoral;mTa;A regiao delimitada esta sob influencia da circulacao do anticiclone subtropical, apresentando caracteristicas de ar quente e umido, tipico da massa Tropical Atlantica.;Outono;;;;;;;;;;;;;;;;
2025-05-30 00:00:00;Centro;mPa;A região encontra-se submetida ao fluxo pós-frontal, apresentando temperaturas reduzidas e queda no teor de umidade, característicos do ingresso da massa de ar polar.;Outono;;;;;;;;;;;;;;;;
2025-05-30 00:00:00;Sul;mPa;A região delimitada apresenta temperaturas baixas e está posicionada logo atrás da frente fria, indicando o ingresso e predomínio de uma massa de ar frio e úmido de origem polar.;Outono;;;;;;;;;;;;;;;;
2025-06-02 00:00:00;Norte;mEc;Regiao central da Amazonia sem influencia direta de sistemas frontais, caracterizada por baixas pressões, alta umidade e temperaturas elevadas típicas da origem continental.;Outono;;;;;;;;;;;;;;;;
2025-06-02 00:00:00;Nordeste;mTa;Predomínio de estabilidade atmosférica e circulação marítima característica do fluxo da ASAS, favorecendo a atuação da massa de ar Tropical Atlântica quente e úmida.;Outono;;;;;;;;;;;;;;;;
2025-06-02 00:00:00;Litoral;mTa;O setor delimitado encontra-se sob domínio do escoamento oceânico zonal provindo de leste, característico da circulação da Massa Tropical Atlântica (mTa) no litoral leste brasileir;Outono;;;;;;;;;;;;;;;;
2025-06-02 00:00:00;Centro;mPa;A região encontra-se submetida ao fluxo pós-frontal impulsionado pela circulação de um sistema de alta pressão, caracterizando o avanço de ar frio e seco de origem polar.;Outono;;;;;;;;;;;;;;;;
2025-06-02 00:00:00;Sul;mPa;A região apresenta o avanço de uma massa de ar frio e seco, caracterizada por temperaturas reduzidas e baixos valores de ponto de orvalho, consolidando o domínio da mPa no setor.;Outono;;;;;;;;;;;;;;;;
2025-06-03 00:00:00;Norte;mEc;A região delimitada compreende a bacia amazônica. A persistência de altos índices de umidade e temperaturas elevadas caracteriza o domínio da massa equatorial continental.;Outono;;;;;;;;;;;;;;;;
2025-06-03 00:00:00;Nordeste;mTa;A região delimitada está sob forte influência do escoamento marítimo de leste, característico da massa tropical atlântica, que predomina sobre o setor nordestino.;Outono;;;;;;;;;;;;;;;;
2025-06-03 00:00:00;Litoral;mTa;A região delimitada encontra-se sob influência da circulação da ASAS, caracterizando o aporte de umidade e o domínio térmico típico da Massa Tropical Atlântica no litoral brasileir;Outono;;;;;;;;;;;;;;;;
2025-06-03 00:00:00;Centro;mPa;A regiao delimitada encontra-se sob a influencia da massa polar atlantica (mPa), caracterizada pelo avanco posterior a frente fria, evidenciado pelos valores de temperatura em qued;Outono;;;;;;;;;;;;;;;;
2025-06-03 00:00:00;Sul;mPa;A região delimitada no setor Sul encontra-se sob influência de massa de ar frio e seco, caracterizando a mPa que ingressa no continente após a passagem de sistema frontal.;Outono;;;;;;;;;;;;;;;;
2025-06-04 00:00:00;Norte;mEc;A região delimitada abrange a bacia amazônica e áreas adjacentes, onde a massa de ar quente e úmida de origem continental (mEc) prevalece sobre o interior do país.;Outono;;;;;;;;;;;;;;;;
2025-06-04 00:00:00;Nordeste;mTa;A região sob análise está sob o domínio do escoamento marítimo de leste, caracterizando a atuação predominante da massa Tropical Atlântica com transporte de umidade para o continen;Outono;;;;;;;;;;;;;;;;
2025-06-04 00:00:00;Litoral;mTa;Regiao sob clara influencia do escoamento marítimo associado ao sistema de alta pressao do Atlantico Sul, caracterizando a atuacao da massa de ar tropical maritima (mTa).;Outono;;;;;;;;;;;;;;;;
2025-06-04 00:00:00;Centro;mPa;A região central apresenta queda de temperatura e valores de ponto de orvalho consistentes após o avanço de sistema frontal, evidenciando o predomínio da massa polar atlântica.;Outono;;;;;;;;;;;;;;;;
2025-06-04 00:00:00;Sul;mPa;A região apresenta declínio térmico e advecção de ar frio associada ao avanço de um sistema frontal, caracterizando a atuação e o domínio da Massa Polar Atlântica.;Outono;;;;;;;;;;;;;;;;
2025-06-05 00:00:00;Norte;mEc;A regiao delimitada encontra-se sobre a bacia Amazonica, caracterizada por temperaturas estaveis e elevada umidade, sob predominio de caracteristicas continentais da massa equatori;Outono;;;;;;;;;;;;;;;;
2025-06-05 00:00:00;Nordeste;mTa;Predomínio de fluxo marítimo oriundo do Atlântico Sul, transportando umidade sobre a região, caracterizando a atuação da massa de ar Tropical Atlântica no setor.;Outono;;;;;;;;;;;;;;;;
2025-06-05 00:00:00;Litoral;mTa;A regiao delimitada esta sob influencia direta do fluxo maritimo associado ao sistema de alta pressao do Atlantico Sul, caracterizando o dominio da massa Tropical Atlantica.;Outono;;;;;;;;;;;;;;;;
2025-06-05 00:00:00;Centro;mPa;A região apresenta o avanço de uma frente fria, com queda de temperaturas e ventos do quadrante sul/sudoeste, caracterizando a atuação da massa de ar polar após a passagem do siste;Outono;;;;;;;;;;;;;;;;
2025-06-05 00:00:00;Sul;mPa;A região delimitada está sob forte influência de subsidência e advecção de ar frio associada ao avanço de uma massa polar, refletindo temperaturas reduzidas nos registros sinóticos;Outono;;;;;;;;;;;;;;;;
2025-06-06 00:00:00;Norte;mEc;A região delimitada abrange a bacia amazônica e adjacências, sob domínio característico da Massa Equatorial Continental, que apresenta elevadas temperaturas e umidade abundante.;Outono;;;;;;;;;;;;;;;;
2025-06-06 00:00:00;Nordeste;mTa;A região encontra-se sob influência direta do fluxo de leste/sudeste associado à célula de alta pressão oceânica, caracterizando o predomínio da Massa Tropical Atlântica.;Outono;;;;;;;;;;;;;;;;
2025-06-06 00:00:00;Centro;mPa;A região encontra-se sob efeito direto do avanço de uma frente fria e do fluxo de ar polar, caracterizado pelo declínio térmico acentuado observado nas estações meteorológicas.;Outono;;;;;;;;;;;;;;;;
2025-06-06 00:00:00;Sul;mPa;A região delimitada situa-se na retaguarda da frente fria, caracterizada pela incursão de ar frio e seco, consolidando o domínio da Massa Polar Atlântica sobre o setor.;Outono;;;;;;;;;;;;;;;;
2025-06-07 00:00:00;Norte;mEc;A região delimitada compreende a bacia amazônica e adjacências, onde predomina uma massa de ar quente e úmida de origem continental, característica da região no período.;Outono;;;;;;;;;;;;;;;;
2025-06-07 00:00:00;Nordeste;mTa;Regiao sob dominio do escoamento de leste-nordeste associado ao transporte de umidade do oceano, caracterizando a atuacao predominante da Massa Tropical Atlantica no setor.;Outono;;;;;;;;;;;;;;;;
2025-06-07 00:00:00;Litoral;mTa;A regiao delimitada esta sob influencia da circulacao periferica da alta pressao do Atlantico Sul, caracterizando a predominancia da Massa Tropical Atlantica (mTa) no litoral leste;Outono;;;;;;;;;;;;;;;;
2025-06-07 00:00:00;Centro;mPa;Regiao sob influencia de adveccao fria e aumento de pressao pos-passagem de frente fria, caracterizando o avanco de massa de ar polar pelo interior do continente.;Outono;;;;;;;;;;;;;;;;
2025-06-07 00:00:00;Sul;mPa;A região delimitada apresenta características típicas de pós-frontal, com advecção de ar frio e úmido sobre o setor, confirmando o predomínio da massa polar atlântica.;Outono;;;;;;;;;;;;;;;;
2025-06-08 00:00:00;Norte;mEc;Região situada na bacia Amazônica, caracterizada por baixos gradientes de pressão e ausência de sistemas frontais, sob influência direta e predominante da massa Equatorial Continen;Outono;;;;;;;;;;;;;;;;
2025-06-08 00:00:00;Nordeste;mTa;Predominio da massa tropical atlantica na regiao nordeste, caracterizada pelo transporte de umidade do oceano para o continente sob influencia do escoamento de leste.;Outono;;;;;;;;;;;;;;;;
2025-06-08 00:00:00;Litoral;mTa;Região sob influência direta do escoamento marítimo associado à alta pressão subtropical, caracterizada por transporte de ar quente e úmido sobre o setor costeiro.;Outono;;;;;;;;;;;;;;;;
2025-06-08 00:00:00;Centro;mPa;A regiao delimitada esta sob a influencia direta da circulacao pos-frontal, apresentando adveccao de ar frio e seco apos a passagem de um sistema frontal pelo Centro-Oeste.;Outono;;;;;;;;;;;;;;;;
2025-06-08 00:00:00;Sul;mPa;A regiao delimitada esta sob influencia direta do avanco de uma massa de ar frio e umido (mPa), pos-frontal, evidenciada pelos baixos valores de temperatura no setor.;Outono;;;;;;;;;;;;;;;;
2025-06-09 00:00:00;Norte;mEc;A região demarcada encontra-se sobre a bacia amazônica, caracterizada por temperaturas elevadas e alta umidade, típicas da influência predominante da massa Equatorial Continental.;Outono;;;;;;;;;;;;;;;;
2025-06-09 00:00:00;Nordeste;mTa;Predominio da massa Tropical Atlantica na regiao do Nordeste, caracterizada por fluxos de leste influenciados pela circulacao ciclonica adjacente, mantendo condicoes quentes e umid;Outono;;;;;;;;;;;;;;;;
2025-06-09 00:00:00;Litoral;mTa;A região delimitada está sob forte influência do fluxo marítimo do quadrante leste, característico da circulação da massa tropical atlântica, mantendo condições quentes e úmidas.;Outono;;;;;;;;;;;;;;;;
2025-06-09 00:00:00;Centro;mPa;Regiao sob incidencia de subsidencia e adveccao de ar frio de origem polar, caracterizada por valores de temperatura e ponto de orvalho reduzidos apos a passagem de sistema frontal;Outono;;;;;;;;;;;;;;;;
2025-06-09 00:00:00;Sul;mPa;A regiao delimitada esta sob influencia direta de uma massa de ar frio e seco (mPa), evidenciada pelos baixos valores de temperatura e pressao caracteristicos apos a passagem de si;Outono;;;;;;;;;;;;;;;;
2025-06-10 00:00:00;Norte;mEc;A regiao delimitada esta sob influencia direta da Massa Equatorial Continental, caracterizada por baixos gradientes de pressao e umidade elevada tipica da bacia Amazonica.;Outono;;;;;;;;;;;;;;;;
2025-06-10 00:00:00;Nordeste;mTa;Zona sob influência direta do fluxo de leste marítimo associado ao gradiente de pressão do Atlântico, caracterizando o predomínio de ar quente e úmido de origem tropical.;Outono;;;;;;;;;;;;;;;;
2025-06-10 00:00:00;Litoral;mTa;Regiao sob influencia do escoamento zonal e anticiclonico tipico do Atlantico Sul, caracterizando a predominancia da massa Tropical Atlantica quente e umida no setor leste.;Outono;;;;;;;;;;;;;;;;
2025-06-10 00:00:00;Centro;mPa;A região destacada apresenta o ingresso de uma massa de ar frio e seco, caracterizado pelos valores de ponto de orvalho reduzidos e o avanço de uma frente fria no setor.;Outono;;;;;;;;;;;;;;;;
2025-06-10 00:00:00;Sul;mPa;A região encontra-se no setor pós-frontal (advecção fria) associado ao deslocamento de uma frente fria, caracterizando o ingresso e predomínio de ar frio e úmido da mPa.;Outono;;;;;;;;;;;;;;;;
2025-06-11 00:00:00;Norte;mEc;A região delimitada abrange a bacia amazônica, onde predomina a Massa Equatorial Continental (mEc), caracterizada por elevada umidade e temperaturas tropicais constantes.;Outono;;;;;;;;;;;;;;;;
2025-06-11 00:00:00;Nordeste;mTa;A região do Nordeste encontra-se sob influência da circulação da alta subtropical, caracterizando o predomínio de ar quente e úmido transportado do oceano para o continente.;Outono;;;;;;;;;;;;;;;;
2025-06-11 00:00:00;Litoral;mTa;A regiao delimitada esta sob o regime de fluxo de sudeste caracteristico da circulacao de alta pressao oceanica, configurando o predominio da massa tropical atlantica.;Outono;;;;;;;;;;;;;;;;
2025-06-11 00:00:00;Centro;mPa;A região apresenta o avanço de uma massa polar após a passagem de uma frente fria, evidenciado pelos gradientes de temperatura e deslocamento do sistema pelo centro do país.;Outono;;;;;;;;;;;;;;;;
2025-06-11 00:00:00;Sul;mPa;A regiao delimitada esta sob a influencia direta da retaguarda de uma frente fria, caracterizada pela adveccao de ar polar, queda nas temperaturas e ascendencia da mPa no setor.;Outono;;;;;;;;;;;;;;;;
2025-06-12 00:00:00;Norte;mEc;Região situada na Bacia Amazônica, apresentando características de ar quente e úmido sob estabilidade térmica, sem influência direta de sistemas frontais, confirmando a mEc.;Outono;;;;;;;;;;;;;;;;
2025-06-12 00:00:00;Nordeste;mTa;Região sob influência direta do fluxo de leste da alta pressão subtropical do Atlântico Sul, caracterizando a predominância da massa de ar Tropical Atlântica no setor indicado.;Outono;;;;;;;;;;;;;;;;
2025-06-12 00:00:00;Litoral;mEa;A região delimitada no litoral norte/nordeste encontra-se sob influência da Massa Equatorial Atlântica, caracterizada pelo fluxo quente e úmido predominante na faixa costeira.;Outono;;;;;;;;;;;;;;;;
2025-06-12 00:00:00;Centro;mPa;A região encontra-se submetida ao fluxo pós-frontal de um sistema de alta pressão extratropical, caracterizando o ingresso de ar frio e seco, consolidando o domínio da mPa.;Outono;;;;;;;;;;;;;;;;
2025-06-12 00:00:00;Sul;mPa;Regiao sob clara influencia da subsidencia pos-frontal, apresentando declinio acentuado nas temperaturas e baixos teores de umidade, caracteristicos do ingresso da massa polar.;Outono;;;;;;;;;;;;;;;;
2025-06-13 00:00:00;Norte;mEc;A regiao delimitada esta sob influencia direta da circulacao amazonica, apresentando caracteristicas tipicas de massa quente e umida sem interferencia de sistemas frontais.;Outono;;;;;;;;;;;;;;;;
2025-06-13 00:00:00;Nordeste;mTa;Predominio da massa Tropical Atlantica no setor, caracterizada pelo fluxo de leste que transporta umidade do oceano para o continente, mantendo estabilidade térmica na regiao norde;Outono;;;;;;;;;;;;;;;;
2025-06-13 00:00:00;Litoral;mTa;Região sob influência direta do fluxo de leste/sudeste associado ao gradiente de pressão do Atlântico Sul, caracterizando a predominância da massa Tropical Atlântica.;Outono;;;;;;;;;;;;;;;;
2025-06-13 00:00:00;Centro;mPa;A região apresenta o avanço e a predominância da massa polar atlântica, caracterizada por temperaturas reduzidas e gradiente de pressão típico de um pós-frontal abrangente.;Outono;;;;;;;;;;;;;;;;
2025-06-13 00:00:00;Sul;mPa;A regiao delimitada encontra-se sob a influencia da massa de ar polar apos a passagem de uma frente fria, caracterizada pela diminuicao das temperaturas e entrada de ar frio.;Outono;;;;;;;;;;;;;;;;
2025-06-16 00:00:00;Norte;mEc;Região situada sobre a bacia amazônica, caracterizada pela predominância de ar quente e úmido de origem continental, sem influência de sistemas frontais ou circulação oceânica.;Outono;;;;;;;;;;;;;;;;
2025-06-16 00:00:00;Nordeste;mTa;Predominância da Massa Tropical Atlântica, caracterizada pelo fluxo de leste que transporta umidade oceânica para o setor costeiro e interior da região Nordeste.;Outono;;;;;;;;;;;;;;;;
2025-06-16 00:00:00;Litoral;mTa;A região encontra-se sob domínio do fluxo de ventos de leste e sudeste, característico da circulação da alta pressão subtropical do Atlântico Sul, transportando umidade marítima.;Outono;;;;;;;;;;;;;;;;
2025-06-16 00:00:00;Centro;mPa;A região delimitada encontra-se sob influência do avanço de uma massa de ar frio e seco, evidenciada pela retaguarda do sistema frontal que percorre o setor.;Outono;;;;;;;;;;;;;;;;
2025-06-16 00:00:00;Sul;mPa;A região apresenta características de baixas temperaturas e umidade após a passagem de uma frente fria, sob a influência direta do avanço da massa de ar polar pelo Sul do Brasil.;Outono;;;;;;;;;;;;;;;;
2025-06-17 00:00:00;Norte;mEc;Região central da Bacia Amazônica sob domínio da massa equatorial continental, caracterizada por elevados índices de umidade e temperaturas tropicais persistentes.;Outono;;;;;;;;;;;;;;;;
2025-06-17 00:00:00;Nordeste;mTa;Predominância da Massa Tropical Atlântica, caracterizada pelo escoamento de leste/sudeste associado ao transporte de umidade do oceano para o setor nordestino.;Outono;;;;;;;;;;;;;;;;
2025-06-17 00:00:00;Litoral;mTa;A região delimitada está sob forte influência da circulação marítima da Alta Subtropical, caracterizando o predomínio da massa Tropical Atlântica (mTa) no litoral leste do país.;Outono;;;;;;;;;;;;;;;;
2025-06-17 00:00:00;Centro;mTa;Regiao sob influencia do escoamento do Atlantico Sul, apresentando estabilidade termica e umidade caracteristicas da circulacao da massa Tropical Atlantica no setor.;Outono;;;;;;;;;;;;;;;;
2025-06-17 00:00:00;Sul;mPa;A região apresenta o avanço de uma massa de ar frio e seco, caracterizado por temperaturas em declínio e dissipação da nebulosidade, típicos do domínio da massa polar atlântica.;Outono;;;;;;;;;;;;;;;;
2025-06-18 00:00:00;Norte;mEc;A região delimitada encontra-se sobre a bacia amazônica e adjacências, sob domínio de ar quente e úmido característico da Massa Equatorial Continental, sem influência de sistemas f;Outono;;;;;;;;;;;;;;;;
2025-06-18 00:00:00;Nordeste;mTa;Regiao sob influencia de fluxo marítimo de sudeste, característico da circulação da alta subtropical do Atlântico Sul, transportando umidade e temperaturas elevadas para o setor.;Outono;;;;;;;;;;;;;;;;
2025-06-18 00:00:00;Litoral;mTa;Regiao sob clara influencia do fluxo zonal de leste, caracteristico da circulacao periferica da alta subtropical do Atlantico Sul, transportando ar quente e umido para o litoral.;Outono;;;;;;;;;;;;;;;;
2025-06-18 00:00:00;Centro;mPa;Região situada a retaguarda de sistema frontal que avançou sobre o Centro-Oeste/Sudeste, sendo influenciada pela advecção de ar frio e seco característico da massa polar atlântica.;Outono;;;;;;;;;;;;;;;;
2025-06-18 00:00:00;Sul;mPa;A região delimitada está sob forte influência do fluxo pós-frontal, apresentando declínio térmico e características de estabilidade associadas ao avanço da mPa pelo setor sul do pa;Outono;;;;;;;;;;;;;;;;
2025-06-19 00:00:00;Norte;mEc;A regiao delimitada sobre a Amazonia apresenta caracteristicas termodinamicas tipicas da Massa Equatorial Continental, com umidade elevada e sem influencia de sistemas frontais.;Outono;;;;;;;;;;;;;;;;
2025-06-19 00:00:00;Nordeste;mTa;A região encontra-se sob influência do fluxo equatorial e persistência da circulação marítima, com estabilidade térmica característica da massa Tropical Atlântica predominante.;Outono;;;;;;;;;;;;;;;;
2025-06-19 00:00:00;Litoral;mTa;Regiao sob influencia do escoamento de leste-nordeste estabelecido pela circulacao maritima, apresentando caracteristicas de estabilidade e umidade tipicas da massa tropical atlant;Outono;;;;;;;;;;;;;;;;
2025-06-19 00:00:00;Centro;mPa;Região sob influência de ar frio e seco após a passagem de sistema frontal, caracterizada por temperaturas e umidades reduzidas típicas do avanço da massa polar sobre o interior.;Outono;;;;;;;;;;;;;;;;
2025-06-19 00:00:00;Sul;mPa;A regiao delimitada encontra-se sob a influencia direta do avancado de uma massa de ar frio e seco, caracterizada por baixas temperaturas apos a passagem de um sistema frontal.;Inverno;;;;;;;;;;;;;;;;
2025-06-20 00:00:00;Norte;mEc;A regiao delimitada esta sob influencia da Massa Equatorial Continental, caracterizada por ser quente e umida, predominante na Amazonia nesta configuracao sinotica.;Inverno;;;;;;;;;;;;;;;;
2025-06-20 00:00:00;Nordeste;mTa;A região esta sob influencia do fluxo zonal leste do escoamento da ASAS, que transporta ar quente e umido sobre o setor costeiro e interior, caracterizando a mTa.;Inverno;;;;;;;;;;;;;;;;
2025-06-20 00:00:00;Litoral;mTa;A região delimitada está sob influência do escoamento marítimo persistente associado à circulação da ASAS, caracterizando o domínio da massa Tropical Atlântica.;Inverno;;;;;;;;;;;;;;;;
2025-06-20 00:00:00;Centro;mPa;A região encontra-se no quadrante posterior à passagem da frente fria, sob influência de advecção de ar frio e seco, caracterizando o avanço claro da massa polar atlântica.;Inverno;;;;;;;;;;;;;;;;
2025-06-20 00:00:00;Sul;mPa;A região analisada encontra-se sob efeito direto de um sistema frontal, caracterizando a incursão da massa de ar polar (mPa) logo após a passagem da frente fria pelo setor Sul.;Inverno;;;;;;;;;;;;;;;;
2025-06-21 00:00:00;Norte;mEc;A região apresenta características de baixas latitudes sobre o interior do continente, sob influência da massa quente e úmida de origem amazônica, sem intrusão de sistemas frontais;Inverno;;;;;;;;;;;;;;;;
2025-06-21 00:00:00;Nordeste;mTa;Predominio da massa Tropical Atlantica na regiao NE, caracterizada pelo fluxo de leste que transporta umidade do oceano para o continente, mantendo estabilidade termica e umidade r;Inverno;;;;;;;;;;;;;;;;
2025-06-21 00:00:00;Litoral;mTa;A regiao delimitada esta sob o dominio da circulacao de um sistema de alta pressao no Atlantico Sul, caracterizando o fluxo persistente de ar quente e umido maritimo.;Inverno;;;;;;;;;;;;;;;;
2025-06-21 00:00:00;Centro;mPa;A região apresenta características de subsidência e resfriamento pós-frontal, com a massa de ar polar avançando firmemente sobre o setor central do continente.;Inverno;;;;;;;;;;;;;;;;
2025-06-21 00:00:00;Sul;mPa;A região apresenta temperaturas baixas e advecção de ar frio resultante do avanço de trajetória sobre o continente, caracterizando o domínio da massa de ar polar após a frente fria;Inverno;;;;;;;;;;;;;;;;
2025-06-22 00:00:00;Norte;mEc;A região demarcada encontra-se sobre a bacia amazônica. Observa-se a ausência de sistemas frontais, com predomínio de condições características da massa de ar quente e úmida contin;Inverno;;;;;;;;;;;;;;;;
2025-06-22 00:00:00;Nordeste;mTa;A região demarcada encontra-se sob influência direta do fluxo de ar quente e úmido vindo do Oceano Atlântico, característico do domínio da massa Tropical Atlântica.;Inverno;;;;;;;;;;;;;;;;
2025-06-22 00:00:00;Litoral;mTa;A área delimitada encontra-se sob domínio do fluxo marítimo persistente proveniente do oceano, caracterizando a atuação da massa Tropical Atlântica (mTa) no litoral leste brasileir;Inverno;;;;;;;;;;;;;;;;
2025-06-22 00:00:00;Centro;mPa;A região apresenta declínio térmico e advecção fria na retaguarda da frente fria, caracterizando a influência da massa polar atlântica avançando sobre o continente.;Inverno;;;;;;;;;;;;;;;;
2025-06-22 00:00:00;Sul;mPa;A região delimitada encontra-se sob influência de massa de ar frio e úmido (mPa), caracterizada pela queda nas temperaturas após a passagem de sistema frontal pelo setor.;Inverno;;;;;;;;;;;;;;;;
2025-06-23 00:00:00;Norte;mEc;Região central da Bacia Amazônica sob domínio da massa equatorial continental, caracterizada por ambiente quente e úmido e ausência de influência de sistemas polares na área delimi;Inverno;;;;;;;;;;;;;;;;
2025-06-23 00:00:00;Nordeste;mTa;Regiao sob predominio do fluxo de sudeste/leste, caracteristico da massa Tropical Atlantica, que transporta umidade do oceano para o leste do Nordeste brasileiro.;Inverno;;;;;;;;;;;;;;;;
2025-06-23 00:00:00;Litoral;mTa;Predominio da massa tropical atlantica na regiao costeira sob influencia do fluxo de sudeste, caracterizada por condicoes quentes e umidas oriundas do oceano.;Inverno;;;;;;;;;;;;;;;;
2025-06-23 00:00:00;Centro;mPa;A região encontra-se submetida ao fluxo de subsidência e avanço de ar frio após a passagem de sistema frontal, evidenciado pelas baixas temperaturas e umidade no setor Sudeste.;Inverno;;;;;;;;;;;;;;;;
2025-06-23 00:00:00;Sul;mPa;A região apresenta características típicas de pós-frontal, com temperaturas reduzidas e fluxo de sul/sudeste, indicando o domínio da Massa Polar Atlântica sobre o setor.;Inverno;;;;;;;;;;;;;;;;
2025-06-24 00:00:00;Norte;mEc;Regiao situada sobre a Bacia Amazonica, caracterizada pelo predominio de ar quente e umido, sem influencia de sistemas frontais ou circulação de alta pressao extratropical.;Inverno;;;;;;;;;;;;;;;;
2025-06-24 00:00:00;Nordeste;mTa;A região nordeste encontra-se sob influência da circulação estável do escoamento de leste, transportando ar quente e úmido do oceano para o continente, característico da mTa.;Inverno;;;;;;;;;;;;;;;;
2025-06-24 00:00:00;Litoral;mTa;Regiao sob dominio do fluxo de leste/sudeste associado ao escoamento da alta pressao no Oceano Atlantico, caracterizando a presenca da Massa Tropical Atlantica sobre o litoral.;Inverno;;;;;;;;;;;;;;;;
2025-06-24 00:00:00;Centro;mPa;A regiao delimitada esta sofrendo atuacao direta do fluxo de ar frio e seco pos-frontal, associado ao avanco da massa de ar polar pelo interior do continente.;Inverno;;;;;;;;;;;;;;;;
2025-06-24 00:00:00;Sul;mPa;A região delimitada encontra-se na retaguarda do sistema frontal, sob a influência direta do ingresso de ar frio e seco, característico do domínio da massa polar atlântica.;Inverno;;;;;;;;;;;;;;;;
2025-06-25 00:00:00;Norte;mEc;Região central da Bacia Amazônica apresenta características de ar quente e úmido, sob regime de calmaria e ausência de influência direta de sistemas frontais ou de alta pressão.;Inverno;;;;;;;;;;;;;;;;
2025-06-25 00:00:00;Nordeste;mTa;Região sob influência direta da circulação marítima da alta pressão do Atlântico, caracterizada por transporte de umidade e temperaturas tropicais típicas da massa tropical atlânti;Inverno;;;;;;;;;;;;;;;;
2025-06-25 00:00:00;Litoral;mTa;A região delimitada no litoral nordestino encontra-se sob influência da circulação marítima da massa tropical atlântica, caracterizada pelo fluxo de sudeste e umidade oceânica.;Inverno;;;;;;;;;;;;;;;;
2025-06-25 00:00:00;Centro;mPa;A região demarcada encontra-se no setor pós-frontal, sob influência direta do ingresso de ar frio e seco, caracterizando a atuação da mPa em deslocamento sobre o continente.;Inverno;;;;;;;;;;;;;;;;
2025-06-25 00:00:00;Sul;mPa;A regiao delimitada esta posicionada a retaguarda de uma frente fria, sob a influencia direta do avanco de uma massa de ar frio e umido de origem polar.;Inverno;;;;;;;;;;;;;;;;
2025-06-26 00:00:00;Norte;mEc;A região delimitada compreende a bacia amazônica, onde predomina a Massa Equatorial Continental, caracterizada por baixas pressões e alta umidade sem influência de sistemas polares;Inverno;;;;;;;;;;;;;;;;
2025-06-26 00:00:00;Nordeste;mTa;A região do retângulo é dominada pelo fluxo de leste/sudeste proveniente do Atlântico, caracterizando a influência predominante da massa Tropical Atlântica (mTa).;Inverno;;;;;;;;;;;;;;;;
2025-06-26 00:00:00;Litoral;mTa;A área delimitada encontra-se sob domínio do fluxo adjacente à Alta Subtropical, caracterizando a atuação da massa Tropical Atlântica com escoamento predominante de leste/sudeste.;Inverno;;;;;;;;;;;;;;;;
2025-06-26 00:00:00;Centro;mPa;A regiao delimitada encontra-se sob a influência direta do avanço da massa de ar polar pós-frontal, observada pelo declínio das temperaturas e padrão de fluxo associado ao sistema.;Inverno;;;;;;;;;;;;;;;;
2025-06-26 00:00:00;Sul;mPa;A região delimitada encontra-se sob influência pós-frontal, apresentando valores de temperatura reduzidos e característica de massa fria e úmida típica de avanço de mPa.;Inverno;;;;;;;;;;;;;;;;
2025-06-27 00:00:00;Norte;mEc;A área delimitada sobre a bacia amazônica está sob predomínio de condições térmicas e de umidade características da massa Equatorial Continental, sem influência polar.;Inverno;;;;;;;;;;;;;;;;
2025-06-27 00:00:00;Nordeste;mTa;Predominio da massa Tropical Atlantica na regiao costeira e interior do Nordeste devido ao fluxo de leste sob influencia da circulacao do anticiclone estacionario sobre o oceano.;Inverno;;;;;;;;;;;;;;;;
2025-06-27 00:00:00;Litoral;mTa;A regiao delimitada esta sob influencia direta do fluxo zonal de leste, caracteristico da massa tropical atlantica, mantendo estabilidade e umidade no setor costeiro do Nordeste br;Inverno;;;;;;;;;;;;;;;;
2025-06-27 00:00:00;Centro;mPa;A região apresenta o avanço de uma frente fria, com penetração de uma massa de ar frio e seco (mPa) na retaguarda, caracterizada pela queda nas temperaturas e mudança na direção do;Inverno;;;;;;;;;;;;;;;;
2025-06-27 00:00:00;Sul;mPa;Regiao sob atuacao de massa de ar frio e seco apos a passagem de sistema frontal, evidenciada pelos baixos registros de temperatura e configuracao do fluxo pos-frontal.;Inverno;;;;;;;;;;;;;;;;
2025-06-28 00:00:00;Norte;mEc;Região localizada no interior da bacia amazônica, caracterizada pela predominância da massa de ar Equatorial Continental, quente e úmida, típica da climatologia local.;Inverno;;;;;;;;;;;;;;;;
2025-06-28 00:00:00;Nordeste;mTa;Regiao sob clara influencia do escoamento marítimo de leste, característico da massa tropical atlântica, apresentando umidade e temperaturas elevadas típicas do setor.;Inverno;;;;;;;;;;;;;;;;
2025-06-28 00:00:00;Litoral;mTa;Regiao sob predominio de fluxo de circulacao maritima de leste, caracterizando a influencia da massa de ar Tropical Atlantica, com transporte de calor e umidade para o setor costei;Inverno;;;;;;;;;;;;;;;;
2025-06-28 00:00:00;Centro;mPa;A regiao delimitada esta sob influencia direta do avanco de uma massa de ar frio e seco, pos-frontal, evidenciada pelas baixas temperaturas e ventos do quadrante sul.;Inverno;;;;;;;;;;;;;;;;
2025-06-28 00:00:00;Sul;mPa;Região sob influência direta de massa de ar frio e úmido, evidenciada pelo posicionamento a retaguarda de frente fria em deslocamento pelo setor Sul.;Inverno;;;;;;;;;;;;;;;;
2025-06-29 00:00:00;Norte;mEc;Região central da Bacia Amazônica, caracterizada por baixos gradientes de pressão e ausência de influência frontal, evidenciando o domínio da massa equatorial continental.;Inverno;;;;;;;;;;;;;;;;
2025-06-29 00:00:00;Nordeste;mTa;A região sob o retângulo está sob domínio do escoamento marítimo de leste/sudeste associado à circulação anticiclônica oceânica, caracterizando a atuação da mTa.;Inverno;;;;;;;;;;;;;;;;
2025-06-29 00:00:00;Litoral;mTa;Regiao sob fluxo de leste/sudeste associado ao escoamento da alta subtropical, caracterizando o dominio da Massa Tropical Atlantica no setor costeiro indicado.;Inverno;;;;;;;;;;;;;;;;
2025-06-29 00:00:00;Centro;mPa;A região encontra-se submetida ao avanço de uma massa de ar frio e úmido após a passagem de sistema frontal, evidenciado pelas temperaturas mais baixas registradas na área.;Inverno;;;;;;;;;;;;;;;;
2025-06-29 00:00:00;Sul;mPa;A regiao dentro do retangulo esta sob a influencia direta da mPa, caracterizada pelo ingresso de ar frio e seco apos a passagem de uma frente fria sobre o Sul/Sudeste.;Inverno;;;;;;;;;;;;;;;;
2025-06-30 00:00:00;Norte;mEc;Regiao central e norte do pais sob predominio da massa de ar quente e umida caracteristica da Amazonia, apresentando condicoes de elevada umidade e temperaturas tropicais estaveis.;Inverno;;;;;;;;;;;;;;;;
2025-06-30 00:00:00;Nordeste;mTa;Predomínio de valores de pressão associados ao transporte de umidade do oceano para o leste do Nordeste, caracterizando a atuação da mTa sobre a região delimitada.;Inverno;;;;;;;;;;;;;;;;
2025-06-30 00:00:00;Litoral;mTa;A região delimitada está sob o domínio do escoamento marítimo de leste/sudeste associado ao gradiente de pressão do oceano, caracterizando a atuação predominante da mTa.;Inverno;;;;;;;;;;;;;;;;
2025-06-30 00:00:00;Centro;mPa;A região delimitada situa-se à retaguarda da frente fria, sob influência da circulação anticiclônica pós-frontal, evidenciada pelas temperaturas mais baixas e fluxo de sul/sudeste.;Inverno;;;;;;;;;;;;;;;;
2025-06-30 00:00:00;Sul;mPa;A região apresenta temperaturas baixas e está localizada na retaguarda de um sistema frontal, caracterizando a influência direta da massa de ar polar atlântica (mPa).;Inverno;;;;;;;;;;;;;;;;
2025-07-01 00:00:00;Norte;mEc;Região central e norte da Amazônia sob influência da massa Equatorial Continental, caracterizada por ambiente quente e úmido predominante na ausência de sistemas frontais.;Inverno;;;;;;;;;;;;;;;;
2025-07-01 00:00:00;Nordeste;mTa;A região do Nordeste delimitada encontra-se sob o fluxo do escoamento de leste/sudeste associado à circulação marítima oceânica, predominando a massa Tropical Atlântica.;Inverno;;;;;;;;;;;;;;;;
2025-07-01 00:00:00;Litoral;mPa;A região delimitada encontra-se sob a influência direta do avanço de uma massa de ar frio e úmido após a passagem de uma frente fria, caracterizando o domínio da mPa no setor.;Inverno;;;;;;;;;;;;;;;;
2025-07-01 00:00:00;Centro;mPa;A regiao delimitada posiciona-se logo a retaguarda da frente fria (setas azuis), caracterizando o avanco e predominio da massa de ar mais fria e instavel subtropical (mPa).;Inverno;;;;;;;;;;;;;;;;
2025-07-01 00:00:00;Sul;mPa;Região sob influência direta de um núcleo de alta pressão pós-frontal, apresentando advecção de ar frio e seco típica da massa polar atlântica avançando sobre o Sul do Brasil.;Inverno;;;;;;;;;;;;;;;;
2025-07-02 00:00:00;Norte;mEc;Região central da Amazônia sob influência de massa quente e úmida de origem continental, predominante nas latitudes tropicais setentrionais fora do alcance direto da massa polar.;Inverno;;;;;;;;;;;;;;;;
2025-07-02 00:00:00;Nordeste;mTa;A região demarcada encontra-se sob domínio do fluxo dos ventos alísios provenientes do oceano Atlântico Sul, caracterizando a atuação da massa Tropical Atlântica com fluxo persiste;Inverno;;;;;;;;;;;;;;;;
2025-07-02 00:00:00;Litoral;mTa;A região delimitada está sob influência do escoamento marítimo de leste, com características tropicais e úmidas, condizentes com o predomínio da massa Tropical Atlântica.;Inverno;;;;;;;;;;;;;;;;
2025-07-02 00:00:00;Centro;mPa;A região delimitada encontra-se sob influência do fluxo pós-frontal, caracterizado por advecção fria e queda nas temperaturas, consolidando o predomínio da massa polar atlântica.;Inverno;;;;;;;;;;;;;;;;
2025-07-02 00:00:00;Sul;mPa;A região delimitada encontra-se na retaguarda do sistema frontal, evidenciada por temperaturas reduzidas e ventos do quadrante sul, caracterizando o avanço da massa polar atlântica;Inverno;;;;;;;;;;;;;;;;
2025-07-03 00:00:00;Norte;mEc;Regiao sobre a Amazonia caracterizada por ar quente e umido, mantendo suas propriedades fisicas sob influencia continental antes da chegada de instabilidades frontais ao sul.;Inverno;;;;;;;;;;;;;;;;
2025-07-03 00:00:00;Nordeste;mTa;Região sob influência predominante do fluxo de leste/sudeste associado à circulação marítima, transportando ar quente e úmido para o setor leste da região Nordeste.;Inverno;;;;;;;;;;;;;;;;
2025-07-03 00:00:00;Litoral;mTa;O setor delimitado encontra-se sob o domínio da Alta Subtropical do Atlântico Sul, caracterizando a predominância de uma Massa Tropical Atlântica (mTa) quente e úmida.;Inverno;;;;;;;;;;;;;;;;
2025-07-03 00:00:00;Centro;mPa;A região delimitada encontra-se sob influência imediata do avanço de sistema frontal, com fluxo de sudeste característico da incursão da massa de ar polar (mPa) na retaguarda.;Inverno;;;;;;;;;;;;;;;;
2025-07-03 00:00:00;Sul;mPa;A região delimitada encontra-se sob a influência direta de uma massa de ar frio e seco, avançando após a passagem de sistema frontal, evidenciado pelas baixas temperaturas observad;Inverno;;;;;;;;;;;;;;;;
2025-07-04 00:00:00;Norte;mEc;A região abrange a Bacia Amazônica, apresentando características térmicas e de umidade típicas da massa continental equatorial, sem a influência direta de sistemas frontais.;Inverno;;;;;;;;;;;;;;;;
2025-07-04 00:00:00;Nordeste;mTa;Regiao sob regime de escoamento vindo do oceano Atlantico, caracterizando a influencia da massa de ar Tropical Atlantica, com adveccao de umidade sobre o litoral do Nordeste.;Inverno;;;;;;;;;;;;;;;;
2025-07-04 00:00:00;Litoral;mTa;A regiao delimitada esta sob o regime de circulacao do escoamento de leste do Atlantico Sul, caracterizando a influencia direta da massa tropical atlantica na costa do Nordeste.;Inverno;;;;;;;;;;;;;;;;
2025-07-04 00:00:00;Centro;mPa;A região encontra-se no setor pós-frontal, sob influência direta do ar frio e estável transportado pelo avanço da massa de origem polar após a passagem da frente fria.;Inverno;;;;;;;;;;;;;;;;
2025-07-04 00:00:00;Sul;mPa;A regiao delimitada encontra-se sob a influência direta do escoamento de retaguarda de um sistema frontal, caracterizando o ingresso de ar frio e úmido de origem polar.;Inverno;;;;;;;;;;;;;;;;
2025-07-05 00:00:00;Norte;mEc;A regiao delimitada esta sob influencia da Massa Equatorial Continental, caracterizada por elevadas temperaturas e umidade, predominando sobre a bacia Amazonica.;Inverno;;;;;;;;;;;;;;;;
2025-07-05 00:00:00;Nordeste;mTa;Predominância da Massa Tropical Atlântica, caracterizada pelo fluxo de ar quente e úmido vindo do oceano, influenciando as condições estáveis e temperaturas elevadas na região do N;Inverno;;;;;;;;;;;;;;;;
2025-07-05 00:00:00;Litoral;mPa;A região delimitada está sob influência da massa de ar polar (mPa) em deslocamento, caracterizada pelo resfriamento das temperaturas e estabilidade pós-frente fria no litoral.;Inverno;;;;;;;;;;;;;;;;
2025-07-05 00:00:00;Centro;mPa;A região apresenta o avanço e a estabilização de uma massa de ar frio e seco após a passagem de uma frente fria, caracterizando o domínio da mPa no centro do continente.;Inverno;;;;;;;;;;;;;;;;
2025-07-05 00:00:00;Sul;mPa;A região delimitada encontra-se na retaguarda de um sistema frontal frio já deslocado, caracterizada pela entrada de ar mais frio e denso sobre o Sul do Brasil.;Inverno;;;;;;;;;;;;;;;;
2025-07-06 00:00:00;Norte;mEc;Região situada na bacia Amazônica, caracterizada por extensas áreas de umidade tropical e altas temperaturas, típicas do domínio da Massa Equatorial Continental.;Inverno;;;;;;;;;;;;;;;;
2025-07-06 00:00:00;Nordeste;mTa;Predominância de fluxo marítimo sob influência do sistema de alta pressão extratropical, caracterizando a atuação da massa tropical atlântica na região delimitada.;Inverno;;;;;;;;;;;;;;;;
2025-07-06 00:00:00;Litoral;mTa;A regiao delimitada esta sob influencia direta do fluxo zonal associado ao sistema de alta pressao do Atlantico Sul, caracterizando a predominancia de massa tropical maritima.;Inverno;;;;;;;;;;;;;;;;
2025-07-06 00:00:00;Centro;mPa;A regiao apresenta caracteristicas de subsidencia e temperaturas em declinio, com posicionamento a retaguarda de um sistema frontal, configurando o avanco da mPa pelo interior.;Inverno;;;;;;;;;;;;;;;;
2025-07-06 00:00:00;Sul;mPa;A região delimitada encontra-se sob influência de massa de ar frio e seco, caracterizada pelo ingresso de ar pós-frontal, evidenciado pelas baixas temperaturas reportadas no setor.;Inverno;;;;;;;;;;;;;;;;
2025-07-07 00:00:00;Norte;mEc;A região delimitada situa-se sobre a bacia amazônica, onde a mEc predomina como massa quente e úmida característica, mantendo estabilidade térmica diante da ausência de frentes.;Inverno;;;;;;;;;;;;;;;;
2025-07-07 00:00:00;Nordeste;mTa;Predomínio de massa tropical atlântica na região delimitada, caracterizada pelo transporte de umidade e calor sob regime de circulação anticiclônica periférica ao Atlântico Sul.;Inverno;;;;;;;;;;;;;;;;
2025-07-07 00:00:00;Litoral;mTa;A região delimitada está sob forte influência do escoamento marítimo de leste, característico da circulação da massa Tropical Atlântica que domina o setor costeiro dessa área.;Inverno;;;;;;;;;;;;;;;;
2025-07-07 00:00:00;Centro;mPa;A região encontra-se submetida à subsidência e advecção fria pós-frontal, com valores de temperatura reduzidos característicos da ocupação da massa de ar polar.;Inverno;;;;;;;;;;;;;;;;
2025-07-07 00:00:00;Sul;mPa;Região sob influência direta de subsidência polar e influxo de temperaturas amenas, evidenciando o domínio de uma massa de ar frio e seco após a passagem de sistema frontal.;Inverno;;;;;;;;;;;;;;;;
2025-07-08 00:00:00;Norte;mEc;A região demarcada encontra-se sobre a bacia amazônica, caracterizada por altas temperaturas e elevada umidade, sob domínio da Massa Equatorial Continental.;Inverno;;;;;;;;;;;;;;;;
2025-07-08 00:00:00;Nordeste;mTa;A regiao delimitada esta sob influencia predominante do fluxo de leste da alta pressao subtropical, caracterizando a atuacao da massa de ar Tropical Atlantica, quente e umida.;Inverno;;;;;;;;;;;;;;;;
2025-07-08 00:00:00;Litoral;mTa;A regiao delimitada encontra-se sob a influência do escoamento marítimo do quadrante leste, característico da Massa Tropical Atlântica nesta faixa litorânea.;Inverno;;;;;;;;;;;;;;;;
2025-07-08 00:00:00;Centro;mPa;A região apresenta características típicas de pós-frontal, com temperaturas reduzidas e ventos de sul/sudeste, indicando o avanço e a predominância da massa de ar polar.;Inverno;;;;;;;;;;;;;;;;
2025-07-08 00:00:00;Sul;mPa;A região apresenta declínio térmico acentuado e umidade característica, sob influência de sistema de alta pressão pós-frontal, configurando a predominância da massa polar atlântica;Inverno;;;;;;;;;;;;;;;;
2025-07-09 00:00:00;Norte;mEc;A região delimitada abrange a bacia amazônica e adjacências, sob domínio característico da Massa Equatorial Continental, ambiente quente e úmido sem influência de sistemas polares.;Inverno;;;;;;;;;;;;;;;;
2025-07-09 00:00:00;Nordeste;mTa;Região sob influência direta do escoamento de leste-sudeste proveniente do Atlântico Tropical, caracterizando o predomínio da massa tropical marítima no setor.;Inverno;;;;;;;;;;;;;;;;
2025-07-09 00:00:00;Litoral;mEa;A região delimitada no setor leste do Nordeste encontra-se sob influência da Massa Equatorial Atlântica, caracterizada pelo fluxo marítimo quente e úmido dominante nesta latitude.;Inverno;;;;;;;;;;;;;;;;
2025-07-09 00:00:00;Centro;mPa;A região apresenta o avanço de ar frio e seco, evidenciado pelas baixas temperaturas e ventos do quadrante sul logo após a passagem da frente, caracterizando a atuação da mPa.;Inverno;;;;;;;;;;;;;;;;
2025-07-09 00:00:00;Sul;mPa;A região delimitada apresenta características típicas de pós-frontal, com temperaturas baixas, confirmando a incursão e predominância da massa de ar polar sobre o setor.;Inverno;;;;;;;;;;;;;;;;
2025-07-10 00:00:00;Norte;mEc;Região centrada na Bacia Amazônica, caracterizada pela predominância da Massa Equatorial Continental, que apresenta elevados teores de umidade e temperaturas quentes.;Inverno;;;;;;;;;;;;;;;;
2025-07-10 00:00:00;Nordeste;mTa;A região encontra-se sob influência do fluxo equatorial e tropical oceânico, predominando características de ar quente e úmido transportado por ventos alísios marítimos.;Inverno;;;;;;;;;;;;;;;;
2025-07-10 00:00:00;Litoral;mTa;Regiao sob fluxo predominante de leste/sudeste associado a circulacao maritima quente e umida caracteristica da Massa Tropical Atlantica.;Inverno;;;;;;;;;;;;;;;;
2025-07-10 00:00:00;Centro;mPa;Regiao sob incidencia de afluxo de ar frio e seco, pos-passagem de sistema frontal, evidenciado pelas baixas temperaturas de ponto de orvalho e circulacao do quadrante sul.;Inverno;;;;;;;;;;;;;;;;
2025-07-10 00:00:00;Sul;mPa;A região apresenta o avanço de uma massa de ar frio e úmido após a passagem de uma frente fria, caracterizada pelas baixas temperaturas plotadas no setor sul do domínio analisado.;Inverno;;;;;;;;;;;;;;;;
2025-07-11 00:00:00;Norte;mEc;A região delimitada compreende a bacia amazônica. A ausência de sistemas frontais e o posicionamento geográfico definem a predominância da Massa Equatorial Continental.;Inverno;;;;;;;;;;;;;;;;
2025-07-11 00:00:00;Nordeste;mTa;A região encontra-se sob influência direta do fluxo marítimo de sudeste associado à ASAS, caracterizando o domínio da massa Tropical Atlântica na costa do Nordeste.;Inverno;;;;;;;;;;;;;;;;
2025-07-11 00:00:00;Litoral;mTa;A região delimitada está sob forte influência do escoamento marítimo oriundo do oceano, caracterizando a predominância da Massa Tropical Atlântica, quente e úmida, sobre o litoral ;Inverno;;;;;;;;;;;;;;;;
2025-07-11 00:00:00;Centro;mPa;A região apresenta o avanço de uma massa de ar frio e seco, caracterizado por temperaturas mais baixas e declínio acentuado nos valores de temperatura de ponto de orvalho.;Inverno;;;;;;;;;;;;;;;;
2025-07-11 00:00:00;Sul;mPa;A regiao delimitada encontra-se sob a influência direta de uma massa de ar frio e úmido, evidenciada pelos baixos valores de temperatura e ponto de orvalho, característicos da mPa.;Inverno;;;;;;;;;;;;;;;;
2025-07-12 00:00:00;Norte;mEc;A região apresenta características típicas de um ambiente continental amazônico, com altos teores de umidade e instabilidade térmica intrínseca condizente com a massa equatorial co;Inverno;;;;;;;;;;;;;;;;
2025-07-12 00:00:00;Nordeste;mTa;A região encontra-se sob domínio da circulação do escoamento de leste marítimo, característico da massa Tropical Atlântica, com estabilidade térmica e umidade oceânica.;Inverno;;;;;;;;;;;;;;;;
2025-07-12 00:00:00;Litoral;mTa;O setor delimitado encontra-se sob o fluxo do escoamento zonal de leste, característico da circulação da alta subtropical do Atlântico Sul, mantendo a predominância da massa Tropic;Inverno;;;;;;;;;;;;;;;;
2025-07-12 00:00:00;Centro;mPa;A região encontra-se sob o fluxo pós-frontal sul/sudeste com temperaturas em queda, caracterizando o avanço claro da Massa Polar Atlântica sobre o setor central do Brasil.;Inverno;;;;;;;;;;;;;;;;
2025-07-12 00:00:00;Sul;mPa;A região demarcada encontra-se sob a influência direta da massa de ar polar, evidenciada pela advecção fria e queda nas temperaturas após a passagem de sistema frontal pelo setor.;Inverno;;;;;;;;;;;;;;;;
2025-07-13 00:00:00;Norte;mEc;Regiao central da Amazonia brasileira, caracterizada por altas temperaturas e elevada umidade, sob influencia direta da massa de ar continental de origem equatorial.;Inverno;;;;;;;;;;;;;;;;
2025-07-13 00:00:00;Nordeste;mTa;Predominância da massa Tropical Atlântica, caracterizada pelo fluxo de ar marítimo quente e úmido transportado pelos ventos de sudeste/leste sobre a região Nordeste.;Inverno;;;;;;;;;;;;;;;;
2025-07-13 00:00:00;Litoral;mEa;A região delimitada no litoral nordeste encontra-se sob influência da circulação equatorial atlântica, caracterizada por ar quente e úmido predominante na faixa costeira.;Inverno;;;;;;;;;;;;;;;;
2025-07-13 00:00:00;Centro;mPa;A região delimitada encontra-se sob influência de massa de ar frio e seco (mPa), evidenciado pelas baixas temperaturas e pelo avanço do sistema frontal observado na carta sinótica.;Inverno;;;;;;;;;;;;;;;;
2025-07-13 00:00:00;Sul;mPa;A regiao encontra-se sob influencia da massa de ar pos-frontal, caracterizada por temperaturas baixas e adveccao fria, configurando a predominancia da mPa sobre o setor.;Inverno;;;;;;;;;;;;;;;;
2025-07-14 00:00:00;Norte;mEc;A regiao apresenta predominancia de caracteristicas de ar quente e umido sobre a Amazonia, sem influencia direta de sistemas frontais ou massas de origem polar.;Inverno;;;;;;;;;;;;;;;;
2025-07-14 00:00:00;Nordeste;mTa;Predominância da Massa Tropical Atlântica, caracterizada pelo transporte de umidade e calor vindo do oceano sobre a costa e o interior da região Nordeste brasileira.;Inverno;;;;;;;;;;;;;;;;
2025-07-14 00:00:00;Litoral;mTa;Região sob influência direta da circulação marítima da alta pressão, caracterizando o transporte de ar quente e úmido sobre o litoral do Nordeste brasileiro.;Inverno;;;;;;;;;;;;;;;;
2025-07-14 00:00:00;Centro;mPa;A região apresenta temperaturas baixas e umidade característica após a passagem de uma frente fria, evidenciando o domínio da massa de ar polar avançando sobre o Centro-Oeste.;Inverno;;;;;;;;;;;;;;;;
2025-07-14 00:00:00;Sul;mPa;A região delimitada apresenta características de ar frio e seco, situando-se a retaguarda da frente fria avançada, confirmando o predomínio da Massa Polar Atlântica sobre o setor.;Inverno;;;;;;;;;;;;;;;;
2025-07-15 00:00:00;Norte;mEc;Regiao central e norte da Amazonia sob influencia da massa equatorial continental, caracterizada por temperaturas elevadas e alta umidade, sem interferencia de sistemas frontais.;Inverno;;;;;;;;;;;;;;;;
2025-07-15 00:00:00;Nordeste;mTa;Região sob influência direta do fluxo de leste da alta pressão subtropical. A massa Tropical Atlântica domina o setor, mantendo características quentes e úmidas na costa e interior;Inverno;;;;;;;;;;;;;;;;
2025-07-15 00:00:00;Litoral;mTa;A região delimitada está sob a influência do fluxo marítimo da alta pressão subtropical. As temperaturas elevadas e umidade confirmam o predomínio da massa Tropical Atlântica.;Inverno;;;;;;;;;;;;;;;;
2025-07-15 00:00:00;Centro;mPa;A regiao apresenta valores de temperatura reduzidos e gradiente de pressao caracteristico do avanco de uma massa de ar frio e seco logo apos a passagem de uma frente fria.;Inverno;;;;;;;;;;;;;;;;
2025-07-15 00:00:00;Sul;mPa;A região delimitada sofre influência direta da mPa (Massa Polar Atlântica), caracterizada por temperaturas baixas e umidade, posicionada a retaguarda de um sistema frontal no setor;Inverno;;;;;;;;;;;;;;;;
2025-07-16 00:00:00;Norte;mEc;Região central da plataforma continental norte, caracterizada pela predominância da Massa Equatorial Continental, mantendo elevadas temperaturas e umidade sobre a bacia amazônica.;Inverno;;;;;;;;;;;;;;;;
2025-07-16 00:00:00;Nordeste;mTa;A região do Nordeste delimitada encontra-se sob influência do escoamento marítimo de leste, característico da massa Tropical Atlântica sob domínio da ASAS.;Inverno;;;;;;;;;;;;;;;;
2025-07-16 00:00:00;Litoral;mTa;A região delimitada encontra-se sob domínio do fluxo marítimo da circulação de alta pressão do Atlântico Sul, caracterizando a predominância da Massa Tropical Atlântica.;Inverno;;;;;;;;;;;;;;;;
2025-07-16 00:00:00;Centro;mPa;A região apresenta o avanço de uma massa de ar frio e seco, claramente posicionada na retaguarda do sistema frontal que percorre o Sudeste e Centro-Oeste do Brasil.;Inverno;;;;;;;;;;;;;;;;
2025-07-16 00:00:00;Sul;mPa;Região sob influência direta de massa de ar frio e seco, avançando após a passagem de sistema frontal, caracterizada por temperaturas reduzidas nas estações sinóticas.;Inverno;;;;;;;;;;;;;;;;
2025-07-17 00:00:00;Norte;mEc;A regiao delimitada esta sob influencia da Massa Equatorial Continental, que apresenta caracteristicas de elevada temperatura e umidade, predominante sobre a bacia Amazonica.;Inverno;;;;;;;;;;;;;;;;
2025-07-17 00:00:00;Nordeste;mTa;Predominio da massa tropical atlantica na regiao nordeste, caracterizada pelo transporte de umidade do oceano para o continente sob influencia da circulacao de alta pressao.;Inverno;;;;;;;;;;;;;;;;
2025-07-17 00:00:00;Litoral;mTa;Regiao sob influencia do escoamento maritimo associado a circulacao anticiclonica, caracterizada por caracteristicas quentes e umidas da Massa Tropical Atlantica.;Inverno;;;;;;;;;;;;;;;;
2025-07-17 00:00:00;Centro;mPa;A região delimitada encontra-se sob a influência direta do avanço da massa polar atlântica, observada pelo gradiente térmico e fluxo pós-frontal na retaguarda da frente fria.;Inverno;;;;;;;;;;;;;;;;
2025-07-17 00:00:00;Sul;mPa;A região delimitada encontra-se na retaguarda de uma frente fria, caracterizada pela incursão de ar polar frio e subida de pressão, confirmando o predomínio da mPa.;Inverno;;;;;;;;;;;;;;;;
2025-07-18 00:00:00;Norte;mEc;Regiao central e norte da Amazonia apresentando caracteristicas tipicas de subsidencia e estabilidade termica da massa equatorial continental, sem influencia de sistemas frontais.;Inverno;;;;;;;;;;;;;;;;
2025-07-18 00:00:00;Nordeste;mTa;A região demarcada encontra-se sob domínio da circulação marítima quente e úmida proveniente do Atlântico Sul, caracterizando a predominância da Massa Tropical Atlântica (mTa).;Inverno;;;;;;;;;;;;;;;;
2025-07-18 00:00:00;Litoral;mTa;Região sob influência direta do fluxo de leste/sudeste associado à circulação marítima, transportando ar quente e úmido sobre o litoral do Nordeste brasileiro.;Inverno;;;;;;;;;;;;;;;;
2025-07-18 00:00:00;Centro;mPa;A região apresenta características de ar frio e seco, com temperaturas baixas, situada imediatamente atrás de uma linha de frente fria que avança sobre o Centro-Oeste brasileiro.;Inverno;;;;;;;;;;;;;;;;
2025-07-18 00:00:00;Sul;mPa;A região delimitada encontra-se sob a influência direta de uma massa de ar frio e úmido (mPa), posicionada a retaguarda de uma frente fria que avança sobre o Sul brasileiro.;Inverno;;;;;;;;;;;;;;;;
2025-07-21 00:00:00;Norte;mEc;A região amazônica delimitada encontra-se sob domínio da Massa Equatorial Continental, caracterizada pela umidade e calor típicos da bacia, sem influência direta de sistemas fronta;Inverno;;;;;;;;;;;;;;;;
2025-07-21 00:00:00;Nordeste;mTa;Predominância da Massa Tropical Atlântica, caracterizada pelo fluxo de ar marítimo impulsionado pelo anticiclone oceânico, mantendo o tempo quente e úmido no setor oriental do Nord;Inverno;;;;;;;;;;;;;;;;
2025-07-21 00:00:00;Litoral;mTa;Regiao sob clara influencia da circulacao do anticiclone subtropical, mantendo o transporte de umidade e estabilidade termica tipica da massa de ar tropical maritima.;Inverno;;;;;;;;;;;;;;;;
2025-07-21 00:00:00;Centro;mPa;A região apresenta temperaturas reduzidas e gradiente térmico característico de pós-passagem de frente fria, indicando o domínio da massa de ar polar avançando pelo centro do país.;Inverno;;;;;;;;;;;;;;;;
2025-07-21 00:00:00;Sul;mPa;A região encontra-se submetida ao fluxo pós-frontal, com temperaturas reduzidas e gradiente de pressão característico da penetração da Massa Polar Atlântica no setor Sul.;Inverno;;;;;;;;;;;;;;;;
2025-07-22 00:00:00;Norte;mEc;A regiao delimitada esta sob o predominio da massa de ar originaria da Amazonia, caracterizada como quente e umida, sem influencia de sistemas frontais ou massas extratropicais.;Inverno;;;;;;;;;;;;;;;;
2025-07-22 00:00:00;Nordeste;mTa;Predominancia da mTa sobre a regiao, caracterizada pela circulacao do anticiclone subtropical sobre o Atlantico Sul, mantendo o transporte de umidade para o litoral nordestino.;Inverno;;;;;;;;;;;;;;;;
2025-07-22 00:00:00;Litoral;mTa;Regiao sob influencia do fluxo de nordeste associado a ASAS, caracterizando o transporte de umidade e calor da mTa pelo litoral leste brasileiro.;Inverno;;;;;;;;;;;;;;;;
2025-07-22 00:00:00;Centro;mPa;A região apresenta características de subsidência e resfriamento típico na retaguarda de sistema frontal, com temperaturas e pontos de orvalho reduzidos, indicando predomínio da mP;Inverno;;;;;;;;;;;;;;;;
2025-07-22 00:00:00;Sul;mPa;A região sob o retângulo vermelho apresenta temperaturas amenas e fluxo condizente com o ingresso de ar frio e seco após a passagem de sistema frontal, caracterizando a mPa.;Inverno;;;;;;;;;;;;;;;;
2025-07-23 00:00:00;Norte;mEc;A região destacada sobre a bacia amazônica apresenta características típicas da massa Equatorial Continental, caracterizada por alta umidade e temperaturas elevadas e estáveis.;Inverno;;;;;;;;;;;;;;;;
2025-07-23 00:00:00;Nordeste;mTa;A região encontra-se sob influência do escoamento de leste-sudeste típico da circulação da alta subtropical, caracterizando o predomínio de características da mTa.;Inverno;;;;;;;;;;;;;;;;
2025-07-23 00:00:00;Litoral;mTa;A regiao delimitada esta sob influencia direta do escoamento de leste-sudeste proveniente da alta pressao do Atlantico, caracterizando o dominio da Massa Tropical Atlantica.;Inverno;;;;;;;;;;;;;;;;
2025-07-23 00:00:00;Centro;mPa;A região delimitada apresenta características típicas de pós-frontal, com temperaturas reduzidas e gradiente térmico característico do avanço e persistência da mPa sobre o interior;Inverno;;;;;;;;;;;;;;;;
2025-07-23 00:00:00;Sul;mPa;A região delimitada encontra-se sob a influência direta do avanço da massa de ar polar, evidenciada pelas baixas temperaturas e pelo posicionamento pós-frontal no setor Sul/Sudeste;Inverno;;;;;;;;;;;;;;;;
2025-07-24 00:00:00;Norte;mEc;Regiao central do Norte sob influência da Massa Equatorial Continental (mEc), caracterizada por elevada umidade e temperaturas tropicais típicas do interior amazônico.;Inverno;;;;;;;;;;;;;;;;
2025-07-24 00:00:00;Nordeste;mTa;Predominio de circulacao de leste/sudeste associada ao transporte de umidade do oceano, caracterizando a influencia da massa Tropical Atlantica sobre a regiao costeira do Nordeste.;Inverno;;;;;;;;;;;;;;;;
2025-07-24 00:00:00;Litoral;mTa;Região sob influência direta do fluxo zonal marítimo e da circulação da ASAS, apresentando características de temperatura e umidade típicas da massa Tropical Atlântica.;Inverno;;;;;;;;;;;;;;;;
2025-07-24 00:00:00;Centro;mPa;A região apresenta forte queda nas temperaturas e valores baixos de ponto de orvalho, caracterizando o ingresso e domínio da massa de ar polar após a passagem de sistema frontal.;Inverno;;;;;;;;;;;;;;;;
2025-07-24 00:00:00;Sul;mPa;A região apresenta características de massa de ar frio e úmido, com registro de baixas temperaturas e ventos do quadrante sul, posicionada predominantemente na retaguarda do sistem;Inverno;;;;;;;;;;;;;;;;
2025-07-25 00:00:00;Norte;mEc;A região delimitada sobre a bacia amazônica caracteriza-se por temperaturas elevadas e umidade incidente, sob domínio continental estável, sem influência de sistemas frontais.;Inverno;;;;;;;;;;;;;;;;
2025-07-25 00:00:00;Nordeste;mTa;Predominancia da Massa Tropical Atlantica, transportando ar quente e umido do oceano para a costa e interior do Nordeste brasileiro, sob influencia da circulacao de alta pressao.;Inverno;;;;;;;;;;;;;;;;
2025-07-25 00:00:00;Litoral;mTa;Região sob influência direta do escoamento marítimo quente e úmido de leste/sudeste, característico da circulação da Alta Subtropical do Atlântico Sul sobre o litoral leste.;Inverno;;;;;;;;;;;;;;;;
2025-07-25 00:00:00;Centro;mPa;A região delimitada encontra-se sob influência de massa de ar frio e seco (mPa), evidenciada pelo escoamento de sul/sudeste com valores térmicos baixos, típicos pós-passagem fronta;Inverno;;;;;;;;;;;;;;;;
2025-07-25 00:00:00;Sul;mPa;A região delimitada está sob a influência direta da subsidência e avanço de uma massa de ar frio, caracterizando a mPa com temperaturas reduzidas e gradientes de pressão pós-fronta;Inverno;;;;;;;;;;;;;;;;
2025-07-26 00:00:00;Norte;mEc;A regiao delimitada esta sob influencia direta da massa de ar quente e umida caracteristica da bacia amazonica, sem interferencia de sistemas frontais nesta latitude.;Inverno;;;;;;;;;;;;;;;;
2025-07-26 00:00:00;Nordeste;mTa;A região apresenta características de estabilidade associadas ao fluxo de sudeste, sob influência da circulação marítima da ASAS, configurando o domínio da mTa.;Inverno;;;;;;;;;;;;;;;;
2025-07-26 00:00:00;Litoral;mTa;A área delimitada encontra-se sob domínio da circulação marítima da alta pressão, caracterizando o transporte de umidade e calor associado à Massa Tropical Atlântica.;Inverno;;;;;;;;;;;;;;;;
2025-07-26 00:00:00;Centro;mPa;A região delimitada encontra-se sob efeito da subsidência e advecção de ar frio após a passagem de uma frente fria, caracterizando o domínio da massa de ar polar atlântica.;Inverno;;;;;;;;;;;;;;;;
2025-07-26 00:00:00;Sul;mPa;A região encontra-se no setor pós-frontal, sob influência direta do avanço de uma massa de ar frio e seco de origem polar que domina o Sul do país.;Inverno;;;;;;;;;;;;;;;;
2025-07-27 00:00:00;Norte;mEc;A região delimitada compreende a bacia amazônica. Verifica-se o predomínio da mEc, massa quente e úmida característica da região central do continente sob condições sazonais.;Inverno;;;;;;;;;;;;;;;;
2025-07-27 00:00:00;Nordeste;mTa;Regiao sob fluxo predominante de leste/sudeste, condizente com a circulacao maritima de origem tropical, mantendo condicoes de estabilidade e umidade no setor.;Inverno;;;;;;;;;;;;;;;;
2025-07-27 00:00:00;Litoral;mTa;A região delimitada está sob forte influência do escoamento marítimo provindo do Atlântico Sul, característico da massa tropical atlântica, garantindo umidade e aquecimento costeir;Inverno;;;;;;;;;;;;;;;;
2025-07-27 00:00:00;Centro;mPa;A região apresenta o avanço e ingresso de ar frio e seco após a passagem de sistema frontal, caracterizando a atuação e predomínio da massa polar atlântica no setor.;Inverno;;;;;;;;;;;;;;;;
2025-07-27 00:00:00;Sul;mPa;A região do retângulo encontra-se a retaguarda de um sistema frontal, caracterizando a incursão e o domínio de ar frio e úmido de origem polar.;Inverno;;;;;;;;;;;;;;;;
2025-07-28 00:00:00;Norte;mEc;Região central da Bacia Amazônica sob influência da massa Equatorial Continental, caracterizada por temperaturas elevadas e elevada umidade, sem interferência de sistemas frontais.;Inverno;;;;;;;;;;;;;;;;
2025-07-28 00:00:00;Nordeste;mTa;A região do Nordeste encontra-se sob domínio do escoamento marítimo subtropical, caracterizado pelo transporte de umidade e calor sobre o setor, definindo a predominância da mTa.;Inverno;;;;;;;;;;;;;;;;
2025-07-28 00:00:00;Litoral;mTa;A regiao delimitada esta sob influencia direta da circulacao oceanica de leste/sudeste, caracterizando o dominio da massa tropical atlantica na costa leste brasileira.;Inverno;;;;;;;;;;;;;;;;
2025-07-28 00:00:00;Centro;mPa;A região delimitada localiza-se na retaguarda de um sistema frontal, caracterizada por temperaturas reduzidas e ventos de sul/sudeste, indicando o avanço e predomínio da mPa.;Inverno;;;;;;;;;;;;;;;;
2025-07-28 00:00:00;Sul;mPa;A região delimitada encontra-se sob domínio de uma massa de ar frio e seco (mPa), evidenciada pelo posicionamento a retaguarda da frente fria e baixos valores de temperatura no set;Inverno;;;;;;;;;;;;;;;;
2025-07-29 00:00:00;Norte;mEc;A região delimitada está sob influência da massa Equatorial Continental, caracterizada pela predominância de ar quente e úmido no interior do continente amazônico.;Inverno;;;;;;;;;;;;;;;;
2025-07-29 00:00:00;Nordeste;mTa;Regiao sob influencia predominante da circulacao maritima quente e umida vinda do oceano, caracterizando o dominio da Massa Tropical Atlantica sobre o nordeste brasileiro.;Inverno;;;;;;;;;;;;;;;;
2025-07-29 00:00:00;Litoral;mTa;A região delimitada no setor leste do país encontra-se sob influência do escoamento marítimo persistente proveniente do anticiclone oceânico, caracterizando a predominância da mTa.;Inverno;;;;;;;;;;;;;;;;
2025-07-29 00:00:00;Centro;mPa;A regiao delimitada esta posicionada a retaguarda de um sistema frontal, caracterizando a incursao e predominio de ar frio e seco de origem polar.;Inverno;;;;;;;;;;;;;;;;
2025-07-29 00:00:00;Sul;mPa;A região delimitada encontra-se sob a influência direta de uma massa de ar polar, evidenciada pelo posicionamento a retaguarda da frente fria e pelas baixas temperaturas registrada;Inverno;;;;;;;;;;;;;;;;
2025-07-30 00:00:00;Norte;mEc;Região central da plataforma continental brasileira sob influência da massa equatorial continental, caracterizada por altas temperaturas e estabilidade atmosférica na bacia amazôni;Inverno;;;;;;;;;;;;;;;;
2025-07-30 00:00:00;Nordeste;mTa;Predominio da massa Tropical Atlantica, transportando ar quente e umido para a regiao sob influencia do gradiente de pressao do anticiclone estacionado no oceano.;Inverno;;;;;;;;;;;;;;;;
2025-07-30 00:00:00;Litoral;mTa;A região delimitada está sob influência da circulação marítima da alta pressão, caracterizando o transporte de ar quente e úmido vindo do oceano, configurando o domínio da mTa.;Inverno;;;;;;;;;;;;;;;;
2025-07-30 00:00:00;Centro;mPa;A regiao delimitada esta sob a influencia direta de uma massa de ar frio e seco (mPa), caracterizada pela queda nas temperaturas e baixos pontos de orvalho logo apos a passagem da ;Inverno;;;;;;;;;;;;;;;;
2025-07-30 00:00:00;Sul;mPa;A região delimitada encontra-se sob influência direta da massa de ar polar, evidenciada pelas baixas temperaturas e pelo posicionamento a retaguarda da frente fria.;Inverno;;;;;;;;;;;;;;;;
2025-07-31 00:00:00;Norte;mEc;Regiao central e norte do Brasil sob influencia de ar quente e umido de origem amazonica, caracteristico do dominio da Massa Equatorial Continental durante este periodo.;Inverno;;;;;;;;;;;;;;;;
2025-07-31 00:00:00;Nordeste;mTa;A região do Nordeste delimitada encontra-se sob influência predominante do fluxo de leste da circulação marítima, caracterizando a atuação e o transporte da Massa Tropical Atlântic;Inverno;;;;;;;;;;;;;;;;
2025-07-31 00:00:00;Litoral;mTa;A regiao delimitada esta sob influencia direta do escoamento de sueste oriundo da circulacao maritima, caracterizando a predominancia da massa Tropical Atlantica no setor.;Inverno;;;;;;;;;;;;;;;;
2025-07-31 00:00:00;Centro;mPa;A região delimitada situa-se na retaguarda de um sistema frontal, caracterizada pelo ingresso de ar frio e seco, consolidando o domínio da massa polar atlântica no Centro-Oeste.;Inverno;;;;;;;;;;;;;;;;
2025-07-31 00:00:00;Sul;mPa;Região sob influência de massa de ar pós-frontal, caracterizada por baixos valores de temperatura e ponto de orvalho, típicos do avanço de uma mPa pelo setor Sul do Brasil.;Inverno;;;;;;;;;;;;;;;;
2025-08-01 00:00:00;Norte;mEc;Região central da Bacia Amazônica sob domínio de massa de ar quente e úmida, característica da mEc, consolidada sobre o setor sem interferência direta de sistemas frontais.;Inverno;;;;;;;;;;;;;;;;
2025-08-01 00:00:00;Nordeste;mTa;Região sob influência direta do escoamento marítimo de leste/sudeste, condicionado pelo anticiclone subtropical, transportando umidade e ar quente característico da mTa.;Inverno;;;;;;;;;;;;;;;;
2025-08-01 00:00:00;Litoral;mTa;Regiao sob fluxo predominante de leste/sudeste associado ao escoamento da alta subtropical, caracterizando a atuacao da massa de ar Tropical Atlantica em todo o setor costeiro.;Inverno;;;;;;;;;;;;;;;;
2025-08-01 00:00:00;Centro;mPa;A região encontra-se na retaguarda de um sistema frontal, caracterizada por temperaturas mais baixas e declínio acentuado dos valores de temperatura pontuais, típicos da mPa.;Inverno;;;;;;;;;;;;;;;;
2025-08-01 00:00:00;Sul;mPa;A regiao delimitada encontra-se sob a influência clara do setor pós-frontal, com advecção de ar frio e seco, consolidando o predomínio da massa polar atlântica.;Inverno;;;;;;;;;;;;;;;;
2025-08-02 00:00:00;Norte;mEc;Regiao sobre a bacia Amazonica, caracterizada pelo dominio de ar quente e umido de origem continental, sem influencia de sistemas frontais ou circulação maritima direta.;Inverno;;;;;;;;;;;;;;;;
2025-08-02 00:00:00;Nordeste;mTa;Predominancia da Massa Tropical Atlantica devido a influencia do escoamento marítimo sob o regime de alta pressao, mantendo caracteristicas quentes e umidas na regiao demarcada.;Inverno;;;;;;;;;;;;;;;;
2025-08-02 00:00:00;Litoral;mTa;A região delimitada está sob forte influência do escoamento marítimo oriundo do Anticiclone subtropical, caracterizando o predomínio da massa de ar Tropical Atlântica.;Inverno;;;;;;;;;;;;;;;;
2025-08-02 00:00:00;Centro;mPa;A regiao delimitada encontra-se sob a influência direta do avanço de uma massa polar após a passagem de uma frente fria, evidenciada pelos valores mais baixos de temperatura e pont;Inverno;;;;;;;;;;;;;;;;
2025-08-02 00:00:00;Sul;mPa;A região apresenta as características típicas de pós-frontal, com advecção de ar frio e umidade, posicionada imediatamente atrás da frente fria que atua no setor sul.;Inverno;;;;;;;;;;;;;;;;
2025-08-03 00:00:00;Norte;mEc;Regiao sobre o interior do continente, caracterizada por altas temperaturas e elevada umidade, sob influencia direta da circulacao e propriedades da massa equatorial continental.;Inverno;;;;;;;;;;;;;;;;
2025-08-03 00:00:00;Nordeste;mTa;A região sob o retângulo é dominada pelo fluxo marítimo de sudeste do gradiente de pressão periférico da ASAS, estabelecendo a predominância da Massa Tropical Atlântica.;Inverno;;;;;;;;;;;;;;;;
2025-08-03 00:00:00;Litoral;mTa;Região sob influência direta do fluxo de sudeste da circulação marítima, transportando ar quente e úmido característico da Massa Tropical Atlântica ao longo do litoral nordestino.;Inverno;;;;;;;;;;;;;;;;
2025-08-03 00:00:00;Centro;mPa;A região delimitada situa-se no setor pós-frontal, sob a influência direta do avanço de uma massa de ar mais fria e estável associada ao sistema polar.;Inverno;;;;;;;;;;;;;;;;
2025-08-03 00:00:00;Sul;mPa;A região delimitada encontra-se sob a influência direta do avanço da massa de ar polar, localizada na retaguarda da frente fria que atua sobre o Sul e Sudeste do Brasil.;Inverno;;;;;;;;;;;;;;;;
2025-08-04 00:00:00;Norte;mEc;A região demarcada encontra-se sobre a bacia amazônica, onde predomina a Massa Equatorial Continental (mEc), caracterizada pelo ar quente e úmido com baixa pressão atmosférica.;Inverno;;;;;;;;;;;;;;;;
2025-08-04 00:00:00;Nordeste;mTa;A regiao delimitada esta sob influencia predominante do fluxo maritimo do quadrante leste, caracteristico da massa Tropical Atlantica, que transporta umidade para o setor costeiro ;Inverno;;;;;;;;;;;;;;;;
2025-08-04 00:00:00;Litoral;mTa;Região sob influência direta do fluxo de leste da alta pressão subtropical do Atlântico Sul, caracterizando o domínio da massa Tropical Atlântica no setor leste do Nordeste.;Inverno;;;;;;;;;;;;;;;;
2025-08-04 00:00:00;Centro;mPa;Região sob a influência direta de ar frio e seco, caracterizado pelos valores reduzidos de ponto de orvalho, instalada após a passagem de uma frente fria sobre o centro do país.;Inverno;;;;;;;;;;;;;;;;
2025-08-04 00:00:00;Sul;mPa;A região delimitada encontra-se na retaguarda de um sistema frontal, caracterizada pela incursão de ar frio e seco, consolidando o avanço da Massa Polar Atlântica sobre o setor.;Inverno;;;;;;;;;;;;;;;;
2025-08-05 00:00:00;Norte;mEc;A regiao delimitada esta sob o dominio estavel da massa de ar Equatorial Continental, caracterizada por temperaturas elevadas e alta umidade sobre a bacia amazonica.;Inverno;;;;;;;;;;;;;;;;
2025-08-05 00:00:00;Nordeste;mTa;A região encontra-se sob domínio da circulação marítima do Atlântico Sul, com escoamento de leste característico da mTa que atua sobre o litoral e interior do Nordeste brasileiro.;Inverno;;;;;;;;;;;;;;;;
2025-08-05 00:00:00;Litoral;mTa;Regiao sob predominio de escoamento maritimo associado a alta pressao, transportando ar quente e umido do Oceano Atlantico para o litoral oriental do Nordeste brasileiro.;Inverno;;;;;;;;;;;;;;;;
2025-08-05 00:00:00;Centro;mPa;A região delimitada está sob influência do avanço de uma massa de ar frio e seco, posicionada na retaguarda do sistema frontal que atua sobre o setor Sudeste/Centro-Oeste.;Inverno;;;;;;;;;;;;;;;;
2025-08-05 00:00:00;Sul;mPa;A região delimitada situa-se no setor retaguarda da frente fria (post-frontal), apresentando declínio térmico característico da incursão de ar polar (mPa).;Inverno;;;;;;;;;;;;;;;;
2025-08-06 00:00:00;Norte;mEc;A região demarcada encontra-se sobre a bacia amazônica. Na ausência de sistemas dinâmicos atuantes, a área é dominada pela massa de ar quente e úmido de origem continental.;Inverno;;;;;;;;;;;;;;;;
2025-08-06 00:00:00;Nordeste;mTa;A região encontra-se sob influência do fluxo de sudeste/leste provindo do Atlântico Tropical, caracterizando a atuação da massa Tropical Atlântica (mTa) sobre o nordeste brasileiro;Inverno;;;;;;;;;;;;;;;;
2025-08-06 00:00:00;Litoral;mTa;Região sob influência direta da circulação marítima da alta pressão, caracterizando o transporte de ar quente e úmido vindo do oceano para o litoral nordeste.;Inverno;;;;;;;;;;;;;;;;
2025-08-06 00:00:00;Centro;mPa;A região demarcada encontra-se atrás de uma frente fria que avança sobre o Sudeste e Centro-Oeste, caracterizando o ingresso e predomínio de ar frio e estável da mPa.;Inverno;;;;;;;;;;;;;;;;
2025-08-06 00:00:00;Sul;mPa;A região delimitada encontra-se na retaguarda de um sistema frontal, caracterizada pela incursão de ar frio e seco, evidenciada pelos valores térmicos reduzidos.;Inverno;;;;;;;;;;;;;;;;
2025-08-07 00:00:00;Norte;mEc;A região demarcada encontra-se sobre a bacia amazônica, caracterizada pela ausência de sistemas frontais, sendo dominada por uma massa de ar quente e úmida de origem equatorial con;Inverno;;;;;;;;;;;;;;;;
2025-08-07 00:00:00;Nordeste;mTa;A região do Nordeste está sob a influência do fluxo estável de leste proveniente do Atlântico Sul, caracterizando a predominância da Massa Tropical Atlântica (mTa).;Inverno;;;;;;;;;;;;;;;;
2025-08-07 00:00:00;Litoral;mTa;A região delimitada está sob forte influência do escoamento marítimo associado à circulação de alta pressão do Atlântico, caracterizando a predominância da massa Tropical Atlântica;Inverno;;;;;;;;;;;;;;;;
2025-08-07 00:00:00;Centro;mTc;Região do Brasil Central com valores elevados de temperatura e baixa umidade relativa, característicos da massa de ar Tropical Continental que domina o interior do continente.;Inverno;;;;;;;;;;;;;;;;
2025-08-07 00:00:00;Sul;mPa;A região delimitada está sob influência da massa de ar polar associada ao sistema frontal posicionado ao sul, caracterizada por temperaturas reduzidas e gradiente térmico típico.;Inverno;;;;;;;;;;;;;;;;
2025-08-08 00:00:00;Norte;mEc;Regiao central da Amazonia sem influencia de sistemas frontais, caracterizada por temperaturas estaveis e alta umidade, sob dominio pleno da massa de ar Equatorial Continental.;Inverno;;;;;;;;;;;;;;;;
2025-08-08 00:00:00;Nordeste;mTa;Predominância da Massa Tropical Atlântica, caracterizada pelo fluxo de ar marítimo quente e úmido transportado pelos ventos alísios sobre a região Nordeste do Brasil.;Inverno;;;;;;;;;;;;;;;;
2025-08-08 00:00:00;Litoral;mTa;A região delimitada está sob a influência do escoamento marítimo associado ao sistema de alta pressão oceânico, caracterizando a predominância da massa Tropical Atlântica.;Inverno;;;;;;;;;;;;;;;;
2025-08-08 00:00:00;Centro;mPa;Area delimitada sob influencia direta do avanco de uma massa de ar frio logo atras de uma frente fria, caracterizada pela queda nas temperaturas e ingresso de ar polar na regiao.;Inverno;;;;;;;;;;;;;;;;
2025-08-08 00:00:00;Sul;mPa;Região sob influência de expressiva massa de ar polar (mPa), caracterizada por valores de temperatura e ponto de orvalho em declínio após a passagem de sistema frontal.;Inverno;;;;;;;;;;;;;;;;
2025-08-09 00:00:00;Norte;mEc;Regiao central da Amazonia sob dominio de massa de ar quente e umida caracteristica, com ausencia de sistemas frontais e persistencia da circulacao continental.;Inverno;;;;;;;;;;;;;;;;
2025-08-09 00:00:00;Nordeste;mTa;A região encontra-se sob influência do fluxo equatorial/tropical proveniente do Atlântico, caracterizando o domínio da massa Tropical Atlântica na circulação periférica.;Inverno;;;;;;;;;;;;;;;;
2025-08-09 00:00:00;Litoral;mTa;A área delimitada encontra-se sob domínio do escoamento marítimo associado ao sistema de alta pressão no Atlântico Sul, caracterizando a influência da Massa Tropical Atlântica.;Inverno;;;;;;;;;;;;;;;;
2025-08-09 00:00:00;Centro;mPa;A regiao delimitada encontra-se sob a influência direta do avanço da massa polar atlântica, caracterizada pelo posicionamento a retaguarda da frente fria em deslocamento.;Inverno;;;;;;;;;;;;;;;;
2025-08-09 00:00:00;Sul;mPa;A região delimitada encontra-se na retaguarda de um sistema frontal, caracterizada pela incursão e domínio de uma massa de ar frio e úmida de origem polar no setor.;Inverno;;;;;;;;;;;;;;;;
2025-08-10 00:00:00;Norte;mEc;Região sob influência direta da massa equatorial continental, caracterizada por aquecimento e alta umidade sobre a bacia amazônica, sem incursão de ar polar ou influência direta do;Inverno;;;;;;;;;;;;;;;;
2025-08-10 00:00:00;Nordeste;mTa;Regiao sob influencia predominante do escoamento de leste-nordeste oriundo do setor de alta pressao do Atlantico Sul, caracterizando a presenca da massa tropical atlantica.;Inverno;;;;;;;;;;;;;;;;
2025-08-10 00:00:00;Litoral;mTa;A região delimitada encontra-se sob o domínio do fluxo marítimo persistente associado à circulação de norte/nordeste, caracterizando a influência da Massa Tropical Atlântica (mTa).;Inverno;;;;;;;;;;;;;;;;
2025-08-10 00:00:00;Centro;mPa;A regiao delimitada encontra-se no setor de retaguarda da frente fria, caracterizada por temperaturas reduzidas e circulacao de sul, consolidando a atuacao da massa polar.;Inverno;;;;;;;;;;;;;;;;
2025-08-10 00:00:00;Sul;mPa;A região destacada encontra-se na retaguarda de uma frente fria já deslocada para o oceano, sob influência do avanço de uma massa de ar frio e úmido de origem polar.;Inverno;;;;;;;;;;;;;;;;
2025-08-11 00:00:00;Norte;mEc;A região delimitada abrange a bacia amazônica e áreas continentais adjacentes, onde a massa de ar quente e úmida de origem equatorial continental domina sem influência de frentes.;Inverno;;;;;;;;;;;;;;;;
2025-08-11 00:00:00;Nordeste;mTa;Predominio da massa Tropical Atlantica sobre o NE, caracterizada pelo transporte de umidade e estabilidade vindo do oceano, conforme fluxo de escoamento ao redor da ASAS.;Inverno;;;;;;;;;;;;;;;;
2025-08-11 00:00:00;Litoral;mTa;Regiao sob influencia do escoamento de sueste/leste provindo do anticiclone subtropical do Atlantico Sul, caracterizando a permanencia da massa Tropical Atlantica.;Inverno;;;;;;;;;;;;;;;;
2025-08-11 00:00:00;Centro;mPa;A região apresenta o avanço de uma massa de ar frio e seco, caracterizado por temperaturas mais baixas e gradiente térmico retaguarda de sistema frontal, típico de mPa.;Inverno;;;;;;;;;;;;;;;;
2025-08-11 00:00:00;Sul;mPa;A região delimitada localiza-se na retaguarda de um sistema frontal, apresentando advecção fria e queda nas temperaturas, características clássicas da atuação da Massa Polar Atlânt;Inverno;;;;;;;;;;;;;;;;
2025-08-12 00:00:00;Norte;mEc;A região demarcada encontra-se sobre a bacia amazônica, caracterizada por altas temperaturas e elevada umidade, sob domínio da massa equatorial continental.;Inverno;;;;;;;;;;;;;;;;
2025-08-12 00:00:00;Nordeste;mTa;Predominância da Massa Tropical Atlântica, caracterizada pelo escoamento persistente de leste/sudeste, mantendo condições térmicas elevadas e umidade sobre o setor nordestino.;Inverno;;;;;;;;;;;;;;;;
2025-08-12 00:00:00;Litoral;mEa;A região delimitada no litoral nordestino encontra-se sob domínio da Massa Equatorial Atlântica, caracterizada pelo fluxo de ar tropical úmido e quente vindo do oceano.;Inverno;;;;;;;;;;;;;;;;
2025-08-12 00:00:00;Centro;mPa;A regiao encontra-se sob a influencia da massa de ar pos-frontal, caracterizada por temperaturas amenas e subsidencia, configurando a circulacao de uma massa polar atlanticia.;Inverno;;;;;;;;;;;;;;;;
2025-08-12 00:00:00;Sul;mPa;A região apresenta temperaturas baixas e umidade característica após a passagem de uma frente fria, indicando o domínio direto da Massa Polar Atlântica.;Inverno;;;;;;;;;;;;;;;;
2025-08-13 00:00:00;Norte;mEc;A regiao delimitada esta sob influencia direta da circulacao sobre a Amazonia, com caracteristicas de alta umidade e temperaturas elevadas, configurando a predominancia da mEc.;Inverno;;;;;;;;;;;;;;;;
2025-08-13 00:00:00;Nordeste;mTa;A região do Nordeste encontra-se sob influência da circulação anticiclônica do Atlântico, transportando ar quente e úmido característico da massa Tropical Atlântica.;Inverno;;;;;;;;;;;;;;;;
2025-08-13 00:00:00;Litoral;mTa;A região delimitada está sob forte influência do escoamento marítimo de leste, característico da massa de ar Tropical Atlântica, mantendo estabilidade térmica no litoral.;Inverno;;;;;;;;;;;;;;;;
2025-08-13 00:00:00;Centro;mPa;Região sob a influência da retaguarda de um sistema frontal, caracterizada por temperaturas mais baixas e entrada de ar frio e úmido de origem polar.;Inverno;;;;;;;;;;;;;;;;
2025-08-13 00:00:00;Sul;mPa;A região apresenta temperaturas baixas e valores de umidade compatíveis com o escoamento pós-frontal, sob influência direta de uma massa de ar frio deslocada pelo sistema.;Inverno;;;;;;;;;;;;;;;;
2025-08-14 00:00:00;Norte;mEc;A região delimitada compreende a bacia amazônica. A ausência de sistemas frontais e o perfil termodinâmico característico indicam o predomínio pleno da Massa Equatorial Continental;Inverno;;;;;;;;;;;;;;;;
2025-08-14 00:00:00;Nordeste;mTa;A região delimitada está sob forte influência do escoamento marítimo oriundo do Atlântico Sul, caracterizando a predominância da massa Tropical Atlântica (mTa) sobre a área.;Inverno;;;;;;;;;;;;;;;;
2025-08-14 00:00:00;Litoral;mTa;Predominância de fluxo marítimo sob influência do sistema de alta pressão do Atlântico Sul, caracterizando a atuação da massa Tropical Atlântica no setor litorâneo especificado.;Inverno;;;;;;;;;;;;;;;;
2025-08-14 00:00:00;Centro;mPa;A região delimitada situa-se na retaguarda de um sistema frontal, caracterizada por valores de temperatura e ponto de orvalho em declínio, confirmando o avanço da mPa.;Inverno;;;;;;;;;;;;;;;;
2025-08-14 00:00:00;Sul;mPa;A região demarcada encontra-se sob o fluxo pós-frontal, com advecção de ar frio e seco característico da Massa Polar Atlântica, refletido pelos baixos valores de temperatura no set;Inverno;;;;;;;;;;;;;;;;
2025-08-15 00:00:00;Norte;mEc;Regiao sobre o dominio da bacia amazonica, caracterizada pelo estabelecimento de massa de natureza quente e umida de origem continental, mantendo estabilidade termodinâmica no seto;Inverno;;;;;;;;;;;;;;;;
2025-08-15 00:00:00;Nordeste;mTa;A região demarcada encontra-se sob influência do fluxo de circulação marítima da borda oeste do sistema de alta pressão oceânico, caracterizando o predomínio da mTa.;Inverno;;;;;;;;;;;;;;;;
2025-08-15 00:00:00;Litoral;mTa;A regiao delimitada esta sob influencia direta do fluxo zonal associado ao nucleo de alta pressao do Atlantico Sul, caracterizando o predominio da massa Tropical Atlantica.;Inverno;;;;;;;;;;;;;;;;
2025-08-15 00:00:00;Centro;mPa;Região sob influência direta do avanço da massa de ar pós-frontal, caracterizada por temperaturas amenas e subsidência associada ao transporte de ar polar para o continente.;Inverno;;;;;;;;;;;;;;;;
2025-08-15 00:00:00;Sul;mPa;A região delimitada encontra-se sob a influência direta do avanço de uma massa de ar frio e seco, caracterizando a retaguarda de um sistema frontal com queda nos valores de tempera;Inverno;;;;;;;;;;;;;;;;
2025-08-16 00:00:00;Norte;mEc;A região delimitada abrange a bacia amazônica. A ausência de sistemas frontais e o posicionamento geográfico confirmam a prevalência da massa de ar quente e úmida mEc.;Inverno;;;;;;;;;;;;;;;;
2025-08-16 00:00:00;Nordeste;mTa;A região demarcada encontra-se sob domínio do fluxo predominante de leste/sudeste associado à circulação marítima, caracterizando a atuação e influência da massa tropical atlântica;Inverno;;;;;;;;;;;;;;;;
2025-08-16 00:00:00;Litoral;mTa;Regiao sob dominio do fluxo de leste da circulacao oceanica, caracterizando a presenca da massa de ar Tropical Atlantica, quente e umida, condicionando o tempo local.;Inverno;;;;;;;;;;;;;;;;
2025-08-16 00:00:00;Centro;mTa;A região encontra-se submetida ao fluxo de norte/nordeste proveniente do anticiclone oceânico, caracterizando a predominância e o transporte de umidade da Massa Tropical Atlântica.;Inverno;;;;;;;;;;;;;;;;
2025-08-16 00:00:00;Sul;mPa;A região delimitada encontra-se sob o fluxo pós-frontal impulsionado pelo sistema em deslocamento, caracterizando a atuação da massa de ar polar com declínio acentuado das temperat;Inverno;;;;;;;;;;;;;;;;
2025-08-17 00:00:00;Norte;mEc;Regiao central e norte da Amazonia apresentando caracteristicas tipicas de subsidencia e estabilidade termica da massa equatorial continental, sem influencia de sistemas frontais.;Inverno;;;;;;;;;;;;;;;;
2025-08-17 00:00:00;Nordeste;mTa;A regiao encontra-se sob influencia da circulacao do anticiclone maritimo, caracterizando o predominio de subsidencia e escoamento maritimo da mTa sobre o interior do Nordeste.;Inverno;;;;;;;;;;;;;;;;
2025-08-17 00:00:00;Litoral;mTa;A regiao delimitada esta sob influencia direta do fluxo marítimo originado pelo anticiclone subtropical, caracterizando o predomínio da Massa Tropical Atlântica (mTa).;Inverno;;;;;;;;;;;;;;;;
2025-08-17 00:00:00;Centro;mPa;A região apresenta baixos valores de temperatura e ponto de orvalho, indicando o avanço e predominância da massa de ar polar na retaguarda da frente fria.;Inverno;;;;;;;;;;;;;;;;
2025-08-17 00:00:00;Sul;mPa;A região delimitada encontra-se sob a influência direta do avanço da massa de ar polar, evidenciado pelas baixas temperaturas e pelo posicionamento a retaguarda do sistema frontal.;Inverno;;;;;;;;;;;;;;;;
2025-08-18 00:00:00;Norte;mEc;A região delimitada sobre a Amazônia apresenta condições típicas de subsidência e estabilidade térmica da Massa Equatorial Continental, operando sem influência de sistemas frontais;Inverno;;;;;;;;;;;;;;;;
2025-08-18 00:00:00;Nordeste;mTa;Predominio da massa tropical atlantica na regiao nordeste, favorecida pelo fluxo de leste que transporta umidade da periferia do anticiclone subtropical para o setor setentrional.;Inverno;;;;;;;;;;;;;;;;
2025-08-18 00:00:00;Litoral;mTa;A região delimitada encontra-se sob influência do fluxo de circulação marítima da alta pressão, caracterizando a predominância da Massa Tropical Atlântica (mTa) no setor costeiro.;Inverno;;;;;;;;;;;;;;;;
2025-08-18 00:00:00;Centro;mPa;A região delimitada encontra-se sob efeito da incursão de uma massa de ar pós-frontal, caracterizada pela queda nas temperaturas e estabilidade, típica da atuação da mPa.;Inverno;;;;;;;;;;;;;;;;
2025-08-18 00:00:00;Sul;mPa;A região delimitada encontra-se sob efeito do avanço de uma massa de ar frio e seco, caracterizando o pós-frontal que atua sobre o Sul do Brasil com queda acentuada nas temperatura;Inverno;;;;;;;;;;;;;;;;
2025-08-19 00:00:00;Norte;mEc;A região delimitada abrange a bacia amazônica, onde predomina a Massa Equatorial Continental, caracterizada por ser quente e úmida, típica desta área continental sem influência fro;Inverno;;;;;;;;;;;;;;;;
2025-08-19 00:00:00;Nordeste;mTa;A região encontra-se sob influência direta do escoamento marítimo oriundo do Anticiclone do Atlântico Sul, caracterizando o predomínio da massa Tropical Atlântica.;Inverno;;;;;;;;;;;;;;;;
2025-08-19 00:00:00;Litoral;mTa;Regiao sob influencia do fluxo marítimo do Anticiclone Subtropical do Atlântico Sul, caracterizando a predominancia de ar quente e umido de origem tropical sobre o setor costeiro.;Inverno;;;;;;;;;;;;;;;;
2025-08-19 00:00:00;Centro;mTc;A região demarcada encontra-se sobre o interior do continente, apresentando características típicas de massa quente e seca, estabelecida pela subsidência na Depressão do Chaco.;Inverno;;;;;;;;;;;;;;;;
2025-08-19 00:00:00;Sul;mPa;A região delimitada está sob a influência do fluxo pós-frontal impulsionado pelo sistema de alta pressão extratropical, caracterizando o ingresso e domínio da massa de ar polar.;Inverno;;;;;;;;;;;;;;;;
2025-08-20 00:00:00;Norte;mEc;Regiao central e norte da Amazonia com dominio caracteristico da Massa Equatorial Continental, apresentando alta umidade e temperaturas elevadas sem influencia de sistemas frontais;Inverno;;;;;;;;;;;;;;;;
2025-08-20 00:00:00;Nordeste;mTa;Regiao sob incidencia do fluxo de leste da circulacao oceanica tropical, caracterizando a predominancia da massa de ar tropical atlantica, com elevadas temperaturas e umidade estav;Inverno;;;;;;;;;;;;;;;;
2025-08-20 00:00:00;Litoral;mTa;Predominio da massa tropical atlantica na regiao costeira, sob fluxo de sul-sudeste associado ao escoamento estavel pos-frontal na porcao norte do litoral.;Inverno;;;;;;;;;;;;;;;;
2025-08-20 00:00:00;Centro;mPa;A região delimitada encontra-se sob influência do avanço de uma massa polar após a passagem de uma frente fria, evidenciado pelos valores térmicos baixos e padrões de pressão.;Inverno;;;;;;;;;;;;;;;;
2025-08-20 00:00:00;Sul;mPa;A area delimitada encontra-se na retaguarda de um sistema frontal, sob a influencia de subsidencia e adveccao de ar polar, caracterizando o dominio da Massa Polar Atlantica.;Inverno;;;;;;;;;;;;;;;;
2025-08-20 00:00:00;Norte;mEc;Região compreendida pela bacia amazônica sob regime de calor e umidade típicos das massas equatoriais continentais, sem influência de sistemas frontais no momento.;Inverno;;;;;;;;;;;;;;;;
2025-08-20 00:00:00;Nordeste;mTa;Predominância de escoamento marítimo quente e úmido sob influência direta da circulação anticiclônica do Atlântico Sul, caracterizando a atuação da massa Tropical Atlântica.;Inverno;;;;;;;;;;;;;;;;
2025-08-20 00:00:00;Litoral;mTa;A área delimitada encontra-se sob domínio do fluxo marítimo persistente proveniente do oceano, caracterizando a influência da Massa Tropical Atlântica com transporte de umidade.;Inverno;;;;;;;;;;;;;;;;
2025-08-20 00:00:00;Centro;mPa;A região delimitada sofre a influência direta do avanço de uma massa de ar frio e seco (mPa), evidenciado pela queda nos valores de temperatura e ponto de orvalho após a passagem d;Inverno;;;;;;;;;;;;;;;;
2025-08-20 00:00:00;Sul;mPa;A região delimitada encontra-se na retaguarda de uma frente fria, caracterizada pela incursão de ar polar frio e estável, típico da atuação da Massa Polar Atlântica.;Inverno;;;;;;;;;;;;;;;;
2025-08-21 00:00:00;Norte;mEc;A região delimitada está situada sobre a bacia amazônica, livre de influência de sistemas frontais, sendo caracterizada pela predominância da Massa Equatorial Continental quente e ;Inverno;;;;;;;;;;;;;;;;
2025-08-21 00:00:00;Nordeste;mTa;A região delimitada está sob o domínio do escoamento zonal e anticiclônico do Atlântico Sul, caracterizando a atuação predominante da massa tropical atlântica no setor.;Inverno;;;;;;;;;;;;;;;;
2025-08-21 00:00:00;Litoral;mTa;A região delimitada encontra-se sob domínio do escoamento marítimo de leste/sudeste, condicionado pelo anticiclone no Atlântico, configurando a atuação da Massa Tropical Atlântica.;Inverno;;;;;;;;;;;;;;;;
2025-08-21 00:00:00;Centro;mPa;Região sob influência direta do escoamento pós-frontal, com advecção de ar frio e seco, caracterizando o predomínio da massa polar atlântica no setor central.;Inverno;;;;;;;;;;;;;;;;
2025-08-21 00:00:00;Sul;mPa;A região delimitada apresenta características típicas de pós-frontal, com temperaturas reduzidas e gradiente de pressão indicando o deslocamento e atuação da massa polar atlântica.;Inverno;;;;;;;;;;;;;;;;
2025-08-22 00:00:00;Norte;mEc;A região delimitada abrange a bacia amazônica e áreas centrais, onde a mEc predomina devido às altas temperaturas e umidade característica, mantendo estabilidade térmica continenta;Inverno;;;;;;;;;;;;;;;;
2025-08-22 00:00:00;Nordeste;mTa;A região é dominada pelo fluxo da alta pressão subtropical do Atlântico Sul, caracterizando a atuação da mTa, transportando umidade e calor para o setor oriental do Nordeste.;Inverno;;;;;;;;;;;;;;;;
2025-08-22 00:00:00;Litoral;mTa;A região encontra-se sob influência do fluxo marítimo da alta pressão subtropical. A estabilidade térmica e a umidade oceânica características confirmam o domínio da mTa neste seto;Inverno;;;;;;;;;;;;;;;;
2025-08-22 00:00:00;Centro;mTc;A região delimitada no interior do continente apresenta características de subsidência e aquecimento típico da massa Tropical Continental, sob influência de estabilidade local.;Inverno;;;;;;;;;;;;;;;;
2025-08-22 00:00:00;Sul;mPa;A regiao delimitada encontra-se sob a influência direta do fluxo pós-frontal, apresentando temperaturas e pontos de orvalho reduzidos, característicos da atuação da mPa.;Inverno;;;;;;;;;;;;;;;;
2025-08-23 00:00:00;Norte;mEc;Região situada na bacia Amazônica sob influência de ar quente e úmido, característico da Massa Equatorial Continental, sem atuação direta de sistemas frontais no setor delimitado.;Inverno;;;;;;;;;;;;;;;;
2025-08-23 00:00:00;Nordeste;mTa;A região demarcada encontra-se sob influência do fluxo de leste/sudeste associado à circulação marítima, caracterizando a predominância da Massa Tropical Atlântica.;Inverno;;;;;;;;;;;;;;;;
2025-08-23 00:00:00;Litoral;mTa;Região sob influência direta do fluxo de leste da alta pressão, configurando o predomínio da Massa Tropical Atlântica com características de estabilidade e umidade no litoral.;Inverno;;;;;;;;;;;;;;;;
2025-08-23 00:00:00;Centro;mPa;A região delimitada está sob a influência direta do avanço de uma massa de ar polar, evidenciada pelas baixas temperaturas e pelo escoamento pós-frontal que atua no setor.;Inverno;;;;;;;;;;;;;;;;
2025-08-23 00:00:00;Sul;mPa;A região está sob a influência direta da incursão de ar polar que sucede a frente fria, caracterizada por temperaturas reduzidas e gradiente de pressão típico de pós-frontal.;Inverno;;;;;;;;;;;;;;;;
2025-08-24 00:00:00;Norte;mEc;Regiao central da Amazonia sem influencias frontais, apresentando caracteristicas tipicas de subsidencia e umidade da Massa Equatorial Continental.;Inverno;;;;;;;;;;;;;;;;
2025-08-24 00:00:00;Nordeste;mTa;Regiao sob influencia do fluxo maritimo vindo do Atlantico Sul, sob regime estavel de circuncisao anticiclonica, caracterizando a predominancia de caracteristicas de massa tropical;Inverno;;;;;;;;;;;;;;;;
2025-08-24 00:00:00;Litoral;mTa;A área delimitada encontra-se sob domínio da circulação marítima da Alta Subtropical do Atlântico Sul, caracterizando a presença da Massa Tropical Atlântica (mTa).;Inverno;;;;;;;;;;;;;;;;
2025-08-24 00:00:00;Centro;mPa;A regiao delimitada encontra-se sob a influencia direta do avancamento de um sistema frontal, estando posicionada atras da frente fria, caracterizando a presenca da massa polar atl;Inverno;;;;;;;;;;;;;;;;
2025-08-24 00:00:00;Sul;mPa;A região delimitada encontra-se na retaguarda de um sistema frontal, caracterizada por fluxo de sul com queda de temperaturas e advecção de umidade, confirmando a predominância da ;Inverno;;;;;;;;;;;;;;;;
2025-08-25 00:00:00;Norte;mEc;A maior parte da regiao delimitada esta sobre a Amazonia, mantendo caracteristicas de calor e umidade tipicas da massa Equatorial Continental, predominante no setor norte do pais.;Inverno;;;;;;;;;;;;;;;;
2025-08-25 00:00:00;Nordeste;mTa;A região do Nordeste delimitada encontra-se sob influência do escoamento marítimo persistente, característico da massa Tropical Atlântica, devido à circulação do anticiclone oceâni;Inverno;;;;;;;;;;;;;;;;
2025-08-25 00:00:00;Litoral;mTa;Regiao sob influencia do fluxo maritimo persistente do oceano, caracterizando a dominancia da massa Tropical Atlantica em todo o litoral do Nordeste brasileiro.;Inverno;;;;;;;;;;;;;;;;
2025-08-25 00:00:00;Centro;mPa;A região demarcada encontra-se na retaguarda de um sistema frontal, caracterizada pela advecção de ar frio e seco, típico da incursão da Massa Polar Atlântica no Centro-Oeste.;Inverno;;;;;;;;;;;;;;;;
2025-08-25 00:00:00;Sul;mPa;A região delimitada está localizada no setor pós-frontal, sob influência direta do ingresso de ar frio e estável após a passagem de uma frente fria, caracterizando a mPa.;Inverno;;;;;;;;;;;;;;;;
2025-08-26 00:00:00;Norte;mEc;Região situada na bacia Amazônica, caracterizada pelo domínio da massa de ar quente e úmida de origem continental, mantendo características térmicas estáveis na área demarcada.;Inverno;;;;;;;;;;;;;;;;
2025-08-26 00:00:00;Nordeste;mTa;A região delimitada está sob influência da circulação marítima da borda da ASAS, que transporta umidade do oceano para o continente, caracterizando o domínio da mTa.;Inverno;;;;;;;;;;;;;;;;
2025-08-26 00:00:00;Litoral;mTa;O litoral do NE está sob influência direta do fluxo marítimo aquecido e úmido, característico da Massa Tropical Atlântica, mantendo condições de estabilidade e umidade na região.;Inverno;;;;;;;;;;;;;;;;
2025-08-26 00:00:00;Centro;mPa;A região delimitada está sob influência da massa de ar pós-frontal, caracterizada por temperaturas mais baixas e fluxo continental seco, típicos do avanço da mPa no centro do país.;Inverno;;;;;;;;;;;;;;;;
2025-08-26 00:00:00;Sul;mPa;A região delimitada encontra-se na retaguarda de uma frente fria, caracterizada pela advecção de ar frio e seco, indicando o domínio incontestável da Massa Polar Atlântica.;Inverno;;;;;;;;;;;;;;;;
2025-08-27 00:00:00;Norte;mEc;Região localizada sobre a bacia amazônica, caracterizada por altas temperaturas e elevada umidade, mantendo as características térmicas típicas da massa equatorial continental.;Inverno;;;;;;;;;;;;;;;;
2025-08-27 00:00:00;Nordeste;mTa;Região sob influência direta do fluxo de leste da alta pressão subtropical, caracterizando o domínio da massa Tropical Atlântica com transporte de umidade para o setor.;Inverno;;;;;;;;;;;;;;;;
2025-08-27 00:00:00;Litoral;mTa;Regiao sob influencia do escoamento do fluxo de leste da alta pressao do Atlantico Sul, caracterizando predominio de ar quente e umido de origem tropical.;Inverno;;;;;;;;;;;;;;;;
2025-08-27 00:00:00;Centro;mPa;A região delimitada encontra-se sob influxo de ar frio e seco após a passagem de uma frente fria, caracterizando a permanência da Massa Polar Atlântica sobre o setor.;Inverno;;;;;;;;;;;;;;;;
2025-08-27 00:00:00;Sul;mPa;Na regiao delimitada, observa-se o avanco de massa de ar frio e seco, caracterizado por temperaturas em declinio e pressao em elevacao apos a passagem de uma frente fria.;Inverno;;;;;;;;;;;;;;;;
2025-08-27 00:00:00;Norte;mEc;A região delimitada situa-se sobre a bacia amazônica, caracterizada por altas temperaturas e elevada umidade, sob domínio da Massa Equatorial Continental sem influência frontal.;Inverno;;;;;;;;;;;;;;;;
2025-08-27 00:00:00;Nordeste;mTa;A região é dominada pelo fluxo marítimo de leste, característico da massa Tropical Atlântica, que mantém a estabilidade e umidade em grande parte do setor nordestino.;Inverno;;;;;;;;;;;;;;;;
2025-08-27 00:00:00;Litoral;mTa;Predominio de circulacao maritima associada ao escoamento de leste/sudeste, transportando caracteristicas da massa tropical atlantica para a faixa litoranea do setor.;Inverno;;;;;;;;;;;;;;;;
2025-08-27 00:00:00;Centro;mPa;A região apresenta temperaturas reduzidas e gradiente de pressão característico de pós-frontal, indicando avanço e predomínio da massa de ar polar sobre o setor continental.;Inverno;;;;;;;;;;;;;;;;
2025-08-27 00:00:00;Sul;mPa;A região delimitada está sob forte influência de uma massa de ar frio e úmido, posicionada na retaguarda de um sistema frontal que avança pelo setor sul/sudeste.;Inverno;;;;;;;;;;;;;;;;
2025-08-27 00:00:00;Norte;mEc;Região sob influência da Massa Equatorial Continental (mEc), caracterizada por ar quente e úmido, sem interrupção de sistemas frontais na área delimitada da bacia amazônica.;Inverno;;;;;;;;;;;;;;;;
2025-08-27 00:00:00;Nordeste;mTa;A região encontra-se sob influência predominante do escoamento marítimo subtropical, característico da massa Tropical Atlântica, mantendo o transporte de umidade para o setor.;Inverno;;;;;;;;;;;;;;;;
2025-08-27 00:00:00;Litoral;mTa;A área encontra-se sob influência da circulação anticiclônica marítima, com estabilidade e transporte de umidade típica da Massa Tropical Atlântica no litoral brasileiro.;Inverno;;;;;;;;;;;;;;;;
2025-08-27 00:00:00;Centro;mPa;A região delimitada encontra-se na retaguarda do sistema frontal, com queda observada nos valores de temperatura e ponto de orvalho, indicando o avanço e domínio da mPa.;Inverno;;;;;;;;;;;;;;;;
2025-08-27 00:00:00;Sul;mPa;A região demarcada apresenta o ingresso de uma massa de ar frio e úmido na retaguarda da frente fria (setor pós-frontal), caracterizando o avanço claro da mPa sobre o Sul.;Inverno;;;;;;;;;;;;;;;;
2025-08-28 00:00:00;Norte;mEc;Região central da Bacia Amazônica sob influência da Massa Equatorial Continental, caracterizada por ambiente quente e úmido, sem interrupção de sistemas frontais atuantes.;Inverno;;;;;;;;;;;;;;;;
2025-08-28 00:00:00;Nordeste;mTa;A região delimitada encontra-se sob influência do escoamento zonal e subsidência periférica associada à circulação marítima, mantendo o predomínio da massa de ar Tropical Atlântica;Inverno;;;;;;;;;;;;;;;;
2025-08-28 00:00:00;Litoral;mTa;A regiao delimitada esta sob o regime de escoamento do anticiclone subtropical do Atlantico Sul, predominando a massa de ar tropical maritima quente e umida.;Inverno;;;;;;;;;;;;;;;;
2025-08-28 00:00:00;Centro;mTc;A região central encontra-se sob domínio de subsidência e estabilidade característica da mTc, apresentando valores de temperatura elevados e baixa umidade relativa condizentes com ;Inverno;;;;;;;;;;;;;;;;
2025-08-28 00:00:00;Sul;mPa;A região delimitada está sob influência direta do ingresso de ar frio e seco após a passagem de uma frente fria, caracterizando o domínio da massa polar atlântica sobre o Sul.;Inverno;;;;;;;;;;;;;;;;
2025-08-28 00:00:00;Norte;mEc;Regiao centralizada sobre a Amazonia, com caracteristicas termodinamicas de elevada temperatura e umidade, condizentes com a massa equatorial continental dominante na area.;Inverno;;;;;;;;;;;;;;;;
2025-08-28 00:00:00;Nordeste;mTa;A região delimitada está sob a influência do escoamento marítimo originado pelo anticiclone do Atlântico Sul, caracterizando o predomínio da mTa sobre o setor leste do Nordeste.;Inverno;;;;;;;;;;;;;;;;
2025-08-28 00:00:00;Litoral;mTa;A regiao sob o retangulo esta sob influencia direta da circulacao oceanica de leste/sudeste, caracterizando o dominio da Massa Tropical Atlantica (mTa), quente e umida.;Inverno;;;;;;;;;;;;;;;;
2025-08-28 00:00:00;Centro;mPa;Região sob forte influência de Massa Polar Atlântica. Observa-se o avanço nítido da advecção fria pós-frontal no setor central, evidenciada pelo gradiente térmico e fluxo de sul.;Inverno;;;;;;;;;;;;;;;;
2025-08-28 00:00:00;Sul;mPa;A região delimitada situa-se no setor pós-frontal, sob influência direta de um centro de alta pressão migratório, caracterizando o avanço e predominância da massa polar atlântica.;Inverno;;;;;;;;;;;;;;;;
2025-08-29 00:00:00;Norte;mEc;Região central da Bacia Amazônica sob domínio característico da Massa Equatorial Continental, mantendo elevadas temperaturas e umidade sem influência de sistemas frontais.;Inverno;;;;;;;;;;;;;;;;
2025-08-29 00:00:00;Nordeste;mTa;Regiao sob influencia direta do escoamento de leste-sudeste do Atlantico Sul, sob dominio da circulacao anticiclonica, caracterizando o transporte de umidade da mTa sobre o setor.;Inverno;;;;;;;;;;;;;;;;
2025-08-29 00:00:00;Litoral;mTa;A regiao delimitada esta sob influencia direta do escoamento de leste-sudeste do sistema de alta pressao do Atlantico Sul, caracterizando o dominio da massa Tropical Atlantica.;Inverno;;;;;;;;;;;;;;;;
2025-08-29 00:00:00;Centro;mTc;A região central encontra-se sob domínio de massas de ar quentes e secas, com valores de pressão e temperatura característicos da atuação da mTc sobre o interior do Brasil.;Inverno;;;;;;;;;;;;;;;;
2025-08-29 00:00:00;Sul;mPa;A região delimitada encontra-se sob influência de um sistema frontal em deslocamento, com a mPa configurando o fluxo pós-frontal caracterizado por temperaturas mais baixas.;Inverno;;;;;;;;;;;;;;;;
2025-08-30 00:00:00;Norte;mEc;Regiao central da Amazonia sob influencia direta da massa equatorial continental, caracterizada por baixos gradientes de pressao e elevada umidade caracteristica da bacia amazonica;Inverno;;;;;;;;;;;;;;;;
2025-08-30 00:00:00;Nordeste;mTa;A região encontra-se sob influência da circulação anticiclônica marítima, apresentando características típicas de estabilidade, umidade e calor associadas à mTa.;Inverno;;;;;;;;;;;;;;;;
2025-08-30 00:00:00;Litoral;mTa;A região delimitada encontra-se sob influência da circulação anticiclônica do Atlântico Sul, caracterizando a predominância da Massa Tropical Atlântica (mTa), quente e úmida.;Inverno;;;;;;;;;;;;;;;;
2025-08-30 00:00:00;Centro;mPa;A região delimitada está sob a influência de massa de ar pós-frontal, apresentando advecção de frio e umidade característica da mPa avançando sobre o interior do continente.;Inverno;;;;;;;;;;;;;;;;
2025-08-30 00:00:00;Sul;mPa;A região apresenta temperaturas baixas (cerca de 10-15°C) e circulação pós-frontal, configurando o avanço e a predominância da Massa Polar Atlântica sobre o setor.;Inverno;;;;;;;;;;;;;;;;
2025-08-31 00:00:00;Norte;mEc;A regiao delimitada esta sob influencia direta da massa de ar quente e umida caracteristica da bacia amazonica, sem a interferencia de sistemas frontais ou massas de origem polar.;Inverno;;;;;;;;;;;;;;;;
2025-08-31 00:00:00;Nordeste;mTa;Região sob influência direta do escoamento marítimo provindo da Alta Subtropical do Atlântico Sul, caracterizando o domínio da massa Tropical Atlântica no setor Nordeste.;Inverno;;;;;;;;;;;;;;;;
2025-08-31 00:00:00;Litoral;mTa;Regiao sob influencia direta do escoamento do sistema de alta pressao do Atlantico Sul, caracterizando a presenca da Massa Tropical Atlantica (mTa) no litoral leste brasileiro.;Inverno;;;;;;;;;;;;;;;;
2025-08-31 00:00:00;Centro;mPa;A regiao apresenta caracteristicas de subsidencia e resfriamento pos-frontal, indicando avanco da mPa sobre o Sudeste/Centro-Oeste, com temperaturas reduzidas e circulacao antistro;Inverno;;;;;;;;;;;;;;;;
2025-08-31 00:00:00;Sul;mPa;A regiao delimitada encontra-se sob a influencia direta do avanco de uma massa de ar frio e umido, posicionada na retaguarda do sistema frontal identificado no setor.;Inverno;;;;;;;;;;;;;;;;
2025-09-01 00:00:00;Norte;mEc;Região central da Bacia Amazônica sob influência persistente de ar quente e úmido de origem continental, característico da Massa Equatorial Continental na ausência de sistemas fron;Inverno;;;;;;;;;;;;;;;;
2025-09-01 00:00:00;Nordeste;mTa;A região apresenta influência da circulação marítima sob regime de alta pressão, caracterizando a atuação da massa Tropical Atlântica com transporte de umidade para o continente.;Inverno;;;;;;;;;;;;;;;;
2025-09-01 00:00:00;Litoral;mTa;A regiao delimitada esta sob influencia do fluxo de nordeste proveniente da alta pressao subtropical, caracterizando a predominancia da massa Tropical Atlantica quente e umida.;Inverno;;;;;;;;;;;;;;;;
2025-09-01 00:00:00;Centro;mTa;A região apresenta características de estabilidade e fluxo associado à circulação atmosférica marítima, caracterizando a predominância da massa Tropical Atlântica no setor.;Inverno;;;;;;;;;;;;;;;;
2025-09-01 00:00:00;Sul;mPa;A região sudeste do Brasil encontra-se sob a influência direta do transporte de ar frio e úmido após a passagem de um sistema frontal, caracterizando a atuação da mPa.;Inverno;;;;;;;;;;;;;;;;
2025-09-02 00:00:00;Norte;mEc;Região situada na bacia amazônica, caracterizada por altas temperaturas e umidade, sob domínio da Massa Equatorial Continental, sem influência de sistemas frontais ativos na área.;Inverno;;;;;;;;;;;;;;;;
2025-09-02 00:00:00;Nordeste;mTa;Região sob influência direta do fluxo de leste da alta subtropical, caracterizando o domínio da massa tropical atlântica, quente e úmida, sobre o interior do Nordeste brasileiro.;Inverno;;;;;;;;;;;;;;;;
2025-09-02 00:00:00;Litoral;mTa;Região sob influência direta do fluxo de leste/sudeste da Alta Subtropical do Atlântico Sul, caracterizando a predominância da Massa Tropical Atlântica no setor litorâneo.;Inverno;;;;;;;;;;;;;;;;
2025-09-02 00:00:00;Centro;mPa;A região encontra-se subjacente à incursão de uma frente fria, com fluxo de sul/sudeste característico do avanço da massa de ar polar pelo continente.;Inverno;;;;;;;;;;;;;;;;
2025-09-02 00:00:00;Sul;mPa;A região delimitada encontra-se sob influência pós-frontal, com o avanço de ar frio e seco, característico de um sistema de alta pressão de origem polar.;Inverno;;;;;;;;;;;;;;;;
2025-09-03 00:00:00;Norte;mEc;A região delimitada abrange a bacia amazônica e áreas continentais adjacentes, onde a massa de ar quente e úmida de origem equatorial continental é a característica predominante.;Inverno;;;;;;;;;;;;;;;;
2025-09-03 00:00:00;Nordeste;mTa;Regiao sob incidencia de escoamento vindo do Atlantico Sul, sob influencia da circulacao de alta pressao, transportando ar quente e umido para o interior do Nordeste brasileiro.;Inverno;;;;;;;;;;;;;;;;
2025-09-03 00:00:00;Litoral;mTa;Predominancia da Massa Tropical Atlantica sobre o setor, caracterizada pelo transporte de umidade e calor oceânico impulsionado pelos ventos de leste no litoral do Nordeste.;Inverno;;;;;;;;;;;;;;;;
2025-09-03 00:00:00;Centro;mTc;Região do interior do continente caracterizada por ar quente e seco, com baixos valores de umidade relativa e elevadas temperaturas, típica da Depressão do Chaco sob influência da ;Inverno;;;;;;;;;;;;;;;;
2025-09-03 00:00:00;Sul;mPa;A região esta sob a influencia direta do avancço de ar frio e seco pós-frontal. O gradiente térmico e a orientação do escoamento configuram o predomínio da massa polar atlântica.;Inverno;;;;;;;;;;;;;;;;
2025-09-04 00:00:00;Norte;mEc;A região delimitada abrange a bacia amazônica, onde predomina a Massa Equatorial Continental, caracterizada por ser quente e úmida, sem influência direta de sistemas frontais no mo;Inverno;;;;;;;;;;;;;;;;
2025-09-04 00:00:00;Nordeste;mTa;A região encontra-se sob influência do fluxo de leste do Atlântico, característico da massa tropical marítima, mantendo condições estáveis e temperaturas elevadas no setor.;Inverno;;;;;;;;;;;;;;;;
2025-09-04 00:00:00;Litoral;mTa;A região encontra-se sob o fluxo do escoamento marítimo oriundo do oceano, caracterizando a predominância da Massa Tropical Atlântica, responsável por manter as condições de umidad;Inverno;;;;;;;;;;;;;;;;
2025-09-04 00:00:00;Centro;mTa;A região encontra-se sob influência do fluxo equatorial e persistência da alta pressão oceânica, caracterizando o predomínio da Massa Tropical Atlântica em grande parte da área.;Inverno;;;;;;;;;;;;;;;;
2025-09-04 00:00:00;Sul;mPa;A regiao delimitada encontra-se sob a influencia direta do avanco de uma massa de ar frio e umido pos-frontal, caracterizada pelos baixos valores de temperatura e ponto de orvalho.;Inverno;;;;;;;;;;;;;;;;
2025-09-05 00:00:00;Norte;mEc;Região situada sobre a bacia amazônica caracterizada por ar quente e úmido, com ausência de influência de sistemas frontais ou circulação marítima direta no setor delimitado.;Inverno;;;;;;;;;;;;;;;;
2025-09-05 00:00:00;Nordeste;mTa;Regiao sob influencia do escoamento do quadrante leste derivado do sistema de alta pressao subtropical, caracterizando o dominio da massa tropical atlantica quente e umida.;Inverno;;;;;;;;;;;;;;;;
2025-09-05 00:00:00;Litoral;mTa;A região delimitada encontra-se sob influência do escoamento marítimo de leste/sudeste associado ao anticiclone oceânico, caracterizando a predominância da Massa Tropical Atlântica;Inverno;;;;;;;;;;;;;;;;
2025-09-05 00:00:00;Centro;mPa;A região delimitada encontra-se na retaguarda de uma frente fria em deslocamento para o norte, caracterizando a incursão da massa de ar polar com resfriamento e estabilização.;Inverno;;;;;;;;;;;;;;;;
2025-09-05 00:00:00;Sul;mPa;A região delimitada situa-se no setor pós-frontal, sob a influência direta do avanço de uma massa de ar frio e úmido de origem polar.;Inverno;;;;;;;;;;;;;;;;
2025-09-05 00:00:00;Norte;mEc;Regiao central do continente amazonico, caracterizada por altas temperaturas e elevada umidade, mantendo estabilidade termodinamica caracteristica da Massa Equatorial Continental.;Inverno;;;;;;;;;;;;;;;;
2025-09-05 00:00:00;Nordeste;mTa;A região delimitada está sob o domínio do fluxo marítimo de sudeste, característico da circulação periférica da ASAS, configurando a atuação da massa Tropical Atlântica (mTa).;Inverno;;;;;;;;;;;;;;;;
2025-09-05 00:00:00;Litoral;mTa;A região delimitada pelo retângulo encontra-se sob influência do fluxo marítimo da circulação oceânica, caracterizando a predominância da massa Tropical Atlântica (mTa).;Inverno;;;;;;;;;;;;;;;;
2025-09-05 00:00:00;Centro;mPa;A região delimitada encontra-se sob influência do avanço de uma massa de ar frio e seco, evidenciada pela retaguarda de uma frente fria e pelas baixas temperaturas registradas.;Inverno;;;;;;;;;;;;;;;;
2025-09-05 00:00:00;Sul;mPa;A região delimitada encontra-se sob influência imediata do avanço de sistemas frontais, com gradiente térmico característico do ingresso de uma massa de ar frio e úmido (mPa).;Inverno;;;;;;;;;;;;;;;;
2025-09-06 00:00:00;Norte;mEc;A região selecionada está situada sobre a bacia amazônica, livre da influência direta de sistemas frontais e sob o domínio do escoamento quente e úmido da massa equatorial continen;Inverno;;;;;;;;;;;;;;;;
2025-09-06 00:00:00;Nordeste;mTa;Região sob influência direta do fluxo de leste/sudeste associado ao transporte de umidade do oceano, caracterizando a predominância da massa tropical atlântica no setor.;Inverno;;;;;;;;;;;;;;;;
2025-09-06 00:00:00;Litoral;mTa;O setor delimitado encontra-se sob domínio do fluxo dos ventos de leste/sudeste associado à circulação marítima, caracterizando a atuação e influência da Massa Tropical Atlântica.;Inverno;;;;;;;;;;;;;;;;
2025-09-06 00:00:00;Centro;mPa;A região delimitada encontra-se na retaguarda de uma frente fria que avança sobre o Centro-Oeste e Sudeste, caracterizando o domínio da massa de ar polar, fria e úmida.;Inverno;;;;;;;;;;;;;;;;
2025-09-06 00:00:00;Sul;mPa;A região delimitada encontra-se na retaguarda da frente fria, caracterizada pela advecção de ar frio e seco, coerente com a atuação da Massa Polar Atlântica.;Inverno;;;;;;;;;;;;;;;;
2025-09-07 00:00:00;Norte;mEc;Regiao central da Amazonia sem influencias frontais, dominada por ar quente e umido caracteristico da Massa Equatorial Continental;Inverno;;;;;;;;;;;;;;;;
2025-09-07 00:00:00;Nordeste;mTa;Regiao sob influencia do escoamento de leste caracteristico da periferia da alta subtropical, transportando ar quente e umido do Oceano Atlantico para o interior do Nordeste.;Inverno;;;;;;;;;;;;;;;;
2025-09-07 00:00:00;Litoral;mTa;A regiao delimitada esta sob influencia direta do fluxo zonal leste/nordeste proveniente do Atlantico Sul, caracterizando o dominio da Massa Tropical Atlantica (mTa).;Inverno;;;;;;;;;;;;;;;;
2025-09-07 00:00:00;Centro;mPa;A região demarcada encontra-se atrás de uma frente fria que avança em direção ao litoral, indicando a influência direta da massa de ar polar que ingressa pelo Centro-Oeste.;Inverno;;;;;;;;;;;;;;;;
2025-09-07 00:00:00;Sul;mPa;A região delimitada situa-se na retaguarda do sistema frontal, sob a influência direta do escoamento pós-frontal, caracterizando o predomínio e avanço da massa de ar polar.;Inverno;;;;;;;;;;;;;;;;
2025-09-08 00:00:00;Norte;mEc;A regiao delimitada esta situada sobre a bacia Amazonica, caracterizada pelo dominio de ar quente e umido, tipico da Massa Equatorial Continental, sem influecia direta de frentes f;Inverno;;;;;;;;;;;;;;;;
2025-09-08 00:00:00;Nordeste;mTa;Região sob influência direta do fluxo de leste/sudeste associado à circulação oceânica, transportando umidade e ar quente característicos da massa Tropical Atlântica.;Inverno;;;;;;;;;;;;;;;;
2025-09-08 00:00:00;Litoral;mTa;Regiao sob influencia direta do escoamento de leste-nordeste oriundo do anticiclone subtropical, transportando umidade do Atlantico sobre o setor costeiro.;Inverno;;;;;;;;;;;;;;;;
2025-09-08 00:00:00;Centro;mTc;A região demarcada encontra-se sob domínio da mTc, caracterizada por temperaturas elevadas e baixa umidade relativa, típica da subsidência na depressão do Chaco.;Inverno;;;;;;;;;;;;;;;;
2025-09-08 00:00:00;Sul;mPa;Regiao sob incidencia de fluxo de sul/sudeste apos a passagem de frente fria, caracterizada pelo ingresso de ar frio e seco, consolidando o dominio da mPa no setor.;Inverno;;;;;;;;;;;;;;;;
2025-09-09 00:00:00;Norte;mEc;A região demarcada encontra-se sobre a bacia amazônica, caracterizada pela ausência de sistemas frontais, sendo dominada pela massa de ar quente e úmida de origem continental.;Inverno;;;;;;;;;;;;;;;;
2025-09-09 00:00:00;Nordeste;mTa;Regiao sob incidencia de flutuos de umidade e gradiente de pressao caracteristico do ramo continental da alta subtropical, predominando caracteristicas da massa tropical atlantica.;Inverno;;;;;;;;;;;;;;;;
2025-09-09 00:00:00;Litoral;mTa;A região delimitada está sob o domínio do fluxo marítimo do quadrante leste, característico da alta pressão oceânica, mantendo a predominância de ar quente e úmido (mTa).;Inverno;;;;;;;;;;;;;;;;
2025-09-09 00:00:00;Centro;mPa;A área delimitada encontra-se sob efeito direto de um avanço de sistema frontal, com fluxo de sul/sudeste evidenciando a incursão e o domínio de uma massa de ar polar atlântica.;Inverno;;;;;;;;;;;;;;;;
2025-09-09 00:00:00;Sul;mPa;A região demarcada apresenta temperaturas em declínio e regime de ventos pós-frontal, estando sob a influência direta do avanço de uma massa de ar frio e úmida de origem polar.;Inverno;;;;;;;;;;;;;;;;
2025-09-10 00:00:00;Norte;mEc;A região demarcada situa-se sobre a bacia amazônica, onde predomina a Massa Equatorial Continental, caracterizada por ar quente e úmido, sem influência de sistemas extratropicais.;Inverno;;;;;;;;;;;;;;;;
2025-09-10 00:00:00;Nordeste;mTa;A região delimitada está sob influência do fluxo equatorial e tropical sobre o Atlântico, caracterizando a predominância da Massa Tropical Atlântica com transporte de umidade.;Inverno;;;;;;;;;;;;;;;;
2025-09-10 00:00:00;Litoral;mTa;A regiao delimitada esta sob influencia direta do escoamento de leste do Atlantico Sul, caracterizando a permanencia da mTa, que mantém o transporte de umidade e calor na costa.;Inverno;;;;;;;;;;;;;;;;
2025-09-10 00:00:00;Centro;mTc;A região demarcada encontra-se sob domínio da massa Tropical Continental, caracterizada pela predominância de ar quente e seco típico da Depressão do Chaco.;Inverno;;;;;;;;;;;;;;;;
2025-09-10 00:00:00;Sul;mPa;A região encontra-se submetida ao fluxo de ar frio e seco pós-frontal, característico do domínio da massa de ar polar atlântica que avança em direção ao setor Sudeste.;Inverno;;;;;;;;;;;;;;;;
2025-09-11 00:00:00;Norte;mEc;Regiao central e norte da Amazonia, caracterizada por alta umidade e temperaturas elevadas, sob dominio absoluto da circulação equatorial continental.;Inverno;;;;;;;;;;;;;;;;
2025-09-11 00:00:00;Nordeste;mTa;A região delimitada está sob a influência do fluxo marítimo da alta subtropical, caracterizando a mTa como a massa predominante devido à sua origem oceânica e características térmi;Inverno;;;;;;;;;;;;;;;;
2025-09-11 00:00:00;Litoral;mTa;Regiao sob clara influencia do fluxo marítimo da circulação anticiclônica oceânica, configurando a advecção de ar quente e úmido de origem tropical sobre o litoral delimitado.;Inverno;;;;;;;;;;;;;;;;
2025-09-11 00:00:00;Centro;mTc;Regiao central do continente sob influencia de subsidencia e estabilidade termica, caracterizando a atuacao da massa de ar quente e seca (mTc) no interior do pais.;Inverno;;;;;;;;;;;;;;;;
2025-09-11 00:00:00;Sul;mPa;A região apresenta temperaturas reduzidas e indicadores de umidade característicos do avanço de uma Massa Polar Atlântica, posicionada na retaguarda do sistema frontal frio.;Inverno;;;;;;;;;;;;;;;;
2025-09-12 00:00:00;Norte;mEc;A regiao delimitada esta sob influencia direta da circulacao continental quente e umida da Amazonia, caracteristica da massa de ar Equatorial Continental, na ausencia de sistemas f;Inverno;;;;;;;;;;;;;;;;
2025-09-12 00:00:00;Nordeste;mTa;A região delimitada está sob a influência do fluxo marítimo da alta pressão do Atlântico, configurando o predomínio da massa Tropical Atlântica com características quentes e úmidas;Inverno;;;;;;;;;;;;;;;;
2025-09-12 00:00:00;Litoral;mTa;A região apresenta características de ventos marítimos sob influência do escoamento zonal do Atlântico, indicando o predomínio de ar tropical quente e úmido no setor.;Inverno;;;;;;;;;;;;;;;;
2025-09-12 00:00:00;Centro;mTc;Região central sob influência de massa de ar quente e seca, caracterizada por baixos valores de umidade relativa e temperaturas elevadas típicas da Depressão do Chaco.;Inverno;;;;;;;;;;;;;;;;
2025-09-12 00:00:00;Sul;mPa;A região demarcada apresenta temperaturas em declínio e fluxos de sul/sudeste, caracterizando a atuação de uma massa de ar polar (mPa) pós-frontal sobre o Sul do Brasil.;Inverno;;;;;;;;;;;;;;;;
2025-09-13 00:00:00;Norte;mEc;Regiao central e norte da Amazonia apresentando caracteristicas tipicas de temperaturas elevadas e alta umidade, sem a presenca de sistemas frontais ativos na area delimitada.;Inverno;;;;;;;;;;;;;;;;
2025-09-13 00:00:00;Nordeste;mTa;A região encontra-se sob influência predominante do fluxo de leste/sudeste associado à célula de alta pressão oceânica, caracterizando o domínio da massa Tropical Atlântica.;Inverno;;;;;;;;;;;;;;;;
2025-09-13 00:00:00;Litoral;mTa;A área delimitada encontra-se sob domínio da circulação marítima da alta pressão, caracterizando o fluxo quente e úmido típico da Massa Tropical Atlântica (mTa) no litoral leste.;Inverno;;;;;;;;;;;;;;;;
2025-09-13 00:00:00;Centro;mTc;A região central delimitada apresenta temperaturas elevadas e baixos teores de umidade típicos da mTc, que atua no interior do continente sobre o Brasil Central.;Inverno;;;;;;;;;;;;;;;;
2025-09-13 00:00:00;Sul;mPa;A regiao apresenta adveccao de ar frio e valores de ponto de orvalho reduzidos, caracterizando a atuacao da massa polar atlantica apos a passagem de sistema frontal pelo sul.;Inverno;;;;;;;;;;;;;;;;
2025-09-14 00:00:00;Norte;mEc;Regiao central e norte da Amazonia sem influencias frontais, com caracteristicas termodinamicas tipicas de origem continental, quente e umida.;Inverno;;;;;;;;;;;;;;;;
2025-09-14 00:00:00;Nordeste;mTa;A região encontra-se sob influência do fluxo marítimo dos ventos alísios, caracterizando a predominância da massa de ar Tropical Atlântica com características quentes e úmidas.;Inverno;;;;;;;;;;;;;;;;
2025-09-14 00:00:00;Litoral;mTa;A área delimitada encontra-se sob domínio do fluxo marítimo de sudeste, característico da circulação da Alta Subtropical do Atlântico Sul, mantendo a presença da massa Tropical Atl;Inverno;;;;;;;;;;;;;;;;
2025-09-14 00:00:00;Centro;mPa;A região encontra-se sob efeito direto de advecção de ar frio e seco após a passagem de uma frente fria, caracterizada por temperaturas menores que as áreas tropicais adjacentes.;Inverno;;;;;;;;;;;;;;;;
2025-09-14 00:00:00;Sul;mPa;A região delimitada sofre influência da mPa, caracterizada por temperaturas amenas e valores de umidade compatíveis com o pós-frontal que atua sobre o Sul e Sudeste do Brasil.;Inverno;;;;;;;;;;;;;;;;
2025-09-15 00:00:00;Norte;mEc;Regiao situada sobre a Bacia Amazonica com temperaturas elevadas e alta umidade caracteristicas, sob influencia direta da circulacao e propriedades da massa equatorial continental.;Inverno;;;;;;;;;;;;;;;;
2025-09-15 00:00:00;Nordeste;mTa;A região delimitada está sob a influência do fluxo marítimo da alta subtropical, caracterizando a atuação da massa de ar Tropical Atlântica com transporte de umidade e calor.;Inverno;;;;;;;;;;;;;;;;
2025-09-15 00:00:00;Litoral;mTa;A regiao delimitada esta sob influencia direta do escoamento maritimo associado a circulacao anticiclonica do Atlantico Sul, caracterizando a predominancia da massa Tropical Atlant;Inverno;;;;;;;;;;;;;;;;
2025-09-15 00:00:00;Centro;mTc;A região central encontra-se sob influência de uma massa de ar quente e seca, caracterizada por baixos valores de umidade relativa e temperaturas elevadas no interior do continente;Inverno;;;;;;;;;;;;;;;;
2025-09-15 00:00:00;Sul;mPa;A região delimitada encontra-se sob a influência direta do avanço da massa polar atlântica, caracterizada pelo gradiente de temperatura e umidade após a passagem da frente fria.;Inverno;;;;;;;;;;;;;;;;
2025-09-16 00:00:00;Norte;mEc;A área é dominada por temperaturas elevadas e alta umidade, características típicas da massa Equatorial Continental, que se estabelece livre de influência de sistemas frontais.;Inverno;;;;;;;;;;;;;;;;
2025-09-16 00:00:00;Nordeste;mTa;A região do Nordeste delimitada encontra-se sob influência direta do fluxo de leste/sudeste proveniente da ASAS, configurando o predomínio da massa Tropical Atlântica.;Inverno;;;;;;;;;;;;;;;;
2025-09-16 00:00:00;Litoral;mTa;Regiao sob influencia direta do escoamento do anticiclone subtropical, caracterizando a predominancia de massa quente e umida sobre o setor costeiro do litoral brasileiro.;Inverno;;;;;;;;;;;;;;;;
2025-09-16 00:00:00;Centro;mTc;Regiao central do continente sob influencia de subsidencia e estabilidade termica, caracterizando o dominio da massa de ar Tropical Continental (mTc), quente e seca.;Inverno;;;;;;;;;;;;;;;;
2025-09-16 00:00:00;Sul;mPa;A região delimitada encontra-se sob domínio de uma massa de ar frio e seco, avançando pelo setor sul/sudeste, caracterizada pelo gradiente térmico pós-frontal.;Inverno;;;;;;;;;;;;;;;;
2025-09-17 00:00:00;Norte;mEc;A regiao apresenta predominancia de circulacao continental sobre a Amazonia, com caracteristicas de elevada temperatura e umidade, tipicas da massa de ar quente e umida mEc.;Inverno;;;;;;;;;;;;;;;;
2025-09-17 00:00:00;Nordeste;mTa;Dominada pelo fluxo do quadrante leste da periferia da alta subtropical oceânica, transportando umidade do Atlântico para o interior do Nordeste brasileiro.;Inverno;;;;;;;;;;;;;;;;
2025-09-17 00:00:00;Litoral;mTa;Regiao sob influencia do escoamento marítimo associado aos ventos alísios e circulacao de alta pressao sobre o Oceano Atlantico, caracterizando a predominancia da massa Tropical At;Inverno;;;;;;;;;;;;;;;;
2025-09-17 00:00:00;Centro;mTa;Regiao sob predominio de escoamento de leste/nordeste associado a circulacao do Atlantico Sul, caracterizando a atuacao da massa Tropical Atlantica no setor central do Brasil.;Inverno;;;;;;;;;;;;;;;;
2025-09-17 00:00:00;Sul;mPa;A regiao delimitada encontra-se sob a influência direta do avanço de uma massa de ar fria e estável, pós-frontal, característica da mPa propagando-se pelo continente.;Inverno;;;;;;;;;;;;;;;;
2025-09-17 00:00:00;Norte;mEc;A regiao delimitada esta sob o dominio de um sistema de baixa pressao termica caracteristico da bacia amazonica, mantendo a circulacao da Massa Equatorial Continental, quente e umi;Inverno;;;;;;;;;;;;;;;;
2025-09-17 00:00:00;Nordeste;mTa;A região encontra-se sob influência persistente do fluxo de leste da circulação marítima, característica da Massa Tropical Atlântica que domina o setor leste/nordeste do Brasil.;Inverno;;;;;;;;;;;;;;;;
2025-09-17 00:00:00;Litoral;mTa;A região delimitada encontra-se sob influência do escoamento marítimo persistente proveniente do anticiclone semipermanente do Atlântico Sul, caracterizando um ambiente quente e úm;Inverno;;;;;;;;;;;;;;;;
2025-09-17 00:00:00;Centro;mTa;A região central encontra-se sob influência do escoamento marítimo oriundo do oceano, caracterizando a predominância da massa de ar Tropical Atlântica com características quentes e;Inverno;;;;;;;;;;;;;;;;
2025-09-17 00:00:00;Sul;mPa;A região delimitada encontra-se sob influência imediata da retaguarda de sistema frontal, caracterizando o ingresso e domínio da massa de ar polar, evidenciado pelas condições de e;Inverno;;;;;;;;;;;;;;;;
2025-09-18 00:00:00;Norte;mEc;A área delimitada sobre a região amazônica está sob influência direta da massa equatorial continental, caracterizada por baixas pressões térmicas e elevada umidade.;Inverno;;;;;;;;;;;;;;;;
2025-09-18 00:00:00;Nordeste;mTa;Regiao sob influencia do escoamento de leste-sudeste proveniente do anticiclone subtropical, transportando umidade do Atlantico para o setor leste e interior da regiao Nordeste.;Inverno;;;;;;;;;;;;;;;;
2025-09-18 00:00:00;Litoral;mTa;Predominância de escoamento marítimo associado à circulação da alta pressão sobre o Atlântico Sul, caracterizando a atuação da massa Tropical Atlântica no setor.;Inverno;;;;;;;;;;;;;;;;
2025-09-18 00:00:00;Centro;mTc;A região delimitada no interior do continente apresenta características de baixa umidade e calor, típicas da influência da massa de ar Tropical Continental (mTc).;Inverno;;;;;;;;;;;;;;;;
2025-09-18 00:00:00;Sul;mPa;A região destacada apresenta o ingresso de uma massa de ar frio e seco, caracterizada pela circulação pós-frontal que desloca o ar de origem polar para latitudes mais baixas.;Inverno;;;;;;;;;;;;;;;;
2025-09-19 00:00:00;Norte;mEc;Região central da Bacia Amazônica sob domínio de massa quente e úmida, com baixos gradientes de pressão e ausência de sistemas frontais, caracterizando a permanência da mEc.;Inverno;;;;;;;;;;;;;;;;
2025-09-19 00:00:00;Nordeste;mTa;Predominância de escoamento vindo do Atlântico sobre a região, sob influência direta do gradiente de pressão da ASAS, caracterizando o transporte de umidade da mTa pelo setor.;Inverno;;;;;;;;;;;;;;;;
2025-09-19 00:00:00;Litoral;mTa;A área delimitada encontra-se sob influência do fluxo equatorial/tropical do Atlântico Sul, caracterizado por ar quente e úmido predominante no litoral do Nordeste brasileiro.;Inverno;;;;;;;;;;;;;;;;
2025-09-19 00:00:00;Centro;mTa;A região sob o retângulo vermelho encontra-se sob influência da circulação da alta pressão do Atlântico, configurando a presença da massa Tropical Atlântica (mTa).;Inverno;;;;;;;;;;;;;;;;
2025-09-19 00:00:00;Sul;mPa;A região delimitada encontra-se sob a influência direta do avanço de uma massa de ar polar, posicionada na retaguarda da frente fria que atua sobre o Sul e Sudeste do Brasil.;Inverno;;;;;;;;;;;;;;;;
2025-09-20 00:00:00;Norte;mEc;Região central da Bacia Amazônica, caracterizada por altas temperaturas e elevada umidade, evidenciando a persistência das propriedades térmicas e higrométricas da massa de ar cont;Inverno;;;;;;;;;;;;;;;;
2025-09-20 00:00:00;Nordeste;mTa;A região é dominada pelo fluxo de ar marítimo do Atlântico Sul, transportando umidade e calor, características típicas da Massa Tropical Atlântica que atua sobre o Nordeste brasile;Inverno;;;;;;;;;;;;;;;;
2025-09-20 00:00:00;Litoral;mTa;O setor delimitado está sob influência do fluxo marítimo predominante da circulação de alta pressão oceânica, caracterizando o domínio da massa tropical atlântica no litoral.;Inverno;;;;;;;;;;;;;;;;
2025-09-20 00:00:00;Centro;mTc;Região central caracterizada por baixos teores de umidade e temperaturas elevadas, configurando a atuação da massa tropical continental sobre o setor do Chaco e Brasil central.;Inverno;;;;;;;;;;;;;;;;
2025-09-20 00:00:00;Sul;mPa;A região delimitada encontra-se sob influência de uma massa de ar frio e seco, posicionada na retaguarda da frente fria que avança sobre a porção sul do continente.;Inverno;;;;;;;;;;;;;;;;
2025-09-21 00:00:00;Norte;mEc;Regiao central da Amazonia sem influencia de sistemas frontais externos, caracterizada pela predominancia termica e umidade dessa massa tropical continental de origem equatorial.;Inverno;;;;;;;;;;;;;;;;
2025-09-21 00:00:00;Nordeste;mTa;A região delimitada está sob forte influência do escoamento marítimo de leste, caracterizando a atuação da Massa Tropical Atlântica com transporte de umidade do oceano para o inter;Inverno;;;;;;;;;;;;;;;;
2025-09-21 00:00:00;Litoral;mTa;Região sob influência direta do fluxo de leste da circulação marítima, caracterizando o transporte de umidade e calor oceânico típico da Massa Tropical Atlântica.;Inverno;;;;;;;;;;;;;;;;
2025-09-21 00:00:00;Centro;mTc;A região central encontra-se sob domínio da mTc, caracterizada por baixos teores de umidade e temperaturas elevadas típicas do interior do continente, fora da influência direta de ;Inverno;;;;;;;;;;;;;;;;
2025-09-21 00:00:00;Sul;mPa;Região sob influência direta de massa polar atlântica, observando-se gradiente térmico e valores de temperatura mais baixos no setor posterior à frente fria avançada.;Primavera;;;;;;;;;;;;;;;;
2025-09-22 00:00:00;Norte;mEc;Regiao central e norte da Amazonia sob dominio da Massa Equatorial Continental, caracterizada pela estabilidade termica e alta umidade, sem interferencia de sistemas frontais.;Primavera;;;;;;;;;;;;;;;;
2025-09-22 00:00:00;Nordeste;mTa;Predominância de ar quente e úmido transportado do oceano Atlântico para o interior do Nordeste, sob influência do campo de alta pressão adjacente, configurando a massa Tropical At;Primavera;;;;;;;;;;;;;;;;
2025-09-22 00:00:00;Litoral;mTa;A regiao delimitada esta sob influencia direta do escoamento do setor norte/nordeste da circulacao oceanica, caracterizando a predominancia da Massa Tropical Atlantica (mTa).;Primavera;;;;;;;;;;;;;;;;
2025-09-22 00:00:00;Centro;mTc;Região do interior do continente, caracterizada por baixos teores de umidade e altas temperaturas, típica da atuação da massa Tropical Continental sobre o Centro-Oeste.;Primavera;;;;;;;;;;;;;;;;
2025-09-22 00:00:00;Sul;mPa;A região delimitada encontra-se sob influência imediata do avanço de uma frente fria, com a Massa Polar Atlântica posicionada na retaguarda do sistema, determinando as condições de;Primavera;;;;;;;;;;;;;;;;
2025-09-23 00:00:00;Norte;mEc;Região central da Bacia Amazônica, caracterizada por baixas pressões térmicas e elevada umidade, evidenciando o domínio da Massa Equatorial Continental sem influência de frontogêne;Primavera;;;;;;;;;;;;;;;;
2025-09-23 00:00:00;Nordeste;mTa;A região demarcada apresenta domínio das características de temperatura e umidade típicas da massa tropical atlântica, fluindo sob influência da crista remanescente da ASAS.;Primavera;;;;;;;;;;;;;;;;
2025-09-23 00:00:00;Litoral;mTa;A região delimitada encontra-se sob domínio do escoamento marítimo quente e úmido de leste, característico da atuação da Massa Tropical Atlântica no setor costeiro.;Primavera;;;;;;;;;;;;;;;;
2025-09-23 00:00:00;Centro;mPa;A regiao delimitada encontra-se sob a influencia direta da circulacao de um sistema frontal, estando localizada imediatamente atras da frente fria, caracterizando a entrada da mPa.;Primavera;;;;;;;;;;;;;;;;
2025-09-23 00:00:00;Sul;mPa;A região delimitada encontra-se na retaguarda de um sistema frontal, caracterizada pela incursão de ar frio e seco, consolidando o domínio da Massa Polar Atlântica.;Primavera;;;;;;;;;;;;;;;;
2025-09-24 00:00:00;Norte;mEc;Regiao central do continente sob dominio de massa equatorial quente e umida, caracterizando a atuacao da mEc sobre a bacia Amazonica sem interferencia de sistemas frontais.;Primavera;;;;;;;;;;;;;;;;
2025-09-24 00:00:00;Nordeste;mTa;A região do Nordeste delimitada encontra-se sob influência direta do escoamento oceânico, característico da massa de ar Tropical Atlântica, que predomina sobre o setor.;Primavera;;;;;;;;;;;;;;;;
2025-09-24 00:00:00;Litoral;mTa;Area sob influencia do fluxo marítimo de sudeste associado ao anticiclone do Atlantico Sul, caracterizando o predominio de ar quente e umido sobre o litoral.;Primavera;;;;;;;;;;;;;;;;
2025-09-24 00:00:00;Centro;mTc;Regiao central sob influencia de subsidencia e adveccao continental, caracterizando ar quente e seco, tipico da mTc estacionada sobre o interior do continente.;Primavera;;;;;;;;;;;;;;;;
2025-09-24 00:00:00;Sul;mPa;A região apresenta características de subsidência e temperaturas compatíveis com o escoamento pós-frontal, estando sob influência direta da massa de ar polar avançada.;Primavera;;;;;;;;;;;;;;;;
2025-09-25 00:00:00;Norte;mEc;Predominância da Massa Equatorial Continental sobre a região amazônica, caracterizada por ambiente quente e úmido, sem influência direta de sistemas frontais no setor delimitado.;Primavera;;;;;;;;;;;;;;;;
2025-09-25 00:00:00;Nordeste;mTa;A região delimitada está sob forte influência do escoamento marítimo de leste/sudeste, característico da circulação da ASAS, configurando a predominância da massa Tropical Atlântic;Primavera;;;;;;;;;;;;;;;;
2025-09-25 00:00:00;Litoral;mTa;A região delimitada está sob influência do escoamento marítimo do quadrante leste, característico da massa Tropical Atlântica, mantendo condições de umidade e temperaturas elevadas;Primavera;;;;;;;;;;;;;;;;
2025-09-25 00:00:00;Centro;mTa;A região encontra-se sob influência do fluxo marítimo da ASAS, caracterizando o domínio da massa Tropical Atlântica com transporte de umidade em baixos níveis para o interior.;Primavera;;;;;;;;;;;;;;;;
2025-09-25 00:00:00;Sul;mPa;Região sob influência direta do avanço de massa de ar frio e seco, posicionada na retaguarda do sistema frontal que atua sobre o Sudeste brasileiro.;Primavera;;;;;;;;;;;;;;;;
2025-09-26 00:00:00;Norte;mEc;Regiao central abrangida pela bacia amazonica, caracterizada pelo dominio da Massa Equatorial Continental, que apresenta elevadas temperaturas e umidade na ausência de sistemas fro;Primavera;;;;;;;;;;;;;;;;
2025-09-26 00:00:00;Nordeste;mTa;A região encontra-se sob influência do escoamento marítimo oriundo do oceano, caracterizando o predomínio de ar quente e úmido tipicamente transportado pela mTa.;Primavera;;;;;;;;;;;;;;;;
2025-09-26 00:00:00;Litoral;mPa;A regiao delimitada esta posicionada a retaguarda da frente fria, sob influencia do centro de alta pressao associado ao avanco de uma massa de ar frio e seco de origem polar.;Primavera;;;;;;;;;;;;;;;;
2025-09-26 00:00:00;Centro;mPa;A região delimitada encontra-se sob influência do avanço da massa de ar polar, evidenciado pelas características térmicas e posicionamento pós-frontal do sistema na carta sinótica.;Primavera;;;;;;;;;;;;;;;;
2025-09-26 00:00:00;Sul;mPa;A região delimitada encontra-se na retaguarda do sistema frontal, evidenciando o ingresso e o predomínio de ar frio e seco de origem polar.;Primavera;;;;;;;;;;;;;;;;
2025-09-27 00:00:00;Norte;mEc;Região central da Bacia Amazônica sob domínio da Massa Equatorial Continental, apresentando características de elevada temperatura e umidade, sem influência de sistemas extratropic;Primavera;;;;;;;;;;;;;;;;
2025-09-27 00:00:00;Nordeste;mTa;Regiao sob influencia do escoamento de leste-sudeste do anticiclone subtropical, configurando o predominio da massa Tropical Atlantica sobre o Nordeste brasileiro.;Primavera;;;;;;;;;;;;;;;;
2025-09-27 00:00:00;Litoral;mTa;Região delimitada sob influência do fluxo marítimo da alta pressão, caracterizando a predominância da massa Tropical Atlântica (mTa), quente e úmida, sobre o litoral do Nordeste.;Primavera;;;;;;;;;;;;;;;;
2025-09-27 00:00:00;Centro;mPa;A região delimitada encontra-se sob efeito direto do avanço de uma massa de ar frio pós-frontal, apresentando declínio térmico e queda de umidade, características típicas da mPa.;Primavera;;;;;;;;;;;;;;;;
2025-09-27 00:00:00;Sul;mPa;A região apresenta o avanço de ar frio e seco na retaguarda de um sistema frontal, caracterizando a influência predominante da massa Polar Atlântica.;Primavera;;;;;;;;;;;;;;;;
2025-09-28 00:00:00;Norte;mEc;A região delimitada compreende a bacia amazônica. Na ausência de sistemas frontais atuantes, a massa de ar predominante é a Equatorial Continental, caracterizada pela alta umidade.;Primavera;;;;;;;;;;;;;;;;
2025-09-28 00:00:00;Nordeste;mTa;A região delimitada está sob influência do escoamento marítimo de leste, estabelecido pela periferia do anticiclone subtropical, caracterizando a predominância da massa Tropical At;Primavera;;;;;;;;;;;;;;;;
2025-09-28 00:00:00;Litoral;mTa;Região sob influência direta da circulação marítima do Atlântico Sul, caracterizada pela predominância de ar quente e úmido transportado pelos ventos de leste.;Primavera;;;;;;;;;;;;;;;;
2025-09-28 00:00:00;Centro;mPa;A região encontra-se no setor pós-frontal, sob a influência direta da subsidência e avanço da massa de ar polar, caracterizada pela queda nas temperaturas e umidade.;Primavera;;;;;;;;;;;;;;;;
2025-09-28 00:00:00;Sul;mPa;A região apresenta características de baixas temperaturas e umidade pós-frontal, configurando a atuação da massa de ar polar após a passagem da frente fria.;Primavera;;;;;;;;;;;;;;;;
2025-09-29 00:00:00;Norte;mEc;A região delimitada encontra-se sobre a bacia amazônica, caracterizada por altas temperaturas e elevada umidade, sob domínio da Massa Equatorial Continental.;Primavera;;;;;;;;;;;;;;;;
2025-09-29 00:00:00;Nordeste;mTa;Região sob influência direta do fluxo de leste/sudeste proveniente do Atlântico, caracterizando o domínio da massa Tropical Atlântica sobre o setor do Nordeste brasileiro.;Primavera;;;;;;;;;;;;;;;;
2025-09-29 00:00:00;Litoral;mTa;O litoral indicado encontra-se sob domínio do fluxo de ventos de leste provenientes do oceano, caracterizando a influência da massa de ar Tropical Atlântica (mTa) na região.;Primavera;;;;;;;;;;;;;;;;
2025-09-29 00:00:00;Centro;mPa;A regiao encontra-se sob efeito de adveccao fria pos-frontal, com valores de temperatura e ponto de orvalho em declinio representativos da entrada de massa polar no setor.;Primavera;;;;;;;;;;;;;;;;
2025-09-29 00:00:00;Sul;mPa;Região sob influência direta do ingresso de ar frio e seco após a passagem de sistema frontal, caracterizado por temperaturas mais amenas e regime de alta pressão local.;Primavera;;;;;;;;;;;;;;;;
2025-09-30 00:00:00;Norte;mEc;Região setentrional sob influência da Massa Equatorial Continental, caracterizada por alto conteúdo de umidade e temperaturas elevadas típicas do domínio amazônico.;Primavera;;;;;;;;;;;;;;;;
2025-09-30 00:00:00;Nordeste;mTa;Regiao sob predominio de fluxo de circulacao maritima associado ao sistema de alta pressao do Atlantico Sul, mantendo caracteristicas quentes e umidas na area delimitada.;Primavera;;;;;;;;;;;;;;;;
2025-09-30 00:00:00;Litoral;mTa;Regiao sob influencia do escoamento maritimo quente e umido associado ao anticiclone subtropical, caracteristica predominante da Massa Tropical Atlantica no litoral brasileiro.;Primavera;;;;;;;;;;;;;;;;
2025-09-30 00:00:00;Centro;mTc;Região situada na porção central do continente, sob influência de circulações típicas da Depressão do Chaco, caracterizando-se por ar quente e seco, sem influência ocânica ou polar;Primavera;;;;;;;;;;;;;;;;
2025-09-30 00:00:00;Sul;mPa;A região delimitada encontra-se sob influência do avanço de uma massa polar após a passagem de sistema frontal, evidenciado pelos baixos valores de temperatura e umidade observados;Primavera;;;;;;;;;;;;;;;;
2025-10-01 00:00:00;Norte;mEc;Regiao central da Amazonia sem influencia de sistemas frontais, caracterizada por temperaturas elevadas e alto teor de umidade, configurando o dominio da massa equatorial continent;Primavera;;;;;;;;;;;;;;;;
2025-10-01 00:00:00;Nordeste;mTa;Predominância da Massa Tropical Atlântica, devido à influência direta do escoamento marítimo de leste vindo do oceano, caracterizando o transporte de umidade em direção ao interior;Primavera;;;;;;;;;;;;;;;;
2025-10-01 00:00:00;Litoral;mTa;A área delimitada encontra-se sob o fluxo do quadrante leste/sudeste, característico do transporte de umidade e calor provindos do setor oceânico, definindo a predominância da mTa.;Primavera;;;;;;;;;;;;;;;;
2025-10-01 00:00:00;Centro;mPa;A região encontra-se sob influência de um avanço de massa de ar polar, evidenciado pela trajetória da frente fria e pelo fluxo de ar subjacente no setor centro-sul do país.;Primavera;;;;;;;;;;;;;;;;
2025-10-01 00:00:00;Sul;mPa;A região delimitada localiza-se na retaguarda de um sistema frontal, sob a influência direta do escoamento de uma massa de ar frio e seco de origem polar que avança sobre o Sul.;Primavera;;;;;;;;;;;;;;;;
2025-10-02 00:00:00;Norte;mEc;A região delimitada sobre a bacia amazônica apresenta domínio da massa equatorial continental, caracterizada por ser quente e úmida, típica desta área na ausência de sistemas front;Primavera;;;;;;;;;;;;;;;;
2025-10-02 00:00:00;Nordeste;mTa;A região delimitada encontra-se sob o fluxo do escoamento zonal e influenciada pela subsidência periférica do sistema de alta pressão oceânico, caracterizando a predominância da mT;Primavera;;;;;;;;;;;;;;;;
2025-10-02 00:00:00;Litoral;mTa;A regiao delimitada esta sob influencia direta do fluxo maritimo associado a alta subtropical, caracterizando a dominancia da mTa sobre o litoral do Nordeste brasileiro.;Primavera;;;;;;;;;;;;;;;;
2025-10-02 00:00:00;Centro;mPa;A regiao delimitada encontra-se sob sobressalto e influência direta de advecção de ar frio e seco, caracterizando o pós-frontal da massa polar que avança pelo interior do continent;Primavera;;;;;;;;;;;;;;;;
2025-10-02 00:00:00;Sul;mPa;A região delimitada identifica a presença de escoamento subpolar associado ao avanço e posicionamento de uma massa de ar frio logo após a passagem da frente fria no setor.;Primavera;;;;;;;;;;;;;;;;
2025-10-03 00:00:00;Norte;mEc;A regiao delimitada encontra-se sobre a bacia amazonica, sob influencia de ar quente e umido caracteristico da Massa Equatorial Continental, sem a presenca de frentes frias.;Primavera;;;;;;;;;;;;;;;;
2025-10-03 00:00:00;Nordeste;mTa;A regiao delimitada esta sob influencia direta do fluxo da alta pressao do Atlantico Sul, caracterizando a dominancia da massa de ar Tropical Atlantica, quente e umida.;Primavera;;;;;;;;;;;;;;;;
2025-10-03 00:00:00;Litoral;mTa;A regiao delimitada encontra-se sob a influencia direta do escoamento maritimo associado ao centro de alta pressao do Atlantico Sul, caracterizando a predominancia da mTa.;Primavera;;;;;;;;;;;;;;;;
2025-10-03 00:00:00;Centro;mTc;A região delimitada situa-se sobre o interior do continente, sob influência da depressão térmica central, caracterizando a predominância da massa Tropical Continental, quente e sec;Primavera;;;;;;;;;;;;;;;;
2025-10-03 00:00:00;Sul;mPa;Região sob influência de advecção fria e umidade residual pós-passagem de frente fria. Gradiente de pressão indica predomínio de ar polar na área delimitada.;Primavera;;;;;;;;;;;;;;;;
2025-10-04 00:00:00;Norte;mEc;A região delimitada ocupa o interior da bacia amazônica, caracterizada por baixos gradientes de pressão e ar quente e úmido, sem influência de sistemas frontais ou oceânicos.;Primavera;;;;;;;;;;;;;;;;
2025-10-04 00:00:00;Nordeste;mTa;A região delimitada está sob forte influência do escoamento marítimo oriundo do Atlântico Sul, caracterizando a predominância da massa Tropical Atlântica com características quente;Primavera;;;;;;;;;;;;;;;;
2025-10-04 00:00:00;Litoral;mTa;A região delimitada está sob o domínio do fluxo marítimo da alta pressão subtropical do Atlântico Sul, caracterizando a atuação da massa Tropical Atlântica (mTa).;Primavera;;;;;;;;;;;;;;;;
2025-10-04 00:00:00;Centro;mTa;A região delimitada encontra-se sob influência do escoamento adjacente à ASAS, caracterizando o transporte de ar quente e úmido de origem marítima para o interior do continente.;Primavera;;;;;;;;;;;;;;;;
2025-10-04 00:00:00;Sul;mPa;A região delimitada localiza-se na retaguarda de sistema frontal, com valores térmicos reduzidos e gradiente de pressão característicos da entrada da Massa Polar Atlântica no Sul.;Primavera;;;;;;;;;;;;;;;;
2025-10-05 00:00:00;Norte;mEc;Região situada na Bacia Amazônica, apresentando características de ar quente e úmido sob domínio da massa Equatorial Continental, sem influência de sistemas frontais.;Primavera;;;;;;;;;;;;;;;;
2025-10-05 00:00:00;Nordeste;mTa;Predominio de circulacao anticiclonica sobre o setor, caracterizando a influencia da massa Tropical Atlantica, com adveccao de umidade sobre o Nordeste brasileiro.;Primavera;;;;;;;;;;;;;;;;
2025-10-05 00:00:00;Litoral;mTa;A regiao delimitada encontra-se sob a influencia direta do escoamento de leste/sudeste associado ao anticiclone subtropical, mantendo predominio de ar quente e umido maritimo.;Primavera;;;;;;;;;;;;;;;;
2025-10-05 00:00:00;Centro;mTc;Região situada em área de baixas pressões relativas no interior do continente, caracterizada por temperaturas elevadas e baixos teores de umidade, típicos da massa tropical contine;Primavera;;;;;;;;;;;;;;;;
2025-10-05 00:00:00;Sul;mTa;Região sob influência do fluxo de circulação marítima da ASAS, caracterizando a permanência da Massa Tropical Atlântica com transporte de umidade para o continente.;Primavera;;;;;;;;;;;;;;;;
2025-10-06 00:00:00;Norte;mEc;Região central da Amazônia sob condições de baixas pressões relativas e ausência de sistemas frontais, caracterizando o domínio da massa equatorial continental (quente e úmida).;Primavera;;;;;;;;;;;;;;;;
2025-10-06 00:00:00;Nordeste;mTa;Região sob influência direta do fluxo de ar quente e úmido proveniente do Atlântico Tropical, característico da circulação da alta pressão, mantendo estabilidade térmica no NE.;Primavera;;;;;;;;;;;;;;;;
2025-10-06 00:00:00;Litoral;mTa;Regiao sob influencia do escoamento maritimo associado a circulacao do anticiclone subtropical, caracterizando a predominancia da Massa Tropical Atlantica (mTa) no setor costeiro.;Primavera;;;;;;;;;;;;;;;;
2025-10-06 00:00:00;Centro;mTc;A região do Centro-Oeste apresenta características térmicas elevadas e baixa umidade relativa, típicas da atuação da massa Tropical Continental, influenciada pela Depressão do Chac;Primavera;;;;;;;;;;;;;;;;
2025-10-06 00:00:00;Sul;mPa;A região delimitada situa-se no setor pós-frontal, sob a influência direta do avanço da massa de ar polar, evidenciada pelos valores de pressão e queda de temperatura característic;Primavera;;;;;;;;;;;;;;;;
2025-10-07 00:00:00;Norte;mEc;Região situada na Bacia Amazônica, apresentando características de ar quente e úmido, sob domínio da massa com origem continental, sem influência de sistemas frontais no setor.;Primavera;;;;;;;;;;;;;;;;
2025-10-07 00:00:00;Nordeste;mTa;Area sob influência da circulação do centro de alta pressão no oceano, caracterizando um fluxo quente e úmido predominante no setor leste e interior da região Nordeste.;Primavera;;;;;;;;;;;;;;;;
2025-10-07 00:00:00;Litoral;mTa;Região sob influência direta da circulação marítima do Anticiclone Subtropical, transportando umidade e calor característicos da Massa Tropical Atlântica ao longo do litoral.;Primavera;;;;;;;;;;;;;;;;
2025-10-07 00:00:00;Centro;mPa;A região delimitada encontra-se no setor pós-frontal, sob influência direta do avanço de uma massa de ar frio e seco, caracterizando a atuação da mPa sobre o Centro-Oeste.;Primavera;;;;;;;;;;;;;;;;
2025-10-07 00:00:00;Sul;mPa;A região delimitada encontra-se na retaguarda de um sistema frontal, sob a influência direta de influxo de ar frio e úmido característico da massa polar atlântica.;Primavera;;;;;;;;;;;;;;;;
2025-10-08 00:00:00;Norte;mEc;A regiao delimitada esta sob influencia direta da Massa Equatorial Continental, caracterizada pela predominancia de umidade e calor sobre a bacia amazonica, sem interferencia de si;Primavera;;;;;;;;;;;;;;;;
2025-10-08 00:00:00;Nordeste;mTa;Dominio sobre a regiao sob influencia direta do escoamento zonal e transporte de umidade do oceano para o continente, caracterizando uma massa de ar quente e umida.;Primavera;;;;;;;;;;;;;;;;
2025-10-08 00:00:00;Litoral;mTa;A regiao delimitada esta sob influencia direta do escoamento de leste do anticiclone subtropical, transportando umidade do Atlantico Sul para o litoral leste brasileiro.;Primavera;;;;;;;;;;;;;;;;
2025-10-08 00:00:00;Centro;mTa;Regiao sob influencia do escoamento anticiclonico subtropical, caracterizando o dominio da massa tropical atlantica, com adveccao de umidade sobre o centro do Brasil.;Primavera;;;;;;;;;;;;;;;;
2025-10-08 00:00:00;Sul;mTa;A região encontra-se sob influência do escoamento marítimo associado ao centro de alta pressão no oceano, caracterizando o domínio da massa Tropical Atlântica.;Primavera;;;;;;;;;;;;;;;;
2025-10-09 00:00:00;Norte;mEc;A regiao delimitada encontra-se sobre a bacia Amazonica, caracterizada pelo dominio de ar quente e umido, tipico da Massa Equatorial Continental, sem inflencia direta de sistemas e;Primavera;;;;;;;;;;;;;;;;
2025-10-09 00:00:00;Nordeste;mTa;Região sob influência direta do fluxo de leste da alta subtropical, caracterizada por transporte de umidade do oceano e estabilidade térmica típica da massa tropical atlântica.;Primavera;;;;;;;;;;;;;;;;
2025-10-09 00:00:00;Litoral;mTa;Região sob influência direta da circulação marítima da alta pressão do Atlântico, caracterizando a predominância da massa Tropical Atlântica (mTa) no setor costeiro.;Primavera;;;;;;;;;;;;;;;;
2025-10-09 00:00:00;Centro;mTc;Regiao central do continente sob influencia de subsidencia e circulacao anticiclonica, caracteristica de massa de ar quente e seca (mTc) atuando na Depressao do Chaco.;Primavera;;;;;;;;;;;;;;;;
2025-10-09 00:00:00;Sul;mPa;A região apresenta a incursão de ar mais frio e denso na retaguarda do sistema frontal, caracterizando a atuação da massa de ar polar sobre o sul do Brasil.;Primavera;;;;;;;;;;;;;;;;
2025-10-10 00:00:00;Norte;mEc;Região central da Bacia Amazônica sob domínio da massa quente e úmida de origem continental, mantendo características estáveis de temperatura e alta umidade atmosférica.;Primavera;;;;;;;;;;;;;;;;
2025-10-10 00:00:00;Nordeste;mTa;A região do Nordeste é influenciada predominantemente pelo escoamento de leste, transportando ar quente e úmido proveniente do oceano, característico da massa Tropical Atlântica.;Primavera;;;;;;;;;;;;;;;;
2025-10-10 00:00:00;Litoral;mTa;A regiao delimitada esta sob influencia direta do fluxo zonal de leste provindo do oceano, caracteristico da circulacao maritima associada a massa Tropical Atlantica (mTa).;Primavera;;;;;;;;;;;;;;;;
2025-10-10 00:00:00;Centro;mTc;Região central sob influência da Massa Tropical Continental, caracterizada por baixos valores de umidade relativa e fluxo de ar quente e seco típico da depressão do Chaco.;Primavera;;;;;;;;;;;;;;;;
2025-10-10 00:00:00;Sul;mPa;A região encontra-se sob influência do avanço de uma massa polar após a passagem de um sistema frontal, caracterizada por temperaturas amenas e gradiente de pressão meridional.;Primavera;;;;;;;;;;;;;;;;
2025-10-11 00:00:00;Norte;mEc;Regiao central da Amazonia brasileira caracterizada pela persistencia de ar quente e umido, tipico da Massa Equatorial Continental, sem presenca de sistemas frontais na area.;Primavera;;;;;;;;;;;;;;;;
2025-10-11 00:00:00;Nordeste;mTa;A região é dominada pelo fluxo de leste/sudeste originado no Atlântico Sul, caracterizando a influência da Massa Tropical Atlântica nesta porção do Nordeste brasileiro.;Primavera;;;;;;;;;;;;;;;;
2025-10-11 00:00:00;Litoral;mTa;Regiao sob influencia do fluxo marítimo do Atlântico Sul, caracterizado por ar quente e úmido transportado pela circulação periférica de alta pressão na bacia oceânica adjacente.;Primavera;;;;;;;;;;;;;;;;
2025-10-11 00:00:00;Centro;mTc;A região delimitada situa-se no interior do continente, sob influência da depressão do Chaco, caracterizando-se por tempo quente e seco típico da massa Tropical Continental.;Primavera;;;;;;;;;;;;;;;;
2025-10-11 00:00:00;Sul;mPa;Na regiao delimitada, observa-se o avanco de uma massa de ar frio e seco apos a passagem de uma frente fria, caracterizando o dominio da mPa no setor sul.;Primavera;;;;;;;;;;;;;;;;
2025-10-12 00:00:00;Norte;mEc;Região sobre o interior da Amazônia sob influência de massa quente e úmida característica, sem interferência direta de sistemas frontais ou circulação marítima no setor.;Primavera;;;;;;;;;;;;;;;;
2025-10-12 00:00:00;Nordeste;mTa;Região sob influência direta da circulação marítima do Atlântico Sul, caracterizando-se por fluxo de leste a sudeste com transporte de umidade para o interior do Nordeste.;Primavera;;;;;;;;;;;;;;;;
2025-10-12 00:00:00;Litoral;mTa;Região sob influência direta do fluxo de leste da alta pressão oceânica, caracterizando a permanência da Massa Tropical Atlântica com características quentes e úmidas sobre o litor;Primavera;;;;;;;;;;;;;;;;
2025-10-12 00:00:00;Centro;mTc;Região do interior do continente, sob influência da depressão térmica, caracterizada por ar quente e seco, típica do setor central do Brasil durante o período de estiagem.;Primavera;;;;;;;;;;;;;;;;
2025-10-12 00:00:00;Sul;mTa;Regiao sob influencia direta pela circulacao periferica da alta pressao do Atlantico Sul, caracterizando predominio da massa Tropical Atlantica com transporte de umidade do oceano.;Primavera;;;;;;;;;;;;;;;;
2025-10-13 00:00:00;Norte;mEc;A regiao delimitada posiciona-se sobre a bacia Amazonica, area de geracao e predominio da massa Equatorial Continental, caracterizada por altas temperaturas e elevada umidade.;Primavera;;;;;;;;;;;;;;;;
2025-10-13 00:00:00;Nordeste;mTa;A região demarcada apresenta domínio de umidade e circulação associada ao gradiente de pressão do oceano, caracterizando a atuação da massa de ar Tropical Atlântica.;Primavera;;;;;;;;;;;;;;;;
2025-10-13 00:00:00;Litoral;mTa;A região delimitada encontra-se sob influência da circulação anticiclônica do Atlântico Sul, caracterizando o domínio da massa Tropical Atlântica (mTa) no setor costeiro.;Primavera;;;;;;;;;;;;;;;;
2025-10-13 00:00:00;Centro;mTc;A região central encontra-se sob domínio de uma massa de ar quente e seca de origem continental, caracterizada pelas altas temperaturas observadas e baixo umidade no setor do Chaco;Primavera;;;;;;;;;;;;;;;;
2025-10-13 00:00:00;Sul;mPa;Região sob influência direta da massa de ar polar, evidenciada pelos gradientes térmicos e posicionamento a retaguarda da frente fria avançando pelo setor sul/sudeste.;Primavera;;;;;;;;;;;;;;;;
2025-10-14 00:00:00;Norte;mEc;A regiao apresenta predominancia de circulacao quente e umida caracteristica da Amazonia, sem influencia direta de sistemas frontais ou massas de ar extratropicais nas adjacencias.;Primavera;;;;;;;;;;;;;;;;
2025-10-14 00:00:00;Nordeste;mTa;A região encontra-se sob influência do fluxo de leste do Atlântico, característico da circulação da massa tropical atlântica, garantindo condições de alta pressão e umidade.;Primavera;;;;;;;;;;;;;;;;
2025-10-14 00:00:00;Litoral;mTa;A área delimitada encontra-se sob domínio do fluxo marítimo persistente associado ao sistema de alta pressão oceânico, caracterizando a atuação predominante da mTa.;Primavera;;;;;;;;;;;;;;;;
2025-10-14 00:00:00;Centro;mTc;A região apresenta características de ar continental quente e estável, com temperaturas elevadas registradas nas estações, típico da atuação da massa Tropical Continental.;Primavera;;;;;;;;;;;;;;;;
2025-10-14 00:00:00;Sul;mPa;A região delimitada está sob a influência direta do escoamento pós-frontal, com predomínio de ar frio e seco característico da Massa Polar Atlântica.;Primavera;;;;;;;;;;;;;;;;
2025-10-15 00:00:00;Norte;mEc;Região central da Amazônia sob influência de massa quente e úmida, com baixos gradientes de pressão e ausência de sistemas frontais, caracterizando o domínio da massa equatorial co;Primavera;;;;;;;;;;;;;;;;
2025-10-15 00:00:00;Nordeste;mTa;Regiao sob fluxo predominante de leste, caracterizado pelo transporte de umidade do Atlantico Sul, configurando o dominio da Massa Tropical Atlantica sobre a area demarcada.;Primavera;;;;;;;;;;;;;;;;
2025-10-15 00:00:00;Litoral;mTa;A região delimitada está sob forte influência do escoamento marítimo oriundo do Anticiclone subtropical, configurando o domínio da massa de ar Tropical Atlântica (mTa).;Primavera;;;;;;;;;;;;;;;;
2025-10-15 00:00:00;Centro;mTc;Região do Chaco e interior do continente sob influência de massa quente e seca, caracterizada pelos elevados valores de temperatura de ponto de orvalho e ausência de sistemas front;Primavera;;;;;;;;;;;;;;;;
2025-10-15 00:00:00;Sul;mPa;A região delimitada encontra-se sob a influência direta do avanço da massa de ar polar, caracterizada por temperaturas reduzidas e ventos do quadrante sul pós-passagem frontal.;Primavera;;;;;;;;;;;;;;;;
2025-10-16 00:00:00;Norte;mEc;Regiao central da Amazonia sob dominio de massa equatorial continental, caracterizada por elevados indices de umidade e temperaturas elevadas, sem influencia de sistemas frontais.;Primavera;;;;;;;;;;;;;;;;
2025-10-16 00:00:00;Nordeste;mTa;Area sob influencia do fluxo maritimo do Atlantico Sul, caracterizada pela predominancia da Massa Tropical Atlantica, que transporta umidade e calor para o setor oriental do Nordes;Primavera;;;;;;;;;;;;;;;;
2025-10-16 00:00:00;Litoral;mTa;A regiao delimitada esta sob o regime de circulacao do anticiclone maritimo, caracterizando o dominio da Massa Tropical Atlantica, com fluxo preferencial de leste/sudeste.;Primavera;;;;;;;;;;;;;;;;
2025-10-16 00:00:00;Centro;mTc;Regiao situada sobre o interior do continente, caracterizada por temperaturas elevadas e baixa umidade, sob influencia de subsidencia caracteristica da mTc no Chaco.;Primavera;;;;;;;;;;;;;;;;
2025-10-16 00:00:00;Sul;mPa;A região apresenta características de subsidência e queda de temperatura pós-frente fria, com escoamento de quadrante sul característico da incursão da Massa Polar Atlântica.;Primavera;;;;;;;;;;;;;;;;
2025-10-17 00:00:00;Norte;mEc;Região localizada sobre a bacia amazônica, caracterizada por baixos gradientes de pressão, elevadas temperaturas e umidade, condizentes com a persistência da massa equatorial conti;Primavera;;;;;;;;;;;;;;;;
2025-10-17 00:00:00;Nordeste;mTa;Região sob influência direta do fluxo de leste da alta pressão subtropical do Atlântico Sul, caracterizando o domínio da massa Tropical Atlântica com características quentes e úmid;Primavera;;;;;;;;;;;;;;;;
2025-10-17 00:00:00;Litoral;mTa;Região sob influência direta do escoamento marítimo associado à circulação anticiclônica oceânica, caracterizando a predominância de ar quente e úmido no litoral.;Primavera;;;;;;;;;;;;;;;;
2025-10-17 00:00:00;Centro;mTc;Regiao central do continente sob influencia da massa tropical continental, caracterizada por baixas pressões relativas e condições de subsidência térmica típicas da região.;Primavera;;;;;;;;;;;;;;;;
2025-10-17 00:00:00;Sul;mPa;A região delimitada encontra-se sob efeito direto do avanço de uma massa polar após a passagem de frente fria, evidenciado pelos valores de temperatura mais baixos e umidade.;Primavera;;;;;;;;;;;;;;;;
2025-10-18 00:00:00;Norte;mEc;Regiao situada no interior da Amazonia sob influencia direta da circulacao continental, caracterizada pelo ar quente e umido estavel sem perturbacoes frontais significativas.;Primavera;;;;;;;;;;;;;;;;
2025-10-18 00:00:00;Nordeste;mTa;Predominância de circulação de leste associada à alta pressão do Atlântico, influenciando o transporte de umidade do oceano para o interior do Nordeste.;Primavera;;;;;;;;;;;;;;;;
2025-10-18 00:00:00;Litoral;mTa;A região delimitada está sob forte influência do escoamento marítimo de leste, característico da massa Tropical Atlântica, que mantém o transporte de umidade e calor na costa.;Primavera;;;;;;;;;;;;;;;;
2025-10-18 00:00:00;Centro;mTc;A região delimitada no interior do continente apresenta características típicas de estabilidade térmica e baixa umidade, sob influência direta da Massa Tropical Continental (mTc).;Primavera;;;;;;;;;;;;;;;;
2025-10-18 00:00:00;Sul;mPa;A região delimitada encontra-se sob efeito da incursão de ar frio e seco, característico de massa de origem polar que avança pelo continente após a passagem de sistema frontal.;Primavera;;;;;;;;;;;;;;;;
2025-10-19 00:00:00;Norte;mEc;A região está sob domínio da Massa Equatorial Continental, caracterizada pela predominância de baixas pressões térmicas e elevada umidade sobre a Bacia Amazônica.;Primavera;;;;;;;;;;;;;;;;
2025-10-19 00:00:00;Nordeste;mTa;Regiao sob clara influencia do escoamento de leste vindo do Atlantico, caracterizado pela estabilidade e umidade associadas ao fluxo da massa de ar tropical sobre o nordeste brasil;Primavera;;;;;;;;;;;;;;;;
2025-10-19 00:00:00;Litoral;mTa;A região delimitada está sob o domínio do fluxo marítimo da alta subtropical, caracterizando a atuação da massa de ar Tropical Atlântica com transporte de umidade do oceano.;Primavera;;;;;;;;;;;;;;;;
2025-10-19 00:00:00;Centro;mPa;A área encontra-se sob influência do avanço de uma massa de ar frio logo após a passagem da linha de instabilidade/frente fria, evidenciada pelo gradiente de temperatura e umidade.;Primavera;;;;;;;;;;;;;;;;
2025-10-19 00:00:00;Sul;mPa;Observa-se o avanço da retaguarda de um sistema frontal sobre o Sul do País, estabelecendo a incursão da massa de ar Polar Atlântica com queda de temperatura e umidade.;Primavera;;;;;;;;;;;;;;;;
2025-10-20 00:00:00;Norte;mEc;A região demarcada localiza-se sobre a bacia amazônica. Na ausência de sistemas frontais ativos na área, predomina a Massa Equatorial Continental, caracterizada por ar quente e úmi;Primavera;;;;;;;;;;;;;;;;
2025-10-20 00:00:00;Nordeste;mTa;Regiao sob influencia do fluxo maritimo oriundo do Atlantico Sul, caracteristico da circulacao de leste que transporta umidade e calor para o setor Nordeste do Brasil.;Primavera;;;;;;;;;;;;;;;;
2025-10-20 00:00:00;Litoral;mPa;O setor delimitado encontra-se logo após a passagem de uma frente fria, caracterizado pelo fluxo pós-frontal de ar frio e instável, sendo portanto dominado pela massa de ar polar.;Primavera;;;;;;;;;;;;;;;;
2025-10-20 00:00:00;Centro;mPa;A região delimitada encontra-se posicionada a retaguarda/setor pós-frontal de um sistema frontal, caracterizando a incursão e predomínio da massa de ar polar (mPa).;Primavera;;;;;;;;;;;;;;;;
2025-10-20 00:00:00;Sul;mPa;A região delimitada encontra-se sob a influência direta do fluxo pós-frontal, com advecção de ar frio e seco, caracterizando o avanço claro da massa polar atlântica.;Primavera;;;;;;;;;;;;;;;;
2025-10-21 00:00:00;Norte;mEc;A região selecionada está situada sobre a bacia amazônica, onde predomina a Massa Equatorial Continental, caracterizada por ser quente e úmida, mantendo estabilidade térmica local.;Primavera;;;;;;;;;;;;;;;;
2025-10-21 00:00:00;Nordeste;mTa;Influência predominante da circulação marítima da mTa sobre o setor leste do Nordeste, mantendo o transporte de umidade do oceano para o continente na região delimitada.;Primavera;;;;;;;;;;;;;;;;
2025-10-21 00:00:00;Litoral;mPa;A área delimitada encontra-se na retaguarda de sistema frontal, evidenciada pelo escoamento de sul/sudoeste que transporta ar com características polares para o setor costeiro.;Primavera;;;;;;;;;;;;;;;;
2025-10-21 00:00:00;Centro;mTc;Regiao central sob influencia de massa de ar quente e seca, caracterizada por baixos valores de umidade e temperaturas elevadas típicas do interior do continente.;Primavera;;;;;;;;;;;;;;;;
2025-10-21 00:00:00;Sul;mPa;A regiao delimitada encontra-se sob sobriedade pos-frontal imediata, apresentando temperaturas reduzidas e circulacao de sul caracteristicas do avanco da massa de ar polar.;Primavera;;;;;;;;;;;;;;;;
2025-10-22 00:00:00;Norte;mEc;Regiao localizada inteiramente sobre a bacia Amazonica, caracterizada pelo dominio de ar quente e umido de origem equatorial continental, sem influencia de sistemas frontais.;Primavera;;;;;;;;;;;;;;;;
2025-10-22 00:00:00;Nordeste;mTa;Predominancia de escoamento maritimo quente e umido associado ao fluxo da alta pressao, determinando condicoes tipicas de massa tropical atlantica na regiao delimitada.;Primavera;;;;;;;;;;;;;;;;
2025-10-22 00:00:00;Litoral;mPa;O setor delimitado encontra-se imediatamente a retaguarda de um sistema frontal, caracterizando a incursão e o domínio de ar frio e úmido de origem polar na região.;Primavera;;;;;;;;;;;;;;;;
2025-10-22 00:00:00;Centro;mTc;Região situada no interior do continente, sob influência da Depressão do Chaco, caracterizada por baixas pressões térmicas e ar quente e seco, típico da massa Tropical Continental.;Primavera;;;;;;;;;;;;;;;;
2025-10-22 00:00:00;Sul;mPa;A regiao apresenta caracteristicas de subsidencia e resfriamento pos-frontal, com predominio de um escoamento de origem polar que avanca sobre o setor identificado.;Primavera;;;;;;;;;;;;;;;;
2025-10-23 00:00:00;Norte;mEc;Região central da Amazônia sob influência de massa de ar quente e úmida característica, sem interferência direta de sistemas frontais na área delimitada.;Primavera;;;;;;;;;;;;;;;;
2025-10-23 00:00:00;Nordeste;mTa;A regiao delimitada esta sob a influencia do escoamento zonal estabelecido pelo sistema de alta pressao do Atlantico Sul, caracterizando o dominio da Massa Tropical Atlantica.;Primavera;;;;;;;;;;;;;;;;
2025-10-23 00:00:00;Litoral;mPa;A região delimitada localiza-se na retaguarda do sistema frontal, evidenciando o ingresso e predomínio de ar frio e úmido de origem polar.;Primavera;;;;;;;;;;;;;;;;
2025-10-23 00:00:00;Centro;mPa;A região encontra-se sob influência de subsidência e advecção fria retrógrada pós-frontal, com gradiente de pressão característico da penetração da massa polar atlântica no interio;Primavera;;;;;;;;;;;;;;;;
2025-10-23 00:00:00;Sul;mPa;A região destacada apresenta o ingresso de uma massa de ar fria e estável, caracterizada pelas baixas temperaturas e umidade presentes logo após a passagem da frente fria.;Primavera;;;;;;;;;;;;;;;;
2025-10-24 00:00:00;Norte;mEc;Regiao sobre o dominio da bacia Amazonica, caracterizada por baixas pressoes e transporte de umidade tropical continental dominante, sem influencia de sistemas frontais externos.;Primavera;;;;;;;;;;;;;;;;
2025-10-24 00:00:00;Nordeste;mTa;A região delimitada está sob forte influência do escoamento marítimo tropical, característico do transporte de umidade da circulação marítima oceânica sobre o setor leste/interior.;Primavera;;;;;;;;;;;;;;;;
2025-10-24 00:00:00;Litoral;mTa;Região sob influência direta da circulação marítima da alta pressão atlântica, caracterizada pelo transporte de umidade e ar quente sobre o litoral leste brasileiro.;Primavera;;;;;;;;;;;;;;;;
2025-10-24 00:00:00;Centro;mTa;A região encontra-se sob influência do fluxo de ar quente e úmido vindo do setor oceânico, caracterizando a predominância da Massa Tropical Atlântica no Centro-Oeste brasileiro.;Primavera;;;;;;;;;;;;;;;;
2025-10-24 00:00:00;Sul;mTa;A região encontra-se sob influência do fluxo de ar quente e úmido vindo do oceano, característico da circulação da Alta Subtropical do Atlântico Sul, predominando a massa Tropical ;Primavera;;;;;;;;;;;;;;;;
2025-10-25 00:00:00;Norte;mEc;Regiao sobreposta a Amazonia, com caracteristicas termodinamicas tipicas de massa quente e umida de origem continental, sem influencia direta de sistemas frontais na regiao.;Primavera;;;;;;;;;;;;;;;;
2025-10-25 00:00:00;Nordeste;mTa;Regiao sob influencia predominante do escoamento de leste/sudeste associado a alta pressao oceanica, caracterizando o transporte de umidade da mTa sobre o Nordeste brasileiro.;Primavera;;;;;;;;;;;;;;;;
2025-10-25 00:00:00;Litoral;mTa;A regiao delimitada esta sob influencia da circulacao do anticiclone maritimo, caracterizando o transporte de umidade e calor da Massa Tropical Atlantica sobre a costa leste.;Primavera;;;;;;;;;;;;;;;;
2025-10-25 00:00:00;Centro;mTc;Região do interior do continente, caracterizada por baixas pressões relativas e ausência de influência direta de sistemas frontais ou umidade oceânica, confirmando o predomínio da ;Primavera;;;;;;;;;;;;;;;;
2025-10-25 00:00:00;Sul;mPa;A região delimitada encontra-se na retaguarda da frente fria, sob influência direta do ingresso de ar frio e seco característico da Massa Polar Atlântica em deslocamento.;Primavera;;;;;;;;;;;;;;;;
2025-10-26 00:00:00;Norte;mEc;Regiao central da Amazonia sem influencia direta de sistemas frontais, caracterizada pela predominancia da massa profunda, quente e umida de origem continental.;Primavera;;;;;;;;;;;;;;;;
2025-10-26 00:00:00;Nordeste;mTa;Predominio de circulacao maritima com transporte de umidade do Atlantico Sul em direcao ao continente, caracterizando o dominio da Massa Tropical Atlantica na regiao do NE.;Primavera;;;;;;;;;;;;;;;;
2025-10-26 00:00:00;Litoral;mTa;A região delimitada está sob o domínio do fluxo marítimo da alta pressão, caracterizando a atuação da massa de ar Tropical Atlântica com transporte de umidade constante.;Primavera;;;;;;;;;;;;;;;;
2025-10-26 00:00:00;Centro;mTa;Regiao sob predominio da circulacao periferica da ASAS, apresentando caracteristicas de massa tropical quente e umida caracteristica de mTa.;Primavera;;;;;;;;;;;;;;;;
2025-10-26 00:00:00;Sul;mPa;A regiao delimitada encontra-se sob a influência direta do avanço de ar polar, caracterizado pelo fluxo pós-frontal que desloca a massa de ar pré-existente no setor.;Primavera;;;;;;;;;;;;;;;;
2025-10-27 00:00:00;Norte;mEc;Região central da Bacia Amazônica sob domínio da Massa Equatorial Continental, caracterizada pela ausência de perturbações frontais e permanência de ar quente e úmido.;Primavera;;;;;;;;;;;;;;;;
2025-10-27 00:00:00;Nordeste;mTa;Predominio da massa de ar Tropical Atlantica, caracterizada pelo fluxo de leste transportando ar quente e umido do oceano para o interior do Nordeste brasileiro.;Primavera;;;;;;;;;;;;;;;;
2025-10-27 00:00:00;Litoral;mTa;A regiao delimitada esta sob influencia direta do fluxo marítimo da alta subtropical, caracterizando a predominancia da Massa Tropical Atlantica (mTa) com transporte de umidade.;Primavera;;;;;;;;;;;;;;;;
2025-10-27 00:00:00;Centro;mTc;A região apresenta baixos índices de umidade e temperaturas elevadas, características típicas da massa tropical continental posicionada sobre o interior do continente sul-americano;Primavera;;;;;;;;;;;;;;;;
2025-10-27 00:00:00;Sul;mPa;A região delimitada está sob influência da massa de ar polar (mPa) impulsionada pelo avanço da frente fria, caracterizada por temperaturas reduzidas e gradiente térmico característ;Primavera;;;;;;;;;;;;;;;;
2025-10-28 00:00:00;Norte;mEc;A região do retângulo está posicionada sobre a bacia amazônica. A ausência de sistemas frontais e de subsidência característica de centros de alta pressão confirma o domínio da mEc;Primavera;;;;;;;;;;;;;;;;
2025-10-28 00:00:00;Nordeste;mTa;A região encontra-se sob influência da circulação da circulação marítima, favorecendo o transporte de umidade do oceano e estabilizando a massa tropical atlântica sobre o setor.;Primavera;;;;;;;;;;;;;;;;
2025-10-28 00:00:00;Litoral;mTa;A região delimitada está sob forte influência do escoamento marítimo associado à alta pressão subtropical, caracterizando o domínio da massa de ar Tropical Atlântica.;Primavera;;;;;;;;;;;;;;;;
2025-10-28 00:00:00;Centro;mTa;Região sob influência da circulação da ASAS, apresentando temperaturas elevadas características da massa Tropical Atlântica, que predomina no setor central do Brasil neste cenário.;Primavera;;;;;;;;;;;;;;;;
2025-10-28 00:00:00;Sul;mPa;A região delimitada encontra-se sob influência da massa de ar polar, evidenciada pelo posicionamento a retaguarda da frente fria que avança sobre o Sul e Sudeste do Brasil.;Primavera;;;;;;;;;;;;;;;;
2025-10-29 00:00:00;Norte;mEc;Região central da Bacia Amazônica sob influência da massa Equatorial Continental, caracterizada por baixos gradientes de pressão e condições quentes e úmidas típicas da estação.;Primavera;;;;;;;;;;;;;;;;
2025-10-29 00:00:00;Nordeste;mTa;Predominância da massa Tropical Atlântica, caracterizada pelo fluxo de ar quente e úmido vindo do oceano sobre a região Nordeste, sob influência do regime de alta pressão oceânica.;Primavera;;;;;;;;;;;;;;;;
2025-10-29 00:00:00;Litoral;mTa;Regiao sob influencia do escoamento de leste-nordeste oriundo do anticiclone subtropical, caracterizando a atuacao da massa Tropical Atlantica no litoral brasileiro.;Primavera;;;;;;;;;;;;;;;;
2025-10-29 00:00:00;Centro;mPa;A regiao delimitada esta sob influencia imediata da entrada de ar frio e seco apos a passagem de uma frente fria, caracterizando a atuacao da massa polar atlantica (mPa).;Primavera;;;;;;;;;;;;;;;;
2025-10-29 00:00:00;Sul;mPa;A região delimitada encontra-se na retaguarda de um sistema frontal, caracterizada pela incursão de ar mais frio e seco típico da massa de ar polar atlântica.;Primavera;;;;;;;;;;;;;;;;
2025-10-30 00:00:00;Norte;mEc;Região central da Bacia Amazônica sob atuação da Massa Equatorial Continental, caracterizada pela predominância de ar quente e úmido com ausência de influência de sistemas frontais;Primavera;;;;;;;;;;;;;;;;
2025-10-30 00:00:00;Nordeste;mTa;Dominio da massa de ar Tropical Atlantica, caracterizada pelo fluxo de leste que transporta umidade oceanica para o interior da regiao sob subsidencia periferica da ASAS.;Primavera;;;;;;;;;;;;;;;;
2025-10-30 00:00:00;Litoral;mTa;A área delimitada encontra-se sob influência do fluxo marítimo da alta pressão subtropical, caracterizando a predominância da Massa Tropical Atlântica (mTa) no setor litorâneo.;Primavera;;;;;;;;;;;;;;;;
2025-10-30 00:00:00;Centro;mPa;A area delimitada encontra-se sob a influência direta do avanço de uma massa polar após a passagem de frente fria, caracterizada pela queda nas temperaturas e mudança na direção do;Primavera;;;;;;;;;;;;;;;;
2025-10-30 00:00:00;Sul;mPa;A região delimitada encontra-se na retaguarda de sistema frontal, evidenciada por gradientes térmicos e fluxo de latitude sul, caracterizando a influência da Massa Polar Atlântica.;Primavera;;;;;;;;;;;;;;;;
2025-10-31 00:00:00;Norte;mEc;A regiao delimitada esta sob influencia direta da massa equatorial continental, caracterizada por altas temperaturas e elevada umidade, tipicas do nucleo amazonico.;Primavera;;;;;;;;;;;;;;;;
2025-10-31 00:00:00;Nordeste;mTa;Predominio da massa tropical atlantica na regiao delimitada, caracterizada pelo transporte de umidade e calor sob regime de subsidencia periferica da ASAS.;Primavera;;;;;;;;;;;;;;;;
2025-10-31 00:00:00;Litoral;mTa;A regiao delimitada esta sob influencia direta do escoamento maritimo associado a circulacao tropical, caracterizando a predominancia da Massa Tropical Atlantica (mTa).;Primavera;;;;;;;;;;;;;;;;
2025-10-31 00:00:00;Centro;mPa;Regiao sob fluxo de sul/sudeste com temperaturas amenas, caracterizando subsidencia e avancamento de massa de ar frio apos a passagem de sistema frontal pelo continente.;Primavera;;;;;;;;;;;;;;;;
2025-10-31 00:00:00;Sul;mPa;A região delimitada encontra-se sob a influência direta do escoamento pós-frontal, com o avanço de ar frio e seco, caracterizando o predomínio da Massa Polar Atlântica sobre o seto;Primavera;;;;;;;;;;;;;;;;
2025-11-01 00:00:00;Norte;mEc;A região destacada cobre a bacia amazônica. Verifica-se o predomínio da Massa Equatorial Continental, caracterizada por ser quente e úmida, típica da atuação sobre a região Norte.;Primavera;;;;;;;;;;;;;;;;
2025-11-01 00:00:00;Nordeste;mTa;Predominância da Massa Tropical Atlântica, que exerce influência sobre o interior do Nordeste através do escoamento de leste/sudeste, mantendo condições térmicas características da;Primavera;;;;;;;;;;;;;;;;
2025-11-01 00:00:00;Litoral;mTa;Regiao sob influencia do fluxo marítimo da Alta Subtropical do Atlantico Sul, caracterizando predominio de massa quente e umida proveniente do oceano.;Primavera;;;;;;;;;;;;;;;;
2025-11-01 00:00:00;Centro;mTc;Regiao central sob influencia de subsidencia e aquecimento adiabatico, caracteristica da Depressao do Chaco, mantendo ar quente e seco na area delimitada.;Primavera;;;;;;;;;;;;;;;;
2025-11-01 00:00:00;Sul;mPa;A região encontra-se submetida ao fluxo de sul/sudeste pós-frontal, com valores de temperatura e ponto de orvalho característicos da entrada de ar polar sobre o sul do Brasil.;Primavera;;;;;;;;;;;;;;;;
2025-11-02 00:00:00;Norte;mEc;Regiao situada no nucleo da Amazonia, com regime de circulacao continental caracteristico, sem influencia direta de sistemas frontais ou correntes maritimas, configurando a mEc.;Primavera;;;;;;;;;;;;;;;;
2025-11-02 00:00:00;Nordeste;mTa;A região encontra-se sob influência do fluxo de leste/sudeste proveniente do Atlântico Sul, caracterizando a predominância da Massa Tropical Atlântica (mTa) sobre o nordeste brasil;Primavera;;;;;;;;;;;;;;;;
2025-11-02 00:00:00;Litoral;mTa;O setor delimitado encontra-se sob domínio do escoamento marítimo de leste/nordeste associado à célula de alta pressão, caracterizando a atuação da massa de ar Tropical Atlântica.;Primavera;;;;;;;;;;;;;;;;
2025-11-02 00:00:00;Centro;mTa;A região encontra-se sob influência da circulação marítima da ASAS, caracterizando o predomínio da Massa Tropical Atlântica com transporte de umidade para o setor.;Primavera;;;;;;;;;;;;;;;;
2025-11-02 00:00:00;Sul;mPa;A região delimitada está sob influência da subsidência e avanço de uma massa de ar pós-frontal, característica da mPa, apresentando gradiente térmico reduzido e padrão de alta pres;Primavera;;;;;;;;;;;;;;;;
2025-11-03 00:00:00;Norte;mEc;A região delimitada situa-se sobre a bacia amazônica, caracterizada por altas temperaturas e elevada umidade, sob domínio da Massa Equatorial Continental sem influência frontal.;Primavera;;;;;;;;;;;;;;;;
2025-11-03 00:00:00;Nordeste;mTa;Predominância de circulação marítima nos níveis baixos, transportando umidade do Atlântico Tropical para o interior do Nordeste brasileiro.;Primavera;;;;;;;;;;;;;;;;
2025-11-03 00:00:00;Litoral;mTa;A região delimitada no litoral leste do país encontra-se sob sobriedade e influência direta do fluxo zonal marítimo da alta pressão, caracterizando a predominância da mTa.;Primavera;;;;;;;;;;;;;;;;
2025-11-03 00:00:00;Centro;mTa;Região sob influência da circulação da ASAS, caracterizada por temperaturas elevadas e transporte de umidade do oceano, configurando o predomínio da massa Tropical Atlântica.;Primavera;;;;;;;;;;;;;;;;
2025-11-03 00:00:00;Sul;mPa;A região apresenta características de subsidência e valores térmicos que indicam o avanço de uma massa de ar frio e seco, posicionada na retaguarda da frente fria atuante.;Primavera;;;;;;;;;;;;;;;;
2025-11-04 00:00:00;Norte;mEc;A região delimitada compreende a bacia amazônica e adjacências, sob domínio característico da Massa Equatorial Continental, que apresenta elevadas temperaturas e alta umidade.;Primavera;;;;;;;;;;;;;;;;
2025-11-04 00:00:00;Nordeste;mTa;A regiao delimitada esta sob influencia predominante da massa de ar Tropical Atlantica, caracterizada por subsidencia e umidade transportada pelo escoamento persistente do setor le;Primavera;;;;;;;;;;;;;;;;
2025-11-04 00:00:00;Litoral;mTa;A regiao delimitada esta sob influencia direta do fluxo marítimo de sudeste/leste, característico da circulação da Alta do Atlântico Sul, que transporta ar quente e úmido (mTa).;Primavera;;;;;;;;;;;;;;;;
2025-11-04 00:00:00;Centro;mTc;Regiao central do continente sob influencia de subsidencia e transporte de ar quente e seco, caracteristico da massa Tropical Continental na area da Depressao do Chaco.;Primavera;;;;;;;;;;;;;;;;
2025-11-04 00:00:00;Sul;mPa;A região apresenta o avanço de uma massa de ar frio e seco (mPa), evidenciado pela queda das temperaturas e pelo deslocamento do sistema frontal para o oceano.;Primavera;;;;;;;;;;;;;;;;
2025-11-05 00:00:00;Norte;mEc;Regiao central da Amazonia brasileira sem influencia de sistemas frontais externos, caracterizada por alta umidade e temperaturas elevadas, configurando o dominio da Massa Equatori;Primavera;;;;;;;;;;;;;;;;
2025-11-05 00:00:00;Nordeste;mTa;Predominância da Massa Tropical Atlântica, caracterizada pelo transporte de umidade do oceano para o interior nordestino sob influência do gradiente de pressão regional.;Primavera;;;;;;;;;;;;;;;;
2025-11-05 00:00:00;Litoral;mTa;A área encontra-se sob influência do fluxo de sudeste estabelecido pelo anticiclone oceânico, caracterizando a predominância da Massa Tropical Atlântica em parte do litoral leste.;Primavera;;;;;;;;;;;;;;;;
2025-11-05 00:00:00;Centro;mTc;Região situada no interior do continente, sob influência da Depressão do Chaco, mantendo características de ar quente e seco típicas da massa de ar tropical continental.;Primavera;;;;;;;;;;;;;;;;
2025-11-05 00:00:00;Sul;mTa;Regiao sob clara influencia do escoamento de norte/nordeste proveniente da periferia oeste da alta pressao subtropical, caracterizando o transporte de ar quente e umido marinho.;Primavera;;;;;;;;;;;;;;;;
2025-11-06 00:00:00;Norte;mEc;Região localizada sobre a bacia amazônica, caracterizada por altas temperaturas e elevada umidade, sob domínio da massa equatorional continental sem influência frontal direta.;Primavera;;;;;;;;;;;;;;;;
2025-11-06 00:00:00;Nordeste;mTa;Predominio da massa Tropical Atlantica, evidenciado pelo posicionamento do escoamento marítimo na regiao nordestina sob influencia do campo de alta pressao do Atlantico Sul.;Primavera;;;;;;;;;;;;;;;;
2025-11-06 00:00:00;Litoral;mTa;Litoral sob domínio do escoamento marítimo persistente associado à circulação anticiclônica do Atlântico Sul, caracterizando um ambiente quente e úmido no setor.;Primavera;;;;;;;;;;;;;;;;
2025-11-06 00:00:00;Centro;mTc;Região central do continente sob influência da depressão térmica do Chaco, caracterizando massa de ar quente e seca, típica da mTc que domina a área do Mato Grosso e adjacências.;Primavera;;;;;;;;;;;;;;;;
2025-11-06 00:00:00;Sul;mPa;A região delimitada está sob forte influência da massa de ar pós-frontal, com incursão de ar frio e instável característica da mPa avançando sobre o Sul do Brasil.;Primavera;;;;;;;;;;;;;;;;
2025-11-07 00:00:00;Norte;mEc;A região delimitada compreende a bacia amazônica, onde a mEc é predominante, caracterizada pelo ar quente e úmido, sem influência de sistemas extratropicais nesta latitude.;Primavera;;;;;;;;;;;;;;;;
2025-11-07 00:00:00;Nordeste;mTa;A região do Nordeste delimitada apresenta predominância de circulação marítima, sob influência direta da massa de ar proveniente do oceano, caracterizando o domínio da mTa.;Primavera;;;;;;;;;;;;;;;;
2025-11-07 00:00:00;Litoral;mTa;A regiao delimitada esta sob o regime de circulacao maritima quente e umida caracteristica da Massa Tropical Atlantica, que domina o litoral leste brasileiro.;Primavera;;;;;;;;;;;;;;;;
2025-11-07 00:00:00;Centro;mTa;A regiao delimitada encontra-se sob predominancia do fluxo da circulacao associada a alta pressao do Atlantico, caracterizando o dominio da Massa Tropical Atlantica (mTa).;Primavera;;;;;;;;;;;;;;;;
2025-11-07 00:00:00;Sul;mPa;A região delimitada encontra-se sob influência de massa de ar frio e seco (mPa), pós-passagem de sistema frontal, evidenciado pelos valores térmicos reduzidos e gradiente de pressã;Primavera;;;;;;;;;;;;;;;;
2025-11-08 00:00:00;Norte;mEc;A região delimitada abrange a bacia amazônica, onde predomina uma massa de ar quente e úmida de origem continental, característica da mEc, consolidada sobre o setor Norte do país.;Primavera;;;;;;;;;;;;;;;;
2025-11-08 00:00:00;Nordeste;mTa;Regiao sob predominio da circulacao de umidade quente vinda do Oceano Atlantico, caracterizando a influencia da massa Tropical Atlantica no setor nordestino.;Primavera;;;;;;;;;;;;;;;;
2025-11-08 00:00:00;Litoral;mTa;A região delimitada está sob o domínio do fluxo marítimo da circulação anticiclônica do Atlântico Sul, caracterizando a atuação predominante da Massa Tropical Atlântica (mTa).;Primavera;;;;;;;;;;;;;;;;
2025-11-08 00:00:00;Centro;mPa;A região delimitada encontra-se sob influência imediata do avanço de uma massa de ar pós-frontal, caracterizada por temperaturas e umidade compatíveis com o ingresso de ar polar.;Primavera;;;;;;;;;;;;;;;;
2025-11-08 00:00:00;Sul;mPa;A regiao delimitada esta sob influencia direta do fluxo pos-frontal, apresentando temperaturas e pressoes caracteristicas da subsidencia e avanco da Massa Polar Atlantica.;Primavera;;;;;;;;;;;;;;;;
2025-11-09 00:00:00;Norte;mEc;Região central da Bacia Amazônica sob domínio característico da Massa Equatorial Continental, mantendo condições térmicas elevadas e elevada umidade em ausência de sistemas frontai;Primavera;;;;;;;;;;;;;;;;
2025-11-09 00:00:00;Nordeste;mTa;Predominio da massa tropical atlantica na regiao delimitada, caracterizada por fluxos de leste influenciados pela circulacao de alta pressao no oceano, mantendo ar quente e umido.;Primavera;;;;;;;;;;;;;;;;
2025-11-09 00:00:00;Litoral;mTa;A região delimitada no litoral nordestino encontra-se sob a influência direta do escoamento marítimo de leste, característico da massa Tropical Atlântica (mTa).;Primavera;;;;;;;;;;;;;;;;
2025-11-09 00:00:00;Centro;mPa;A região demarcada encontra-se no setor pós-frontal, sob a influência direta do avanço de uma massa de ar frio e úmido deslocando-se sobre o continente.;Primavera;;;;;;;;;;;;;;;;
2025-11-09 00:00:00;Sul;mPa;A região delimitada encontra-se na retaguarda de uma frente fria que avança sobre o Sul do Brasil, caracterizando a incursão e o domínio de uma massa de ar frio e úmido.;Primavera;;;;;;;;;;;;;;;;
2025-11-10 00:00:00;Norte;mEc;A região delimitada abrange a bacia amazônica, onde predomina o ar quente e úmido característico da Massa Equatorial Continental, sem influência direta de sistemas frontais.;Primavera;;;;;;;;;;;;;;;;
2025-11-10 00:00:00;Nordeste;mTa;A região delimitada está sob forte influência da circulação marítima da massa tropical atlântica, caracterizada pelo fluxo de leste a sudeste predominante na costa do Nordeste.;Primavera;;;;;;;;;;;;;;;;
2025-11-10 00:00:00;Litoral;mTa;A região delimitada encontra-se sob domínio da circulação marítima da massa tropical atlântica, caracterizada pelo escoamento de leste/sudeste persistente no setor costeiro.;Primavera;;;;;;;;;;;;;;;;
2025-11-10 00:00:00;Centro;mPa;A regiao delimitada encontra-se sob a influência direta do avanço da massa de ar pós-frontal, caracterizada por temperaturas amenas e regime de ventos de quadrante sul.;Primavera;;;;;;;;;;;;;;;;
2025-11-10 00:00:00;Sul;mPa;A região encontra-se no quadrante posterior à frente fria, caracterizada pela incursão de ar frio e seco, típico da trajetória da massa de ar polar sobre o setor.;Primavera;;;;;;;;;;;;;;;;
2025-11-11 00:00:00;Norte;mEc;Regiao central e norte da Amazonia sob influencia da Massa Equatorial Continental, caracterizada por ar quente e umido, sem interferencia direta de sistemas frontais no setor.;Primavera;;;;;;;;;;;;;;;;
2025-11-11 00:00:00;Nordeste;mTa;Predominância da massa Tropical Atlântica, caracterizada pelo fluxo de ar marítimo quente e úmido que ingressa na costa e interior do Nordeste, sob influência do campo de alta pres;Primavera;;;;;;;;;;;;;;;;
2025-11-11 00:00:00;Litoral;mTa;Regiao sob influencia do escoamento maritimo associado ao sistema de alta pressao, mantendo caracteristicas tropicais maritimas de temperatura e umidade elevada no litoral.;Primavera;;;;;;;;;;;;;;;;
2025-11-11 00:00:00;Centro;mTa;A região está sob influência da circulação da Alta Subtropical do Atlântico Sul, caracterizando o predomínio de ar quente e úmido transportado do oceano para o continente.;Primavera;;;;;;;;;;;;;;;;
2025-11-11 00:00:00;Sul;mPa;A região delimitada encontra-se sob a influência direta de uma massa de ar frio e úmido (mPa), posicionada a retaguarda do sistema frontal que avança pelo setor sul/sudeste.;Primavera;;;;;;;;;;;;;;;;
2025-11-12 00:00:00;Norte;mEc;A regiao delimitada esta sob influencia da Massa Equatorial Continental, caracterizada por baixas pressoes e altos teores de umidade, tipicos da bacia amazonica.;Primavera;;;;;;;;;;;;;;;;
2025-11-12 00:00:00;Nordeste;mTa;Predominio de ar quente e umido associado ao anticiclone do Atlantico Sul, que estabelece fluxo de leste/sudeste sobre o setor nordestino, caracterizando a influencia da mTa na reg;Primavera;;;;;;;;;;;;;;;;
2025-11-12 00:00:00;Litoral;mPa;O setor delimitado encontra-se na retaguarda de uma frente fria oceânica, caracterizando o avanço e predominância da massa de ar Polar Atlântica sobre a região costeira.;Primavera;;;;;;;;;;;;;;;;
2025-11-12 00:00:00;Centro;mTc;Regiao localizada sobre o interior do continente, caracterizada por baixas pressoes e temperaturas elevadas, configurando a circulacao classica da massa de ar quente e seca.;Primavera;;;;;;;;;;;;;;;;
2025-11-12 00:00:00;Sul;mPa;A região delimitada encontra-se sob a influência direta do avanço de uma frente fria, com valores térmicos reduzidos característicos da retaguarda de um sistema polar.;Primavera;;;;;;;;;;;;;;;;
2025-11-13 00:00:00;Norte;mEc;Regiao situada sobre a Bacia Amazonica, caracterizada por altas temperaturas e elevada umidade, sob influencia direta da massa de ar quente e umida de origem continental.;Primavera;;;;;;;;;;;;;;;;
2025-11-13 00:00:00;Nordeste;mTa;A região destacada está sob a influência predominante do fluxo de leste/sudeste associado à ASAS, caracterizando a atuação da massa Tropical Atlântica com tempo firme.;Primavera;;;;;;;;;;;;;;;;
2025-11-13 00:00:00;Litoral;mTa;A região delimitada encontra-se sob influência do escoamento marítimo provindo do anticiclone oceânico, caracterizando a predominância da Massa Tropical Atlântica (mTa) no setor.;Primavera;;;;;;;;;;;;;;;;
2025-11-13 00:00:00;Centro;mTc;Região situada na Depressão do Chaco sob regime de altas pressões térmicas, mantendo características de massa de ar quente e seca contida no interior do continente.;Primavera;;;;;;;;;;;;;;;;
2025-11-13 00:00:00;Sul;mPa;Após a passagem de uma frente fria, o setor delimitado encontra-se sob influência de um gradiente de pressão que caracteriza a incursão da massa de ar polar (mPa) na região.;Primavera;;;;;;;;;;;;;;;;
2025-11-14 00:00:00;Norte;mEc;A regiao delimitada esta sob influencia direta da massa equatorial continental, caracterizada por altas temperaturas e elevada umidade sobre a bacia amazonica.;Primavera;;;;;;;;;;;;;;;;
2025-11-14 00:00:00;Nordeste;mTa;A região delimitada está sob forte influência do fluxo marítimo de sudeste, caracterizado pela estabilidade e umidade advindas do Atlântico, típicas do domínio da mTa.;Primavera;;;;;;;;;;;;;;;;
2025-11-14 00:00:00;Litoral;mTa;Regiao sob fluxo predominante de leste/sudeste associado ao escoamento da alta subtropical, caracterizando o transporte de umidade e calor caracteristico da mTa no litoral leste.;Primavera;;;;;;;;;;;;;;;;
2025-11-14 00:00:00;Centro;mTc;Regiao central do continente sob influencia de subsidencia e adveccao de ar quente e seco, caracteristico da massa tropical continental no interior do Brasil.;Primavera;;;;;;;;;;;;;;;;
2025-11-14 00:00:00;Sul;mPa;A região delimitada encontra-se sob influência de pós-frontal, com advecção de umidade e características térmicas reduzidas típicas do avanço da massa polar atlântica.;Primavera;;;;;;;;;;;;;;;;
2025-11-15 00:00:00;Norte;mEc;Região central da Bacia Amazônica sob domínio da Massa Equatorial Continental, caracterizada pela predominância de ar quente e úmido e ausência de influência de sistemas frontais.;Primavera;;;;;;;;;;;;;;;;
2025-11-15 00:00:00;Nordeste;mTa;Região sob influência direta do escoamento marítimo de leste, característico da massa tropical atlântica, que mantém condições de umidade e temperaturas elevadas no setor.;Primavera;;;;;;;;;;;;;;;;
2025-11-15 00:00:00;Litoral;mTa;A região delimitada sob influência da circulação marítima do Atlântico Sul, apresentando características térmicas e de umidade típicas da massa Tropical Atlântica (mTa).;Primavera;;;;;;;;;;;;;;;;
2025-11-15 00:00:00;Centro;mTa;Regiao sob fluxo predominante de leste/sudeste associado a ASAS, caracterizando o transporte de umidade e calor da massa tropical atlântica sobre o interior do continente.;Primavera;;;;;;;;;;;;;;;;
2025-11-15 00:00:00;Sul;mPa;A região apresenta o ingresso de uma massa de ar pós-frontal, caracterizada por temperaturas mais amenas e fluxo de ar frio e úmido sobre o Sul do Brasil.;Primavera;;;;;;;;;;;;;;;;
2025-11-16 00:00:00;Norte;mEc;Regiao posicionada sobre a bacia Amazonica, caracterizada por altas temperaturas e elevada umidade, evidenciando o dominio da Massa Equatorial Continental sem influencia frontal.;Primavera;;;;;;;;;;;;;;;;
2025-11-16 00:00:00;Nordeste;mTa;Predominio da mTa no setor, influenciada pelo escoamento persistente do quadrante leste associado ao anticiclone subtropical, mantendo condicoes de estabilidade e umidade no interi;Primavera;;;;;;;;;;;;;;;;
2025-11-16 00:00:00;Litoral;mTa;A regiao apresenta predominancia do fluxo da circulacao maritima associada a alta pressao do Atlantico Sul, caracterizando a atuacao da massa Tropical Atlantica quente e umida.;Primavera;;;;;;;;;;;;;;;;
2025-11-16 00:00:00;Centro;mTa;A região encontra-se sob influência do fluxo de leste/nordeste da circulação marítima, caracterizando a predominância da Massa Tropical Atlântica com transporte de umidade.;Primavera;;;;;;;;;;;;;;;;
2025-11-16 00:00:00;Sul;mTa;A regiao delimitada encontra-se sob circulacao maritima do Atlantico Sul, sob influencia de subsidencia da alta pressao, caracterizando o dominio da Massa Tropical Atlantica (mTa).;Primavera;;;;;;;;;;;;;;;;
2025-11-17 00:00:00;Norte;mEc;A região delimitada abrange a bacia amazônica, onde predomina a Massa Equatorial Continental, caracterizada por elevados teores de umidade e instabilidade térmica tropical.;Primavera;;;;;;;;;;;;;;;;
2025-11-17 00:00:00;Nordeste;mTa;A região delimitada encontra-se sob influência da circulação da ASAS, caracterizando o predomínio de ar quente e úmido transportado do Atlântico para o interior do Nordeste.;Primavera;;;;;;;;;;;;;;;;
2025-11-17 00:00:00;Litoral;mTa;Região sob influência direta do escoamento marítimo de leste/sudeste associado à circulação anticiclônica oceânica, caracterizando o predomínio de ar quente e úmido.;Primavera;;;;;;;;;;;;;;;;
2025-11-17 00:00:00;Centro;mTc;Regiao situada sobre o interior do continente, caracterizada por temperaturas elevadas e baixos valores de pressao, configurando a influencia da massa de ar quente e seca.;Primavera;;;;;;;;;;;;;;;;
2025-11-17 00:00:00;Sul;mPa;Região sob influência direta de subsidência e advecção fria, situada na retaguarda da frente fria oceânica, caracterizando o avanço da massa polar sobre o setor Sul brasileiro.;Primavera;;;;;;;;;;;;;;;;
2025-11-18 00:00:00;Norte;mEc;A região delimitada abrange a bacia amazônica, onde predomina a mEc, caracterizada por ar quente e úmido, sem influência direta de sistemas frontais ou circulação da ASAS.;Primavera;;;;;;;;;;;;;;;;
2025-11-18 00:00:00;Nordeste;mTa;Predomínio de característica tropical quente e úmida típica da atuação da massa Tropical Atlântica, que exerce influência sobre o interior e costa do Nordeste brasileiro.;Primavera;;;;;;;;;;;;;;;;
2025-11-18 00:00:00;Litoral;mTa;Região sob influência direta da circulação marítima do Atlântico Sul, caracterizando a permanência da Massa Tropical Atlântica com fluxo constante de umidade e calor sobre o setor ;Primavera;;;;;;;;;;;;;;;;
2025-11-18 00:00:00;Centro;mPa;A região do retângulo encontra-se sob efeito do avanço de massa de ar polar, evidenciado pelas temperaturas mais baixas após a passagem da frente fria indicada no setor.;Primavera;;;;;;;;;;;;;;;;
2025-11-18 00:00:00;Sul;mPa;A região delimitada encontra-se sob influência de um gradiente de pressão pós-frontal, com o avanço de uma massa de ar frio e úmido deslocando-se sobre o setor Sul do país.;Primavera;;;;;;;;;;;;;;;;
2025-11-19 00:00:00;Norte;mEc;A regiao delimitada esta sob influencia direta da massa de ar Equatorial Continental, caracterizada por ser quente e umida, predominante sobre a Amazonia.;Primavera;;;;;;;;;;;;;;;;
2025-11-19 00:00:00;Nordeste;mTa;Predominio da massa Tropical Atlantica na regiao Nordeste, caracterizada por altas temperaturas e atuacao do fluxo de leste estabelecido sobre o setor continental.;Primavera;;;;;;;;;;;;;;;;
2025-11-19 00:00:00;Litoral;mTa;Região sob influência direta da circulação marítima do Atlântico Sul, caracterizada pela predominância de ar quente e úmido no setor costeiro do Nordeste brasileiro.;Primavera;;;;;;;;;;;;;;;;
2025-11-19 00:00:00;Centro;mTc;A região apresenta características de baixas pressões relativas e aquecimento continental predominante no interior do Brasil central, configurando o domínio da mTc.;Primavera;;;;;;;;;;;;;;;;
2025-11-19 00:00:00;Sul;mPa;A região delimitada encontra-se sob a influência direta do avanço de uma massa de ar frio e seco (mPa), caracterizada pelos ventos de quadrante sul e redução das temperaturas.;Primavera;;;;;;;;;;;;;;;;
2025-11-20 00:00:00;Norte;mEc;A regiao delimitada sobre a Bacia Amazonica apresenta caracteristicas termodinâmicas de atmosfera quente e umida, consistentes com a circulacao predominante da massa Equatorial Con;Primavera;;;;;;;;;;;;;;;;
2025-11-20 00:00:00;Nordeste;mTa;A região sob análise é dominada pelo fluxo de leste do Atlântico, característico da massa Tropical Atlântica, que mantém condições de temperatura e umidade na porção leste do Norde;Primavera;;;;;;;;;;;;;;;;
2025-11-20 00:00:00;Litoral;mTa;Regiao sob influencia do escoamento do quadrante leste/sudeste associado ao anticiclone subtropical, caracterizando o dominio da Massa Tropical Atlantica (mTa) no setor.;Primavera;;;;;;;;;;;;;;;;
2025-11-20 00:00:00;Centro;mTc;Região central do continente sob influência de altas temperaturas e baixa umidade relativa, caracterizando o domínio da massa Tropical Continental sobre a área delimitada.;Primavera;;;;;;;;;;;;;;;;
2025-11-20 00:00:00;Sul;mPa;A região delimitada encontra-se sob influência de um sistema de alta pressão pós-frontal, com advecção de ar frio e seco, consolidando o predomínio da mPa sobre o Sul do Brasil.;Primavera;;;;;;;;;;;;;;;;
2025-11-21 00:00:00;Norte;mEc;A região mapeada encontra-se sobre a bacia amazônica, caracterizada pelo predomínio de ar quente e úmido, típicos da massa Equatorial Continental (mEc), sem influência de sistemas ;Primavera;;;;;;;;;;;;;;;;
2025-11-21 00:00:00;Nordeste;mTa;A região do Nordeste delimitada encontra-se sob influência direta do escoamento marítimo de leste, característico da massa tropical atlântica, garantindo umidade e estabilidade loc;Primavera;;;;;;;;;;;;;;;;
2025-11-21 00:00:00;Litoral;mTa;A região sob influência do anticiclone do Atlântico Sul apresenta características térmicas e de umidade típicas da massa Tropical Atlântica predominante no litoral leste.;Primavera;;;;;;;;;;;;;;;;
2025-11-21 00:00:00;Centro;mTc;A área delimitada situa-se sobre a região central do continente, sob influência da Depressão do Chaco, caracterizando a atuação da massa de ar Tropical Continental (mTc), quente e ;Primavera;;;;;;;;;;;;;;;;
2025-11-21 00:00:00;Sul;mPa;Região sob influência direta de massa de ar frio e úmido, posicionada na retaguarda do sistema frontal que avança pelo Sul do Brasil, caracterizando o ingresso da mPa.;Primavera;;;;;;;;;;;;;;;;
2025-11-22 00:00:00;Norte;mEc;A região delimitada está inserida inteiramente sobre a bacia amazônica, caracterizada por altas temperaturas e elevada umidade, sob domínio térmico da Massa Equatorial Continental.;Primavera;;;;;;;;;;;;;;;;
2025-11-22 00:00:00;Nordeste;mTa;Predominio da massa Tropical Atlantica na regiao do Nordeste, caracterizada pelo transporte de umidade do oceano associado ao escoamento estavel em baixos niveis da atmosfera.;Primavera;;;;;;;;;;;;;;;;
2025-11-22 00:00:00;Litoral;mTa;Região sob influência direta da circulação marítima do Atlântico Sul, caracterizada pela predominância de ar quente e úmido, típica da atuação da massa Tropical Atlântica.;Primavera;;;;;;;;;;;;;;;;
2025-11-22 00:00:00;Centro;mTc;A regiao delimitada encontra-se sob a influencia da circulacao continental caracteristica do interior do Brasil, apresentando estabilidade e caracteristicas de massa tropical conti;Primavera;;;;;;;;;;;;;;;;
2025-11-22 00:00:00;Sul;mPa;A região delimitada encontra-se sob a influência direta do avanço da Massa Polar Atlântica, caracterizada pelo gradiente de pressão pós-frontal que se desloca sobre o Sul do Brasil;Primavera;;;;;;;;;;;;;;;;
2025-11-23 00:00:00;Norte;mEc;Região central da Bacia Amazônica sob influência da massa Equatorial Continental, caracterizada por baixos gradientes de pressão e ar quente e úmido predominante.;Primavera;;;;;;;;;;;;;;;;
2025-11-23 00:00:00;Nordeste;mTa;A região apresenta características de estabilidade típica sob o fluxo de leste/sudeste, com circulação marítima predominante transportando umidade do Atlântico para o interior.;Primavera;;;;;;;;;;;;;;;;
2025-11-23 00:00:00;Litoral;mTa;A região delimitada está sob o domínio do fluxo marítimo da alta pressão, caracterizando a atuação predominante da Massa Tropical Atlântica, quente e úmida sobre o litoral leste.;Primavera;;;;;;;;;;;;;;;;
2025-11-23 00:00:00;Centro;mTc;A regiao delimitada esta sob influencia da Depressao do Chaco, caracterizada por subsidencia e adveccao de ar quente e seco continental, predominante no interior do continente.;Primavera;;;;;;;;;;;;;;;;
2025-11-23 00:00:00;Sul;mPa;A região delimitada encontra-se na retaguarda da frente fria, sob influência direta do ingresso de ar frio e seco característico da mPa, apresentando queda de temperatura e umidade;Primavera;;;;;;;;;;;;;;;;
2025-11-24 00:00:00;Norte;mEc;A região demarcada encontra-se sobre a bacia amazônica, caracterizada por altas temperaturas e elevada umidade, sob domínio da Massa Equatorial Continental sem influência frontal.;Primavera;;;;;;;;;;;;;;;;
2025-11-24 00:00:00;Nordeste;mTa;A região delimitada está sob a influência do fluxo marítimo da alta pressão subtropical do Atlântico Sul, caracterizando a predominância da Massa Tropical Atlântica.;Primavera;;;;;;;;;;;;;;;;
2025-11-24 00:00:00;Litoral;mTa;A região delimitada está sob influência do escoamento marítimo provindo do anticiclone subtropical, caracterizando a predominância da Massa Tropical Atlântica (mTa) no litoral.;Primavera;;;;;;;;;;;;;;;;
2025-11-24 00:00:00;Centro;mTc;Região sob influência da Massa Tropical Continental, caracterizada pela baixa umidade e altas temperaturas típicas da depressão do Chaco e centro do continente.;Primavera;;;;;;;;;;;;;;;;
2025-11-24 00:00:00;Sul;mPa;A região delimitada encontra-se na retaguarda de uma frente fria, caracterizada pela incursão de ar polar, evidenciada pelos valores de temperatura mais baixos e circulação ciclôni;Primavera;;;;;;;;;;;;;;;;
2025-11-25 00:00:00;Norte;mEc;A região demarcada encontra-se sobre a bacia amazônica, caracterizada pela predominância da massa equatorial continental, mantendo padrões de calor e umidade.;Primavera;;;;;;;;;;;;;;;;
2025-11-25 00:00:00;Nordeste;mTa;Predominancia de subsidencia e fluxo de leste/sudeste associado ao escoamento da ASAS, impondo caracteristicas quentes e umidas sobre o Nordeste brasileiro.;Primavera;;;;;;;;;;;;;;;;
2025-11-25 00:00:00;Litoral;mTa;A região delimitada no litoral do Nordeste encontra-se sob influência da circulação do escoamento marítimo, característica da massa tropical atlântica.;Primavera;;;;;;;;;;;;;;;;
2025-11-25 00:00:00;Centro;mTa;Regiao sob predominio de fluxo maritimo que transporta umidade do Atlantico para o continente, caracterizando o dominio da Massa Tropical Atlantica sobre a area central.;Primavera;;;;;;;;;;;;;;;;
2025-11-25 00:00:00;Sul;mPa;A região delimitada encontra-se na retaguarda de um sistema frontal, sob a influência direta do avanço de uma massa de ar frio e úmido de origem polar que ingressa pelo setor.;Primavera;;;;;;;;;;;;;;;;
2025-11-26 00:00:00;Norte;mEc;A região delimitada abrange a bacia amazônica e áreas centrais, caracterizadas por predomínio de condições quentes e úmidas típicas da massa Equatorial Continental.;Primavera;;;;;;;;;;;;;;;;
2025-11-26 00:00:00;Nordeste;mTa;Predominância da Massa Tropical Atlântica, caracterizada pelo fluxo de ar quente e úmido vindo do oceano sobre a região Nordeste, sob influência do regime de alta pressão costeira.;Primavera;;;;;;;;;;;;;;;;
2025-11-26 00:00:00;Litoral;mTa;Região sob influência direta do fluxo de leste/sudeste da Alta Subtropical do Atlântico Sul, caracterizando a atuação da Massa Tropical Atlântica no setor litorâneo.;Primavera;;;;;;;;;;;;;;;;
2025-11-26 00:00:00;Centro;mPa;A região sob o retângulo vermelho encontra-se sob o fluxo pós-frontal, com trajetória clara de advecção de uma massa de ar frio e úmido sobre o Centro-Oeste brasileiro.;Primavera;;;;;;;;;;;;;;;;
2025-11-26 00:00:00;Sul;mPa;A região apresenta características típicas de pós-frontal, com advecção de ar frio e úmido após a passagem de sistema frontal, evidenciando o predomínio da massa polar atlântica.;Primavera;;;;;;;;;;;;;;;;
2025-11-27 00:00:00;Norte;mEc;A regiao delimitada esta sob dominio da massa equatorial continental, caracterizada por alto teor de umidade e temperaturas elevadas tipicas do interior da Amazonia.;Primavera;;;;;;;;;;;;;;;;
2025-11-27 00:00:00;Nordeste;mTa;Predomínio da massa tropical atlântica na região, refletindo o fluxo de leste estabelecido e a estabilidade térmica típica sob influência do gradiente de pressão subtropical.;Primavera;;;;;;;;;;;;;;;;
2025-11-27 00:00:00;Litoral;mTa;Regiao sob clara influencia do fluxo marítimo de sudeste, característico da circulação da alta pressão subtropica, transportando umidade e mantendo predominância da mTa.;Primavera;;;;;;;;;;;;;;;;
2025-11-27 00:00:00;Centro;mTc;A região central encontra-se sob domínio da circulação continental, apresentando características térmicas elevadas típicas da mTc, isolada da influência marítima pelo padrão sinóti;Primavera;;;;;;;;;;;;;;;;
2025-11-27 00:00:00;Sul;mTa;A região delimitada está sob influência do escoamento marítimo de leste/sudeste associado à ASAS, caracterizando o predomínio de ar quente e úmido de origem tropical atlântica.;Primavera;;;;;;;;;;;;;;;;
2025-11-28 00:00:00;Norte;mEc;A regiao delimitada esta sob influencia direta da Massa Equatorial Continental, caracterizada pela baixa pressao termica e alta disponibilidade de umidade sobre a bacia amazonica.;Primavera;;;;;;;;;;;;;;;;
2025-11-28 00:00:00;Nordeste;mTa;Predominância de escoamento marítimo quente e úmido sobre o Nordeste, influenciado diretamente pelo transporte de umidade do oceano para o continente.;Primavera;;;;;;;;;;;;;;;;
2025-11-28 00:00:00;Litoral;mTa;A área delimitada encontra-se sob domínio da circulação marítima do Atlântico Sul, caracterizando a influência da Massa Tropical Atlântica, quente e úmida, predominante no setor.;Primavera;;;;;;;;;;;;;;;;
2025-11-28 00:00:00;Centro;mTa;A região encontra-se submetida ao fluxo de norte/nordeste de ar quente e úmido, característico da atuação da massa tropical marítima sobre o interior do Brasil central.;Primavera;;;;;;;;;;;;;;;;
2025-11-28 00:00:00;Sul;mPa;A região apresenta características típicas de pós-frontal, com temperaturas mais amenas e fluxo de ar direcionado para o quadrante sul, evidenciando o domínio da massa polar atlânt;Primavera;;;;;;;;;;;;;;;;
2025-11-29 00:00:00;Norte;mEc;A região delimitada encontra-se sob domínio térmico da Bacia Amazônica, caracterizada por ar quente e úmido, sem influência direta de sistemas frontais ou circulação marítima.;Primavera;;;;;;;;;;;;;;;;
2025-11-29 00:00:00;Nordeste;mTa;Região sob influência direta do fluxo de ar quente e úmido vindo do Oceano Atlântico, característico da atuação da massa Tropical Atlântica predominante no setor leste brasileiro.;Primavera;;;;;;;;;;;;;;;;
2025-11-29 00:00:00;Litoral;mTa;A regiao delimitada esta sob a influencia direta do fluxo maritimo do quadrante leste, caracteristico do dominio da Massa Tropical Atlantica na costa do Nordeste brasileiro.;Primavera;;;;;;;;;;;;;;;;
2025-11-29 00:00:00;Centro;mTa;A região apresenta predominância de fluxo tropical marítimo que ingressa no continente, mantendo características de calor e umidade, sob influência da ASAS no Atlântico Sul.;Primavera;;;;;;;;;;;;;;;;
2025-11-29 00:00:00;Sul;mPa;A região delimitada encontra-se sob influência de um sistema frontal, com advecção de ventos do quadrante sul que caracterizam a penetração e o domínio da massa de ar polar atlânti;Primavera;;;;;;;;;;;;;;;;
2025-11-30 00:00:00;Norte;mEc;A área delimitada abrange a bacia amazônica e adjacências, sob domínio característico da Massa Equatorial Continental, que apresenta altas temperaturas e elevada umidade.;Primavera;;;;;;;;;;;;;;;;
2025-11-30 00:00:00;Nordeste;mTa;Predominio da massa Tropical Atlantica na regiao Nordeste, caracterizada pelo fluxo quente e umido proveniente do quadrante leste, influenciando as condicoes meteorologicas locais.;Primavera;;;;;;;;;;;;;;;;
2025-11-30 00:00:00;Litoral;mTa;A regiao delimitada esta sob influencia direta do fluxo maritimo oriundo do Anticiclone subtropical, caracterizando o dominio da Massa Tropical Atlantica (mTa) no setor leste.;Primavera;;;;;;;;;;;;;;;;
2025-11-30 00:00:00;Centro;mTa;Região central sob influência de massa quente e úmida, com fluxo marítimo predominante do Atlântico Tropical mantendo umidade elevada e temperaturas características da mTa.;Primavera;;;;;;;;;;;;;;;;
2025-11-30 00:00:00;Sul;mPa;A regiao delimitada esta sob influencia direta do escoamento pós-frontal, com adveccao fria e estabilizacao pos-passagem de sistema frontal, caracterizando a atuacao da mPa.;Primavera;;;;;;;;;;;;;;;;
2025-12-01 00:00:00;Norte;mEc;A região delimitada situa-se sobre a bacia amazônica, livre de influência de sistemas frontais, sendo dominada pela massa Equatorial Continental, caracterizada por ar quente e úmid;Primavera;;;;;;;;;;;;;;;;
2025-12-01 00:00:00;Nordeste;mTa;Predominio da massa Tropical Atlantica, caracterizada por fluxo quente e umido proveniente do oceano, influenciando o interior do Nordeste brasileiro com estabilidade atmosférica.;Primavera;;;;;;;;;;;;;;;;
2025-12-01 00:00:00;Litoral;mTa;Regiao sob influencia do escoamento de leste-sudeste do sistema de alta pressao, garantindo estabilidade e transporte de umidade maritima para o litoral leste brasileiro.;Primavera;;;;;;;;;;;;;;;;
2025-12-01 00:00:00;Centro;mTa;Região sob influência da circulação da alta subtropical, caracterizando predomínio de massa quente e úmida oceânica (mTa) sobre o Sudeste e Centro-Oeste brasileiro.;Primavera;;;;;;;;;;;;;;;;
2025-12-01 00:00:00;Sul;mPa;A região delimitada situa-se no setor pós-frontal, sob a influência direta de ar frio e seco, característico de um sistema mPa que avança em direção ao Centro-Sul do país.;Primavera;;;;;;;;;;;;;;;;
2025-12-02 00:00:00;Norte;mEc;Região localizada sobre a Bacia Amazônica, apresentando características térmicas e de umidade típicas da massa de origem continental sob regime de baixa pressão térmica.;Primavera;;;;;;;;;;;;;;;;
2025-12-02 00:00:00;Nordeste;mTa;A região destacada é influenciada predominantemente pela circulação marítima quente e úmida proveniente do Atlântico Tropical, característica da massa Tropical Atlântica (mTa).;Primavera;;;;;;;;;;;;;;;;
2025-12-02 00:00:00;Litoral;mTa;A região delimitada está sob forte influência do fluxo marítimo da alta subtropical, caracterizando a atuação da massa de ar Tropical Atlântica, quente e úmida.;Primavera;;;;;;;;;;;;;;;;
2025-12-02 00:00:00;Centro;mTc;A região delimitada no interior do continente apresenta temperaturas elevadas e baixa umidade relativa, características típicas da Massa Tropical Continental (mTc) atuando na área.;Primavera;;;;;;;;;;;;;;;;
2025-12-02 00:00:00;Sul;mPa;Região sob influência direta de subsidência e advecção de ar mais frio e denso, localizada na retaguarda do sistema frontal que avança pelo setor sul do continente.;Primavera;;;;;;;;;;;;;;;;
2025-12-03 00:00:00;Norte;mEc;A região delimitada sobre a Amazônia apresenta características de umidade elevada e temperaturas uniformes, típicas do domínio da Massa Equatorial Continental.;Primavera;;;;;;;;;;;;;;;;
2025-12-03 00:00:00;Nordeste;mTa;Região sob influência direta do fluxo de leste/sudeste originado no Atlântico Sul, caracterizando o domínio da massa tropical marítima sobre o setor leste do Nordeste brasileiro.;Primavera;;;;;;;;;;;;;;;;
2025-12-03 00:00:00;Litoral;mTa;A regiao delimitada esta sob influencia direta do escoamento maritimo da alta subtropical, caracterizando a atuacao da massa Tropical Atlantica quente e umida sobre o litoral.;Primavera;;;;;;;;;;;;;;;;
2025-12-03 00:00:00;Centro;mTa;A região apresenta características típicas de umidade e temperatura elevadas sob influência direta do fluxo de leste da alta pressão oceânica, caracterizando a atuação da mTa.;Primavera;;;;;;;;;;;;;;;;
2025-12-03 00:00:00;Sul;mTa;A região encontra-se sob influência da circulação da Alta Subtropical do Atlântico Sul, caracterizando o predomínio de ar quente e úmido de origem marítima.;Primavera;;;;;;;;;;;;;;;;
2025-12-04 00:00:00;Norte;mEc;A região delimitada abrange a bacia amazônica e áreas centrais do país, onde predomina uma massa de ar quente e úmida de origem continental, característica da mEc.;Primavera;;;;;;;;;;;;;;;;
2025-12-04 00:00:00;Nordeste;mTa;Região sob influência direta do escoamento marítimo de leste, caracterizando a atuação da massa Tropical Atlântica com transporte de umidade constante para a costa e interior do NE;Primavera;;;;;;;;;;;;;;;;
2025-12-04 00:00:00;Litoral;mTa;Regiao sob incidencia de fluxo zonal maritimo e umidade tropical, consistente com o predominio da massa tropical atlantica na faixa costeira do leste brasileiro.;Primavera;;;;;;;;;;;;;;;;
2025-12-04 00:00:00;Centro;mTa;A região encontra-se sob influência do fluxo de leste/nordeste da circulação marítima oceânica, predominando as características de umidade e temperatura da mTa.;Primavera;;;;;;;;;;;;;;;;
2025-12-04 00:00:00;Sul;mPa;A região delimitada encontra-se sob influência de um sistema frontal em deslocamento, com a massa de ar polar (mPa) ingressando no Sul do Brasil, caracterizando o pós-frontal.;Primavera;;;;;;;;;;;;;;;;
2025-12-05 00:00:00;Norte;mEc;A região demarcada encontra-se sob domínio da massa quente e úmida de origem amazônica, caracterizada por altas temperaturas e elevada instabilidade convectiva local.;Primavera;;;;;;;;;;;;;;;;
2025-12-05 00:00:00;Nordeste;mTa;A região do Nordeste encontra-se sob influência da circulação marítima da mTa, caracterizada por transporte de umidade do oceano para o continente sob regime de ventos alísios.;Primavera;;;;;;;;;;;;;;;;
2025-12-05 00:00:00;Litoral;mTa;Predomínio de fluxo de sudeste sob influência da circulação da ASAS, transportando umidade e calor sobre o setor, caracterizando a atuação típica da massa tropical atlântica.;Primavera;;;;;;;;;;;;;;;;
2025-12-05 00:00:00;Centro;mTa;A região delimitada está sob a influência do escoamento marítimo de leste/nordeste, característico da circulação da alta subtropical, estabelecendo condições de umidade e calor da ;Primavera;;;;;;;;;;;;;;;;
2025-12-05 00:00:00;Sul;mPa;A região apresenta características de temperaturas reduzidas após a passagem de uma frente fria, indicando o ingresso e predomínio de ar frio e úmido de origem polar.;Primavera;;;;;;;;;;;;;;;;
2025-12-06 00:00:00;Norte;mEc;A regiao delimitada esta inserida sobre a bacia amazonica, caracterizada pelo dominio de alta umidade e temperaturas elevadas, tipicas da massa equatorial continental.;Primavera;;;;;;;;;;;;;;;;
2025-12-06 00:00:00;Nordeste;mTa;Regiao sob regime de subsidencia e escoamento estavel provido pela circulacao maritima, caracterizando a predominancia da Massa Tropical Atlantica sobre o Nordeste brasileiro.;Primavera;;;;;;;;;;;;;;;;
2025-12-06 00:00:00;Litoral;mTa;A área delimitada encontra-se sob o fluxo do quadrante leste, influenciada diretamente pela circulação marítima subtropical associada ao sistema de alta pressão do Atlântico.;Primavera;;;;;;;;;;;;;;;;
2025-12-06 00:00:00;Centro;mTc;A região apresenta características de subsidência e aquecimento radiativo típicas da retaguarda continental, sob influência da massa tropical seca e quente do Chaco.;Primavera;;;;;;;;;;;;;;;;
2025-12-06 00:00:00;Sul;mTa;A região encontra-se submetida ao fluxo de circulação marítima, com características de ar quente e úmido transportado do oceano para o continente, sob influência da ASAS.;Primavera;;;;;;;;;;;;;;;;
2025-12-07 00:00:00;Norte;mEc;A região delimitada abrange a bacia amazônica e áreas continentais adjacentes, onde predomina a massa equatorial continental, caracterizada por alto calor e umidade.;Primavera;;;;;;;;;;;;;;;;
2025-12-07 00:00:00;Nordeste;mTa;Predominância da circulação marítima quente e úmida sob influência do escoamento zonal e anticiclônico do Atlântico sobre a região Nordeste.;Primavera;;;;;;;;;;;;;;;;
2025-12-07 00:00:00;Litoral;mTa;A regiao delimitada encontra-se sob a influência direta do escoamento marítimo de leste/nordeste associado a ASAS, caracterizando o domínio da massa Tropical Atlântica (mTa).;Primavera;;;;;;;;;;;;;;;;
2025-12-07 00:00:00;Centro;mTa;A região apresenta características de estabilidade associadas ao fluxo de umidade do oceano, caracterizando o domínio da massa Tropical Atlântica sobre o interior do Brasil.;Primavera;;;;;;;;;;;;;;;;
2025-12-07 00:00:00;Sul;mPa;A região delimitada encontra-se atrás de um sistema frontal, sob a influência direta do avanço de uma massa de ar frio e úmido com circulação anticiclônica.;Primavera;;;;;;;;;;;;;;;;
2025-12-08 00:00:00;Norte;mEc;A área delimitada sobre a região amazônica apresenta características de ar quente e úmido, típicas da massa de ar Equatorial Continental, predominante na ausência de sistemas front;Primavera;;;;;;;;;;;;;;;;
2025-12-08 00:00:00;Nordeste;mTa;Regiao sob influencia do escoamento maritimo da alta pressao do Atlantico Sul, transportando ar quente e umido para o setor oriental do Nordeste brasileiro.;Primavera;;;;;;;;;;;;;;;;
2025-12-08 00:00:00;Litoral;mTa;Predominância de fluxo marítimo de sudeste/leste atuando sobre o litoral do Nordeste, caracterizando a influência da massa tropical atlântica quente e úmida.;Primavera;;;;;;;;;;;;;;;;
2025-12-08 00:00:00;Centro;mTc;Região situada no interior continental, sob domínio de ar quente e seco típico da Depressão do Chaco, caracterizando a atuação da massa de ar Tropical Continental.;Primavera;;;;;;;;;;;;;;;;
2025-12-08 00:00:00;Sul;mPa;A região delimitada encontra-se sob influência do avanço de uma massa de ar polar, caracterizada pelo gradiente de pressão pós-frontal e redução das temperaturas no Sul do país.;Primavera;;;;;;;;;;;;;;;;
2025-12-09 00:00:00;Norte;mEc;A região delimitada abrange a bacia amazônica, caracterizada pela predominância de ar quente e úmido, típicos da massa Equatorial Continental, sem influência de sistemas frontais.;Primavera;;;;;;;;;;;;;;;;
2025-12-09 00:00:00;Nordeste;mTa;Predominância da Massa Tropical Atlântica, caracterizada pelo fluxo de ar quente e úmido transportado pela circulação periférica do sistema de alta pressão sobre o oceano.;Primavera;;;;;;;;;;;;;;;;
2025-12-09 00:00:00;Litoral;mTa;Predomínio de fluxo marítimo sob influência de alta pressão, caracterizando a atuação da massa de ar Tropical Atlântica no setor litorâneo.;Primavera;;;;;;;;;;;;;;;;
2025-12-09 00:00:00;Centro;mTa;Região sob influência direta do fluxo de ar quente e úmido proveniente do Oceano Atlântico, caracterizando a predominância da massa Tropical Atlântica no setor central.;Primavera;;;;;;;;;;;;;;;;
2025-12-09 00:00:00;Sul;mPa;A região delimitada encontra-se na retaguarda do sistema frontal, sob a influência direta do fluxo de ar frio e seco característico do avanço da Massa Polar Atlântica.;Primavera;;;;;;;;;;;;;;;;
2025-12-10 00:00:00;Norte;mEc;A região delimitada está sob forte influência da massa equatorial continental, característica pelo ar quente e úmido originado na bacia amazônica, predominante na área central do n;Primavera;;;;;;;;;;;;;;;;
2025-12-10 00:00:00;Nordeste;mTa;Predominância de circulação de leste do Atlântico sobre o Nordeste brasileiro, caracterizando a influência da Massa Tropical Atlântica com transporte de umidade para o continente.;Primavera;;;;;;;;;;;;;;;;
2025-12-10 00:00:00;Litoral;mTa;A regiao delimitada esta sob influencia direta do fluxo maritimo oriundo do oceano, caracterizando a atuacao da mTa, responsavel por condicoes quentes e umidas no litoral.;Primavera;;;;;;;;;;;;;;;;
2025-12-10 00:00:00;Centro;mEc;A região central sob o retângulo é dominada pela mEc, caracterizada por temperaturas elevadas e alta umidade, condicionando o fluxo de calor sobre o interior do continente.;Primavera;;;;;;;;;;;;;;;;
2025-12-10 00:00:00;Sul;mPa;A região delimitada encontra-se na retaguarda de uma frente fria e à frente de um sistema de alta pressão em deslocamento, caracterizando a atuação e o avanço da massa polar.;Primavera;;;;;;;;;;;;;;;;
2025-12-11 00:00:00;Norte;mEc;Região central da Bacia Amazônica sob domínio da Massa Equatorial Continental, caracterizada por temperaturas elevadas e alta umidade, sem influência de sistemas dinâmicos externos;Primavera;;;;;;;;;;;;;;;;
2025-12-11 00:00:00;Nordeste;mTa;Predominio da massa de ar tropical, caracterizada por fluxos quentes e umidos vindos do Atlantico que exercem influencia majoritaria sobre a regiao delimitada.;Primavera;;;;;;;;;;;;;;;;
2025-12-11 00:00:00;Litoral;mTa;A região delimitada está sob forte influência do fluxo oceânico da alta pressão, caracterizando a predominância da massa Tropical Atlântica, quente e úmida sobre o litoral leste.;Primavera;;;;;;;;;;;;;;;;
2025-12-11 00:00:00;Centro;mEc;Regiao central do continente influenciada pelo predomino de caracteristicas termodinamicas da Amazonia, mantendo ar quente e umido sobre o interior do Brasil.;Primavera;;;;;;;;;;;;;;;;
2025-12-11 00:00:00;Sul;mPa;Região sob influência direta do fluxo pós-frontal impulsionado pelo sistema de baixa pressão, caracterizando o avanço de uma massa de ar frio e úmido no setor Sul.;Primavera;;;;;;;;;;;;;;;;
2025-12-12 00:00:00;Norte;mEc;A regiao delimitada sobre a Amazonia apresenta caracteristicas de calor e alta umidade, tipicas da massa de ar Equatorial Continental que domina o setor norte central do pais.;Primavera;;;;;;;;;;;;;;;;
2025-12-12 00:00:00;Nordeste;mTa;Região sob influência direta do fluxo de leste/sudeste da alta subtropical, caracterizando a predominância da massa tropical atlântica, quente e úmida, sobre o interior do Nordeste;Primavera;;;;;;;;;;;;;;;;
2025-12-12 00:00:00;Centro;mTa;A região do retângulo encontra-se sob influência da circulação da ASAS, apresentando características de ar quente e úmido transportado pelo fluxo marítimo, caracterizando a mTa.;Primavera;;;;;;;;;;;;;;;;
2025-12-12 00:00:00;Sul;mTa;A região delimitada está sob forte influência do escoamento marítimo de leste/sudeste proveniente do anticiclone oceânico, caracterizando o domínio da massa tropical atlântica.;Primavera;;;;;;;;;;;;;;;;
2025-12-13 00:00:00;Norte;mEc;A regiao delimitada posiciona-se sobre a bacia Amazonica, area de atuacao caracteristica da mEc, apresentando altas temperaturas e umidade elevada sem influencia de sistemas fronta;Primavera;;;;;;;;;;;;;;;;
2025-12-13 00:00:00;Nordeste;mTa;Regiao sob influencia do escoamento oceanico, com caracteristicas termodinamicas tipicas da massa Tropical Atlantica, que penetra e domina o setor leste do interior do Nordeste bra;Primavera;;;;;;;;;;;;;;;;
2025-12-13 00:00:00;Litoral;mTa;A região delimitada encontra-se sob influência do fluxo de leste/sudeste associado à circulação marítima, caracterizando a massa tropical atlântica quente e úmida em atuação.;Primavera;;;;;;;;;;;;;;;;
2025-12-13 00:00:00;Centro;mTa;Região central sob influência da circulação anticiclônica do Atlântico, caracterizada por temperaturas elevadas e umidade transportada sobre o continente, definindo a mTa.;Primavera;;;;;;;;;;;;;;;;
2025-12-13 00:00:00;Sul;mPa;A região delimitada encontra-se na retaguarda de um sistema frontal, caracterizada pela incursão e estabilização de ar frio e seco, típico de uma massa de ar polar.;Primavera;;;;;;;;;;;;;;;;
2025-12-14 00:00:00;Norte;mEc;A região delimitada abrange a bacia amazônica e áreas continentais adjacentes, onde a massa de ar quente e úmida de origem equatorial e tropical continental exerce o domínio predom;Primavera;;;;;;;;;;;;;;;;
2025-12-14 00:00:00;Nordeste;mTa;Regiao sob fluxo predominante de leste, caracteristico da circulacao de alta pressao do Atlantico Sul, configurando o dominio da Massa Tropical Atlantica no setor.;Primavera;;;;;;;;;;;;;;;;
2025-12-14 00:00:00;Litoral;mTa;A região encontra-se sob influência do fluxo da circulação marítima quente e úmida, característica da Massa Tropical Atlântica, sem a influência direta de sistemas frontais ou mass;Primavera;;;;;;;;;;;;;;;;
2025-12-14 00:00:00;Centro;mTa;Região sob influência da circulação da alta subtropical, caracterizada por transporte de umidade e calor do Oceano Atlântico para o interior do continente, configurando a mTa.;Primavera;;;;;;;;;;;;;;;;
2025-12-14 00:00:00;Sul;mPa;Região afetada pelo avanço da massa de ar pós-frontal, apresentando declínio térmico e gradiente de pressão característico da mPa sobre o Sul do Brasil, após a passagem da frente f;Primavera;;;;;;;;;;;;;;;;
2025-12-15 00:00:00;Norte;mEc;A região delimitada abrange a bacia amazônica e adjacências. Como não há influência de sistemas frontais nesta área, a massa predominante é a Equatorial Continental, quente e úmida;Primavera;;;;;;;;;;;;;;;;
2025-12-15 00:00:00;Nordeste;mTa;Predominância de escoamento marítimo quente e úmido sobre a região Nordeste, característico da atuação da massa de ar Tropical Atlântica, garantindo estabilidade e umidade no setor;Primavera;;;;;;;;;;;;;;;;
2025-12-15 00:00:00;Litoral;mTa;Regiao sob influencia do escoamento maritimo da alta subtropical, caracterizando o transporte de umidade e calor da massa Tropical Atlantica sobre o litoral do Nordeste brasileiro.;Primavera;;;;;;;;;;;;;;;;
2025-12-15 00:00:00;Centro;mEc;Região central do continente sob influência da massa Equatorial Continental, caracterizada pela predominância de ar quente e úmido vindo da bacia amazônica e falta de fluxo polar.;Primavera;;;;;;;;;;;;;;;;
2025-12-15 00:00:00;Sul;mPa;A região delimitada encontra-se na retaguarda de uma frente fria que avança pelo oceano, evidenciando o ingresso de ar frio e estável característico da mPa no setor.;Primavera;;;;;;;;;;;;;;;;
2025-12-16 00:00:00;Norte;mEc;A regiao delimitada esta sob influencia direta da massa de ar quente e umida caracteristica da bacia amazonica, sem interferencia de sistemas dinâmicos no setor analisado.;Primavera;;;;;;;;;;;;;;;;
2025-12-16 00:00:00;Nordeste;mTa;Predominancia de escoamento vindo do oceano sobre a regiao nordestina, caracterizando a influencia da massa tropical atlantica, mantendo regioes com ar quente e umido.;Primavera;;;;;;;;;;;;;;;;
2025-12-16 00:00:00;Litoral;mTa;A área delimitada encontra-se sob influência persistente do escoamento marítimo associado ao sistema de alta pressão que domina o Atlântico Sul, caracterizando a mTa.;Primavera;;;;;;;;;;;;;;;;
2025-12-16 00:00:00;Centro;mEc;A região destacada está sob influência da massa de ar quente e úmida originada na bacia amazônica, caracterizada por altas temperaturas e umidade, predominando no interior do Brasi;Primavera;;;;;;;;;;;;;;;;
2025-12-16 00:00:00;Sul;mPa;A região delimitada encontra-se na retaguarda do sistema frontal, caracterizando a penetração e o predomínio da massa de ar Polar Atlântica sobre o setor.;Primavera;;;;;;;;;;;;;;;;
2025-12-17 00:00:00;Norte;mEc;A regiao delimitada esta sob influencia direta da bacia Amazonica, caracterizada pelo dominio de ar quente e umido tipico da mEc, sem presenca de sistemas frontais no setor.;Primavera;;;;;;;;;;;;;;;;
2025-12-17 00:00:00;Nordeste;mTa;Predominância da massa Tropical Atlântica, caracterizada pelo fluxo marítimo úmido sobre a região, sob influência do regime de alta pressão adjacente ao litoral leste do país.;Primavera;;;;;;;;;;;;;;;;
2025-12-17 00:00:00;Litoral;mTa;O setor delimitado encontra-se sob o fluxo do escoamento marítimo persistente da alta pressão oceânica, caracterizando o domínio da massa tropical atlântica.;Primavera;;;;;;;;;;;;;;;;
2025-12-17 00:00:00;Centro;mPa;A região delimitada encontra-se na retaguarda do sistema frontal (frente fria), caracterizada pelo avanço de ar polar, evidenciada pelos gradientes de pressão e queda de temperatur;Primavera;;;;;;;;;;;;;;;;
2025-12-17 00:00:00;Sul;mPa;A região delimitada encontra-se na retaguarda de uma frente fria, caracterizada pela incursão de ar polar, evidenciada pelos valores de temperatura e ponto de orvalho mais baixos.;Primavera;;;;;;;;;;;;;;;;
2025-12-18 00:00:00;Norte;mEc;Regiao central do Norte sob influencia da massa equatorial continental, caracterizada por baixas pressões, elevados teores de umidade e ausência de sistemas frontais no setor.;Primavera;;;;;;;;;;;;;;;;
2025-12-18 00:00:00;Nordeste;mTa;A região demarcada apresenta domínio das características de temperatura e umidade associadas ao fluxo oceânico, configurando a predominância da massa Tropical Atlântica (mTa).;Primavera;;;;;;;;;;;;;;;;
2025-12-18 00:00:00;Litoral;mTa;Regiao sob dominio do fluxo do anticiclone subtropical, apresentando caracteristicas tipicas de massa tropical atlantica, quente e umida, influenciando o litoral leste brasileiro.;Primavera;;;;;;;;;;;;;;;;
2025-12-18 00:00:00;Centro;mPa;A região delimitada encontra-se sob influência imediata da retaguarda de um sistema frontal, caracterizada pela advecção de umidade e ar frio típico da massa polar atlântica.;Primavera;;;;;;;;;;;;;;;;
2025-12-18 00:00:00;Sul;mPa;A região sob o retângulo vermelho encontra-se sob influência clara do fluxo pós-frontal impulsionado por um sistema de alta pressão extratropical, caracterizando a mPa.;Primavera;;;;;;;;;;;;;;;;
2025-12-19 00:00:00;Norte;mEc;A região demarcada encontra-se sobre a bacia amazônica, caracterizada pela predominância de ar quente e úmido de origem continental, sem influência de sistemas frontais ou massas m;Primavera;;;;;;;;;;;;;;;;
2025-12-19 00:00:00;Nordeste;mTa;Região sob influência direta do fluxo de leste transportado pela ASAS sobre o Atlântico Sul, caracterizando a predominância da massa Tropical Atlântica no setor Nordeste.;Primavera;;;;;;;;;;;;;;;;
2025-12-19 00:00:00;Litoral;mTa;A área delimitada encontra-se sob domínio do fluxo marítimo da alta subtropical, caracterizando a atuação da massa Tropical Atlântica (mTa), quente e úmida, sobre o litoral leste.;Primavera;;;;;;;;;;;;;;;;
2025-12-19 00:00:00;Centro;mPa;A região delimitada encontra-se na retaguarda da frente fria, sob influência direta do ingresso de ar frio e seco característico da massa polar atlântica que avança pelo interior.;Primavera;;;;;;;;;;;;;;;;
2025-12-19 00:00:00;Sul;mPa;A regiao delimitada encontra-se sob a influência direta do avanço de uma massa de ar polar, posicionada no setor de retaguarda da frente fria que atua sobre o Sudeste.;Primavera;;;;;;;;;;;;;;;;
2025-12-20 00:00:00;Norte;mEc;Região central da Bacia Amazônica sob influência clássica de ar quente e úmido, característico do domínio da massa Equatorial Continental, sem atuação de sistemas frontais.;Primavera;;;;;;;;;;;;;;;;
2025-12-20 00:00:00;Nordeste;mTa;Predominância de escoamento marítimo quente e úmido sobre o setor, sob influência dos gradientes de pressão do Atlântico Sul, mantendo estabilidade térmica na região.;Primavera;;;;;;;;;;;;;;;;
2025-12-20 00:00:00;Litoral;mTa;O litoral indicado encontra-se sob influência do fluxo marítimo da Alta Subtropical do Atlântico Sul, caracterizando a predominância da Massa Tropical Atlântica (mTa).;Primavera;;;;;;;;;;;;;;;;
2025-12-20 00:00:00;Centro;mTa;Regiao sob fluxo predominante de leste/nordeste sob influencia da circulacao periferica do sistema de alta pressao do Atlantico Sul, caracterizando a atuacao da massa Tropical Atla;Primavera;;;;;;;;;;;;;;;;
2025-12-20 00:00:00;Sul;mPa;A região delimitada encontra-se sob influência imediata da retaguarda de um sistema frontal, caracterizando a incursão da massa polar atlântica (mPa) no setor.;Primavera;;;;;;;;;;;;;;;;
2025-12-20 00:00:00;Norte;mEc;A região demarcada encontra-se sobre a bacia amazônica, caracterizada pelo domínio da massa de ar Equatorial Continental, quente e úmida, típica da região setentrional do interior.;Primavera;;;;;;;;;;;;;;;;
2025-12-20 00:00:00;Nordeste;mTa;A região encontra-se sob influência do escoamento marítimo associado ao sistema de alta pressão do Atlântico Sul, caracterizando o predomínio da massa tropical marítima.;Primavera;;;;;;;;;;;;;;;;
2025-12-20 00:00:00;Litoral;mTa;Area sob influencia do escoamento marítimo do quadrante leste/sudeste, com características de estabilidade térmica e umidade típicas da massa tropical atlântica no setor litorâneo.;Primavera;;;;;;;;;;;;;;;;
2025-12-20 00:00:00;Centro;mTa;Região sob influência direta do escoamento marítimo equatorial e tropical do Atlântico, apresentando características de estabilidade e umidade típicas da massa tropical atlântica.;Primavera;;;;;;;;;;;;;;;;
2025-12-20 00:00:00;Sul;mPa;A regiao delimitada encontra-se sob a influencia da massa de ar pos-frontal, caracterizada pelo ingresso de ar frio e seco no setor sul, apos a passagem da frente fria.;Verão;;;;;;;;;;;;;;;;
2025-12-21 00:00:00;Norte;mEc;A região delimitada abrange a bacia amazônica, onde predomina a Massa Equatorial Continental, caracterizada por temperaturas elevadas e alta umidade, típica da cobertura florestal.;Verão;;;;;;;;;;;;;;;;
2025-12-21 00:00:00;Nordeste;mTa;Regiao sob predominio de fluxo de circulacao maritima associado ao transporte de umidade do Atlantico Sul, caracterizando a atuacao da Massa Tropical Atlantica.;Verão;;;;;;;;;;;;;;;;
2025-12-21 00:00:00;Litoral;mTa;A regiao delimitada esta sob influencia direta do fluxo marítimo da alta subtropical, caracterizando a predominancia da massa Tropical Atlantica, quente e umida, em todo o litoral.;Verão;;;;;;;;;;;;;;;;
2025-12-21 00:00:00;Centro;mTa;Região sob influência da circulação anticiclônica marítima, apresentando características de temperatura e umidade típicas do escoamento oceânico que penetra no continente.;Verão;;;;;;;;;;;;;;;;
2025-12-21 00:00:00;Sul;mTa;A região encontra-se sob influência do escoamento marítimo oriundo do oceano, caracterizando o domínio da massa Tropical Atlântica com estabilidade e umidade em baixos níveis.;Verão;;;;;;;;;;;;;;;;
2025-12-22 00:00:00;Norte;mEc;Regiao central e norte da Amazonia sob influencia da massa Equatorial Continental, caracterizada pela predominancia de umidade e calor, sem interferencia de sistemas frontais.;Verão;;;;;;;;;;;;;;;;
2025-12-22 00:00:00;Nordeste;mTa;A região apresenta estabilidade sob influência da circulação marítima do Atlântico, com predomínio de umidade e características térmicas típicas da massa Tropical Atlântica.;Verão;;;;;;;;;;;;;;;;
2025-12-22 00:00:00;Litoral;mTa;A regiao delimitada encontra-se sob a influencia direta do escoamento de leste/sudeste associado a ASAS, caracterizando o dominio da Massa Tropical Atlantica (mTa) no litoral.;Verão;;;;;;;;;;;;;;;;
2025-12-22 00:00:00;Centro;mTa;A região destacada encontra-se sob influência de um campo de pressões associado ao escoamento marítimo, caracterizando o domínio da massa Tropical Atlântica (mTa) sobre o setor.;Verão;;;;;;;;;;;;;;;;
2025-12-22 00:00:00;Sul;mTa;A região delimitada encontra-se sob domínio do escoamento marítimo associado à alta pressão, caracterizando a influência da Massa Tropical Atlântica (mTa).;Verão;;;;;;;;;;;;;;;;
2025-12-23 00:00:00;Norte;mEc;Região continental amazônica com gradientes térmicos homogêneos e ausência de sistemas frontais, caracterizando o domínio da massa equatorial continental (mEc), quente e úmida.;Verão;;;;;;;;;;;;;;;;
2025-12-23 00:00:00;Nordeste;mTa;A região do Nordeste delimitada encontra-se sob influência direta do fluxo de ar quente e úmido transportado pelo regime de ventos de leste, característico da massa Tropical Atlânt;Verão;;;;;;;;;;;;;;;;
2025-12-23 00:00:00;Litoral;mTa;A regiao delimitada esta sob influencia de escoamento maritimo associado a alta pressao do Atlantico Sul, caracterizando a predominancia de caracteristicas da mTa.;Verão;;;;;;;;;;;;;;;;
2025-12-23 00:00:00;Centro;mEc;Região localizada sobre o continente, caracterizada por altas temperaturas e elevada umidade, sob influência direta e persistente da massa de ar Equatorial Continental.;Verão;;;;;;;;;;;;;;;;
2025-12-23 00:00:00;Sul;mTa;Região sob influência direta do fluxo de ar quente e úmido proveniente do Atlântico Sul, característico do domínio da massa Tropical Atlântica na ausência de sistemas frontais.;Verão;;;;;;;;;;;;;;;;
2025-12-24 00:00:00;Norte;mEc;A regiao delimitada esta sob influencia da Massa Equatorial Continental, caracterizada por seu dominio termico na Amazonia e elevada umidade, livre de interferencia de outros siste;Verão;;;;;;;;;;;;;;;;
2025-12-24 00:00:00;Nordeste;mTa;A região delimitada está sob influência do fluxo equatorial/tropical do Atlântico, caracterizada pelas condições quentes e úmidas típicas da massa tropical atlântica.;Verão;;;;;;;;;;;;;;;;
2025-12-24 00:00:00;Litoral;mTa;Regiao sob influencia do escoamento do quadrante leste, caracterizado pela circulacao maritima quente e umida predominante proveniente do Atlantico Sul.;Verão;;;;;;;;;;;;;;;;
2025-12-24 00:00:00;Centro;mTa;Regiao sob influencia da circulacao periferica da ASAS, apresentando temperaturas e umidade tipicas do escoamento do Atlantico Tropical sobre o interior do pais.;Verão;;;;;;;;;;;;;;;;
2025-12-24 00:00:00;Sul;mTa;A região delimitada encontra-se sob influência do escoamento marítimo associado à circulação da alta subtropical, caracterizando o predomínio da Massa Tropical Atlântica (mTa).;Verão;;;;;;;;;;;;;;;;
2025-12-25 00:00:00;Norte;mEc;A regiao delimitada esta sob influencia direta da Massa Equatorial Continental, caracterizada por calor e alta umidade, sendo a massa predominante sobre a bacia Amazonica.;Verão;;;;;;;;;;;;;;;;
2025-12-25 00:00:00;Nordeste;mTa;Predominancia da Massa Tropical Atlantica, caracterizada pelo fluxo de leste/sudeste originado no sistema de alta pressao que influencia a costa e o interior do Nordeste brasileiro;Verão;;;;;;;;;;;;;;;;
2025-12-25 00:00:00;Litoral;mTa;Regiao sob incidencia de fluxo de transporte de umidade do oceano, caracterizando o dominio da Massa Tropical Atlantica, com temperaturas elevadas e umidade prevalecente no litoral;Verão;;;;;;;;;;;;;;;;
2025-12-25 00:00:00;Centro;mTc;A região apresenta características de subsidência e aquecimento continental sobre o Centro-Oeste brasileiro, predominando a massa Tropical Continental.;Verão;;;;;;;;;;;;;;;;
2025-12-25 00:00:00;Sul;mPa;Regiao sob clara influencia do avancado de sistema frontal, apresentando subsidencia e adveccao de ar mais frio e denso sobre o setor, caracterizando a atuacao da mPa.;Verão;;;;;;;;;;;;;;;;
2025-12-26 00:00:00;Norte;mEc;Região central da Bacia Amazônica sob domínio da massa equatorial continental, caracterizada por altas temperaturas e elevada umidade em um regime de gradiente de pressão fraco.;Verão;;;;;;;;;;;;;;;;
2025-12-26 00:00:00;Nordeste;mTa;Região sob influência direta do fluxo de leste da alta pressão subtropical. A massa Tropical Atlântica domina o setor, conferindo características quentes e úmidas ao Nordeste.;Verão;;;;;;;;;;;;;;;;
2025-12-26 00:00:00;Litoral;mTa;A regiao delimitada esta sob influencia direta do fluxo marítimo da alta subtropical, caracterizando a predominancia de ar quente e umido associado a mTa sobre a costa leste.;Verão;;;;;;;;;;;;;;;;
2025-12-26 00:00:00;Centro;mTa;A região delimitada está sob forte influência do escoamento marítimo associado ao sistema de alta pressão oceânico, com características de umidade e temperatura da mTa.;Verão;;;;;;;;;;;;;;;;
2025-12-26 00:00:00;Sul;mPa;A região delimitada encontra-se sob influência de massa de ar pós-frontal. Observa-se declínio de temperatura e umidade característico do avanço de uma mPa sobre o setor.;Verão;;;;;;;;;;;;;;;;
2025-12-27 00:00:00;Norte;mEc;A regiao delimitada esta sob influencia direta da massa de ar quente e umida caracteristica da bacia amazonica, sem a presenca ou influencia de sistemas frontais ou massas polares.;Verão;;;;;;;;;;;;;;;;
2025-12-27 00:00:00;Nordeste;mTa;A região do Nordeste encontra-se sob influência da circulação da alta pressão do Atlântico, com fluxo de leste transportando umidade e calor característicos da massa Tropical Atlân;Verão;;;;;;;;;;;;;;;;
2025-12-27 00:00:00;Litoral;mTa;A região delimitada está sob influência do escoamento marítimo tropical, caracterizado pela atuação da massa de ar quente e úmida originada sobre o oceano Atlântico.;Verão;;;;;;;;;;;;;;;;
2025-12-27 00:00:00;Centro;mTc;A região apresenta características típicas de dominação pela mTc, mantendo-se sob regime de calor e umidade na ausência de influência direta de sistemas frontais ou massas polares ;Verão;;;;;;;;;;;;;;;;
2025-12-27 00:00:00;Sul;mPa;A região delimitada encontra-se sob influência do avanço de uma frente fria e o subsequente ingresso de ar de origem polar, caracterizado pelo declínio térmico típico da mPa.;Verão;;;;;;;;;;;;;;;;
2025-12-28 00:00:00;Norte;mEc;A regiao compreende a Bacia Amazonica, onde predomina a Massa Equatorial Continental, caracterizada por alta temperatura e elevada umidade em condicoes tipicas de verao equatorial.;Verão;;;;;;;;;;;;;;;;
2025-12-28 00:00:00;Nordeste;mTa;A região destacada encontra-se sob domínio do fluxo adjacente ao anticiclone subtropical, configurando fluxo de leste quente e úmido característico da massa tropical atlântica.;Verão;;;;;;;;;;;;;;;;
2025-12-28 00:00:00;Litoral;mTa;A regiao delimitada esta sob influencia da circulacao periferica da alta pressao do Atlantico Sul, caracterizando o dominio da massa Tropical Atlantica, quente e umida.;Verão;;;;;;;;;;;;;;;;
2025-12-28 00:00:00;Centro;mTa;Regiao sob influencia do escoamento oceanico de leste, caracterizando a adveccao de umidade e calor da Massa Tropical Atlantica sobre o Centro-Oeste brasileiro.;Verão;;;;;;;;;;;;;;;;
2025-12-28 00:00:00;Sul;mPa;Regiao sob incidencia de subsidencia e adveccao de ar frio pos-frontal, caracterizada por valores de pressao elevados e temperaturas reduzidas na retaguarda da frente fria.;Verão;;;;;;;;;;;;;;;;
2025-12-29 00:00:00;Norte;mEc;Regiao central da Amazonia sob influencia direta da Massa Equatorial Continental, caracterizada por alta umidade e temperaturas elevadas, sem a presenca de sistemas frontais.;Verão;;;;;;;;;;;;;;;;
2025-12-29 00:00:00;Nordeste;mTa;A regiao delimitada esta sob influencia direta da circulacao oceanica de leste, caracterizando a predominancia da massa Tropical Atlantica com fluxo de umidade do oceano para o con;Verão;;;;;;;;;;;;;;;;
2025-12-29 00:00:00;Litoral;mTa;A região delimitada sob influência do escoamento marítimo de leste/sudeste, mantendo características de calor e umidade típicas da massa tropical atlântica.;Verão;;;;;;;;;;;;;;;;
2025-12-29 00:00:00;Centro;mEc;Região sobre o interior do continente, caracterizada por temperaturas elevadas e alta umidade, típica da massa equatorial continental que domina o centro-norte brasileiro.;Verão;;;;;;;;;;;;;;;;
2025-12-29 00:00:00;Sul;mPa;A região apresenta valores de temperatura e ponto de orvalho em declínio após a passagem da frente fria, caracterizando o avanço e domínio da massa de ar Polar Atlântica.;Verão;;;;;;;;;;;;;;;;
2025-12-30 00:00:00;Norte;mEc;Região central da Bacia Amazônica sob domínio da massa Equatorial Continental, caracterizada pelo ar quente e úmido, típica sazonalidade de verão sem influência de sistemas polares;Verão;;;;;;;;;;;;;;;;
2025-12-30 00:00:00;Nordeste;mTa;A região delimitada está sob forte influência do escoamento marítimo de leste, caracterizando a atuação da massa Tropical Atlântica (mTa) com transporte de umidade e calor na costa;Verão;;;;;;;;;;;;;;;;
2025-12-30 00:00:00;Litoral;mTa;Area sob influencia do escoamento marítimo de leste/sudeste associado ao gradiente de pressão do oceano, caracterizando a predominância da massa Tropical Atlântica no litoral.;Verão;;;;;;;;;;;;;;;;
2025-12-30 00:00:00;Centro;mTa;A região central delimitada está sob influência do fluxo marítimo de sudeste/leste, característico da circulação da alta subtropical, predominando a massa Tropical Atlântica.;Verão;;;;;;;;;;;;;;;;
2025-12-30 00:00:00;Sul;mTa;A região delimitada está sob forte influência do escoamento marítimo de leste/nordeste associado à ASAS, caracterizando o predomínio da massa tropical atlântica quente e úmida.;Verão;;;;;;;;;;;;;;;;
2025-12-31 00:00:00;Norte;mEc;A regiao dentro do retangulo esta posicionada sobre a bacia Amazonica. A ausencia de sistemas frontais e o padrao termohigrometrico indicam o dominio persistente da massa Equatoria;Verão;;;;;;;;;;;;;;;;
2025-12-31 00:00:00;Nordeste;mTa;A região encontra-se sob influência do fluxo de leste da circulação marítima, com estabilidade característica sob o domínio da massa de ar Tropical Atlântica predominante no setor.;Verão;;;;;;;;;;;;;;;;
2025-12-31 00:00:00;Litoral;mTa;A regiao delimitada esta sob influencia direta do fluxo zonal de leste, caracteristico da circulacao maritima associada a mTa, mantendo condicoes de estabilidade e umidade.;Verão;;;;;;;;;;;;;;;;
2025-12-31 00:00:00;Centro;mTa;A região central encontra-se sob influência de escoamento vindo do Atlântico associado à ASAS, caracterizando o domínio da massa tropical atlântica, quente e úmida.;Verão;;;;;;;;;;;;;;;;
2025-12-31 00:00:00;Sul;mTa;A região sob análise encontra-se sob domínio do escoamento de leste/nordeste associado à circulação periférica oceânica, caracterizando a predominância da massa Tropical Atlântica.;#N/D;;;;;;;;;;;;;;;;
