DATA CARTA;REGIÃO;MASSA DE AR;DESCRIÇÃO;;;;;;;;;;;;;;;;;
2024-01-01 00:00:00;Norte;mEc;A região destacada está sob influência da massa Equatorial Continental, caracterizada pela presença de umidade e calor sobre a bacia amazônica, sem influência de fluxos oceânicos o;Verão;;;;;;;;;;;;;;;;
2024-01-01 00:00:00;Nordeste;mTa;Regiao sob predominio de fluxo de borda da ASAS, apresentando caracteristicas tipicas de massa tropical maritima quente e umida sobre o setor leste e interior nordestino.;Verão;;;;;;;;;;;;;;;;
2024-01-01 00:00:00;Litoral;mTa;A regiao sob o retangulo esta sob a influencia do fluxo instavel da massa tropical atlantica, caracterizada pelo gradiente de pressao tipico da circulacao maritima nesta faixa cost;Verão;;;;;;;;;;;;;;;;
2024-01-01 00:00:00;Centro;mTa;Região sob influência da circulação do quadrante oceânico, caracterizada por transporte de umidade e nebulosidade vinda do Atlântico, predominando as características da mTa.;Verão;;;;;;;;;;;;;;;;
2024-01-01 00:00:00;Sul;mPa;Região sob influência de advecção fria e umida, localizada no setor pós-frontal do sistema analisado, caracterizando o ingresso da Massa Polar Atlântica.;Verão;;;;;;;;;;;;;;;;
2024-01-02 00:00:00;Norte;mEc;A região delimitada abrange a bacia amazônica e áreas continentais adjacentes, estando sob o domínio de massa de ar quente e úmida de origem continental, característica da mEc.;Verão;;;;;;;;;;;;;;;;
2024-01-02 00:00:00;Nordeste;mTa;A região encontra-se sob influência do fluxo de leste/sudeste proveniente do Atlântico Tropical, caracterizando o domínio da massa Tropical Atlântica com elevados teores de umidade;Verão;;;;;;;;;;;;;;;;
2024-01-02 00:00:00;Litoral;mTa;O litoral delimitado encontra-se sob o fluxo do quadrante leste/sudeste associado ao escoamento da alta pressão subtropical, caracterizando o domínio da massa Tropical Atlântica.;Verão;;;;;;;;;;;;;;;;
2024-01-02 00:00:00;Centro;mTa;A região encontra-se submetida ao fluxo de norte/nordeste do escoamento periférico da ASAS, que transporta ar tropical marítimo quente e úmido para o interior do Brasil central.;Verão;;;;;;;;;;;;;;;;
2024-01-02 00:00:00;Sul;mTa;A região encontra-se sob domínio do escoamento marítimo de leste/nordeste, característico da circulação da alta subtropical, estabelecendo condições quentes e úmidas (mTa).;Verão;;;;;;;;;;;;;;;;
2024-01-03 00:00:00;Norte;mEc;Dominio sobre a regiao Amazonica com caracteristicas de alta instabilidade, elevadas temperaturas e umidade, condizentes com a origem continental equatorial.;Verão;;;;;;;;;;;;;;;;
2024-01-03 00:00:00;Nordeste;mTa;A região encontra-se sob influência direta do escoamento marítimo de leste/sudeste associado ao transporte de umidade da circulação tropical do Atlântico.;Verão;;;;;;;;;;;;;;;;
2024-01-03 00:00:00;Litoral;mTa;Regiao sob influencia do escoamento marítimo de leste/sudeste, com transporte de umidade e características de estabilidade térmica típicas da massa tropical atlântica.;Verão;;;;;;;;;;;;;;;;
2024-01-03 00:00:00;Centro;mEc;Regiao interior do continente sob influencia da inercia termica e umidade amazonica, apresentando caracteristicas tipicas de persistencia da massa equatorial continental.;Verão;;;;;;;;;;;;;;;;
2024-01-03 00:00:00;Sul;mTa;A região delimitada encontra-se sob influência de um gradiente de pressão típico de circulação marítima, com características térmicas e de umidade condizentes com a mTa.;Verão;;;;;;;;;;;;;;;;
2024-01-04 00:00:00;Norte;mEc;A área demarcada encontra-se sobre a região Amazônica, caracterizada por altas temperaturas e elevada umidade, sob domínio da Massa Equatorial Continental.;Verão;;;;;;;;;;;;;;;;
2024-01-04 00:00:00;Nordeste;mEa;A região delimitada sob influência da circulação marítima, apresentando características de elevada umidade e calor, típicas da Massa Equatorial Atlântica em atuação no litoral nord;Verão;;;;;;;;;;;;;;;;
2024-01-04 00:00:00;Litoral;mTa;A regiao delimitada esta sob influencia direta do escoamento maritimo da alta pressao do Atlantico Sul, caracterizando a presenca predominante da massa Tropical Atlantica.;Verão;;;;;;;;;;;;;;;;
2024-01-04 00:00:00;Centro;mTa;A área apresenta fluxo predominante marítimo de leste/nordeste que transporta umidade do Atlântico, configurando a presença da massa Tropical Atlântica sobre a região.;Verão;;;;;;;;;;;;;;;;
2024-01-04 00:00:00;Sul;mTa;Região sob influência da circulação anticiclônica do Atlântico, apresentando características tropicais úmidas e temperaturas elevadas típicas do domínio da mTa.;Verão;;;;;;;;;;;;;;;;
2024-01-05 00:00:00;Norte;mEc;Regiao central e norte da Amazonia sob influencia da massa de ar quente e umida de origem continental, caracterizando a mEc sem interferencia de sistemas frontais extratropicais.;Verão;;;;;;;;;;;;;;;;
2024-01-05 00:00:00;Nordeste;mTa;Predomínio de fluxo marítimo e umidade oceânica sob influência direta da circulação do Atlântico sobre a região Nordeste, caracterizando a atuação da massa Tropical Atlântica.;Verão;;;;;;;;;;;;;;;;
2024-01-05 00:00:00;Litoral;mTa;A região delimitada está sob forte influência do escoamento marítimo de leste/nordeste associado à circulação anticiclônica oceânica, caracterizando o predomínio da massa Tropical ;Verão;;;;;;;;;;;;;;;;
2024-01-05 00:00:00;Centro;mTa;A região delimitada está sob forte influência do fluxo marítimo do Atlântico Sul, caracterizando o predomínio de características da Massa Tropical Atlântica.;Verão;;;;;;;;;;;;;;;;
2024-01-05 00:00:00;Sul;mTa;A região sob o retângulo vermelho encontra-se sob influência da circulação anticiclônica marítima, caracterizando o domínio da massa tropical atlântica quente e úmida.;Verão;;;;;;;;;;;;;;;;
2024-01-06 00:00:00;Norte;mEc;Regiao central e norte contida no retangulo sob dominio de caracteristicas termodinamicamente quentes e umidas, tipicas da massa equatorial continental (Amazonia).;Verão;;;;;;;;;;;;;;;;
2024-01-06 00:00:00;Nordeste;mTa;Regiao sob influencia do fluxo marítimo do Atlantico Sul. A massa Tropical Atlantica predomina no setor, transportando umidade e mantendo estabilidade térmica sobre o Nordeste.;Verão;;;;;;;;;;;;;;;;
2024-01-06 00:00:00;Litoral;mTa;A área delimitada encontra-se sob influência predominante do escoamento de leste do Atlântico Sul, caracterizando a atuação da massa de ar Tropical Atlântica (mTa).;Verão;;;;;;;;;;;;;;;;
2024-01-06 00:00:00;Centro;mTa;A região encontra-se sob influência da circulação anticiclônica marítima, com transporte de umidade e calor sobre o continente, caracterizando o domínio da massa Tropical Atlântica;Verão;;;;;;;;;;;;;;;;
2024-01-06 00:00:00;Sul;mTa;A região delimitada encontra-se sob influência do escoamento marítimo oriundo do oceano, caracterizando o predomínio da massa de ar Tropical Atlântica (mTa).;Verão;;;;;;;;;;;;;;;;
2024-01-07 00:00:00;Norte;mEc;A região demarcada encontra-se sobre a bacia amazônica, caracterizada pela predominância de ar quente e úmido de origem continental, sem influência de sistemas frontais.;Verão;;;;;;;;;;;;;;;;
2024-01-07 00:00:00;Nordeste;mTa;Região sob influência direta do fluxo de leste da alta subtropical, caracterizada por transporte de umidade e calor característico da Massa Tropical Atlântica.;Verão;;;;;;;;;;;;;;;;
2024-01-07 00:00:00;Litoral;mTa;A região delimitada encontra-se sob domínio da circulação marítima quente e úmida característica da massa Tropical Atlântica, típica do litoral do Nordeste brasileiro.;Verão;;;;;;;;;;;;;;;;
2024-01-07 00:00:00;Centro;mTa;Regiao sob predominio de fluxo de circulação maritima, caracterizando a influencia direta da Massa Tropical Atlantica sobre o setor central do continente.;Verão;;;;;;;;;;;;;;;;
2024-01-07 00:00:00;Sul;mTa;A região demarcada apresenta domínio de um campo de alta pressão do Atlântico, caracterizando a influência da Massa Tropical Atlântica (mTa), quente e úmida, sobre o setor.;Verão;;;;;;;;;;;;;;;;
2024-01-08 00:00:00;Norte;mEc;Região localizada sobre a bacia amazônica, caracterizada por altas temperaturas e elevada umidade, sob domínio da massa de ar Equatorial Continental.;Verão;;;;;;;;;;;;;;;;
2024-01-08 00:00:00;Nordeste;mTa;Região sob influência direta da circulação marítima do Atlântico Sul, caracterizada por temperaturas e umidade típicas da massa Tropical Atlântica que domina o setor leste/nordeste;Verão;;;;;;;;;;;;;;;;
2024-01-08 00:00:00;Litoral;mTa;A regiao delimitada esta sob influencia da circulacao periferica da alta pressao do Atlantico, caracterizando predominio da massa Tropical Atlantica, quente e umida.;Verão;;;;;;;;;;;;;;;;
2024-01-08 00:00:00;Centro;mTa;A região encontra-se sob influência da circulação da ASAS, caracterizando a predominância de ar quente e úmido de origem marítima, típica da massa tropical atlântica.;Verão;;;;;;;;;;;;;;;;
2024-01-08 00:00:00;Sul;mTa;A região destacada está sob a influência do fluxo marítimo da alta pressão do Atlântico, caracterizando a predominância da Massa Tropical Atlântica com ventos quentes e úmidos.;Verão;;;;;;;;;;;;;;;;
2024-01-09 00:00:00;Norte;mEc;A regiao delimitada sobre a Amazonia apresenta caracteristicas termodinamicas de elevada umidade e calor, sem influencia de sistemas frontais, sendo dominada pela mEc.;Verão;;;;;;;;;;;;;;;;
2024-01-09 00:00:00;Nordeste;mTa;A região delimitada encontra-se sob influência predominante do fluxo de leste marítimo, caracterizando a atuação da massa Tropical Atlântica com transporte de umidade e ar quente.;Verão;;;;;;;;;;;;;;;;
2024-01-09 00:00:00;Litoral;mTa;Regiao sob influencia do escoamento marítimo persistente associado ao gradiente de alta pressao do Atlantico Sul, caracterizando a atuacao da Massa Tropical Atlantica (mTa).;Verão;;;;;;;;;;;;;;;;
2024-01-09 00:00:00;Centro;mTa;Região sob influência da circulação da alta pressão do Atlântico, caracterizando-se por fluxo quente e úmido predominante de origem tropical marítima sobre o setor central do Brasi;Verão;;;;;;;;;;;;;;;;
2024-01-09 00:00:00;Sul;mTa;A região delimitada está sob o domínio do escoamento marítimo de leste/nordeste associado à ASAS, configurando a presença da massa de ar quente e úmida (mTa) sobre o setor.;Verão;;;;;;;;;;;;;;;;
2024-01-10 00:00:00;Norte;mEc;Regiao sobre a bacia Amazonica apresentando caracteristicas tipicas de origem continental, com alta umidade e temperaturas elevadas, configurando o dominio da mEc.;Verão;;;;;;;;;;;;;;;;
2024-01-10 00:00:00;Nordeste;mTa;A região sob análise é dominada por um padrão de alta pressão oceânica, caracterizando a influência da Massa Tropical Atlântica, responsável pelas condições térmicas e de umidade l;Verão;;;;;;;;;;;;;;;;
2024-01-10 00:00:00;Litoral;mTa;O setor delimitado encontra-se sob domínio do escoamento marítimo de leste/sudeste, transportando ar quente e úmido característico da Massa Tropical Atlântica pelo costa.;Verão;;;;;;;;;;;;;;;;
2024-01-10 00:00:00;Centro;mEc;A região apresenta características de umidade elevada e temperaturas típicas de domínios continentais tropicais, com influência direta da massa de ar Equatorial continental.;Verão;;;;;;;;;;;;;;;;
2024-01-10 00:00:00;Sul;mTa;A região delimitada está sob influência do fluxo equatorial/tropical marítimo estabilizado, característico da massa Tropical Atlântica, mantendo condições térmicas elevadas.;Verão;;;;;;;;;;;;;;;;
2024-01-11 00:00:00;Norte;mEc;A região delimitada abrange a bacia amazônica, onde predomina a Massa Equatorial Continental, caracterizada por ar quente e úmido com origem na floresta tropical.;Verão;;;;;;;;;;;;;;;;
2024-01-11 00:00:00;Nordeste;mTa;A região do Nordeste delimitada encontra-se sob influência predominante do fluxo de leste a sudeste, transportando umidade e ar quente característicos da Massa Tropical Atlântica.;Verão;;;;;;;;;;;;;;;;
2024-01-11 00:00:00;Litoral;mTa;Regiao sob predominio de escoamento vindo do oceano, caracterizando a influencia da Massa Tropical Atlantica, com fluxo de leste-nordeste no litoral do Sudeste/Nordeste.;Verão;;;;;;;;;;;;;;;;
2024-01-11 00:00:00;Centro;mTc;Região do interior do continente apresentando características de ar quente e seco, típica da atuação da Massa Tropical Continental sobre o Centro-Oeste brasileiro.;Verão;;;;;;;;;;;;;;;;
2024-01-11 00:00:00;Sul;mTa;A região delimitada encontra-se sob influência do fluxo de ar quente e úmido transportado do Atlântico, configurando a predominância da Massa Tropical Atlântica.;Verão;;;;;;;;;;;;;;;;
2024-01-12 00:00:00;Norte;mEc;A região delimitada abrange a bacia amazônica, onde predomina uma massa de ar quente e úmida de origem continental, característica da mEc, sem influência de sistemas frontais.;Verão;;;;;;;;;;;;;;;;
2024-01-12 00:00:00;Nordeste;mTa;Região sob influência direta do fluxo de leste da alta pressão subtropical do Atlântico Sul, caracterizando a predominância da Massa Tropical Atlântica (mTa) no setor.;Verão;;;;;;;;;;;;;;;;
2024-01-12 00:00:00;Litoral;mTa;Região sob influência direta da circulação marítima quente e úmida proveniente do Atlântico, configurando o domínio da Massa Tropical Atlântica no litoral leste.;Verão;;;;;;;;;;;;;;;;
2024-01-12 00:00:00;Centro;mTa;Região sob influência direta da circulação marítima da Alta do Atlântico Sul, caracterizando a presença da massa de ar Tropical Atlântica com transporte de umidade para o interior.;Verão;;;;;;;;;;;;;;;;
2024-01-12 00:00:00;Sul;mTa;A região delimitada encontra-se sob domínio do escoamento marítimo associado à alta pressão subtropical, caracterizando o transporte de ar quente e úmido de origem oceânica.;Verão;;;;;;;;;;;;;;;;
2024-01-13 00:00:00;Norte;mEc;Regiao centralizada sobre a Amazonia apresentando caracteristicas tipicas de temperaturas elevadas e alta umidade, predominando a circulacao da Massa Equatorial Continental.;Verão;;;;;;;;;;;;;;;;
2024-01-13 00:00:00;Nordeste;mEa;Região situada no litoral do Nordeste brasileiro sob influência direta do fluxo marítimo tropical, caracterizado pela umidade e temperaturas elevadas da Massa Equatorial Atlântica.;Verão;;;;;;;;;;;;;;;;
2024-01-13 00:00:00;Litoral;mTa;Predominância da Massa Tropical Atlântica, caracterizada pelo fluxo de ar marítimo quente e úmido no litoral, sob influência do campo de alta pressão do Atlântico Sul.;Verão;;;;;;;;;;;;;;;;
2024-01-13 00:00:00;Centro;mTa;Regiao sob influencia do escoamento do Atlantico Sul. As observacoes de superficie indicam estabilidade e umidade tipicas do dominio da massa tropical atlantica na area.;Verão;;;;;;;;;;;;;;;;
2024-01-13 00:00:00;Sul;mPa;A região apresenta características de massa de ar frio e instável, sendo a mPa o sistema predominante após o avanço do sistema frontal identificado no setor sul da carta.;Verão;;;;;;;;;;;;;;;;
2024-01-14 00:00:00;Norte;mEc;Região localizada sobre a bacia amazônica e parte do Brasil Central, caracterizada por altas temperaturas e elevada umidade, típicas da massa Equatorial Continental neste período.;Verão;;;;;;;;;;;;;;;;
2024-01-14 00:00:00;Nordeste;mTa;A região encontra-se sob influência predominante do fluxo de leste-sudeste proveniente do oceano, característico da massa tropical atlântica que atua sobre o setor.;Verão;;;;;;;;;;;;;;;;
2024-01-14 00:00:00;Litoral;mTa;A área delimitada encontra-se sob o fluxo do quadrante leste/sudeste, característico da circulação periférica da massa de ar Tropical Atlântica, mantendo o tempo quente e úmido.;Verão;;;;;;;;;;;;;;;;
2024-01-14 00:00:00;Centro;mTa;A região encontra-se sob influência de um fluxo quente e úmido de leste/nordeste, característico da massa tropical atlântica, garantindo condições de alta umidade no setor.;Verão;;;;;;;;;;;;;;;;
2024-01-14 00:00:00;Sul;mPa;Na regiao delimitada, observa-se o avancao de uma massa de ar pós-frontal, com caimento de valores de temperatura e ponto de orvalho, caracterizando o dominio da mPa.;Verão;;;;;;;;;;;;;;;;
2024-01-15 00:00:00;Norte;mEc;Região sob influência da Massa Equatorial Continental, caracterizada por ar quente e úmido, predominante sobre a bacia amazônica na ausência de incursões de sistemas polares.;Verão;;;;;;;;;;;;;;;;
2024-01-15 00:00:00;Nordeste;mTa;Predominância da massa Tropical Atlântica, caracterizada pelo fluxo marítimo de leste sobre a região Nordeste, mantendo condições quentes e úmidas sob forte influência oceânica.;Verão;;;;;;;;;;;;;;;;
2024-01-15 00:00:00;Litoral;mTa;Região sob influência direta do escoamento marítimo de leste, caracterizando a atuação da massa Tropical Atlântica com transporte de umidade e temperaturas elevadas.;Verão;;;;;;;;;;;;;;;;
2024-01-15 00:00:00;Centro;mTc;A região do Centro-Oeste brasileiro apresenta características térmicas elevadas e umidade moderada, sob influência da circulação da massa tropical continental sobre o interior.;Verão;;;;;;;;;;;;;;;;
2024-01-15 00:00:00;Sul;mPa;A regiao delimitada esta sob a influencia direta do avanco de uma massa de ar frio e umidade que sucede a passagem de sistema frontal, evidenciada pelos gradientes de pressao pos-f;Verão;;;;;;;;;;;;;;;;
2024-01-16 00:00:00;Norte;mEc;Região central da bacia amazônica sob influência direta da massa de ar quente e úmida de origem continental, caracterizada por estabilidade térmica e alta umidade atmosférica.;Verão;;;;;;;;;;;;;;;;
2024-01-16 00:00:00;Nordeste;mTa;Região sob influência direta do fluxo de leste/sudeste associado ao transporte de umidade do oceano, caracterizando o domínio da massa tropical atlântica no setor.;Verão;;;;;;;;;;;;;;;;
2024-01-16 00:00:00;Litoral;mTa;A regiao delimitada esta sob influencia da circulacao de um sistema de alta pressao no Atlantico Sul, caracterizando a predominancia da massa Tropical Atlantica com escoamento mari;Verão;;;;;;;;;;;;;;;;
2024-01-16 00:00:00;Centro;mTa;Regiao sob fluxo predominante de leste/nordeste vindo do Atlantico, caracterizando a atuacao da massa de ar tropical, quente e umida, sobre o Brasil Central.;Verão;;;;;;;;;;;;;;;;
2024-01-16 00:00:00;Sul;mTa;A região encontra-se sob influência da circulação marítima do Atlântico Sul, caracterizando a predominância da massa Tropical Atlântica com características quentes e úmidas.;Verão;;;;;;;;;;;;;;;;
2024-01-17 00:00:00;Norte;mEc;Regiao central da Amazonia sob influencia de ar quente e umido, caracteristico da massa equatorial continental, sem interferencia de sistemas frontais no setor.;Verão;;;;;;;;;;;;;;;;
2024-01-17 00:00:00;Nordeste;mTa;Regiao sob predominio de fluxo de circulacao maritima do Atlantico Sul, caracterizando a atuacao da massa Tropical Atlantica sobre o nordeste brasileiro.;Verão;;;;;;;;;;;;;;;;
2024-01-17 00:00:00;Litoral;mTa;Regiao sob influencia do escoamento do Atlantico Sul, caracterizado por ar quente e umido associado a circulacao anticiclonica subtropical predominante no litoral do Nordeste.;Verão;;;;;;;;;;;;;;;;
2024-01-17 00:00:00;Centro;mTa;Região sob influência direta do fluxo de leste/nordeste proveniente do Atlântico Sul, caracterizando a predominância de ar quente e úmido típico da Massa Tropical Atlântica.;Verão;;;;;;;;;;;;;;;;
2024-01-17 00:00:00;Sul;mPa;A região delimitada encontra-se na retaguarda de um sistema frontal, caracterizada pela entrada de ar mais frio e denso, típico do avanço da massa de ar polar atlântica.;Verão;;;;;;;;;;;;;;;;
2024-01-18 00:00:00;Norte;mEc;A região delimitada abrange a bacia amazônica, onde predomina a Massa Equatorial Continental, caracterizada pelo ar quente e úmido, típica das condições equatoriais sem influência ;Verão;;;;;;;;;;;;;;;;
2024-01-18 00:00:00;Nordeste;mTa;Na regiao delimitada, predomina o escoamento de leste vindo do Atlantico, caracterizando a atuacao da massa de ar Tropical Atlantica, com elevada umidade e temperaturas elevadas.;Verão;;;;;;;;;;;;;;;;
2024-01-18 00:00:00;Litoral;mTa;A região delimitada encontra-se sob influência da circulação do escoamento marítimo quente e úmido vindo do Atlântico, característica da massa tropical atlântica.;Verão;;;;;;;;;;;;;;;;
2024-01-18 00:00:00;Centro;mTa;A região central encontra-se sob domínio do fluxo de umidade do quadrante leste/nordeste, característico da atuação da Massa Tropical Atlântica que predomina no setor.;Verão;;;;;;;;;;;;;;;;
2024-01-18 00:00:00;Sul;mTa;A região delimitada encontra-se sob a influência do fluxo de circulação marítima da alta pressão, caracterizando o domínio da massa Tropical Atlântica com ar quente e úmido.;Verão;;;;;;;;;;;;;;;;
2024-01-19 00:00:00;Norte;mEc;Regionalmente delimitada sobre a bacia amazônica, a área é influenciada predominantemente pela mEc, caracterizada por elevados índices de umidade e temperaturas tropicais típicas.;Verão;;;;;;;;;;;;;;;;
2024-01-19 00:00:00;Nordeste;mTa;Regiao sob clara influencia do escoamento de leste/sudeste associado ao transporte de umidade constante do oceano, caracterizando o dominio da Massa Tropical Atlantica.;Verão;;;;;;;;;;;;;;;;
2024-01-19 00:00:00;Litoral;mEa;Regiao sob influencia da Massa Equatorial Atlantica, caracterizada por transporte de umidade e calor oceânico sobre o setor leste da região Nordeste brasileira.;Verão;;;;;;;;;;;;;;;;
2024-01-19 00:00:00;Centro;mEc;A região central encontra-se sob domínio de uma massa de ar quente e úmida de origem continental, característica da permanência e expansão da mEc sobre o interior do Brasil.;Verão;;;;;;;;;;;;;;;;
2024-01-19 00:00:00;Sul;mTa;A região apresenta características de temperaturas elevadas e umidade associada ao fluxo marítimo predominante do quadrante norte/nordeste, sob influência da circulação da ASAS.;Verão;;;;;;;;;;;;;;;;
2024-01-20 00:00:00;Norte;mEc;Região localizada sobre a bacia amazônica, caracterizada por altas temperaturas e elevada umidade, evidenciando o domínio da massa equatorial continental.;Verão;;;;;;;;;;;;;;;;
2024-01-20 00:00:00;Nordeste;mTa;A região encontra-se sob influência da circulação da ASAS, apresentando características de massa tropical marítima, quente e úmida, predominante no setor leste-nordeste.;Verão;;;;;;;;;;;;;;;;
2024-01-20 00:00:00;Litoral;mEa;A região delimitada no litoral nordeste encontra-se sob influência da Massa Equatorial Atlântica, caracterizada pelo fluxo de ar quente e úmido predominante nesta parte da costa.;Verão;;;;;;;;;;;;;;;;
2024-01-20 00:00:00;Centro;mTa;A região encontra-se sob influência do fluxo de umidade do oceano e termodinâmica típica de baixas latitudes, caracterizando a predominância da massa Tropical Atlântica.;Verão;;;;;;;;;;;;;;;;
2024-01-20 00:00:00;Sul;mTa;A região encontra-se sob influência da circulação da ASAS, apresentando características de temperatura e umidade típicas do fluxo marítimo tropical sobre o setor continental.;Verão;;;;;;;;;;;;;;;;
2024-01-21 00:00:00;Norte;mEc;A regiao delimitada posiciona-se sobre a bacia Amazonica, onde as condicoes termicas e de umidade sao regidas pela massa de ar quente e umida caracteristica da regiao equatorial co;Verão;;;;;;;;;;;;;;;;
2024-01-21 00:00:00;Nordeste;mTa;Predominio da massa Tropical Atlantica na regiao setentrional/nordeste, caracterizada por transporte de umidade do oceano para o continente sob regime de brisas e estabilidade regi;Verão;;;;;;;;;;;;;;;;
2024-01-21 00:00:00;Litoral;mTa;Região sob influência direta do fluxo marítimo do Atlântico Sul, caracterizada por alta pressão e transporte de umidade em direção à costa, configurando o domínio da mTa.;Verão;;;;;;;;;;;;;;;;
2024-01-21 00:00:00;Centro;mEc;A região central encontra-se sob domínio da Massa Equatorial Continental, caracterizada por altos índices de umidade e calor, típicos da circulação amazônica que se expande sazonal;Verão;;;;;;;;;;;;;;;;
2024-01-21 00:00:00;Sul;mTa;Regiao sob influencia da circulacao de alta pressao do Atlantico Sul, apresentando caracteristicas quentes e umidas tipicas da massa tropical maritima dominante no setor.;Verão;;;;;;;;;;;;;;;;
2024-01-22 00:00:00;Norte;mEc;A regiao delimitada esta sob influencia direta do nucleo continental, caracterizada por alta umidade e temperaturas elevadas tipicas da massa de ar Equatorial Continental.;Verão;;;;;;;;;;;;;;;;
2024-01-22 00:00:00;Nordeste;mTa;Região sob influência direta do fluxo zonal marítimo de leste do Atlântico Tropical, característico da atuação da massa de ar Tropical Atlântica em todo o setor leste nordestino.;Verão;;;;;;;;;;;;;;;;
2024-01-22 00:00:00;Litoral;mTa;Região sob influência direta da circulação periférica da Alta Subtropical do Atlântico Sul, caracterizando o domínio de uma massa de ar quente e úmida sobre o litoral.;Verão;;;;;;;;;;;;;;;;
2024-01-22 00:00:00;Centro;mTa;Regiao sob predominio de fluxo de norte/nordeste de origem maritima, caracterizando o transporte de umidade e calor da mTa sobre o interior do Brasil central.;Verão;;;;;;;;;;;;;;;;
2024-01-22 00:00:00;Sul;mPa;A região delimitada encontra-se no quadrante posterior ao sistema frontal, apresentando queda nas temperaturas e advecção fria, caracterizando a atuação da massa polar atlântica.;Verão;;;;;;;;;;;;;;;;
2024-01-23 00:00:00;Norte;mEc;Região central e norte da América do Sul sob domínio de altas temperaturas e umidade elevada, características da massa equatorial continental (mEc) que atua sobre a Amazônia.;Verão;;;;;;;;;;;;;;;;
2024-01-23 00:00:00;Nordeste;mTa;A região apresenta predominância de fluxo marítimo com características quentes e úmidas, sob influência direta do escoamento da alta pressão subtropical do Atlântico Sul.;Verão;;;;;;;;;;;;;;;;
2024-01-23 00:00:00;Litoral;mTa;A área delimitada encontra-se sob influência do escoamento marítimo persistente associado à circulação de alta pressão no oceano, caracterizando o domínio da massa Tropical Atlânti;Verão;;;;;;;;;;;;;;;;
2024-01-23 00:00:00;Centro;mTa;A região encontra-se sob influência do fluxo da circulação marítima da ASAS, caracterizando o domínio da massa tropical atlântica, com umidade e temperaturas elevadas.;Verão;;;;;;;;;;;;;;;;
2024-01-23 00:00:00;Sul;mPa;A região delimitada localiza-se na retaguarda de um sistema frontal, caracterizada por temperaturas mais amenas e regime de circulação pós-frontal típico de influência da mPa.;Verão;;;;;;;;;;;;;;;;
2024-01-24 00:00:00;Norte;mEc;Região sob influência direta da massa equatorial continental, caracterizada por baixas latitudes, elevada umidade e instabilidade térmica típica da bacia amazônica.;Verão;;;;;;;;;;;;;;;;
2024-01-24 00:00:00;Nordeste;mTa;A região delimitada está sob a influência do fluxo de leste/sudeste proveniente do Atlântico Sul, caracterizando o predomínio da Massa Tropical Atlântica com características quente;Verão;;;;;;;;;;;;;;;;
2024-01-24 00:00:00;Litoral;mTa;Predominância da Massa Tropical Atlântica, caracterizada pelo fluxo quente e úmido de leste/sudeste, mantendo condições típicas de estabilidade e umidade no litoral do Nordeste.;Verão;;;;;;;;;;;;;;;;
2024-01-24 00:00:00;Centro;mTa;A regiao delimitada esta sob influencia direta do fluxo marítimo proveniente da ASAS, apresentando caracteristicas tipicas de uma massa de ar quente e umida predominante.;Verão;;;;;;;;;;;;;;;;
2024-01-24 00:00:00;Sul;mTa;A região encontra-se sob influência do escoamento marítimo de leste/sudeste associado ao transporte de umidade do oceano, caracterizando o domínio da massa tropical atlântica.;Verão;;;;;;;;;;;;;;;;
2024-01-25 00:00:00;Norte;mEc;Região centrada sobre a bacia amazônica, caracterizada por altas temperaturas e elevados teores de umidade, predominando a massa de ar Equatorial Continental.;Verão;;;;;;;;;;;;;;;;
2024-01-25 00:00:00;Nordeste;mTa;Predominancia da mTa sobre o Nordeste, caracterizada pelo fluxo maritimo quente e umido vindo do Oceano Atlantico sob influencia da circulacao zonal predominante na regiao.;Verão;;;;;;;;;;;;;;;;
2024-01-25 00:00:00;Litoral;mTa;A regiao delimitada encontra-se sob a influencia direta do escoamento maritimo da alta pressao do Atlantico, caracterizando a predominancia da Massa Tropical Atlantica (mTa) no lit;Verão;;;;;;;;;;;;;;;;
2024-01-25 00:00:00;Centro;mTa;A região encontra-se sob influência da circulação marítima clássica associada ao escoamento de leste/nordeste que transporta ar quente e úmido do oceano para o continente.;Verão;;;;;;;;;;;;;;;;
2024-01-25 00:00:00;Sul;mPa;A região apresenta características de subsidência e temperaturas mais amenas típicas do pós-frontal, indicando a influência da massa de ar polar que avança pelo setor.;Verão;;;;;;;;;;;;;;;;
2024-01-26 00:00:00;Norte;mEc;A região delimitada abrange a bacia amazônica e adjacências, sob domínio de ar quente e úmido tipicamente equatorial, sem influência de sistemas frontais ou massas de outras origen;Verão;;;;;;;;;;;;;;;;
2024-01-26 00:00:00;Nordeste;mTa;Predominância da massa Tropical Atlântica, caracterizada pelo fluxo de ar quente e úmido vindo do oceano, influenciando o setor leste da região Nordeste brasileira.;Verão;;;;;;;;;;;;;;;;
2024-01-26 00:00:00;Litoral;mEa;A região delimitada no litoral norte/nordeste encontra-se sob influência da massa Equatorial Atlântica, caracterizada pelo transporte de umidade e calor sobre a costa setentrional.;Verão;;;;;;;;;;;;;;;;
2024-01-26 00:00:00;Centro;mPa;A região selecionada encontra-se sob efeito do avanço de uma massa polar após a passagem de uma frente fria, caracterizada pela subsidência e gradientes de pressão pós-frontal.;Verão;;;;;;;;;;;;;;;;
2024-01-26 00:00:00;Sul;mPa;A região delimitada apresenta o avanço de uma massa de ar frio e seco após a passagem de sistema frontal, caracterizando a atuação da mPa sobre o setor.;Verão;;;;;;;;;;;;;;;;
2024-01-27 00:00:00;Norte;mEc;Regiao central e norte da Amazonia sob influencia da mEc, caracterizada pelos altos indices de umidade e calor, sem a presenca de sistemas frontais ou resfriamento advectivo.;Verão;;;;;;;;;;;;;;;;
2024-01-27 00:00:00;Nordeste;mTa;Predominancia de escoamento vindo do oceano, caracterizado pela circulacao maritima que transporta caracteristicas de uma massa de ar quente e umida para o interior da regiao.;Verão;;;;;;;;;;;;;;;;
2024-01-27 00:00:00;Litoral;mTa;Predominio da massa tropical atlantica na regiao costeira, caracterizada pelo transporte de umidade e calor sob regime de circulacao maritima prevalecente na area em questao.;Verão;;;;;;;;;;;;;;;;
2024-01-27 00:00:00;Centro;mTa;A região encontra-se sob influência da circulação marítima que transporta umidade do Atlântico para o interior, configurando o domínio da Massa Tropical Atlântica.;Verão;;;;;;;;;;;;;;;;
2024-01-27 00:00:00;Sul;mPa;A região delimitada apresenta características de ar frio e seco, com declínio térmico e ventos de quadrante sul, indicando a atuação da mPa posicionada na retaguarda da frente fria;Verão;;;;;;;;;;;;;;;;
2024-01-28 00:00:00;Norte;mEc;A região delimitada compreende a bacia Amazônica, onde predomina a Massa Equatorial Continental, caracterizada por ser quente e úmida, típica da região sob condições sazonais de ve;Verão;;;;;;;;;;;;;;;;
2024-01-28 00:00:00;Nordeste;mTa;Predomínio da mTa na região, caracterizada pela circulação marítima quente e úmida sob influência da alta pressão subtropical do Atlântico Sudeste.;Verão;;;;;;;;;;;;;;;;
2024-01-28 00:00:00;Litoral;mTa;Regiao sob influencia do fluxo marítimo quente e umido associado ao dominio oceânico, caracterizando a predominancia da Massa Tropical Atlantica no litoral leste brasileiro.;Verão;;;;;;;;;;;;;;;;
2024-01-28 00:00:00;Centro;mPa;Região sob influência de incursão de massa de ar frio e seco (mPa), caracterizada pelo gradiente de pressão e posição do sistema frontal em deslocamento sobre a porção central do B;Verão;;;;;;;;;;;;;;;;
2024-01-28 00:00:00;Sul;mPa;A região delimitada encontra-se sob influência de um gradiente de pressão pós-frontal, com advecção de ar frio e seco, caracterizando o avanço da Massa Polar Atlântica.;Verão;;;;;;;;;;;;;;;;
2024-01-29 00:00:00;Norte;mEc;A região delimitada abrange a bacia amazônica e áreas adjacentes, onde a massa de ar quente e úmida de origem continental predomina, mantendo características de elevada umidade e c;Verão;;;;;;;;;;;;;;;;
2024-01-29 00:00:00;Nordeste;mTa;Regiao sob fluxo predominante de leste/sudeste associado a circulacao maritima, caracterizando a influencia de ar quente e umido de origem tropical oceanica sobre o Nordeste.;Verão;;;;;;;;;;;;;;;;
2024-01-29 00:00:00;Litoral;mTa;Predominancia de escoamento maritimo quente e umido sob a influencia do Anticiclone Subtropical do Atlantico Sul, caracterizando a atuacao da massa Tropical Atlantica no setor.;Verão;;;;;;;;;;;;;;;;
2024-01-29 00:00:00;Centro;mTa;Região sob influência da circulação anticiclônica do Atlântico Sul. O padrão de escoamento e os dados sinóticos corroboram a presença da massa tropical marítima no setor central.;Verão;;;;;;;;;;;;;;;;
2024-01-29 00:00:00;Sul;mPa;A região delimitada encontra-se sob influência de um sistema frontal com fluxo de sul, caracterizando o avanço e predominância da massa de ar polar (mPa) sobre o setor.;Verão;;;;;;;;;;;;;;;;
2024-01-30 00:00:00;Norte;mEc;Predominio da massa Equatorial Continental sobre a regiao Amazonica, caracterizada pelo ar quente e umido, sem influencia de sistemas frontais ou massas de ar polares nesta area.;Verão;;;;;;;;;;;;;;;;
2024-01-30 00:00:00;Nordeste;mTa;Predominio da mTa no setor, caracterizada pelo fluxo de leste/sudeste associado ao transporte de umidade e estabilidade termodinamica nas baixas latitudes do Nordeste.;Verão;;;;;;;;;;;;;;;;
2024-01-30 00:00:00;Litoral;mTa;Região do litoral sob regime de circulação marítima da Alta do Atlântico Sul, caracterizando o predomínio de massa quente e úmida (mTa) no setor leste.;Verão;;;;;;;;;;;;;;;;
2024-01-30 00:00:00;Centro;mTa;Regiao sob influencia do escoamento oceanico de leste, caracterizando a circulacao da alta subtropical do Atlantico Sul, predominando ar quente e umido sobre o centro do pais.;Verão;;;;;;;;;;;;;;;;
2024-01-30 00:00:00;Sul;mTa;Predominância de ar tropical marítimo sobre o setor, caracterizado pelo fluxo de leste/nordeste sob influência direta da circulação marítima, mantendo temperaturas elevadas e umida;Verão;;;;;;;;;;;;;;;;
2024-01-31 00:00:00;Norte;mEc;Area sob influencia da instabilidade tropical continental caracteristica da regiao Amazonica, apresentando fluxos de umidade e calor que definem a massa equatorial continental.;Verão;;;;;;;;;;;;;;;;
2024-01-31 00:00:00;Nordeste;mEa;Região sob influência direta da massa Equatorial Atlântica, caracterizada pelo fluxo marítimo úmido e quente que domina o setor norte e litoral do Nordeste brasileiro.;Verão;;;;;;;;;;;;;;;;
2024-01-31 00:00:00;Litoral;mTa;Na regiao delimitada, a circulacao maritima influencia o litoral com transporte quente e umido, caracterizando o dominio da mTa sob um regime de altas pressoes adjacentes.;Verão;;;;;;;;;;;;;;;;
2024-01-31 00:00:00;Centro;mTc;A região delimitada no interior do continente apresenta características de baixa pressão térmica e ausência de influência oceânica, configurando o domínio da Massa Tropical Contine;Verão;;;;;;;;;;;;;;;;
2024-01-31 00:00:00;Sul;mPa;A região delimitada encontra-se sob influência de um sistema frontal, com fluxo de sul/sudeste transportando ar mais frio e denso característico da incursão de uma Massa Polar Atlâ;Verão;;;;;;;;;;;;;;;;
2024-02-01 00:00:00;Norte;mEc;Região sob domínio da Massa Equatorial Continental, caracterizada por baixas pressões e alta umidade, típica do interior da Amazônia sem interferência de sistemas frontais.;Verão;;;;;;;;;;;;;;;;
2024-02-01 00:00:00;Nordeste;mTa;Predominância da Massa Tropical Atlântica, caracterizada pelo fluxo marítimo quente e úmido que ingressa da costa leste sobre o interior da região Nordeste.;Verão;;;;;;;;;;;;;;;;
2024-02-01 00:00:00;Litoral;mTa;A região delimitada está sob o domínio do fluxo marítimo do Atlântico Sul, caracterizando a atuação da massa de ar tropical com alta umidade e temperaturas elevadas no setor centra;Verão;;;;;;;;;;;;;;;;
2024-02-01 00:00:00;Centro;mPa;Zona de influência direta de gradiente térmico pós-frontal, com advecção de ar frio de origem polar penetrando pela retaguarda de sistema frontal no setor central do continente.;Verão;;;;;;;;;;;;;;;;
2024-02-01 00:00:00;Sul;mTa;A região delimitada está sob forte influência do escoamento marítimo associado à alta pressão subtropical, caracterizando o predomínio da massa Tropical Atlântica (mTa).;Verão;;;;;;;;;;;;;;;;
2024-02-02 00:00:00;Norte;mEc;Região central da Bacia Amazônica sob domínio de massa de ar quente e úmida de origem continental, mantendo características térmicas e de umidade típicas da circulação amazônica.;Verão;;;;;;;;;;;;;;;;
2024-02-02 00:00:00;Nordeste;mTa;A região encontra-se sob influência direta do escoamento marítimo de leste/sudeste associado ao anticiclone do Atlântico Sul, caracterizando o predomínio da mTa.;Verão;;;;;;;;;;;;;;;;
2024-02-02 00:00:00;Litoral;mTa;Regiao sob influencia do escoamento do anticiclone subtropical, configurando caracteristicas de massa de ar tropical maritima, quente e umida, sobre o litoral do Nordeste brasileir;Verão;;;;;;;;;;;;;;;;
2024-02-02 00:00:00;Centro;mEc;Região sob influência da massa Equatorial Continental, caracterizada pela predominância de ar quente e úmido sobre o interior do Brasil, favorecendo instabilidades térmicas.;Verão;;;;;;;;;;;;;;;;
2024-02-02 00:00:00;Sul;mPa;A região delimitada encontra-se sob influência de massa de ar frio e úmido após a passagem de uma frente fria, caracterizada por ventos do quadrante sul e temperaturas amenas.;Verão;;;;;;;;;;;;;;;;
2024-02-03 00:00:00;Norte;mEc;A região delimitada abrange a bacia amazônica e áreas continentais adjacentes, onde a massa de ar quente e úmida de origem equatorial e tropical continental exerce domínio térmico.;Verão;;;;;;;;;;;;;;;;
2024-02-03 00:00:00;Nordeste;mEc;A regiao delimitada esta sob influencia da Massa Equatorial Continental, caracterizada por alta umidade e temperaturas elevadas, atuando sobre a porcao norte do continente.;Verão;;;;;;;;;;;;;;;;
2024-02-03 00:00:00;Litoral;mTa;A regiao delimitada encontra-se sob a influencia direta do escoamento marítimo de leste/sudeste associado a Alta Subtropical do Atlântico Sul, caracterizando o predomínio de ar tro;Verão;;;;;;;;;;;;;;;;
2024-02-03 00:00:00;Centro;mTa;A região encontra-se sob influência da circulação anticiclônica do Atlântico Sul, caracterizando o predomínio de ar quente e úmido oceânico sobre o Centro-Sudeste brasileiro.;Verão;;;;;;;;;;;;;;;;
2024-02-03 00:00:00;Sul;mPa;A região delimitada no Sudeste encontra-se sob influência de massa de ar pós-frontal, com temperaturas em declínio e características típicas da mPa avançando sobre o continente.;Verão;;;;;;;;;;;;;;;;
2024-02-04 00:00:00;Norte;mEc;A região delimitada abrange a bacia amazônica e áreas centrais, estando sob a influência predominante da massa de ar quente e úmida de origem continental, característica da estação;Verão;;;;;;;;;;;;;;;;
2024-02-04 00:00:00;Nordeste;mTa;Região sob influência direta do fluxo de leste/sudeste associado ao escoamento da massa Tropical Atlântica, mantendo condições quentes e úmidas sobre o setor nordestino.;Verão;;;;;;;;;;;;;;;;
2024-02-04 00:00:00;Litoral;mTa;A área delimitada encontra-se sob influência persistente do escoamento marítimo associado ao sistema de alta pressão oceânico, caracterizando a atuação da massa Tropical Atlântica.;Verão;;;;;;;;;;;;;;;;
2024-02-04 00:00:00;Centro;mTa;A regiao apresenta predominancia de fluxo de umidade e calor vindo do Oceano Atlantico sob influencia da ASAS, caracterizando a atuacao da massa Tropical Atlantica.;Verão;;;;;;;;;;;;;;;;
2024-02-04 00:00:00;Sul;mPa;A região delimitada encontra-se na retaguarda de uma frente fria, caracterizada pelo ingresso de ar mais frio e denso, configurando o domínio da Massa Polar Atlântica.;Verão;;;;;;;;;;;;;;;;
2024-02-05 00:00:00;Norte;mEc;Regiao central da Amazonia sob influencia de caracteristicas termodinamicas tipicas de massa quente e umida de origem continental, predominante no setor configurado.;Verão;;;;;;;;;;;;;;;;
2024-02-05 00:00:00;Nordeste;mTa;Influência predominante do fluxo de leste da alta pressão subtropical do Atlântico Sul, caracterizando uma massa de ar quente e úmida sobre o setor nordestino.;Verão;;;;;;;;;;;;;;;;
2024-02-05 00:00:00;Litoral;mTa;A regiao delimitada esta sob influencia direta do fluxo maritimo do quadrante leste, caracteristico da Massa Tropical Atlantica, que domina o setor leste do pais.;Verão;;;;;;;;;;;;;;;;
2024-02-05 00:00:00;Centro;mTa;Regiao sob fluxo predominante de leste/nordeste advindo do oceano, caracterizando a atuacao da massa Tropical Atlantica, com perfil termodinamico quente e umido sobre o setor centr;Verão;;;;;;;;;;;;;;;;
2024-02-05 00:00:00;Sul;mPa;A região delimitada encontra-se na retaguarda de um sistema frontal, caracterizada pela incursão de ar mais frio e denso típico da mPa, substituindo a massa de ar pré-frontal.;Verão;;;;;;;;;;;;;;;;
2024-02-06 00:00:00;Norte;mEc;Região delimitada sobre a bacia amazônica, caracterizada por altas temperaturas e elevada umidade, sob domínio da Massa Equatorial Continental sem influência de sistemas frontais.;Verão;;;;;;;;;;;;;;;;
2024-02-06 00:00:00;Nordeste;mTa;Predominância de ar quente e úmido transportado pelo fluxo marítimo oriundo do oceano Atlântico sul, caracterizando o domínio da massa Tropical Atlântica sobre a região demarcada.;Verão;;;;;;;;;;;;;;;;
2024-02-06 00:00:00;Litoral;mTa;O litoral indicado está sob a influência do escoamento marítimo provocado pela alta circulação oceânica, caracterizando o domínio da massa de ar Tropical Atlântica (mTa).;Verão;;;;;;;;;;;;;;;;
2024-02-06 00:00:00;Centro;mTc;Região central do continente sob influência de altas temperaturas e baixa umidade relativa, caracterizando a massa de ar tropical continental sobre o interior do Brasil.;Verão;;;;;;;;;;;;;;;;
2024-02-06 00:00:00;Sul;mTa;Predominância de escoamento marítimo associado à circulação da ASAS, transportando umidade e ar quente para a região Sudeste, caracterizando a mTa.;Verão;;;;;;;;;;;;;;;;
2024-02-07 00:00:00;Norte;mEc;Região sobre o domínio da bacia amazônica caracterizada por ar quente e úmido, sem influência de sistemas frontais ou circulação oceânica predominante.;Verão;;;;;;;;;;;;;;;;
2024-02-07 00:00:00;Nordeste;mTa;Região sob influência direta da circulação marítima quente e úmida originada no Atlântico Sul, mantendo o transporte de umidade e estabilidade térmica típica da mTa na costa.;Verão;;;;;;;;;;;;;;;;
2024-02-07 00:00:00;Litoral;mTa;A região encontra-se sob influência do fluxo zonal marítimo predominante do quadrante leste, característico da massa tropical atlântica, garantindo condições de alta umidade.;Verão;;;;;;;;;;;;;;;;
2024-02-07 00:00:00;Centro;mTa;A região encontra-se sob influência de um corredor de umidade vindo do Atlântico, com escoamento predominante de leste/nordeste característico da mTa que atua na porção central do ;Verão;;;;;;;;;;;;;;;;
2024-02-07 00:00:00;Sul;mTa;A região apresenta o domínio do escoamento marítimo sob influência da circulação do anticiclone do Atlântico Sul, caracterizando a atuação da massa de ar Tropical Atlântica.;Verão;;;;;;;;;;;;;;;;
2024-02-08 00:00:00;Norte;mEc;Região sob influência direta da Massa Equatorial Continental, caracterizada pela presença de ar quente e úmido no interior do continente amazônico, sem influência de sistemas front;Verão;;;;;;;;;;;;;;;;
2024-02-08 00:00:00;Nordeste;mTa;Regiao sob predominio de escoamento vindo do Atlantico Sul, transporte de umidade e calor caracteristico da Massa Tropical Atlantica sobre o setor leste/central do Nordeste.;Verão;;;;;;;;;;;;;;;;
2024-02-08 00:00:00;Litoral;mTa;Regiao sob influencia da circulacao periferica da alta pressao subtropical, caracterizada por escoamento marítimo quente e umido sobre o litoral leste brasileiro.;Verão;;;;;;;;;;;;;;;;
2024-02-08 00:00:00;Centro;mEc;A região central encontra-se sob domínio de uma massa de ar quente e úmida, originada na bacia amazônica, caracterizando a atuação da mEc em conformidade com o padrão regional.;Verão;;;;;;;;;;;;;;;;
2024-02-08 00:00:00;Sul;mTa;A região encontra-se sob influência da circulação anticiclônica do Atlântico Sul, caracterizada pela predominância da massa de ar tropical quente e úmida sobre o setor.;Verão;;;;;;;;;;;;;;;;
2024-02-09 00:00:00;Norte;mEc;Predominancia de caracteristicas de ar quente e umido sobre a Amazonia, com subsidencia ou fluxos continentais ausentes de influencia polar ou maritima direta no periodo.;Verão;;;;;;;;;;;;;;;;
2024-02-09 00:00:00;Nordeste;mTa;Regiao sob predominio do fluxo de transporte de umidade do oceano Atlantico, caracterizada por caracteristicas quentes e umidas tipicas da massa Tropical Atlantica.;Verão;;;;;;;;;;;;;;;;
2024-02-09 00:00:00;Litoral;mTa;Predominio de temperaturas elevadas e umidade sobre o litoral leste, sob regime de circulação marítima da alta pressão subtropical do Atlantico Sul.;Verão;;;;;;;;;;;;;;;;
2024-02-09 00:00:00;Centro;mTa;A região apresenta características de estabilidade associadas ao fluxo da circulação marítima, com umidade e temperaturas tropicais predominantes sob influência da alta pressão.;Verão;;;;;;;;;;;;;;;;
2024-02-09 00:00:00;Sul;mTa;A região delimitada está sob forte influência do escoamento marítimo de leste/nordeste associado à circulação da ASAS, caracterizando o domínio da massa Tropical Atlântica (mTa).;Verão;;;;;;;;;;;;;;;;
2024-02-10 00:00:00;Norte;mEc;A região delimitada abrange a bacia amazônica e adjacências, sob domínio da Massa Equatorial Continental, caracterizada por transporte de umidade e instabilidade inerentes à região;Verão;;;;;;;;;;;;;;;;
2024-02-10 00:00:00;Nordeste;mTa;Predominância da massa Tropical Atlântica, caracterizada pelo transporte estável de umidade oceânica sob influência do escoamento do anticiclone subtropical sobre a região Nordeste;Verão;;;;;;;;;;;;;;;;
2024-02-10 00:00:00;Litoral;mTa;Regiao sob influencia do escoamento de umidade do oceano, caracteristico da massa tropical atlantica, mantendo estabilidade termica e elevados indices de umidade no litoral Leste.;Verão;;;;;;;;;;;;;;;;
2024-02-10 00:00:00;Centro;mEc;A região apresenta características de massa equatorial, com umidade elevada e temperaturas típicas da influência continental tropical úmida no coração do país.;Verão;;;;;;;;;;;;;;;;
2024-02-10 00:00:00;Sul;mTa;A região encontra-se sob influência do escoamento marítimo oriundo do centro de alta pressão do Atlântico Sul, caracterizando a predominância da massa Tropical Atlântica.;Verão;;;;;;;;;;;;;;;;
2024-02-11 00:00:00;Norte;mEc;Regiao central e norte da Amazonia apresentando caracteristicas tipicas de massa equatorial continental, quente e umida, predominante no setor sem a influencia de sistemas frontais;Verão;;;;;;;;;;;;;;;;
2024-02-11 00:00:00;Nordeste;mTa;Predominância de fluxo marítimo sob influência do anticiclone deslocado sobre o Atlântico Sul, caracterizando ar quente e úmido transportado para o setor leste da região.;Verão;;;;;;;;;;;;;;;;
2024-02-11 00:00:00;Litoral;mTa;A regiao delimitada esta sob influencia direta da circulacao oceanica de alta pressao, caracterizando a atuacao da massa Tropical Atlantica, com ar quente e umido sobre o litoral.;Verão;;;;;;;;;;;;;;;;
2024-02-11 00:00:00;Centro;mTa;Regiao sob fluxo de leste/nordeste vindo do oceano, caracterizando a influencia da massa tropical atlantica, com temperaturas e teores de umidade elevados.;Verão;;;;;;;;;;;;;;;;
2024-02-11 00:00:00;Sul;mPa;A região apresenta o avanço de uma massa de ar polar, evidenciado pelas condições de temperatura mais amena e umidade associadas ao pós-frontal que ingressa pelo setor sul.;Verão;;;;;;;;;;;;;;;;
2024-02-12 00:00:00;Norte;mEc;Região central da bacia amazônica caracterizada por altas temperaturas e elevada umidade, sob domínio da massa de ar quente e úmida de origem continental, sem influência de sistema;Verão;;;;;;;;;;;;;;;;
2024-02-12 00:00:00;Nordeste;mTa;Dominio do fluxo marítimo proveniente do Anticiclone sobre o Atlântico Sul, transportando umidade e ar aquecido sobre a faixa litorânea e interior do Nordeste brasileiro.;Verão;;;;;;;;;;;;;;;;
2024-02-12 00:00:00;Litoral;mTa;A área delimitada encontra-se sob influência persistente do fluxo marítimo de sudeste/leste, característico da circulação da massa tropical atlântica que atua no setor leste do paí;Verão;;;;;;;;;;;;;;;;
2024-02-12 00:00:00;Centro;mTc;A região central encontra-se sob o domínio da massa de ar quente e seca característica do interior do continente, mantendo estabilidade térmica e baixos teores de umidade.;Verão;;;;;;;;;;;;;;;;
2024-02-12 00:00:00;Sul;mPa;Regiao sob atuacao de massa de ar frio e umido (mPa), evidenciada pelo posicionamento a retaguarda do sistema frontal que avanca pelo setor Sul e Sudeste do pais.;Verão;;;;;;;;;;;;;;;;
2024-02-13 00:00:00;Norte;mEc;A região delimitada abrange a bacia amazônica, onde predomina a Massa Equatorial Continental, caracterizada por alta instabilidade, temperaturas elevadas e elevada umidade atmosfér;Verão;;;;;;;;;;;;;;;;
2024-02-13 00:00:00;Nordeste;mTa;Predominancia de escoamento vindo do oceano, caracteristico da circulacao periferica da alta pressao subtropical, transportando umidade para o litoral e interior do Nordeste.;Verão;;;;;;;;;;;;;;;;
2024-02-13 00:00:00;Litoral;mTa;Região sob influência direta da circulação marítima quente e úmida, característica da Massa Tropical Atlântica, que mantém o transporte de umidade em direção ao litoral leste.;Verão;;;;;;;;;;;;;;;;
2024-02-13 00:00:00;Centro;mTa;A região apresenta características de baixas pressões relativas sob influência da circulação marítima, com estabilidade térmica e umidade típica do escoamento da mTa no setor centr;Verão;;;;;;;;;;;;;;;;
2024-02-13 00:00:00;Sul;mTa;A região delimitada está sob a influência do escoamento marítimo associado aos setores periféricos da Alta Subtropical do Atlântico Sul, caracterizando a predominância da mTa.;Verão;;;;;;;;;;;;;;;;
2024-02-14 00:00:00;Norte;mEc;A região delimitada encontra-se sobre a bacia amazônica, onde predomina a Massa Equatorial Continental, caracterizada por ser quente e úmida, típica desta época do ano.;Verão;;;;;;;;;;;;;;;;
2024-02-14 00:00:00;Nordeste;mTa;Predominância de escoamento marítimo tropical sobre o setor, caracterizando a atuação da mTa pelo transporte de umidade e calor característicos da região sob influência oceânica.;Verão;;;;;;;;;;;;;;;;
2024-02-14 00:00:00;Litoral;mTa;Região delimitada sob influência do escoamento marítimo de leste/nordeste, característico do transporte de umidade da massa Tropical Atlântica na circulação do anticiclone.;Verão;;;;;;;;;;;;;;;;
2024-02-14 00:00:00;Centro;mTa;Região sob influência direta do fluxo de umidade e calor provindo do Atlântico Tropical, onde o escoamento leste/nordeste predomina sobre o setor central do país.;Verão;;;;;;;;;;;;;;;;
2024-02-14 00:00:00;Sul;mPa;A regiao delimitada encontra-se na retaguarda de um sistema frontal, caracterizando a adveccao de ar mais frio e denso tipica da Massa Polar Atlantica sobre o continente.;Verão;;;;;;;;;;;;;;;;
2024-02-15 00:00:00;Norte;mEc;Região central da Amazônia sob influência de massa quente e úmida de origem continental, apresentando baixos gradientes de pressão e condições características de estabilidade local;Verão;;;;;;;;;;;;;;;;
2024-02-15 00:00:00;Nordeste;mTa;Predominância de fluxo do quadrante leste transportando umidade e calor sobre o Nordeste, sob influência do sistema de alta pressão oceânica, caracterizando a mTa.;Verão;;;;;;;;;;;;;;;;
2024-02-15 00:00:00;Litoral;mTa;A região delimitada está sob influência do escoamento marítimo associado ao sistema de alta pressão oceânico, caracterizando o predomínio da Massa Tropical Atlântica (mTa).;Verão;;;;;;;;;;;;;;;;
2024-02-15 00:00:00;Centro;mEc;A região central encontra-se sob o domínio da massa equatorial continental, caracterizada por temperaturas elevadas e alta umidade, típica da atuação do sistema sobre o interior.;Verão;;;;;;;;;;;;;;;;
2024-02-15 00:00:00;Sul;mPa;A região delimitada encontra-se na retaguarda de um sistema frontal, caracterizando a entrada e o domínio da mPa (Massa Polar Atlântica), identificada pela queda térmica e ventos.;Verão;;;;;;;;;;;;;;;;
2024-02-16 00:00:00;Norte;mEc;A região apresenta características típicas da bacia amazônica, com umidade e temperaturas elevadas, configurando o predomínio da Massa Equatorial Continental.;Verão;;;;;;;;;;;;;;;;
2024-02-16 00:00:00;Nordeste;mEa;A região delimitada no litoral nordestino encontra-se sob influência predominante do escoamento marítimo, caracterizando a atuação da Massa Equatorial Atlântica (mEa).;Verão;;;;;;;;;;;;;;;;
2024-02-16 00:00:00;Litoral;mTa;A área encontra-se sob influência do escoamento marítimo associado ao sistema de alta pressão, caracterizando o predomínio da Massa Tropical Atlântica no setor.;Verão;;;;;;;;;;;;;;;;
2024-02-16 00:00:00;Centro;mTa;Regiao sob fluxo predominante de leste/nordeste vindo do Atlantico, caracterizando a atuacao de ar quente e umido sobre o setor central do Brasil.;Verão;;;;;;;;;;;;;;;;
2024-02-16 00:00:00;Sul;mTa;A região delimitada encontra-se sob influência da circulação anticiclônica do Atlântico Sul, caracterizando a predominância da massa de ar Tropical Atlântica, quente e úmida.;Verão;;;;;;;;;;;;;;;;
2024-02-17 00:00:00;Norte;mEc;A região delimitada abrange a bacia amazônica e áreas centrais, sob influência da Massa Equatorial Continental, caracterizada pela instabilidade convectiva e elevada umidade.;Verão;;;;;;;;;;;;;;;;
2024-02-17 00:00:00;Nordeste;mEa;A região delimitada está sob forte influência da Massa Equatorial Atlântica, caracterizada por alta umidade e temperaturas elevadas, predominantes no litoral norte-nordeste brasile;Verão;;;;;;;;;;;;;;;;
2024-02-17 00:00:00;Litoral;mTa;Região sob influência direta da circulação marítima quente e úmida da Alta Subtropical do Atlântico Sul, caracterizando a predominância da Massa Tropical Atlântica no litoral.;Verão;;;;;;;;;;;;;;;;
2024-02-17 00:00:00;Centro;mTa;Regiao sob influencia direta do escoamento maritimo da alta pressao subtropical, caracterizando a predominancia de massa tropical atlantica, quente e umida, sobre o Sudeste e Centr;Verão;;;;;;;;;;;;;;;;
2024-02-17 00:00:00;Sul;mTa;A regiao delimitada encontra-se sob a influencia direta da circulacao oceanica da Alta Pressao subtropical, caracterizando o fluxo de uma massa de ar quente e umida (mTa).;Verão;;;;;;;;;;;;;;;;
2024-02-18 00:00:00;Norte;mEc;Regiao sobre a bacia Amazonica apresentando caracteristicas tipicas de massa quente e umida de origem continental, sem influencia direta de sistemas frontais ou transicoes maritima;Verão;;;;;;;;;;;;;;;;
2024-02-18 00:00:00;Nordeste;mEc;Regiao sob dominio da massa equatorial continental, caracterizada por ser quente e umida, com influencia predominante sobre o interior do Nordeste brasileiro nesta configuracao saz;Verão;;;;;;;;;;;;;;;;
2024-02-18 00:00:00;Litoral;mTa;Predominio da massa tropical atlantica na regiao costeira, evidenciado pelo regime de escoamento maritimo quente e umido sob influencia da circulacao de alta pressao estavel.;Verão;;;;;;;;;;;;;;;;
2024-02-18 00:00:00;Centro;mEc;Região central sob influência da Massa Equatorial Continental, caracterizada pela predominância de ar quente e úmido no interior do país, típica da época do ano.;Verão;;;;;;;;;;;;;;;;
2024-02-18 00:00:00;Sul;mTa;A região delimitada está sob o domínio de um campo de alta pressão, caracterizando a atuação da Massa Tropical Atlântica, responsável pelas condições quentes e úmidas no setor.;Verão;;;;;;;;;;;;;;;;
2024-02-19 00:00:00;Norte;mEc;A região delimitada sobre a bacia amazônica caracteriza-se por elevada umidade e instabilidade térmica intrínseca, sem influência de sistemas extratropicais, configurando o domínio;Verão;;;;;;;;;;;;;;;;
2024-02-19 00:00:00;Nordeste;mTa;Predomínio de ar quente e úmido transportado do Atlântico para a região Nordeste, caracterizando a influência da massa Tropical Atlântica na faixa costeira e setores adjacentes.;Verão;;;;;;;;;;;;;;;;
2024-02-19 00:00:00;Litoral;mTa;A região delimitada está sob forte influência do fluxo marítimo de sudeste, característico da massa de ar tropical atlântica, garantindo umidade e aquecimento na costa.;Verão;;;;;;;;;;;;;;;;
2024-02-19 00:00:00;Centro;mTa;A região delimitada está sob a influência do fluxo marítimo da alta pressão, caracterizando a atuação da massa de ar Tropical Atlântica com transporte de umidade para o interior.;Verão;;;;;;;;;;;;;;;;
2024-02-19 00:00:00;Sul;mTa;A região apresenta predominância de umidade e temperaturas elevadas características de circulação marítima, sob influência direta do fluxo de leste da alta pressão subtropical.;Verão;;;;;;;;;;;;;;;;
2024-02-20 00:00:00;Norte;mEc;Regiao sobre o dominio da Amazonia, caracterizada por baixas latitudes, transporte de umidade tropical e elevado conteudo termodinamico tipico da massa equatorial continental.;Verão;;;;;;;;;;;;;;;;
2024-02-20 00:00:00;Nordeste;mTa;Região sob influência direta do fluxo de leste da alta pressão subtropical do Atlântico Sul, caracterizando a predominância de ar quente e úmido de origem marítima (mTa).;Verão;;;;;;;;;;;;;;;;
2024-02-20 00:00:00;Litoral;mTa;Regiao sob predominio da circulacao maritima quente e umida caracteristica da Massa Tropical Atlantica, que atua de forma constante sobre o setor costeiro nordestino.;Verão;;;;;;;;;;;;;;;;
2024-02-20 00:00:00;Centro;mTc;Região do interior do continente sob influência de subsidência e aquecimento advectivo característico da massa tropical continental no Planalto Central.;Verão;;;;;;;;;;;;;;;;
2024-02-20 00:00:00;Sul;mTa;A região delimitada está sob a influência do escoamento marítimo de leste/sudeste associado à circulação da ASAS, caracterizando o predomínio de ar quente e úmido (mTa).;Verão;;;;;;;;;;;;;;;;
2024-02-21 00:00:00;Norte;mEc;Regiao central e norte da Amazonia sob influencia direta da massa Equatorial Continental, caracterizada pela predominancia de umidade e instabilidades termodinamicas intrinsecas.;Verão;;;;;;;;;;;;;;;;
2024-02-21 00:00:00;Nordeste;mTa;Regiao sob predominio de fluxo de base de leste/sudeste, indicando predominancia da massa Tropical Atlantica com adveccao de umidade e calor sobre o setor nordestino.;Verão;;;;;;;;;;;;;;;;
2024-02-21 00:00:00;Litoral;mEa;A região delimitada no litoral norte/nordeste encontra-se sob influência da Massa Equatorial Atlântica, caracterizada pelo ar quente e úmido predominante na faixa equatorial.;Verão;;;;;;;;;;;;;;;;
2024-02-21 00:00:00;Centro;mEc;A região central delimitada está sob forte influência da circulação estável e úmida originada na bacia amazônica, caracterizando o predomínio da Massa Equatorial Continental.;Verão;;;;;;;;;;;;;;;;
2024-02-21 00:00:00;Sul;mTa;Predominancia de escoamento vindo do oceano sob influência direta da circulação do anticiclone subtropicial, caracterizando transporte de umidade e calor na região.;Verão;;;;;;;;;;;;;;;;
2024-02-22 00:00:00;Norte;mEc;A região destacada está situada sobre a bacia amazônica, sob domínio da Massa Equatorial Continental, caracterizada por temperaturas elevadas e alta umidade, típica da continentali;Verão;;;;;;;;;;;;;;;;
2024-02-22 00:00:00;Nordeste;mTa;Predominancia da Massa Tropical Atlantica, observada pelo transporte de umidade do oceano para o interior do setor, caracterizando regime quente e umido sobre o Nordeste brasileiro;Verão;;;;;;;;;;;;;;;;
2024-02-22 00:00:00;Litoral;mTa;A regiao delimitada encontra-se sob a influencia direta da circulacao oceanica quente e umida da massa Tropical Atlantica, caracterizando o fluxo marítimo predominante no setor.;Verão;;;;;;;;;;;;;;;;
2024-02-22 00:00:00;Centro;mEc;A região central apresenta características de estabilidade e umidade típicas da Massa Equatorial Continental, predominante no interior do país durante o verão, sem influência de fl;Verão;;;;;;;;;;;;;;;;
2024-02-22 00:00:00;Sul;mPa;A região apresenta o avanço do fluxo de ar frio e seco retaguarda do sistema frontal, caracterizando o domínio da massa polar sobre o sul do país.;Verão;;;;;;;;;;;;;;;;
2024-02-23 00:00:00;Norte;mEc;Regiao central posicionada sobre a bacia Amazonica, caracterizada pelo dominio de ar quente e umido de origem equatorial continental, sob condicoes de baixa pressao relativa.;Verão;;;;;;;;;;;;;;;;
2024-02-23 00:00:00;Nordeste;mTa;Regiao sob influencia predominante do escoamento de leste/sudeste associado ao transporte de umidade e calor do oceano, caracterizando a atuação da massa Tropical Atlantica.;Verão;;;;;;;;;;;;;;;;
2024-02-23 00:00:00;Litoral;mEa;Região sob influência da massa Equatorial Atlântica. Características de temperatura e umidade elevadas, condicionadas pelo escoamento marítimo no setor norte do litoral brasileiro.;Verão;;;;;;;;;;;;;;;;
2024-02-23 00:00:00;Centro;mTa;Regiao sob influencia do escoamento zonal da circulaçao maritima oriunda do Oceano Atlantico, caracterizando carater quente e umido tipico da massa tropical atlantica na regiao.;Verão;;;;;;;;;;;;;;;;
2024-02-23 00:00:00;Sul;mPa;A região encontra-se sob influência de uma massa de ar pós-frontal, com gradiente de pressão e ventos de sul característicos da penetração da massa polar atlântica.;Verão;;;;;;;;;;;;;;;;
2024-02-24 00:00:00;Norte;mEc;Regiao centralizada na bacia amazonica, caracterizada por alta umidade e temperaturas elevadas, sob dominio pleno da massa de ar Equatorial Continental.;Verão;;;;;;;;;;;;;;;;
2024-02-24 00:00:00;Nordeste;mTa;A região esta sob a influencia do fluxo de leste/sudeste proveniente do oceano, caracterizando o transporte de umidade e calor tipico da massa tropical atlantica na costa nordestin;Verão;;;;;;;;;;;;;;;;
2024-02-24 00:00:00;Litoral;mTa;Regiao sob influencia do escoamento maritimo da alta subtropical, caracterizando-se por fluxo de ar quente e umido constante vindo do Oceano Atlantico sobre o litoral leste.;Verão;;;;;;;;;;;;;;;;
2024-02-24 00:00:00;Centro;mEc;A região central encontra-se sob domínio de ar quente e úmido, característico da Massa Equatorial Continental, que se expande sobre o interior do Brasil nesta época do ano.;Verão;;;;;;;;;;;;;;;;
2024-02-24 00:00:00;Sul;mPa;A região delimitada no Sul encontra-se sob influência da massa de ar polar logo após a passagem de uma frente fria, caracterizada pelo ingresso de ar frio e úmido no setor.;Verão;;;;;;;;;;;;;;;;
2024-02-25 00:00:00;Norte;mEc;A região delimitada abrange a bacia amazônica, caracterizada pelo predomínio da Massa Equatorial Continental (mEc), que mantém condições de elevada temperatura e umidade.;Verão;;;;;;;;;;;;;;;;
2024-02-25 00:00:00;Nordeste;mEa;A região demarcada no Nordeste encontra-se sob influência predominante da massa de ar quente e úmida de origem oceânica, característica do escoamento latitudinal da mEa.;Verão;;;;;;;;;;;;;;;;
2024-02-25 00:00:00;Litoral;mTa;Região sob influência direta da circulação marítima da alta pressão subtropical do Atlântico Sul, caracterizando a predominância de ar quente e úmido (mTa) no litoral.;Verão;;;;;;;;;;;;;;;;
2024-02-25 00:00:00;Centro;mTa;A região delimitada está sob influência do fluxo equatorial e tropical oceânico, apresentando características de elevada umidade e temperatura típica da massa Tropical Atlântica.;Verão;;;;;;;;;;;;;;;;
2024-02-25 00:00:00;Sul;mPa;A regiao delimitada esta posicionada a retaguarda de uma frente fria que avanca pela costa, caracterizando o ingresso e dominancia da massa de ar polar (mPa) no setor.;Verão;;;;;;;;;;;;;;;;
2024-02-26 00:00:00;Norte;mEc;A região delimitada abrange a bacia amazônica, onde predomina a Massa Equatorial Continental (mEc), caracterizada por ar quente e úmido, típica da área continental equatorial.;Verão;;;;;;;;;;;;;;;;
2024-02-26 00:00:00;Nordeste;mEa;A região delimitada no Nordeste encontra-se sob influência predominante da Massa Equatorial Atlântica, caracterizada pelo fluxo úmido e quente oceânico que penetra o setor norte da;Verão;;;;;;;;;;;;;;;;
2024-02-26 00:00:00;Litoral;mTa;Dominio do escoamento de leste-nordeste associado ao gradiente de pressao da ASAS, transportando umidade do Atlantico sobre a faixa litoranea do setor em questao.;Verão;;;;;;;;;;;;;;;;
2024-02-26 00:00:00;Centro;mEc;A região central encontra-se sob domínio da massa Equatorial Continental, caracterizada por elevados índices de umidade e temperaturas tropicais predominantes no interior do contin;Verão;;;;;;;;;;;;;;;;
2024-02-26 00:00:00;Sul;mPa;A região delimitada encontra-se na retaguarda do sistema frontal, com gradiente de pressão e queda térmica característicos do avanço de uma Massa Polar Atlântica.;Verão;;;;;;;;;;;;;;;;
2024-02-27 00:00:00;Norte;mEc;Regiao continental norte sob influencia da massa equatorial continental, caracterizada por alta umidade e temperaturas elevadas, mantendo estabilidade termodinamica na area delimit;Verão;;;;;;;;;;;;;;;;
2024-02-27 00:00:00;Nordeste;mTa;Predominancia da mTa sobre a regiao, caracterizada pelo fluxo de leste da circulacao oceanica sob influencia do anticiclone subtropical do Atlantico Sul.;Verão;;;;;;;;;;;;;;;;
2024-02-27 00:00:00;Litoral;mTa;Regiao sob influencia do escoamento do setor norte/nordeste da ASAS, caracterizando a presenca de caracteristicas de massa de ar tropical maritima na costa leste do Brasil.;Verão;;;;;;;;;;;;;;;;
2024-02-27 00:00:00;Centro;mTa;Predominância da massa de ar quente e úmida movida pelo fluxo anticiclônico oceânico, caracterizando a mTa sobre a região central e sudeste.;Verão;;;;;;;;;;;;;;;;
2024-02-27 00:00:00;Sul;mTa;A região delimitada encontra-se sob domínio do fluxo marítimo da circulação anticiclônica do Atlântico Sul, caracterizando a atuação da massa Tropical Atlântica (mTa).;Verão;;;;;;;;;;;;;;;;
2024-02-28 00:00:00;Norte;mEc;Região central da Amazônia sob predomínio de ar quente e úmido, característico da massa de origem continental, sem influência de sistemas frontais ou de altas pressões oceânicas.;Verão;;;;;;;;;;;;;;;;
2024-02-28 00:00:00;Nordeste;mTa;Regiao sob predominio de escoamento maritimo quente e umido proveniente do Atlantico Sul, caracterizando a atuacao da massa Tropical Atlantica sobre o nordeste brasileiro.;Verão;;;;;;;;;;;;;;;;
2024-02-28 00:00:00;Litoral;mEa;A região delimitada no setor nordeste do litoral brasileiro encontra-se sob influência da massa Equatorial Atlântica, caracterizada pelo transporte de umidade em baixos níveis.;Verão;;;;;;;;;;;;;;;;
2024-02-28 00:00:00;Centro;mEc;Região central sob influência termodinâmica amazônica, caracterizada por altas temperaturas e umidade abundante, sem a presença de injeções de ar polar.;Verão;;;;;;;;;;;;;;;;
2024-02-28 00:00:00;Sul;mTa;A região delimitada encontra-se sob o domínio da circulação anticiclônica do Atlântico Sul, caracterizando a atuação de uma Massa Tropical Atlântica (mTa), quente e úmida.;Verão;;;;;;;;;;;;;;;;
2024-02-29 00:00:00;Norte;mEc;Regiao central e norte do continente sob influencia da mEc, caracterizada por alta umidade e temperaturas elevadas na bacia amazonica, sem interferencia de sistemas frontais.;Verão;;;;;;;;;;;;;;;;
2024-02-29 00:00:00;Nordeste;mTa;A região encontra-se sob influência do fluxo predominante de leste/sudeste, com características de ar quente e úmido transportado pelo regime de ventos do Atlântico Tropical.;Verão;;;;;;;;;;;;;;;;
2024-02-29 00:00:00;Litoral;mTa;Região sob influência direta da circulação marítima da ASAS, favorecendo o transporte de umidade e calor, características típicas da Massa Tropical Atlântica no setor leste.;Verão;;;;;;;;;;;;;;;;
2024-02-29 00:00:00;Centro;mTa;Região central sob influência da circulação anticiclônica oceânica, com características de estabilidade térmica e umidade típica da massa tropical atlântica.;Verão;;;;;;;;;;;;;;;;
2024-02-29 00:00:00;Sul;mPa;A região delimitada está sob influência da massa polar atlântica (mPa), caracterizada pela queda nas temperaturas e umidade após a passagem de um sistema frontal no setor sul.;Verão;;;;;;;;;;;;;;;;
2024-03-01 00:00:00;Norte;mEc;Regiao situada sobre a Bacia Amazonica, caracterizada pelo dominio de ar quente e umido de origem continental, mantendo estabilidade termica sem influencia de sistemas frontais.;Verão;;;;;;;;;;;;;;;;
2024-03-01 00:00:00;Nordeste;mTa;Dominio da subsidencia da ASAS sobre o setor, caracterizando a presenca da massa de ar Tropical Atlantica, quente e umida, sobre a regiao Nordeste demarcada.;Verão;;;;;;;;;;;;;;;;
2024-03-01 00:00:00;Litoral;mTa;Regiao sob incidencia de fluxo zonal maritimo quente e umido, caracteristico da circulacao periferica da alta pressao subtropical, determinando a predominancia da massa Tropical At;Verão;;;;;;;;;;;;;;;;
2024-03-01 00:00:00;Centro;mTa;A região delimitada está sob influência da circulação da alta pressão do Atlântico Sul, caracterizando a predominância da massa de ar Tropical Atlântica, quente e úmida.;Verão;;;;;;;;;;;;;;;;
2024-03-01 00:00:00;Sul;mTa;A região encontra-se sob influência do fluxo predominante de leste/nordeste da circulação marítima, caracterizando o predomínio da Massa Tropical Atlântica (mTa).;Verão;;;;;;;;;;;;;;;;
2024-03-02 00:00:00;Norte;mEc;Regiao central da Amazonia sob influencia de ar quente e umido de origem continental, caracteristico da massa equatorial, sem intrusao de sistemas frontais.;Verão;;;;;;;;;;;;;;;;
2024-03-02 00:00:00;Nordeste;mTa;A região do retângulo é dominada pelo fluxo de leste marítimo associado ao Anticiclone Subtropical do Atlântico Sul, caracterizando a atuação predominante da massa tropical atlânti;Verão;;;;;;;;;;;;;;;;
2024-03-02 00:00:00;Litoral;mTa;Predominio da massa tropical atlantica na regiao costeira sob influencia do escoamento do sistema de alta pressao, mantendo caracteristicas quentes e umidas no setor.;Verão;;;;;;;;;;;;;;;;
2024-03-02 00:00:00;Centro;mTc;Região do interior do continente sob influência de altas temperaturas e baixos teores de umidade, características típicas da massa Tropical Continental sobre o Mato Grosso.;Verão;;;;;;;;;;;;;;;;
2024-03-02 00:00:00;Sul;mTa;A região encontra-se sob influência do fluxo de circulação marítima da alta pressão subtropical, caracterizando o predomínio de ar quente e úmido de origem oceânica.;Verão;;;;;;;;;;;;;;;;
2024-03-03 00:00:00;Norte;mEc;Regiao sobre o dominio da Amazonia central, caracterizada por condicoes de calor e alta umidade, sem a influencia direta de sistemas frontais ou circulacoes maritimas.;Verão;;;;;;;;;;;;;;;;
2024-03-03 00:00:00;Nordeste;mTa;Região sob influência direta do escoamento marítimo de leste, característico da atuação da massa Tropical Atlântica, que mantém o transporte de umidade e temperaturas elevadas.;Verão;;;;;;;;;;;;;;;;
2024-03-03 00:00:00;Litoral;mTa;Regiao sob influencia do escoamento de leste/sudeste associado a alta subtropical, caracterizando o dominio da Massa Tropical Atlantica, quente e umida no setor costeiro leste.;Verão;;;;;;;;;;;;;;;;
2024-03-03 00:00:00;Centro;mTa;Região central sob influência direta do fluxo de umidade do oceano provocado pela ASAS, caracterizando o domínio da massa Tropical Atlântica com temperaturas elevadas e umidade sig;Verão;;;;;;;;;;;;;;;;
2024-03-03 00:00:00;Sul;mPa;Regional delimitada sob influência clara de massa de ar frio e úmido, evidenciada pelos valores térmicos reduzidos apresentados nas estações após a passagem da frente fria.;Verão;;;;;;;;;;;;;;;;
2024-03-04 00:00:00;Norte;mEc;A região destacada sobre a bacia amazônica caracteriza-se pela predominância de ar quente e úmido, típicas das propriedades da Massa Equatorial Continental sem influência frontal.;Verão;;;;;;;;;;;;;;;;
2024-03-04 00:00:00;Nordeste;mEa;A região delimitada no setor norte/nordeste encontra-se sob influência predominante da Massa Equatorial Atlântica, caracterizada pelo transporte de umidade do oceano para o contine;Verão;;;;;;;;;;;;;;;;
2024-03-04 00:00:00;Litoral;mTa;Região sob influência direta do escoamento marítimo quente e úmido característico da massa tropical atlântica, predominante no setor leste do litoral brasileiro.;Verão;;;;;;;;;;;;;;;;
2024-03-04 00:00:00;Centro;mTa;Regiao sob influencia do escoamento provindo do quadrante leste/sudeste, associado ao fluxo marítimo quente e umido proveniente do Atlantico Sul.;Verão;;;;;;;;;;;;;;;;
2024-03-04 00:00:00;Sul;mPa;Região sob influência direta de uma massa de ar frio e úmido (mPa) em deslocamento, observada no setor posterior à frente fria que avança sobre o Sul e Sudeste do Brasil.;Verão;;;;;;;;;;;;;;;;
2024-03-05 00:00:00;Norte;mEc;Massa Equatorial Continental predominante na região amazônica, caracterizada por altas temperaturas e elevada umidade, sem influência de sistemas frontais ou massas extratropicais.;Verão;;;;;;;;;;;;;;;;
2024-03-05 00:00:00;Nordeste;mTa;Predominancia da Massa Tropical Atlantica, caracterizada pelo fluxo de leste/sudeste associado ao escoamento marítimo que transporta umidade e calor para a regiao Nordeste.;Verão;;;;;;;;;;;;;;;;
2024-03-05 00:00:00;Litoral;mTa;Predominancia da Massa Tropical Atlantica no setor costeiro, caracterizada por fluxos de leste influenciados pela circulacao de alta pressao sobre o oceano.;Verão;;;;;;;;;;;;;;;;
2024-03-05 00:00:00;Centro;mTa;A região central delimitada encontra-se sob influência da circulação marítima, com transporte de umidade e calor característicos da Massa Tropical Atlântica.;Verão;;;;;;;;;;;;;;;;
2024-03-05 00:00:00;Sul;mPa;Regiao sob incidencia de gradiente de pressao e adveccao de ar polar, evidenciada pelos valores mais baixos de temperatura e ponto de orvalho apos a passagem de sistema frontal.;Verão;;;;;;;;;;;;;;;;
2024-03-06 00:00:00;Norte;mEc;A região delimitada compreende a bacia amazônica. Na ausência de perturbações frontais na área, prevalece a massa de ar quente e úmida de origem continental (mEc).;Verão;;;;;;;;;;;;;;;;
2024-03-06 00:00:00;Nordeste;mTa;Predominância da Massa Tropical Atlântica, caracterizada pelo transporte de umidade do oceano para o continente, mantendo elevadas temperaturas e estabilidade na região delimitada.;Verão;;;;;;;;;;;;;;;;
2024-03-06 00:00:00;Litoral;mTa;Região sob influência direta do fluxo de leste da alta subtropical, caracterizada por transporte de umidade oceânica e temperaturas elevadas típicas da mTa no litoral leste brasile;Verão;;;;;;;;;;;;;;;;
2024-03-06 00:00:00;Centro;mTa;A região encontra-se sob domínio da circulação marítima da Alta Subtropical do Atlântico Sul, caracterizada pela predominância de transporte de umidade do oceano para o continente.;Verão;;;;;;;;;;;;;;;;
2024-03-06 00:00:00;Sul;mPa;A região delimitada encontra-se no setor pós-frontal, sob influência direta do ar frio e estável transportado pelo avanço da massa polar sobre o continente.;Verão;;;;;;;;;;;;;;;;
2024-03-07 00:00:00;Norte;mEc;A região delimitada compreende a bacia amazônica, onde predomina a Massa Equatorial Continental, caracterizada por ser quente e úmida, sem influência de sistemas frontais extratrop;Verão;;;;;;;;;;;;;;;;
2024-03-07 00:00:00;Nordeste;mTa;Predominância de características de ar tropical marítimo, quente e úmido, sob influência dos gradientes de pressão do Atlântico Sul sobre o setor delimitado.;Verão;;;;;;;;;;;;;;;;
2024-03-07 00:00:00;Litoral;mTa;A região delimitada está sob a influência do fluxo marítimo da alta pressão do Atlântico, caracterizando o predomínio de ar quente e úmido tipicamente tropical marítimo (mTa).;Verão;;;;;;;;;;;;;;;;
2024-03-07 00:00:00;Centro;mEc;A região central delimitada apresenta predomínio de umidade e instabilidade características da Massa Equatorial Continental, que domina o interior do continente neste período.;Verão;;;;;;;;;;;;;;;;
2024-03-07 00:00:00;Sul;mTa;A região destacada encontra-se sob domínio do fluxo adjacente à circulação anticiclônica do Atlântico Sul, caracterizando predominância de ar quente e úmido de origem marítima.;Verão;;;;;;;;;;;;;;;;
2024-03-08 00:00:00;Norte;mEc;A região delimitada abrange a bacia amazônica e áreas continentais adjacentes, onde predomina a massa tropical continental quente e úmida, característica da circulação amazônica.;Verão;;;;;;;;;;;;;;;;
2024-03-08 00:00:00;Nordeste;mTa;Predominância de ar quente e úmido no setor devido à influência do escoamento zonal estabelecido pelo sistema de alta pressão oceânica, caracterizando a atuação da mTa.;Verão;;;;;;;;;;;;;;;;
2024-03-08 00:00:00;Litoral;mTa;O litoral indicado está sob a influência do fluxo marítimo da circulação anticiclônica oceânica, caracterizando o predomínio de características da Massa Tropical Atlântica.;Verão;;;;;;;;;;;;;;;;
2024-03-08 00:00:00;Centro;mTa;A região encontra-se sob influência da circulação anticiclônica do Atlântico Sul, que transporta ar quente e úmido para o interior do continente, caracterizando a atuação da mTa.;Verão;;;;;;;;;;;;;;;;
2024-03-08 00:00:00;Sul;mTa;A região delimitada está sob a influência do escoamento marítimo associado ao sistema de alta pressão no Atlântico Sul, caracterizando a predominância da Massa Tropical Atlântica.;Verão;;;;;;;;;;;;;;;;
2024-03-09 00:00:00;Norte;mEc;Região central da Bacia Amazônica, caracterizada por alta umidade e temperaturas elevadas, sob domínio da massa de ar quente e úmida de origem continental.;Verão;;;;;;;;;;;;;;;;
2024-03-09 00:00:00;Nordeste;mTa;A região do Nordeste delimitada encontra-se sob influência da circulação marítima da massa tropical atlântica, transportando umidade e calor para o setor costeiro e interior.;Verão;;;;;;;;;;;;;;;;
2024-03-09 00:00:00;Litoral;mTa;Região sob influência direta do escoamento marítimo associado ao sistema de alta pressão oceânico, com características de ar quente e úmido predominante no setor leste.;Verão;;;;;;;;;;;;;;;;
2024-03-09 00:00:00;Centro;mTa;A regiao encontra-se sob o fluxo do escoamento zonal e o dominio da alta pressao subtropical, caracterizando predominio da massa tropical atlantica, quente e umida.;Verão;;;;;;;;;;;;;;;;
2024-03-09 00:00:00;Sul;mPa;A região delimitada encontra-se sob influência de uma massa de ar pós-frontal, com gradiente de pressão característico após a passagem de sistema frontal, evidenciando avanço da mP;Verão;;;;;;;;;;;;;;;;
2024-03-10 00:00:00;Norte;mEc;A região delimitada abrange a bacia amazônica e adjacências, sob domínio característico da Massa Equatorial Continental, que apresenta elevadas temperaturas e umidade abundante.;Verão;;;;;;;;;;;;;;;;
2024-03-10 00:00:00;Nordeste;mTa;A região apresenta influência direta do fluxo de leste e sudeste característico da periferia da ASAS, estabelecendo o transporte de umidade e calor sobre o setor nordestino.;Verão;;;;;;;;;;;;;;;;
2024-03-10 00:00:00;Litoral;mTa;A região encontra-se sob a influência do fluxo marítimo da Alta Subtropical do Atlântico Sul, caracterizando a predominância da Massa Tropical Atlântica (mTa), quente e úmida.;Verão;;;;;;;;;;;;;;;;
2024-03-10 00:00:00;Centro;mEc;Predominancia da Massa Equatorial Continental sobre a regiao central, caracterizada pelas condicoes de calor e umidade tipicas do interior do continente, sem influencia de frentes ;Verão;;;;;;;;;;;;;;;;
2024-03-10 00:00:00;Sul;mPa;A região delimitada encontra-se na retaguarda de um sistema frontal, caracterizada pela incursão e domínio de uma massa de ar mais fria e estável de origem polar.;Verão;;;;;;;;;;;;;;;;
2024-03-11 00:00:00;Norte;mEc;A regiao delimitada esta sob influencia da Massa Equatorial Continental, caracterizada pela predominancia de ar quente e umido associado a circulacao amazonica.;Verão;;;;;;;;;;;;;;;;
2024-03-11 00:00:00;Nordeste;mTa;Regiao sob influencia do escoamento marítimo quente e umido transporte pela circulação da alta subtropical, caracterizando o domínio da massa tropical atlantica no setor.;Verão;;;;;;;;;;;;;;;;
2024-03-11 00:00:00;Litoral;mEa;A região delimitada no setor nordeste do litoral é caracterizada pela predominância da Massa Equatorial Atlântica, devido à sua latitude e persistência de ventos marítimos úmidos.;Verão;;;;;;;;;;;;;;;;
2024-03-11 00:00:00;Centro;mTc;Regiao central do continente sob influencia de subsidencia e aquecimento continental, caracterizando a Massa Tropical Continental sobre o interior do Brasil.;Verão;;;;;;;;;;;;;;;;
2024-03-11 00:00:00;Sul;mTa;A região delimitada encontra-se sob o fluxo do anticiclone oceânico, apresentando características de estabilidade e aquecimento típicas da massa Tropical Atlântica.;Verão;;;;;;;;;;;;;;;;
2024-03-12 00:00:00;Norte;mEc;Região localizada sobre a bacia amazônica e parte central do país, caracterizada por alta umidade e temperaturas elevadas, típicas da influência da massa equatorial continental.;Verão;;;;;;;;;;;;;;;;
2024-03-12 00:00:00;Nordeste;mTa;A região do retângulo é dominada pelo fluxo de leste/sudeste proveniente do oceano, característico da massa tropical atlântica, que mantém as condições de umidade na costa.;Verão;;;;;;;;;;;;;;;;
2024-03-12 00:00:00;Litoral;mTa;A região delimitada encontra-se sob influência do escoamento marítimo de leste, transporte de umidade e calor sob domínio da circulação anticiclônica do Atlântico Sul.;Verão;;;;;;;;;;;;;;;;
2024-03-12 00:00:00;Centro;mTa;A região delimitada está sob a influência do fluxo marítimo da alta pressão subtropical. A massa de ar tropical atlântica predomina, mantendo características de umidade e calor.;Verão;;;;;;;;;;;;;;;;
2024-03-12 00:00:00;Sul;mTa;A região encontra-se sob influência do fluxo de circulação marítima, com predominância de ar quente e úmido transportado do oceano pelo anticiclone semipermanente.;Verão;;;;;;;;;;;;;;;;
2024-03-13 00:00:00;Norte;mEc;Região predominantemente sobre a bacia amazônica, caracterizada por altas temperaturas e elevada umidade, sob domínio da Massa Equatorial Continental.;Verão;;;;;;;;;;;;;;;;
2024-03-13 00:00:00;Nordeste;mTa;Predominio da massa tropical atlantica na regiao do Nordeste, caracterizada por fluxos quentes e umidos sob influencia da circulacao de alta pressao no oceano.;Verão;;;;;;;;;;;;;;;;
2024-03-13 00:00:00;Litoral;mTa;A regiao delimitada esta sob influencia direta do fluxo zonal associado ao escoamento em superficie do Atlantico Sul, caracterizando o dominio da Massa Tropical Atlantica.;Verão;;;;;;;;;;;;;;;;
2024-03-13 00:00:00;Centro;mEc;Região central sob influência da massa Equatorial Continental, caracterizada por aquecimento e umidade, posicionada ao norte da frente fria e fora da influência direta da mTa.;Verão;;;;;;;;;;;;;;;;
2024-03-13 00:00:00;Sul;mPa;A região delimitada encontra-se no setor pós-frontal, sob influência direta do avanço de uma massa de ar frio e úmido deslocada por um sistema frontal no Atlântico Sul.;Verão;;;;;;;;;;;;;;;;
2024-03-14 00:00:00;Norte;mEc;A região delimitada abrange a bacia amazônica, onde predomina a Massa Equatorial Continental, caracterizada pela alta umidade e temperaturas elevadas típicas do centro do continent;Verão;;;;;;;;;;;;;;;;
2024-03-14 00:00:00;Nordeste;mTa;A região encontra-se sob influência direta do escoamento marítimo de leste/sudeste associado ao transporte de umidade do oceano, caracterizando o predomínio da mTa na área delimita;Verão;;;;;;;;;;;;;;;;
2024-03-14 00:00:00;Litoral;mEa;A região delimitada no litoral norte/nordeste encontra-se sob influência da Massa Equatorial Atlântica, caracterizada pelo fluxo de ar quente e úmido vindo do oceano.;Verão;;;;;;;;;;;;;;;;
2024-03-14 00:00:00;Centro;mTa;A região demarcada encontra-se sob influência de um campo de alta pressão, caracterizando a atuação predominante da Massa Tropical Atlântica com características quentes e úmidas.;Verão;;;;;;;;;;;;;;;;
2024-03-14 00:00:00;Sul;mTa;A regiao delimitada encontra-se sob circulacao maritima do anticiclone subtropical, caracterizando a influencia da massa tropical atlantica com transporte de umidade e calor.;Verão;;;;;;;;;;;;;;;;
2024-03-15 00:00:00;Norte;mEc;A região delimitada abrange a bacia amazônica e áreas adjacentes, onde a massa de ar Equatorial Continental, quente e úmida, predomina sem interferência de sistemas frontais.;Verão;;;;;;;;;;;;;;;;
2024-03-15 00:00:00;Nordeste;mTa;A região do Nordeste delimitada encontra-se sob influência direta do escoamento do Atlântico Sul, caracterizando o predomínio da Massa Tropical Atlântica (mTa), quente e úmida.;Verão;;;;;;;;;;;;;;;;
2024-03-15 00:00:00;Litoral;mTa;A região encontra-se sob influência do fluxo equatorial/tropical marítimo associado ao sistema de alta pressão oceânico, caracterizando a predominância da massa Tropical Atlântica.;Verão;;;;;;;;;;;;;;;;
2024-03-15 00:00:00;Centro;mTa;A região apresenta características de estabilidade e fluxo quente e úmido vindo do Atlântico, típicas do domínio da massa Tropical Atlântica na ausência de sistemas frontais ativos;Verão;;;;;;;;;;;;;;;;
2024-03-15 00:00:00;Sul;mPa;A região delimitada encontra-se sob influência de massa polar atlantica, evidenciada pela passagem recente de frente fria ao sul e leste, caracterizando incursão de ar mais frio.;Verão;;;;;;;;;;;;;;;;
2024-03-16 00:00:00;Norte;mEc;Regiao central e norte da Amazonia sob dominio de massa equatorial quente e umida, caracteristica da bacia, sem influencia direta de sistemas polares ou tropicais maritimos.;Verão;;;;;;;;;;;;;;;;
2024-03-16 00:00:00;Nordeste;mTa;Predominancia da mTa sobre a regiao, caracterizada pelo fluxo de ar quente e umido originado no Atlantico Sul, sob influencia direta do escoamento do anticiclone subtropical.;Verão;;;;;;;;;;;;;;;;
2024-03-16 00:00:00;Litoral;mEa;A região delimitada no setor nordeste do litoral brasileiro encontra-se sob influência da circulação da Massa Equatorial Atlântica, caracterizada pelo fluxo quente e úmido dominant;Verão;;;;;;;;;;;;;;;;
2024-03-16 00:00:00;Centro;mTa;Regiao sob influencia predominante do fluxo de leste/nordeste associado a alta pressao do Atlantico Sul, caracterizando uma massa tropical quente e umida sobre o interior central.;Verão;;;;;;;;;;;;;;;;
2024-03-16 00:00:00;Sul;mTa;Regiao sob dominio do escoamento da circulacao anticiclonica do Atlantico Sul, caracterizando a predominancia de ar quente e umido sobre o setor costeiro e interior do Sudeste.;Verão;;;;;;;;;;;;;;;;
2024-03-17 00:00:00;Norte;mEc;A região delimitada abrange a bacia amazônica, onde a Massa Equatorial Continental estabelece seu domínio característico, mantendo altas temperaturas e elevada umidade atmosférica.;Verão;;;;;;;;;;;;;;;;
2024-03-17 00:00:00;Nordeste;mTa;Predomínio de fluxo marítimo sob influência do anticiclone subtropical, transporte de umidade e calor característicos da massa Tropical Atlântica sobre a região demarcada.;Verão;;;;;;;;;;;;;;;;
2024-03-17 00:00:00;Litoral;mTa;A regiao delimitada esta sob influencia direta do escoamento de leste-sudeste do sistema de alta pressao do Atlantico Sul, caracterizando a predominancia da Massa Tropical Atlantic;Verão;;;;;;;;;;;;;;;;
2024-03-17 00:00:00;Centro;mTa;A região destaca-se sob a influência do escoamento marítimo oriundo do Atlântico, configurando o predomínio da Massa Tropical Atlântica com características de calor e umidade.;Verão;;;;;;;;;;;;;;;;
2024-03-17 00:00:00;Sul;mPa;A região delimitada encontra-se sob influência imediata da circulação pós-frontal, com gradiente de pressão e declínio térmico característicos do ingresso de ar polar no Sul do paí;Verão;;;;;;;;;;;;;;;;
2024-03-18 00:00:00;Norte;mEc;A região delimitada abrange a bacia amazônica, onde predomina a Massa Equatorial Continental, caracterizada por natureza quente e úmida, típica desta área continental central.;Verão;;;;;;;;;;;;;;;;
2024-03-18 00:00:00;Nordeste;mTa;Predominio da massa Tropical Atlantica, caracterizada pelo fluxo de leste/sudeste associado ao escoamento da alta subtropical, mantendo o transporte de umidade sobre o Nordeste.;Verão;;;;;;;;;;;;;;;;
2024-03-18 00:00:00;Litoral;mTa;A região delimitada está sob forte influência do fluxo marítimo do quadrante leste, característico da Massa Tropical Atlântica, garantindo umidade e temperaturas elevadas no litora;Verão;;;;;;;;;;;;;;;;
2024-03-18 00:00:00;Centro;mTa;Região situada sob influência da circulação da ASAS, apresentando características de massa de ar tropical atlântica, com estabilidade térmica e umidade típica do setor.;Verão;;;;;;;;;;;;;;;;
2024-03-18 00:00:00;Sul;mTa;A regiao encontra-se sob influencia predominante do escoamento do quadrante norte/nordeste associado a ASAS, caracterizando fluxo tipico da Massa Tropical Atlantica.;Verão;;;;;;;;;;;;;;;;
2024-03-19 00:00:00;Norte;mEc;A região demarcada encontra-se sobre a bacia amazônica, caracterizada por altas temperaturas e elevada umidade, evidenciando o domínio da Massa Equatorial Continental.;Verão;;;;;;;;;;;;;;;;
2024-03-19 00:00:00;Nordeste;mTa;Região sob influência direta do fluxo de leste/sudeste da circulação marítima, apresentando características de ar quente e úmido típicas da Massa Tropical Atlântica.;Verão;;;;;;;;;;;;;;;;
2024-03-19 00:00:00;Litoral;mTa;O setor litorâneo delimitado encontra-se sob influência da circulação anticiclônica oceânica, caracterizando o fluxo de uma massa de ar quente e úmida típica do Atlântico Tropical.;Verão;;;;;;;;;;;;;;;;
2024-03-19 00:00:00;Centro;mTc;Posicionada sobre o interior do Brasil central, a massa apresenta características de ar quente e seco, típica da mTc que domina a região da Depressão do Chaco e adjacências.;Verão;;;;;;;;;;;;;;;;
2024-03-19 00:00:00;Sul;mTa;Regiao sob influencia do fluxo quente e umido proveniente do Atlantico Sul, caracterizando a predominancia da massa Tropical Atlantica com estabilidade relativa.;Outono;;;;;;;;;;;;;;;;
2024-03-20 00:00:00;Norte;mEc;A regiao delimitada esta sob influencia direta da circulacao sobre a bacia Amazonica, caracterizada pelo predomino de ar quente e umido de origem equatorial continental.;Outono;;;;;;;;;;;;;;;;
2024-03-20 00:00:00;Nordeste;mTa;A região do Nordeste delimitada encontra-se sob influência predominante do fluxo de leste da circulação marítima, caracterizando a atuação da massa de ar Tropical Atlântica.;Outono;;;;;;;;;;;;;;;;
2024-03-20 00:00:00;Litoral;mTa;Região sob influência direta do fluxo de leste/sudeste associado à circulação oceânica, caracterizando a predominância de ar quente e úmido de origem marítima (mTa).;Outono;;;;;;;;;;;;;;;;
2024-03-20 00:00:00;Centro;mTa;A região encontra-se sob influência do fluxo de circulação marítima da ASAS, caracterizando o domínio da massa tropical atlântica, quente e úmida, sobre o Brasil Central.;Outono;;;;;;;;;;;;;;;;
2024-03-20 00:00:00;Sul;mPa;A região delimitada encontra-se sob influência do avanço de uma massa polar atlântica, observada a retaguarda da frente fria que atravessa o setor, caracterizando o ingresso de ar ;Outono;;;;;;;;;;;;;;;;
2024-03-21 00:00:00;Norte;mEc;Região situada sobre a bacia amazônica, caracterizada por altas temperaturas e elevada umidade, sob domínio da massa de ar quente e úmida de origem continental.;Outono;;;;;;;;;;;;;;;;
2024-03-21 00:00:00;Nordeste;mTa;Região sob influência direta do fluxo de leste/sudeste proveniente do Anticiclone subtropical do Atlântico Sul, caracterizando o predomínio da massa Tropical Atlântica (mTa).;Outono;;;;;;;;;;;;;;;;
2024-03-21 00:00:00;Litoral;mTa;Dominio da circulacao maritima com transporte de umidade do oceano para o continente, sob influencia direta das caracteristicas termodinamicas da Massa Tropical Atlantica.;Outono;;;;;;;;;;;;;;;;
2024-03-21 00:00:00;Centro;mTc;A região central encontra-se sob influência de subsidência e aquecimento na Depressão do Chaco, caracterizando-se pela massa de ar quente e seca de origem continental (mTc).;Outono;;;;;;;;;;;;;;;;
2024-03-21 00:00:00;Sul;mTa;Regiao sob influencia predominante da circulacao de um centro de alta pressao no Atlantico Sul, apresentando caracteristicas tropicais quentes e umidas, sem invasao de ar polar.;Outono;;;;;;;;;;;;;;;;
2024-03-22 00:00:00;Norte;mEc;Regiao central e norte da carta sob influencia da massa de ar quente e umida de origem continental (Amazonia), sem interferencia direta de sistemas frontais no setor delimitado.;Outono;;;;;;;;;;;;;;;;
2024-03-22 00:00:00;Nordeste;mTa;Região sob influência direta do escoamento marítimo de leste, característico da atuação da periferia da circulação oceânica, transportando ar quente e úmido sobre o Nordeste.;Outono;;;;;;;;;;;;;;;;
2024-03-22 00:00:00;Litoral;mTa;A região delimitada apresenta escoamento zonal e termodinâmicas típicas de ambiente tropical oceânico, caracterizando a influência predominante da massa Tropical Atlântica.;Outono;;;;;;;;;;;;;;;;
2024-03-22 00:00:00;Centro;mTa;A região encontra-se sob influência do fluxo de ar quente e úmido vindo do oceano, caracterizando o domínio da massa Tropical Atlântica na circulação periférica do sistema de alta ;Outono;;;;;;;;;;;;;;;;
2024-03-22 00:00:00;Sul;mPa;A região delimitada situa-se na retaguarda de um sistema frontal, caracterizada pela incursão de ar frio e seco, consolidando o domínio da massa polar atlântica sobre o setor.;Outono;;;;;;;;;;;;;;;;
2024-03-23 00:00:00;Norte;mEc;Região sobre o interior do continente, caracterizada por altas temperaturas e elevada umidade, sob domínio da massa de ar quente e úmida originária da bacia Amazônica.;Outono;;;;;;;;;;;;;;;;
2024-03-23 00:00:00;Nordeste;mTa;A região destacada está sob influência do escoamento marítimo oriundo do oceano, caracterizando o predomínio da Massa Tropical Atlântica nesta porção do Nordeste brasileiro.;Outono;;;;;;;;;;;;;;;;
2024-03-23 00:00:00;Litoral;mEa;A região delimitada no litoral nordestino encontra-se sob influência da Massa Equatorial Atlântica, caracterizada pelo fluxo marítimo quente e úmido no setor norte.;Outono;;;;;;;;;;;;;;;;
2024-03-23 00:00:00;Centro;mPa;A região delimitada encontra-se sob influência do avanço de uma massa de ar frio e úmido após a passagem de sistema frontal, caracterizando a atuação da mPa no setor.;Outono;;;;;;;;;;;;;;;;
2024-03-23 00:00:00;Sul;mPa;A região delimitada encontra-se na retaguarda de uma frente fria, caracterizada pela presença de ar frio e seco com circulação anticiclônica impulsionando o avanço da mPa.;Outono;;;;;;;;;;;;;;;;
2024-03-24 00:00:00;Norte;mEc;Região central da Bacia Amazônica, caracterizada por altas temperaturas e elevada umidade, sob influência direta e persistente da Massa Equatorial Continental.;Outono;;;;;;;;;;;;;;;;
2024-03-24 00:00:00;Nordeste;mTa;Predominio da massa Tropical Atlantica, caracterizada por fluxos de leste influenciados pela circulacao de alta pressao oceanica sobre a regiao Nordeste.;Outono;;;;;;;;;;;;;;;;
2024-03-24 00:00:00;Litoral;mTa;A regiao delimitada encontra-se sob a influencia direta do fluxo zonal de leste da circulacao da ASAS, caracterizando a presenca da Massa Tropical Atlantica (mTa) no litoral.;Outono;;;;;;;;;;;;;;;;
2024-03-24 00:00:00;Centro;mPa;A região delimitada encontra-se sob influência imediata do fluxo pós-frontal sul/sudeste, com queda de temperatura e umidade característica do avanço da massa polar atlântica.;Outono;;;;;;;;;;;;;;;;
2024-03-24 00:00:00;Sul;mPa;A região delimitada encontra-se na retaguarda de uma frente fria que se desloca pelo oceano, caracterizando o ingresso de ar mais frio e denso típico da massa polar atlântica.;Outono;;;;;;;;;;;;;;;;
2024-03-25 00:00:00;Norte;mEc;Região central no interior do continente, caracterizada por altas temperaturas e umidade estagnada, sob domínio da massa quente e úmida de origem continental, sem influência de fre;Outono;;;;;;;;;;;;;;;;
2024-03-25 00:00:00;Nordeste;mTa;A região delimitada está sob forte influência do escoamento marítimo oriundo do Atlântico Sul, caracterizando a predominância da massa Tropical Atlântica (mTa) em seu setor costeir;Outono;;;;;;;;;;;;;;;;
2024-03-25 00:00:00;Litoral;mTa;A região delimitada está sob forte influência do fluxo marítimo da alta pressão do Atlântico, caracterizando o predomínio da massa tropical marítima, quente e úmida.;Outono;;;;;;;;;;;;;;;;
2024-03-25 00:00:00;Centro;mPa;A região apresenta-se sob influência de massa polar, evidenciada pela advecção fria e queda nas temperaturas após a passagem de sistema frontal pelo setor central do país.;Outono;;;;;;;;;;;;;;;;
2024-03-25 00:00:00;Sul;mPa;A região delimitada encontra-se sob influência de um sistema frontal, caracterizado pelo escoamento de ar frio e seco proveniente do quadrante sul, típico de uma massa polar atlânt;Outono;;;;;;;;;;;;;;;;
2024-03-26 00:00:00;Norte;mEc;Regiao central da Amazonia caracterizada por temperaturas elevadas e alta umidade, sem influencia de sistemas frontais, confirmando o dominio da Massa Equatorial Continental.;Outono;;;;;;;;;;;;;;;;
2024-03-26 00:00:00;Nordeste;mTa;Região sob influência direta do fluxo de leste da alta pressão subtropical do Atlântico Sul, caracterizando a predominância da massa Tropical Atlântica no setor Nordeste.;Outono;;;;;;;;;;;;;;;;
2024-03-26 00:00:00;Litoral;mTa;A área delimitada encontra-se sob o domínio da circulação marítima da alta pressão do Atlântico, caracterizando a predominância da Massa Tropical Atlântica (mTa).;Outono;;;;;;;;;;;;;;;;
2024-03-26 00:00:00;Centro;mPa;A região encontra-se submetida ao fluxo pós-frontal, com advecção de ar frio e caráter instável característico do ingresso da massa polar no setor central do continente.;Outono;;;;;;;;;;;;;;;;
2024-03-26 00:00:00;Sul;mPa;A região delimitada encontra-se sob influência de massa de ar frio e seco, posicionada nitidamente no setor pós-frontal do sistema analisado, caracterizando a mPa.;Outono;;;;;;;;;;;;;;;;
2024-03-27 00:00:00;Norte;mEc;Região predominantemente sob influência da Massa Equatorial Continental, caracterizada por baixos gradientes de pressão e condições térmicas elevadas sobre a bacia amazônica.;Outono;;;;;;;;;;;;;;;;
2024-03-27 00:00:00;Nordeste;mEa;A região delimitada no Nordeste encontra-se sob influência imediata da mEa, caracterizada por ser quente e úmida, atuando sobre a costa e porções adjacentes do litoral setentrional;Outono;;;;;;;;;;;;;;;;
2024-03-27 00:00:00;Litoral;mTa;Regiao sob influencia do escoamento de leste-nordeste oriundo do oceano, caracterizando o dominio da Massa Tropical Atlantica (mTa) com transporte de umidade para o litoral.;Outono;;;;;;;;;;;;;;;;
2024-03-27 00:00:00;Centro;mTa;Regiao sob incidencia de fluxo oriundo do quadrante norte/nordeste, caracteristico da circulacao maritima quente e umida que predomina no setor central do continente.;Outono;;;;;;;;;;;;;;;;
2024-03-27 00:00:00;Sul;mPa;A região delimitada encontra-se sob influência de um sistema frontal, com o campo bárico e o escoamento caracterizando o avanço de ar frio e úmido de origem polar.;Outono;;;;;;;;;;;;;;;;
2024-03-28 00:00:00;Norte;mEc;Predominancia de massa quente e umida sobre a bacia Amazonica, caracteristica da mEc, mantendo estabilidade termica e alta umidade na regiao delimitada.;Outono;;;;;;;;;;;;;;;;
2024-03-28 00:00:00;Nordeste;mTa;A região é dominada pelo fluxo marítimo de sudeste proveniente do anticiclone sobre o Atlântico Sul, caracterizando a atuação e o transporte da massa Tropical Atlântica.;Outono;;;;;;;;;;;;;;;;
2024-03-28 00:00:00;Litoral;mTa;Predomínio de ar tropical quente e úmido no setor costeiro, sob influência direta da circulação marítima da alta pressão, caracterizando a atuação da massa Tropical Atlântica.;Outono;;;;;;;;;;;;;;;;
2024-03-28 00:00:00;Centro;mTa;Regiao sob influencia do escoamento maritimo da alta pressao subtropical, caracterizando o dominio da massa tropical atlantica, quente e umida, sobre o setor central do pais.;Outono;;;;;;;;;;;;;;;;
2024-03-28 00:00:00;Sul;mPa;Observa-se o avanço de uma massa de ar pós-frontal sobre a região Sul, caracterizada pela advecção de ar frio e umidade, posicionada estrategicamente atrás da frente fria.;Outono;;;;;;;;;;;;;;;;
2024-03-29 00:00:00;Norte;mEc;A regiao delimitada esta sob influencia da Massa Equatorial Continental, caracterizada por alta umidade e temperaturas elevadas, atuando sobre a bacia amazonica sem interferencia p;Outono;;;;;;;;;;;;;;;;
2024-03-29 00:00:00;Nordeste;mTa;A região delimitada situa-se sob o regime de circulação da ASAS, caracterizando o predomínio da mTa, massa de ar quente e úmida com fluxo marítimo persistente sobre o Nordeste.;Outono;;;;;;;;;;;;;;;;
2024-03-29 00:00:00;Litoral;mTa;Regiao sob fluxo predominante do quadrante leste, caracteristico da circulacao maritima quente e umida que compoe a massa Tropical Atlantica no litoral do Nordeste brasileiro.;Outono;;;;;;;;;;;;;;;;
2024-03-29 00:00:00;Centro;mPa;A região central delimitada apresenta gradiente térmico e deslocamento de ar associado ao avanço de frente fria na retaguarda, caracterizando a influência de uma massa de ar polar.;Outono;;;;;;;;;;;;;;;;
2024-03-29 00:00:00;Sul;mPa;A região delimitada encontra-se na retaguarda do sistema frontal, com queda de temperaturas e ventos do quadrante sul, caracterizando o ingresso da Massa Polar Atlântica.;Outono;;;;;;;;;;;;;;;;
2024-03-30 00:00:00;Norte;mEc;Região sob influência predominante da Massa Equatorial Continental, caracterizada por baixas pressões térmicas e alta umidade, típica do interior da Bacia Amazônica.;Outono;;;;;;;;;;;;;;;;
2024-03-30 00:00:00;Nordeste;mTa;A região do Nordeste delimitada encontra-se sob influência da circulação anticiclônica oceânica, caracterizando a predominância da massa Tropical Atlântica (mTa).;Outono;;;;;;;;;;;;;;;;
2024-03-30 00:00:00;Litoral;mTa;Regiao sob influencia do escoamento de leste-nordeste caracteristico da circulacao maritima associada a massa tropical atlantica, mantendo predominio de caracteristicas quentes e u;Outono;;;;;;;;;;;;;;;;
2024-03-30 00:00:00;Centro;mTc;A região central encontra-se sob domínio da mTc, caracterizada por temperaturas elevadas e umidade reduzida, predominante no interior do continente longe da influência oceânica.;Outono;;;;;;;;;;;;;;;;
2024-03-30 00:00:00;Sul;mPa;A região apresenta características de deslocamento pós-frontal, com queda nas temperaturas e valores térmicos condizentes com a influência da mPa na retaguarda da frente fria.;Outono;;;;;;;;;;;;;;;;
2024-03-31 00:00:00;Norte;mEc;Regiao situada no nucleo do continente sob influencia direta de ar quente e umido, caracteristico da massa equatorial continental que domina a Amazonia nesta epoca.;Outono;;;;;;;;;;;;;;;;
2024-03-31 00:00:00;Nordeste;mEa;A regiao apresenta predominio da Massa Equatorial Atlantica, caracterizada por elevada temperatura e umidade, posicionada sobre o setor setentrional do Nordeste brasileiro.;Outono;;;;;;;;;;;;;;;;
2024-03-31 00:00:00;Litoral;mTa;Região sob influência direta da circulação marítima quente e úmida do anticiclone do Atlântico Sul, caracterizando o fluxo típico da Massa Tropical Atlântica sobre o litoral leste.;Outono;;;;;;;;;;;;;;;;
2024-03-31 00:00:00;Centro;mTa;Região sob influência direta da circulação marítima do Atlântico Sul, caracterizada por temperaturas e umidade aquecidas, sem a presença de características térmicas de massas polar;Outono;;;;;;;;;;;;;;;;
2024-03-31 00:00:00;Sul;mPa;A região sob o retângulo vermelho encontra-se sob influência imediata do avanço de uma massa de ar polar, evidenciada pelas temperaturas mais baixas após a passagem da frente fria.;Outono;;;;;;;;;;;;;;;;
2024-04-01 00:00:00;Norte;mEc;Região central da Bacia Amazônica, caracterizada por altas temperaturas e elevada umidade, evidenciando o domínio da Massa Equatorial Continental sem influência de sistemas frontai;Outono;;;;;;;;;;;;;;;;
2024-04-01 00:00:00;Nordeste;mTa;Regiao sob fluxo predominante de leste, caracteristico da circulacao maritima quente e umida que adentra o litoral e interior do Nordeste, mantendo o dominio da mTa.;Outono;;;;;;;;;;;;;;;;
2024-04-01 00:00:00;Litoral;mTa;O setor delimitado encontra-se sob domínio do escoamento marítimo quente e úmido característico da Massa Tropical Atlântica, mantendo condições estáveis de umidade e temperatura.;Outono;;;;;;;;;;;;;;;;
2024-04-01 00:00:00;Centro;mTa;Predominância de ar quente e úmido no setor central conforme os campos báricos, caracterizando o fluxo típico da massa tropical marítima sobre a referida região.;Outono;;;;;;;;;;;;;;;;
2024-04-01 00:00:00;Sul;mPa;Região sob influência direta da massa de ar pós-frontal, caracterizada pelo ingresso de ar mais frio e denso na porção sul do setor delimitado.;Outono;;;;;;;;;;;;;;;;
2024-04-02 00:00:00;Norte;mEc;A região delimitada abrange a bacia amazônica e áreas continentais adjacentes, onde a massa de ar quente e úmida de origem equatorial continental domina o cenário meteorológico.;Outono;;;;;;;;;;;;;;;;
2024-04-02 00:00:00;Nordeste;mTa;Regiao sob fluxo predominante de leste/sudeste associado ao escoamento da alta subtropical, caracterizando a influencia da massa Tropical Atlantica no setor nordestino.;Outono;;;;;;;;;;;;;;;;
2024-04-02 00:00:00;Litoral;mTa;Regiao sob influencia do escoamento de sueste/leste provindo do Oceano Atlantico, caracterizando o dominio da Massa Tropical Atlantica (mTa) no setor costeiro indicado.;Outono;;;;;;;;;;;;;;;;
2024-04-02 00:00:00;Centro;mTa;Região sob influência da circulação anticiclônica do Atlântico Sul, caracterizada pela predominância de transporte de umidade e calor sobre o setor central do país.;Outono;;;;;;;;;;;;;;;;
2024-04-02 00:00:00;Sul;mPa;A região delimitada encontra-se na retaguarda de um sistema frontal, caracterizando a incursão e o domínio de massa de ar frio e úmido de origem polar.;Outono;;;;;;;;;;;;;;;;
2024-04-03 00:00:00;Norte;mEc;Região sobre o interior da Amazônia sob influência de massa quente e úmida, característica de baixas latitudes, sem a presença de sistemas frontais atuando no setor delimitado.;Outono;;;;;;;;;;;;;;;;
2024-04-03 00:00:00;Nordeste;mTa;A região encontra-se sob influência do escoamento do quadrante leste, característico da circulação da alta pressão subtropical do Atlântico Sul, justificando a predominância da mTa;Outono;;;;;;;;;;;;;;;;
2024-04-03 00:00:00;Litoral;mTa;A regiao delimitada esta sob influencia da circulacao de um centro de alta pressao no Atlantico Sul, caracterizando o transporte de ar quente e umido tipico da massa Tropical Atlan;Outono;;;;;;;;;;;;;;;;
2024-04-03 00:00:00;Centro;mPa;A região encontra-se logo atrás do deslocamento da frente fria, sob influência da subsidência e advecção de ar polar, caracterizada por valores térmicos menores que a vizinhança.;Outono;;;;;;;;;;;;;;;;
2024-04-03 00:00:00;Sul;mPa;A região apresenta características típicas de pós-frontal, com temperaturas mais amenas e ventos com componente sul/sudeste, indicando o avanço e domínio da massa de ar polar.;Outono;;;;;;;;;;;;;;;;
2024-04-04 00:00:00;Norte;mEc;Região central da Amazônia sob influência da Massa Equatorial Continental, caracterizada por alta umidade e temperaturas elevadas, típica do regime equatorial.;Outono;;;;;;;;;;;;;;;;
2024-04-04 00:00:00;Nordeste;mTa;Região sob influência direta do fluxo de leste da circulação marítima, transportando ar quente e úmido sobre o Nordeste brasileiro, característica típica da Massa Tropical Atlântic;Outono;;;;;;;;;;;;;;;;
2024-04-04 00:00:00;Litoral;mEa;A região delimitada no litoral norte/nordeste encontra-se sob influência da massa Equatorial Atlântica, caracterizada por condições de calor e alta umidade na faixa costeira tropic;Outono;;;;;;;;;;;;;;;;
2024-04-04 00:00:00;Centro;mPa;A região delimitada encontra-se sob influência de massa de ar frio e seco, posicionada nitidamente no setor pós-frontal da frente fria que atua sobre o Sudeste e Centro-Oeste.;Outono;;;;;;;;;;;;;;;;
2024-04-04 00:00:00;Sul;mPa;A região delimitada encontra-se sob a influência direta do avanço de uma massa de ar pós-frontal, caracterizada por temperaturas amenas e fluxo de sul/sudeste.;Outono;;;;;;;;;;;;;;;;
2024-04-05 00:00:00;Norte;mEc;Regiao central e norte da Bacia Amazonica sob influencia direta de massa quente e umida de origem continental, sem interferencia de sistemas frontais ou circulação polar.;Outono;;;;;;;;;;;;;;;;
2024-04-05 00:00:00;Nordeste;mTa;Dominio do fluxo de leste da circulacao da ASAS sobre o setor, caracterizando a atuacao da massa tropical atlantica, quente e umida, sobre a regiao Nordeste.;Outono;;;;;;;;;;;;;;;;
2024-04-05 00:00:00;Litoral;mEa;A região delimitada sob influência da ZCIT no litoral nordeste é dominada pela presença da Massa Equatorial Atlântica, caracterizada por ser quente e úmida.;Outono;;;;;;;;;;;;;;;;
2024-04-05 00:00:00;Centro;mTa;Regiao sob fluxo predominante de leste/nordeste associado a ASAS, mantendo caracteristicas de estabilidade, termodinamicamente quente e umida caracteristica da Massa Tropical Atlan;Outono;;;;;;;;;;;;;;;;
2024-04-05 00:00:00;Sul;mPa;A região encontra-se sob a influência da retaguarda de um sistema frontal, caracterizada pelo ingresso de ar frio e seco, consolidando o domínio da massa polar atlântica.;Outono;;;;;;;;;;;;;;;;
2024-04-06 00:00:00;Norte;mEc;A região delimitada abrange a bacia amazônica, onde predomina a Massa Equatorial Continental, caracterizada por alta umidade e temperaturas elevadas sobre o continente.;Outono;;;;;;;;;;;;;;;;
2024-04-06 00:00:00;Nordeste;mTa;Regiao sob incidencia de escoamento maritimo quente e umido, caracteristico da massa tropical atlantica, que domina o litoral e parte do interior do Nordeste brasileiro.;Outono;;;;;;;;;;;;;;;;
2024-04-06 00:00:00;Litoral;mEa;A região delimitada no setor leste do Nordeste encontra-se sob influência da Massa Equatorial Atlântica, caracterizada pelo transporte de umidade do oceano para o litoral norte/nor;Outono;;;;;;;;;;;;;;;;
2024-04-06 00:00:00;Centro;mPa;A região central delimitada encontra-se sob a influência direta do avanço da massa de ar polar, evidenciada pela passagem da frente fria que desestabilizou o setor.;Outono;;;;;;;;;;;;;;;;
2024-04-06 00:00:00;Sul;mPa;A região demarcada apresenta temperaturas mais baixas e ventos com componente sul/sudoeste, indicando o avanço de uma massa de ar frio e úmido após a passagem de uma frente fria.;Outono;;;;;;;;;;;;;;;;
2024-04-07 00:00:00;Norte;mEc;Dominio sobre a regiao Amazonica e interior do Norte, caracterizada por alta temperatura e umidade elevada, sem influencia de sistemas frontais ou transicoes extratropicais.;Outono;;;;;;;;;;;;;;;;
2024-04-07 00:00:00;Nordeste;mTa;Predominância da circulação marítima de leste/sudeste, transportando ar quente e úmido do oceano para o interior da região nordestina, sob influência do regime de alta pressão atlâ;Outono;;;;;;;;;;;;;;;;
2024-04-07 00:00:00;Litoral;mEa;A região delimitada no litoral nordeste encontra-se sob influência da Massa Equatorial Atlântica, caracterizada pelo ar quente e úmido predominante na faixa equatorial.;Outono;;;;;;;;;;;;;;;;
2024-04-07 00:00:00;Centro;mTa;Região sob influência do fluxo equatorial/tropical marítimo, caracterizada por temperaturas elevadas e umidade, sob domínio da circulação do anticiclone subtropical.;Outono;;;;;;;;;;;;;;;;
2024-04-07 00:00:00;Sul;mPa;A região apresenta características típicas de pós-frontal, com valores térmicos mais baixos e umidade associada à penetração e atuação da Massa Polar Atlântica no setor.;Outono;;;;;;;;;;;;;;;;
2024-04-08 00:00:00;Norte;mEc;A região delimitada abrange a bacia amazônica e áreas adjacentes, onde a massa de ar quente e úmida de origem continental predomina, mantendo estabilidade térmica característica.;Outono;;;;;;;;;;;;;;;;
2024-04-08 00:00:00;Nordeste;mTa;A região encontra-se sob influência predominante do fluxo de leste da circulação anticiclônica do Atlântico Sul, caracterizando a atuação da massa de ar Tropical Atlântica.;Outono;;;;;;;;;;;;;;;;
2024-04-08 00:00:00;Litoral;mTa;A área delimitada no litoral leste do Brasil encontra-se sob influência da circulação do escoamento marítimo provindo do Atlântico Sul, caracterizando o predomínio da mTa.;Outono;;;;;;;;;;;;;;;;
2024-04-08 00:00:00;Centro;mTa;Regiao sob influencia direta da alta pressao subtropical do Atlantico Sul, caracterizando a presenca de caracteristicas da massa Tropical Atlantica com umidade e calor moderados.;Outono;;;;;;;;;;;;;;;;
2024-04-08 00:00:00;Sul;mPa;A região encontra-se sob influência de uma massa de ar pós-frontal, caracterizada por temperaturas mais amenas e regime de ventos de quadrante sul, típica de avanço de mPa.;Outono;;;;;;;;;;;;;;;;
2024-04-09 00:00:00;Norte;mEc;Região localizada sobre a bacia amazônica, caracterizada por altas temperaturas e elevada umidade, sob domínio da Massa Equatorial Continental sem influências frontais.;Outono;;;;;;;;;;;;;;;;
2024-04-09 00:00:00;Nordeste;mEa;Predominância de ar quente e úmido transportado pelo fluxo marítimo do Atlântico Norte, atuando sobre a região costeira e interior do Nordeste, sob influência da circulação equator;Outono;;;;;;;;;;;;;;;;
2024-04-09 00:00:00;Litoral;mTa;A região do litoral delimitada permanece sob influência do escoamento marítimo, caracterizado por temperatura e umidade elevadas, propriedades típicas da Massa Tropical Atlântica.;Outono;;;;;;;;;;;;;;;;
2024-04-09 00:00:00;Centro;mTa;A região encontra-se sob influência do escoamento zonal e anticiclônico oceânico, caracterizando a predominância de ar quente e úmido de origem marítima sobre o setor.;Outono;;;;;;;;;;;;;;;;
2024-04-09 00:00:00;Sul;mPa;A região delimitada encontra-se sob a influência direta do avanço da massa de ar polar, evidenciado pela trajetória da frente fria que atravessa a porção sul do Brasil.;Outono;;;;;;;;;;;;;;;;
2024-04-10 00:00:00;Norte;mEc;A região delimitada abrange a bacia amazônica. A ausência de sistemas frontais e a característica de umidade e calor predominante confirmam o domínio da Massa Equatorial Continenta;Outono;;;;;;;;;;;;;;;;
2024-04-10 00:00:00;Nordeste;mTa;Região sob influência direta do escoamento marítimo de leste/sudeste, transportando ar quente e úmido característico da Massa Tropical Atlântica pelo setor costeiro e interior.;Outono;;;;;;;;;;;;;;;;
2024-04-10 00:00:00;Litoral;mTa;O setor encontra-se sob influência do escoamento marítimo de leste, característico da atuação da Massa Tropical Atlântica, apresentando umidade elevada e temperaturas tropicais.;Outono;;;;;;;;;;;;;;;;
2024-04-10 00:00:00;Centro;mTa;Regiao sob influencia da circulacao de um centro de alta pressao no Atlantico Sul, caracterizando a predominancia da massa Tropical Atlantica com umidade e calor moderado.;Outono;;;;;;;;;;;;;;;;
2024-04-10 00:00:00;Sul;mPa;Região sob influência direta de massa de ar frio e úmido, evidenciada pela advecção pós-frontal com quedas significativas nas temperaturas nas estações da área delimitada.;Outono;;;;;;;;;;;;;;;;
2024-04-11 00:00:00;Norte;mEc;A regiao delimitada esta sob influencia da massa de ar quente e umida de origem continental, caracteristica da bacia amazonica, sem a presenca ou avanco de sistemas frontais.;Outono;;;;;;;;;;;;;;;;
2024-04-11 00:00:00;Nordeste;mTa;A região encontra-se sob domínio do fluxo de nordeste proveniente do Atlântico Tropical, caracterizando a predominância da Massa Tropical Atlântica (mTa) sobre o setor.;Outono;;;;;;;;;;;;;;;;
2024-04-11 00:00:00;Litoral;mEa;Região sob influência equatorial no litoral norte/nordeste brasileiro, caracterizada por natureza quente e úmida típica desta massa em baixas latitudes.;Outono;;;;;;;;;;;;;;;;
2024-04-11 00:00:00;Centro;mTa;A região encontra-se sob influência da circulação da alta pressão do Atlântico, apresentando características de ar tropical marítimo, quente e úmido, predominante no setor centro-l;Outono;;;;;;;;;;;;;;;;
2024-04-11 00:00:00;Sul;mPa;A regiao apresenta caracteristicas de pos-frontal com subsidencia e adveccao de ar mais frio, evidenciando o dominio da massa polar atlantica sobre o setor delimitado.;Outono;;;;;;;;;;;;;;;;
2024-04-12 00:00:00;Norte;mEc;A região delimitada abrange a bacia amazônica, onde predomina uma massa de ar quente e úmida de origem continental, característica da mEc, dadas as condições térmicas e de umidade.;Outono;;;;;;;;;;;;;;;;
2024-04-12 00:00:00;Nordeste;mTa;Região sob predomínio do escoamento marítimo quente e úmido vindo do Atlântico, característico da massa tropical atlântica que influencia o setor costeiro e interior do Nordeste.;Outono;;;;;;;;;;;;;;;;
2024-04-12 00:00:00;Litoral;mTa;Região sob influência direta do fluxo de leste/sudeste associado à circulação periférica do sistema de alta pressão oceânico, caracterizando o domínio da massa tropical atlântica.;Outono;;;;;;;;;;;;;;;;
2024-04-12 00:00:00;Centro;mPa;A regiao delimitada encontra-se sob a influência direta do avanço de uma massa de ar frio e seco, posicionada nitidamente no setor de retaguarda da frente fria.;Outono;;;;;;;;;;;;;;;;
2024-04-12 00:00:00;Sul;mPa;A região delimitada encontra-se sob influência de massa de ar frio e seco, caracterizada por baixas temperaturas e ventos do quadrante sul, posicionada na retaguarda de frente fria;Outono;;;;;;;;;;;;;;;;
2024-04-13 00:00:00;Norte;mEc;Região situada no interior do continente amazônico, caracterizada pelo domínio da Massa Equatorial Continental, que apresenta elevadas temperaturas e umidade no setor.;Outono;;;;;;;;;;;;;;;;
2024-04-13 00:00:00;Nordeste;mTa;Predominância de ar quente e úmido transportado pelo fluxo marítimo na borda ocidental de alta pressão oceânica, caracterizando a influência da mTa na região nordestina.;Outono;;;;;;;;;;;;;;;;
2024-04-13 00:00:00;Litoral;mTa;Regiao sob clara influencia da circulacao periferica da alta pressao do Atlantico Sul, caracterizando o dominio da Massa Tropical Atlantica (mTa) no setor costeiro indicado.;Outono;;;;;;;;;;;;;;;;
2024-04-13 00:00:00;Centro;mPa;A região delimitada encontra-se após a passagem da frente fria, caracterizada pela advecção de ar frio e seco, consolidando o avanço e domínio da massa polar sobre o setor.;Outono;;;;;;;;;;;;;;;;
2024-04-13 00:00:00;Sul;mPa;A região delimitada encontra-se sob influência do avanço de uma frente fria, com massas de ar polar (mPa) adentrando o setor sul do continente, caracterizada pelas baixas temperatu;Outono;;;;;;;;;;;;;;;;
2024-04-14 00:00:00;Norte;mEc;Região central da Bacia Amazônica sob influência da Massa Equatorial Continental, caracterizada por temperaturas elevadas e alta umidade, sem a presença de sistemas frontais atuant;Outono;;;;;;;;;;;;;;;;
2024-04-14 00:00:00;Nordeste;mTa;A região do Nordeste delimitada encontra-se sob influência predominante do fluxo de leste, característico da atuação da Massa Tropical Atlântica, que determina o padrão térmico.;Outono;;;;;;;;;;;;;;;;
2024-04-14 00:00:00;Litoral;mTa;Regiao sob dominio do fluxo do anticiclone subtropical, apresentando caracteristicas tipicas de massa tropical maritima, quente e umida no setor costeiro.;Outono;;;;;;;;;;;;;;;;
2024-04-14 00:00:00;Centro;mPa;A região apresenta declínio térmico e gradiente de pressão característico após a passagem de uma frente fria, indicando o avanço e domínio da massa de ar polar.;Outono;;;;;;;;;;;;;;;;
2024-04-14 00:00:00;Sul;mPa;Região sob influência de massa de ar frio e seco, caracterizada pela queda nas temperaturas e valores reduzidos de ponto de orvalho em retaguarda imediata da frente fria.;Outono;;;;;;;;;;;;;;;;
2024-04-15 00:00:00;Norte;mEc;A região delimitada está situada sobre a bacia amazônica. Na ausência de frentes, a massa de ar quente e úmida mEc domina as condições locais de forma característica e persistente.;Outono;;;;;;;;;;;;;;;;
2024-04-15 00:00:00;Nordeste;mTa;Regiao sob predominio do fluxo de leste/sudeste associado a circulacao periferica da alta pressao do Atlantico Sul, caracterizando a atuacao da massa Tropical Atlantica.;Outono;;;;;;;;;;;;;;;;
2024-04-15 00:00:00;Litoral;mTa;A regiao delimitada esta sob influencia direta da circulacao oceanica de leste, caracterizando a predominancia da massa Tropical Atlantica com ar quente e umido.;Outono;;;;;;;;;;;;;;;;
2024-04-15 00:00:00;Centro;mTa;Regiao sob influencia do escoamento do anticiclone subtropical, apresentando características de ar quente e úmido predominante no setor centro-sudeste do continente.;Outono;;;;;;;;;;;;;;;;
2024-04-15 00:00:00;Sul;mPa;Região sob influência direta da massa de ar pós-frontal, caracterizada por temperaturas mais amenas e regime de circulação de sul/sudeste, indicativo de mPa em processo de avanço.;Outono;;;;;;;;;;;;;;;;
2024-04-16 00:00:00;Norte;mEc;A região delimitada sobre a bacia amazônica caracteriza-se pela permanência de ar quente e úmido, típicos da Massa Equatorial Continental, sem influência de sistemas frontais.;Outono;;;;;;;;;;;;;;;;
2024-04-16 00:00:00;Nordeste;mTa;Predominancia de escoamento vindo do Atlantico Sul sob influencia da circulacao de alta pressao, transportando umidade e calor caracteristicos da massa tropical atlantica na regiao;Outono;;;;;;;;;;;;;;;;
2024-04-16 00:00:00;Litoral;mTa;A região delimitada encontra-se sob influência do escoamento marítimo oriundo do anticiclone subtropica, estabelecendo o predomínio da massa Tropical Atlântica (mTa) no setor litor;Outono;;;;;;;;;;;;;;;;
2024-04-16 00:00:00;Centro;mTa;A região encontra-se sob influência da circulação anticiclônica do Atlântico Sul, caracterizando o predomínio de características da Massa Tropical Atlântica (mTa), quente e úmida.;Outono;;;;;;;;;;;;;;;;
2024-04-16 00:00:00;Sul;mPa;A região demarcada encontra-se sob a influência direta do avanço da Massa Polar Atlântica (mPa), posicionada na retaguarda da frente fria que atua sobre o setor Sul/Sudeste.;Outono;;;;;;;;;;;;;;;;
2024-04-17 00:00:00;Norte;mEc;Regiao sobre territorio amazonico caracterizada por ar quente e umido, sem influencia de sistemas frontais ou massas de origem oceanica, dominada pelo regime equatorial continental;Outono;;;;;;;;;;;;;;;;
2024-04-17 00:00:00;Nordeste;mTa;A região encontra-se sob um regime de ventos de leste influenciados pela circulação marítima, com características de elevada temperatura e umidade típicas da massa Tropical Atlânti;Outono;;;;;;;;;;;;;;;;
2024-04-17 00:00:00;Litoral;mTa;Regiao sob influencia direta do escoamento de leste-sudeste do sistema de alta pressao do Atlantico Sul, caracterizando o dominio de massa quente e umida na costa.;Outono;;;;;;;;;;;;;;;;
2024-04-17 00:00:00;Centro;mPa;A região demarcada encontra-se sob influência direta da incursão de ar polar, evidenciada pelo posicionamento de uma frente fria que avança sobre o Sudeste e Centro-Oeste.;Outono;;;;;;;;;;;;;;;;
2024-04-17 00:00:00;Sul;mPa;A região delimitada encontra-se na retaguarda de um sistema frontal, caracterizando a incursão e predominância da massa de ar Polar Atlântica sobre o setor.;Outono;;;;;;;;;;;;;;;;
2024-04-18 00:00:00;Norte;mEc;A região delimitada sobre a Amazônia apresenta condições típicas de calor e umidade, sem influência de fluxos polares ou periféricos continentais, sob domínio da massa Equatorial C;Outono;;;;;;;;;;;;;;;;
2024-04-18 00:00:00;Nordeste;mTa;Predominância da Massa Tropical Atlântica, caracterizada pelo escoamento de ar quente e úmido vindo do Oceano Atlântico, influenciando as condições de tempo na região delimitada.;Outono;;;;;;;;;;;;;;;;
2024-04-18 00:00:00;Litoral;mTa;A região demarcada encontra-se sob domínio do fluxo de circulação marítima da Alta Subtropical do Atlântico Sul, caracterizando a predominância da Massa Tropical Atlântica (mTa).;Outono;;;;;;;;;;;;;;;;
2024-04-18 00:00:00;Centro;mPa;A região destacada apresenta o ingresso de uma massa de ar frio e seco, caracterizada pela queda nas temperaturas e umidade após a passagem da frente fria.;Outono;;;;;;;;;;;;;;;;
2024-04-18 00:00:00;Sul;mPa;A região delimitada encontra-se na retaguarda de um sistema frontal, caracterizada pela advecção de ar polar, queda de temperatura e declínio do ponto de orvalho.;Outono;;;;;;;;;;;;;;;;
2024-04-19 00:00:00;Norte;mEc;Regiao central e norte da Amazonia sob influencia consolidada da Massa Equatorial Continental, caracterizada por baixas pressoes e elevadas temperaturas, sem interferencia de siste;Outono;;;;;;;;;;;;;;;;
2024-04-19 00:00:00;Nordeste;mTa;A região delimitada encontra-se sob influência do fluxo de leste/sudeste proveniente do Atlântico Tropical, caracterizando o domínio da massa de ar Tropical Atlântica.;Outono;;;;;;;;;;;;;;;;
2024-04-19 00:00:00;Litoral;mTa;A região delimitada encontra-se sob influência do escoamento marítimo de leste, característico da circulação da Alta Subtropical do Atlântico Sul, predominando a massa Tropical Atl;Outono;;;;;;;;;;;;;;;;
2024-04-19 00:00:00;Centro;mTa;Regiao sob influencia do escoamento marítimo vindo do Atlântico associado à ASAS. Predomínio de características quentes e úmidas típicas da mTa sobre o Centro-Oeste brasileiro.;Outono;;;;;;;;;;;;;;;;
2024-04-19 00:00:00;Sul;mPa;A região apresenta características de subsidência e temperaturas mais baixas (pontos de orvalho reduzidos), típicas da retaguarda de um sistema frontal que avança sobre o Sul do Br;Outono;;;;;;;;;;;;;;;;
2024-04-20 00:00:00;Norte;mEc;Regiao central da Amazonia sem influencias frontais, apresentando caracteristicas de ar quente e umido tipicas da Massa Equatorial Continental que domina o setor.;Outono;;;;;;;;;;;;;;;;
2024-04-20 00:00:00;Nordeste;mEa;A região delimitada no setor norte do Nordeste encontra-se sob influência da massa Equatorial Atlântica, caracterizada pelo transporte de ar quente e úmido vindo do oceano.;Outono;;;;;;;;;;;;;;;;
2024-04-20 00:00:00;Litoral;mTa;A regiao delimitada esta sob influencia direta do fluxo marítimo da alta subtropical, caracterizando a predominancia da Massa Tropical Atlantica (mTa) com ar quente e umido.;Outono;;;;;;;;;;;;;;;;
2024-04-20 00:00:00;Centro;mTa;A região encontra-se sob influência do fluxo equatorial e tropical do Atlântico, caracterizando-se pela estabilidade e umidade típicas da massa Tropical Atlântica (mTa).;Outono;;;;;;;;;;;;;;;;
2024-04-20 00:00:00;Sul;mPa;A região delimitada encontra-se sob a influência direta do avanço da massa de ar pós-frontal, caracterizada por temperaturas reduzidas e ventos de setor sul a sudeste.;Outono;;;;;;;;;;;;;;;;
2024-04-21 00:00:00;Norte;mEc;Região situada na bacia amazônica sob regime de ar quente e úmido, característico da massa equatorial continental, na ausência de influência direta de sistemas frontais.;Outono;;;;;;;;;;;;;;;;
2024-04-21 00:00:00;Nordeste;mTa;Região sob influência direta do escoamento marítimo de leste/sudeste, condicionado pelo transporte de umidade e calor sobre o setor nordestino, caracterizando a mTa.;Outono;;;;;;;;;;;;;;;;
2024-04-21 00:00:00;Litoral;mTa;A regiao delimitada esta sob influencia da circulacao periferica da alta pressao do Atlantico Sul, caracterizando o dominio da Massa Tropical Atlantica (mTa) no litoral leste.;Outono;;;;;;;;;;;;;;;;
2024-04-21 00:00:00;Centro;mPa;A região apresenta o avanço de uma frente fria ao sul, caracterizando o domínio de uma massa polar atlântica (mPa) em seu setor pós-frontal, com queda de temperatura e umidade.;Outono;;;;;;;;;;;;;;;;
2024-04-21 00:00:00;Sul;mPa;A região apresenta o avanço e a estabilização de uma massa de ar frio e seco (mPa) na retaguarda da frente fria, evidenciado pela queda das temperaturas e fluxo de sul.;Outono;;;;;;;;;;;;;;;;
2024-04-22 00:00:00;Norte;mEc;Regiao central e norte do continente sob influencia da Massa Equatorial Continental, caracterizada por alta umidade e temperaturas elevadas tipicas da regiao amazonica.;Outono;;;;;;;;;;;;;;;;
2024-04-22 00:00:00;Nordeste;mTa;Regiao sob predominio da circulacao de leste/sudeste associada ao fluxo maritimo, caracterizando a atuacao da massa de ar Tropical Atlantica, que transporta umidade para o setor.;Outono;;;;;;;;;;;;;;;;
2024-04-22 00:00:00;Litoral;mTa;A região delimitada encontra-se sob o domínio do escoamento marítimo quente e úmido vindo do oceano, característico da Massa Tropical Atlântica que atua na costa leste do Brasil.;Outono;;;;;;;;;;;;;;;;
2024-04-22 00:00:00;Centro;mPa;A região encontra-se submetida ao fluxo de ar frio e seco pós-frontal, característico do avanço e estabilização da massa de ar polar sobre o Sudeste e Centro-Oeste do país.;Outono;;;;;;;;;;;;;;;;
2024-04-22 00:00:00;Sul;mPa;A região delimitada encontra-se no quadrante posterior ao sistema frontal, caracterizando a incursão e o domínio direto de uma massa de ar frio e úmido de origem polar.;Outono;;;;;;;;;;;;;;;;
2024-04-23 00:00:00;Norte;mEc;Região central da Bacia Amazônica, caracterizada por altas temperaturas e elevada umidade, sob influência direta e estável da massa de ar quente e úmida de origem continental.;Outono;;;;;;;;;;;;;;;;
2024-04-23 00:00:00;Nordeste;mTa;Regiao sob influencia do escoamento do quadrante leste, caracteristico da massa tropical atlantica, transportando umidade e mantendo condicoes de estabilidade moderada no setor.;Outono;;;;;;;;;;;;;;;;
2024-04-23 00:00:00;Litoral;mTa;Região sob influência direta da circulação marítima quente e úmida vinda do Atlântico, caracterizada pelo transporte de umidade para o setor costeiro sob condições de gradiente est;Outono;;;;;;;;;;;;;;;;
2024-04-23 00:00:00;Centro;mTa;Regiao sob influencia do ar quente e umido de origem maritima, caracteristico da circulacao oceanica que domina o setor central do pais na ausência de sistemas frontais ativos.;Outono;;;;;;;;;;;;;;;;
2024-04-23 00:00:00;Sul;mPa;Região sob influência de ar frio e seco após a passagem de uma frente fria, caracterizada pela queda nas temperaturas e estabilidade atmosférica no setor Sul.;Outono;;;;;;;;;;;;;;;;
2024-04-24 00:00:00;Norte;mEc;Região situada na bacia Amazônica, caracterizada por altas temperaturas e elevada umidade, sob domínio da massa Equatorial Continental, sem influência de sistemas frontais.;Outono;;;;;;;;;;;;;;;;
2024-04-24 00:00:00;Nordeste;mEa;Região sob influência direta do fluxo de leste/nordeste vindo do Atlântico Tropical, caracterizando a permanência da Massa Equatorial Atlântica sobre o setor Nordeste.;Outono;;;;;;;;;;;;;;;;
2024-04-24 00:00:00;Litoral;mTa;A região delimitada está sob forte influência do escoamento do quadrante leste, característico da circulação de borda da alta pressão subtropical, configurando o domínio da mTa.;Outono;;;;;;;;;;;;;;;;
2024-04-24 00:00:00;Centro;mTa;Região sob influência direta do escoamento marítimo vindo do Atlântico Sul, caracterizando a atuação da Massa Tropical Atlântica com transporte de umidade para o setor.;Outono;;;;;;;;;;;;;;;;
2024-04-24 00:00:00;Sul;mPa;A regiao encontra-se sob a influência de um sistema frontal em deslocamento. Observam-se valores reduzidos de temperatura e umidade, característicos do avanço da massa de ar polar.;Outono;;;;;;;;;;;;;;;;
2024-04-25 00:00:00;Norte;mEc;Regiao central da Amazonia brasileira sem influencia direta de sistemas frontais, caracterizada pela predominancia da massa de ar quente e umida de origem equatorial continental.;Outono;;;;;;;;;;;;;;;;
2024-04-25 00:00:00;Nordeste;mTa;Predominância da Massa Tropical Atlântica, caracterizada pelo fluxo marítimo úmido e quente de leste/sudeste, mantendo condições estáveis na região delimitada sobre o Nordeste.;Outono;;;;;;;;;;;;;;;;
2024-04-25 00:00:00;Litoral;mTa;A regiao sob o retangulo esta sob influencia do escoamento zonal e anticiclonico do Atlantico Sul, caracterizando a predominancia da massa Tropical Atlantica quente e umida.;Outono;;;;;;;;;;;;;;;;
2024-04-25 00:00:00;Centro;mPa;Região sob a influência direta do avanço de uma massa polar após a passagem de uma frente fria, caracterizada pela queda nas temperaturas e estabilidade atmosférica.;Outono;;;;;;;;;;;;;;;;
2024-04-25 00:00:00;Sul;mPa;A região delimitada encontra-se sob influência de massa de ar frio e seco, caracterizada pela retaguarda de um sistema frontal que avança sobre a Região Sul do Brasil.;Outono;;;;;;;;;;;;;;;;
2024-04-26 00:00:00;Norte;mEc;A regiao delimitada esta sob dominio da Massa Equatorial Continental, caracterizada por alta umidade e temperaturas elevadas, configurando o regime tipico da bacia amazonica.;Outono;;;;;;;;;;;;;;;;
2024-04-26 00:00:00;Nordeste;mTa;Regiao sob influencia do escoamento marítimo associado ao sistema de alta pressão oceânico, transportando ar quente e úmido para o setor leste da região Nordeste.;Outono;;;;;;;;;;;;;;;;
2024-04-26 00:00:00;Litoral;mTa;Região sob influência direta da circulação marítima da alta pressão, caracterizando estabilidade e transporte de umidade típica da Massa Tropical Atlântica no litoral.;Outono;;;;;;;;;;;;;;;;
2024-04-26 00:00:00;Centro;mTa;A região central encontra-se sob influência de um gradiente térmico elevado, característico da atuação da massa de ar tropical atlântica, que predomina no setor em substituição à m;Outono;;;;;;;;;;;;;;;;
2024-04-26 00:00:00;Sul;mPa;A região encontra-se sob efeito da subsidência pós-frontal, com advecção fria e umidade residual, características típicas da atuação da massa polar atlântica no setor.;Outono;;;;;;;;;;;;;;;;
2024-04-27 00:00:00;Norte;mEc;A região delimitada compreende a porção central e norte do país, sob influência direta da massa de ar quente e úmida originada na bacia amazônica, sem a presença de sistemas fronta;Outono;;;;;;;;;;;;;;;;
2024-04-27 00:00:00;Nordeste;mTa;A região encontra-se sob influência marítima da alta subtropical, caracterizando o predomínio da massa Tropical Atlântica com transporte de umidade para o continente.;Outono;;;;;;;;;;;;;;;;
2024-04-27 00:00:00;Litoral;mTa;Predominancia de fluxos maritimos de origem tropical sob ampla influencia da circulacao de alta pressao, garantindo ar quente e umido na regiao litoranea delimitada.;Outono;;;;;;;;;;;;;;;;
2024-04-27 00:00:00;Centro;mTa;A região delimitada encontra-se sob influência da circulação da ASAS, caracterizando-se pela presença da massa Tropical Atlântica, que traz estabilidade e umidade do oceano.;Outono;;;;;;;;;;;;;;;;
2024-04-27 00:00:00;Sul;mPa;A região encontra-se submetida ao fluxo pós-frontal, com advecção de ar frio e umidade caracterizando o ingresso e domínio da massa polar sobre o Sul do Brasil.;Outono;;;;;;;;;;;;;;;;
2024-04-28 00:00:00;Norte;mEc;Região situada na bacia amazônica sob domínio de ar quente e úmido, característico da massa Equatorial Continental, sem influência de sistemas frontais extratropicais.;Outono;;;;;;;;;;;;;;;;
2024-04-28 00:00:00;Nordeste;mTa;Regiao sob influencia do escoamento zonal e transporte de umidade do oceano, caracterizando a dominancia da mTa sobre o setor leste da regiao Nordeste.;Outono;;;;;;;;;;;;;;;;
2024-04-28 00:00:00;Litoral;mTa;A regiao delimitada encontra-se sob a influencia direta do escoamento marítimo associado ao sistema de alta pressao do Atlantico Sul, caracterizando a predominancia da massa Tropic;Outono;;;;;;;;;;;;;;;;
2024-04-28 00:00:00;Centro;mTa;Região sob influência da circulação da ASAS, apresentando características térmicas e de umidade típicas da massa Tropical Atlântica, predominante no setor central do Brasil.;Outono;;;;;;;;;;;;;;;;
2024-04-28 00:00:00;Sul;mPa;Regiao com baixas temperaturas e umidade atuando no setor sul do Brasil, evidenciando o ingresso de massa polar apos a passagem de sistema frontal, com fluxo de sul dominante.;Outono;;;;;;;;;;;;;;;;
2024-04-29 00:00:00;Norte;mEc;Regiao central e norte da Amazonia sob influencia da Massa Equatorial Continental, caracterizada por elevados indices de umidade e temperaturas estaveis na bacia amazonica.;Outono;;;;;;;;;;;;;;;;
2024-04-29 00:00:00;Nordeste;mTa;A regiao encontra-se sob o fluxo do escoamento de leste e sudeste, caracteristico da circulacao maritima que transporta a massa Tropical Atlantica para o setor.;Outono;;;;;;;;;;;;;;;;
2024-04-29 00:00:00;Litoral;mTa;A região delimitada encontra-se sob influência do fluxo equatorial/tropical marítimo estabelecido no setor leste do Brasil, caracterizado por fluxo quente e úmido de origem oceânic;Outono;;;;;;;;;;;;;;;;
2024-04-29 00:00:00;Centro;mTa;A região central encontra-se sob influência de escoamento marítimo quente e úmido, característico da massa tropical atlântica, garantindo estabilidade anticiclônica na área delimit;Outono;;;;;;;;;;;;;;;;
2024-04-29 00:00:00;Sul;mPa;A região delimitada encontra-se sob efeito direto de advecção fria, caracterizada pelos baixos valores de temperatura e ponto de orvalho após a passagem de sistema frontal em deslo;Outono;;;;;;;;;;;;;;;;
2024-04-30 00:00:00;Norte;mEc;Região sob influência da Massa Equatorial Continental, caracterizada por características térmicas elevadas e umidade significativa, típica do interior amazônico.;Outono;;;;;;;;;;;;;;;;
2024-04-30 00:00:00;Nordeste;mTa;Predominância da Massa Tropical Atlântica, caracterizada pelo fluxo de ar quente e úmido vindo do Oceano Atlântico, influenciando o setor leste e centro da região Nordeste.;Outono;;;;;;;;;;;;;;;;
2024-04-30 00:00:00;Litoral;mTa;A região delimitada sob influência da circulação marítima, apresentando temperaturas elevadas e alta umidade, características típicas da atuação da massa Tropical Atlântica no seto;Outono;;;;;;;;;;;;;;;;
2024-04-30 00:00:00;Centro;mTc;A região central delimitada apresenta temperaturas elevadas e baixos teores de umidade, características da Massa Tropical Continental, típica da Depressão do Chaco e interior.;Outono;;;;;;;;;;;;;;;;
2024-04-30 00:00:00;Sul;mPa;A região apresenta a incursão de uma massa de ar frio e úmido após a passagem de uma frente fria, caracterizada pela queda nas temperaturas e mudança na direção do vento.;Outono;;;;;;;;;;;;;;;;
2024-05-01 00:00:00;Norte;mEc;A regiao delimitada encontra-se sobre a bacia Amazonica, caracterizada pelo dominio de alta umidade e temperaturas elevadas, sustentando a predominancia da massa Equatorial Contine;Outono;;;;;;;;;;;;;;;;
2024-05-01 00:00:00;Nordeste;mEa;A região delimitada no Nordeste encontra-se sob influência predominante do fluxo de leste marítimo, característico da Massa Equatorial Atlântica, quente e úmida.;Outono;;;;;;;;;;;;;;;;
2024-05-01 00:00:00;Litoral;mEa;A região delimitada no litoral nordeste encontra-se sob influência da Massa Equatorial Atlântica, caracterizada pelo transporte de umidade em baixos níveis do oceano.;Outono;;;;;;;;;;;;;;;;
2024-05-01 00:00:00;Centro;mTa;A região encontra-se sob influência da circulação anticiclônica periférica oceânica, caracterizando a predominância da Massa Tropical Atlântica com ventos de leste a sudeste.;Outono;;;;;;;;;;;;;;;;
2024-05-01 00:00:00;Sul;mPa;Regiao sob influencia de adveccao de ar frio e umido pos-frontal, caracterizada pela queda nas temperaturas e circulacao ciclonica associada ao deslocamento da massa polar.;Outono;;;;;;;;;;;;;;;;
2024-05-02 00:00:00;Norte;mEc;Regiao central da Amazonia sem influencia de sistemas frontais. Presenca de ar quente e umido caracteristico da massa equatorial de origem continental.;Outono;;;;;;;;;;;;;;;;
2024-05-02 00:00:00;Nordeste;mTa;A região encontra-se sob influência imediata do escoamento marítimo de leste, característico da massa Tropical Atlântica que domina o setor litorâneo e parte do interior nordestino;Outono;;;;;;;;;;;;;;;;
2024-05-02 00:00:00;Litoral;mTa;A regiao delimitada encontra-se sob a influencia direta do fluxo marítimo da massa Tropical Atlantica, caracterizada por ventos de quadrante leste com transporte de umidade.;Outono;;;;;;;;;;;;;;;;
2024-05-02 00:00:00;Centro;mTa;A região central encontra-se sob influxo da circulação marítima da alta pressão, caracterizando o predomínio da Massa Tropical Atlântica com transporte de umidade do oceano.;Outono;;;;;;;;;;;;;;;;
2024-05-02 00:00:00;Sul;mPa;A regiao apresenta o influxo de ar frio e seco pos-frontal, caracterizado por temperaturas mais baixas e ventos do quadrante sul, indicando predominancia da Massa Polar Atlantica.;Outono;;;;;;;;;;;;;;;;
2024-05-03 00:00:00;Norte;mEc;A regiao delimitada esta sob influencia direta da massa equatorial continental, caracterizada por baixos gradientes de pressao e estabilidade térmica típica da Bacia Amazônica.;Outono;;;;;;;;;;;;;;;;
2024-05-03 00:00:00;Nordeste;mTa;Predominio da massa Tropical Atlantica na regiao costeira e interior do Nordeste, caracterizada por fluxos de leste mantendo condicoes de estabilidade e umidade oceanica.;Outono;;;;;;;;;;;;;;;;
2024-05-03 00:00:00;Litoral;mTa;A região delimitada encontra-se sob o domínio das altas pressões do Atlântico Sul, caracterizando a predominância da Massa Tropical Atlântica (mTa), quente e úmida.;Outono;;;;;;;;;;;;;;;;
2024-05-03 00:00:00;Centro;mPa;A região encontra-se no quadrante posterior à passagem de uma frente fria, evidenciada pela queda nas temperaturas e mudança de direção do vento, caracterizando a influência da mPa;Outono;;;;;;;;;;;;;;;;
2024-05-03 00:00:00;Sul;mPa;A regiao delimitada esta sob a influencia direta do avanco de uma massa de ar polar, evidenciada pelo gradiente de temperatura e pressao caracteristico logo apos a passagem de sist;Outono;;;;;;;;;;;;;;;;
2024-05-04 00:00:00;Norte;mEc;Regionalmente, a massa de ar sobre a bacia amazônica apresenta características térmicas e de umidade típicas da massa Equatorial Continental, predominante na área delimitada.;Outono;;;;;;;;;;;;;;;;
2024-05-04 00:00:00;Nordeste;mTa;A região do Nordeste delimitada encontra-se sob influência predominante do fluxo de leste da circulação marítima, característica da massa tropical atlântica, quente e úmida.;Outono;;;;;;;;;;;;;;;;
2024-05-04 00:00:00;Litoral;mTa;A regiao delimitada esta sob influencia direta da circulacao de um sistema de alta pressao no Atlantico, caracterizando a predominancia da massa Tropical Atlantica quente e umida.;Outono;;;;;;;;;;;;;;;;
2024-05-04 00:00:00;Centro;mPa;A região está situada a retaguarda/setor pós-frontal de um sistema de frente fria em deslocamento para o oceano, caracterizando a atuação e o avanço da massa de ar polar.;Outono;;;;;;;;;;;;;;;;
2024-05-04 00:00:00;Sul;mPa;A regiao delimitada esta sob influencia direta do avanco de uma massa de ar frio e umido (mPa), situada na retaguarda da frente fria que atua sobre o setor Sul.;Outono;;;;;;;;;;;;;;;;
2024-05-05 00:00:00;Norte;mEc;Região central e norte sob domínio da massa Equatorial Continental, caracterizada por temperaturas elevadas e alta umidade, típica da bacia Amazônica nesta época do ano.;Outono;;;;;;;;;;;;;;;;
2024-05-05 00:00:00;Nordeste;mTa;Regiao sob predominio do escoamento de leste/sudeste associado ao transporte de umidade e estabilidade vindo do oceano, caracteristico da Massa Tropical Atlantica.;Outono;;;;;;;;;;;;;;;;
2024-05-05 00:00:00;Litoral;mTa;A regiao delimitada esta sob influencia da circulacao periferica da alta pressao subtropical, caracterizando o predomino da Massa Tropical Atlantica (mTa) no setor costeiro.;Outono;;;;;;;;;;;;;;;;
2024-05-05 00:00:00;Centro;mTa;A regiao delimitada esta sob influencia da circulacao da alta pressao oceanica, caracterizando o dominio da Massa Tropical Atlantica, com fluxo de umidade do oceano para o continen;Outono;;;;;;;;;;;;;;;;
2024-05-05 00:00:00;Sul;mPa;A região apresenta o avanço e posicionamento de uma frente fria, com ar polar que ingressa no setor, provocando declínio de temperatura e umidade característica do pós-frontal.;Outono;;;;;;;;;;;;;;;;
2024-05-06 00:00:00;Norte;mEc;A região demarcada encontra-se sobre a bacia amazônica, caracterizada pela presença da Massa Equatorial Continental, que apresenta elevadas temperaturas e umidade abundante.;Outono;;;;;;;;;;;;;;;;
2024-05-06 00:00:00;Nordeste;mTa;Regiao sob influencia do escoamento maritimo de sudeste, caracteristico da circulacao da alta subtropical do Atlantico Sul, predominando a massa Tropical Atlantica quente e umida.;Outono;;;;;;;;;;;;;;;;
2024-05-06 00:00:00;Litoral;mTa;Região sob influência da circulação marítima do Atlântico Sul, caracterizada pela predominância de ar quente e úmido, típica da atuação da massa Tropical Atlântica no litoral do NE;Outono;;;;;;;;;;;;;;;;
2024-05-06 00:00:00;Centro;mTa;Regiao sob influencia da circulacao periferica da alta pressao do Atlantico Sul, caracterizando a predominancia de massa quente e umida sobre o setor continental e costeiro.;Outono;;;;;;;;;;;;;;;;
2024-05-06 00:00:00;Sul;mTa;A região delimitada encontra-se sob domínio do fluxo adjacente à Alta Subtropical do Atlântico Sul, caracterizada pela presença de ar quente e úmido de origem marítima.;Outono;;;;;;;;;;;;;;;;
2024-05-07 00:00:00;Norte;mEc;Região central da Bacia Amazônica sob domínio da massa equatorial continental, caracterizada por elevados índices térmicos e umidade, sem influência direta de sistemas frontais.;Outono;;;;;;;;;;;;;;;;
2024-05-07 00:00:00;Nordeste;mTa;Predominio da massa tropical atlantica na regiao nordeste, caracterizada por transporte de umidade e ar quente provindos do oceano sob influência do gradiente barométrico regional.;Outono;;;;;;;;;;;;;;;;
2024-05-07 00:00:00;Litoral;mTa;Regiao sob influencia direta do fluxo marítimo do quadrante leste/sudeste, característico da circulação periférica da Alta Subtropical do Atlântico Sul, mantendo ar quente e úmido.;Outono;;;;;;;;;;;;;;;;
2024-05-07 00:00:00;Centro;mTa;A região encontra-se sob influência da circulação anticiclônica do Atlântico Sul, caracterizando a predominância da massa Tropical Atlântica (mTa) com características quentes e úmi;Outono;;;;;;;;;;;;;;;;
2024-05-07 00:00:00;Sul;mPa;A região apresenta o avanço de uma massa de ar frio e seco (mPa) na retaguarda da frente fria, caracterizada pela queda nas temperaturas e mudança na direção do vento para o quadra;Outono;;;;;;;;;;;;;;;;
2024-05-08 00:00:00;Norte;mEc;A região delimitada abrange a bacia amazônica, onde a mEc predomina devido ao seu caráter quente e úmido, típicos da circulação continental e instabilidade convectiva local.;Outono;;;;;;;;;;;;;;;;
2024-05-08 00:00:00;Nordeste;mTa;A região é dominada pelo escoamento de leste-sudeste proveniente do Atlântico Sul, transportando umidade e ar quente característicos da Massa Tropical Atlântica pelo setor.;Outono;;;;;;;;;;;;;;;;
2024-05-08 00:00:00;Litoral;mTa;A regiao delimitada encontra-se sob a influencia direta da circulacao oceanica de leste/sudeste, transportando ar quente e umido caracteristico da massa Tropical Atlantica.;Outono;;;;;;;;;;;;;;;;
2024-05-08 00:00:00;Centro;mTa;A região do retângulo está sob influência do fluxo predominante da ASAS, caracterizando o domínio de uma massa de ar quente e úmida de origem marítima (mTa).;Outono;;;;;;;;;;;;;;;;
2024-05-08 00:00:00;Sul;mPa;A região delimitada encontra-se na retaguarda de uma frente fria que atua sobre o oceano, caracterizando o ingresso e a predominância de ar frio e úmido da massa polar atlântica.;Outono;;;;;;;;;;;;;;;;
2024-05-09 00:00:00;Norte;mEc;A regiao delimitada esta sob influencia da massa de ar quente e umida caracteristica da bacia amazonica, em situacao de estabilidade sem interferencia de sistemas frontais.;Outono;;;;;;;;;;;;;;;;
2024-05-09 00:00:00;Nordeste;mTa;Predominam características de ar quente e úmido sob forte influência do escoamento do Atlântico Tropical, caracterizando a atuação da mTa na região do Nordeste.;Outono;;;;;;;;;;;;;;;;
2024-05-09 00:00:00;Litoral;mTa;A região delimitada está sob influência do fluxo equatorial/tropical marítimo persistente na costa leste, caracterizando a atuação da massa Tropical Atlântica (mTa).;Outono;;;;;;;;;;;;;;;;
2024-05-09 00:00:00;Centro;mPa;Região sob influência direta de ar frio e seco após a passagem de uma frente fria, caracterizada por temperaturas amenas e condições típicas de pós-frontal na latitude central.;Outono;;;;;;;;;;;;;;;;
2024-05-09 00:00:00;Sul;mPa;A regiao delimitada esta sob influencia direta da massa de ar pos-frontal, caracterizada pelo avancamento da mPa sobre o Sul do Brasil, resultando em queda relevante nas temperatur;Outono;;;;;;;;;;;;;;;;
2024-05-10 00:00:00;Norte;mEc;A regiao delimitada esta sob influencia da Massa Equatorial Continental, caracterizada pela predominancia de ar quente e umido sobre a Amazonia, sem interferencia de massas polares;Outono;;;;;;;;;;;;;;;;
2024-05-10 00:00:00;Nordeste;mTa;A região sob análise é dominada pelo fluxo de leste integrante da circulação periférica da ASAS, que transporta ar quente e úmido sobre o setor costeiro e interior do Nordeste.;Outono;;;;;;;;;;;;;;;;
2024-05-10 00:00:00;Litoral;mTa;Regiao sob fluxo de leste/sudeste associado ao escoamento da alta subtropical, caracterizando o predomínio de ar quente e úmido de origem marítima (mTa) no litoral leste.;Outono;;;;;;;;;;;;;;;;
2024-05-10 00:00:00;Centro;mTc;Região central do continente sob influência da depressão térmica sobre o Chaco pré-andino, apresentando características termodinâmicas de massa de ar quente e seca continental.;Outono;;;;;;;;;;;;;;;;
2024-05-10 00:00:00;Sul;mPa;A região do retângulo encontra-se na retaguarda de uma frente fria, caracterizada pela incursão de ar frio e úmido, evidenciada pela queda nas temperaturas e mudança nos ventos.;Outono;;;;;;;;;;;;;;;;
2024-05-11 00:00:00;Norte;mEc;Dominio da massa de ar Equatorial Continental sobre a regiao Amazonica e interior do Brasil, caracterizada por altas temperaturas e elevada umidade em condicoes de estabilidade bas;Outono;;;;;;;;;;;;;;;;
2024-05-11 00:00:00;Nordeste;mTa;Predominância de circulação marítima quente e úmida sob influência do fluxo de leste, característico da massa tropical atlântica que atua em todo o setor costeiro e interior do NE.;Outono;;;;;;;;;;;;;;;;
2024-05-11 00:00:00;Litoral;mTa;Predomínio de característica quente e úmida na costa do Nordeste, sob influência do fluxo de circulação da ASAS que transporta umidade do oceano para o continente.;Outono;;;;;;;;;;;;;;;;
2024-05-11 00:00:00;Centro;mPa;Região sob a influência direta do avanço de uma massa de ar frio pós-frontal, apresentando declínio térmico e características de circulação ciclônica típica de retaguarda.;Outono;;;;;;;;;;;;;;;;
2024-05-11 00:00:00;Sul;mPa;A região encontra-se no quadrante sul, posicionada imediatamente atrás da frente fria, caracterizando o ingresso e predomínio de ar frio e úmido de origem polar.;Outono;;;;;;;;;;;;;;;;
2024-05-12 00:00:00;Norte;mEc;Região ocupada por ar quente e úmido no interior do continente, típica da bacia amazônica, sem a influência direta de sistemas frontais ou circulação marítima marcada.;Outono;;;;;;;;;;;;;;;;
2024-05-12 00:00:00;Nordeste;mTa;A região do Nordeste delimitada encontra-se sob influência do fluxo de sudeste estabelecido pelo escoamento da alta pressão oceânica, com características de massa tropical marítima;Outono;;;;;;;;;;;;;;;;
2024-05-12 00:00:00;Litoral;mTa;A região delimitada encontra-se sob influência do fluxo equatorial/tropical marítimo persistente, característico da massa Tropical Atlântica que domina o litoral leste do Brasil.;Outono;;;;;;;;;;;;;;;;
2024-05-12 00:00:00;Centro;mPa;A região delimitada encontra-se sob a influência direta do avanço de uma massa de ar frio e seco, posicionada na retaguarda do sistema frontal que atua sobre o Sudeste brasileiro.;Outono;;;;;;;;;;;;;;;;
2024-05-12 00:00:00;Sul;mPa;A região destacada encontra-se na retaguarda de um sistema frontal, caracterizada pela incursão de ar frio e úmido de origem polar, com gradientes térmicos típicos deste sistema.;Outono;;;;;;;;;;;;;;;;
2024-05-13 00:00:00;Norte;mEc;A regiao delimitada esta sob influencia direta da Massa Equatorial Continental, caracterizada por alta umidade e temperaturas elevadas, tipicas do nucleo amazonico sem interferenci;Outono;;;;;;;;;;;;;;;;
2024-05-13 00:00:00;Nordeste;mTa;Região sob influência direta do fluxo de leste da circulação marítima, característica da Massa Tropical Atlântica, que predomina sobre o litoral e o interior do Nordeste brasileiro;Outono;;;;;;;;;;;;;;;;
2024-05-13 00:00:00;Litoral;mTa;A região delimitada encontra-se sob domínio do fluxo marítimo persistente associado à alta pressão do Atlântico, caracterizando a predominância da massa Tropical Atlântica.;Outono;;;;;;;;;;;;;;;;
2024-05-13 00:00:00;Centro;mPa;A região demarcada encontra-se sob efeito direto de uma massa de ar frio e seco, posicionada nitidamente no quadrante posterior ao sistema frontal que avança pelo Centro-Oeste.;Outono;;;;;;;;;;;;;;;;
2024-05-13 00:00:00;Sul;mPa;A região delimitada encontra-se na retaguarda de um sistema frontal, caracterizada pela incursão de ar mais frio e seco de origem polar que domina o setor sul e sudeste.;Outono;;;;;;;;;;;;;;;;
2024-05-14 00:00:00;Norte;mEc;Região caracterizada pelo domínio de ar quente e úmido sobre a bacia amazônica, mantendo estabilidade térmica e umidade elevada na ausência de sistemas frontais ativos no setor.;Outono;;;;;;;;;;;;;;;;
2024-05-14 00:00:00;Nordeste;mTa;A região encontra-se sob influência do fluxo de leste do anticiclone do Atlântico Sul, caracterizando o transporte de ar quente e úmido predominante de origem tropical.;Outono;;;;;;;;;;;;;;;;
2024-05-14 00:00:00;Litoral;mTa;Predominio da massa Tropical Atlantica, caracterizada por altas temperaturas e elevada umidade, sob influencia do escoamento zonal do anticiclone subtropical sobre o litoral brasil;Outono;;;;;;;;;;;;;;;;
2024-05-14 00:00:00;Centro;mPa;A região delimitada encontra-se na retaguarda do sistema frontal, caracterizando o ingresso e a predominância da Massa Polar Atlântica, evidenciada pelo gradiente térmico observado;Outono;;;;;;;;;;;;;;;;
2024-05-14 00:00:00;Sul;mPa;A região delimitada encontra-se sob a influência direta do ingresso de uma massa de ar frio e seco, posicionada na retaguarda da frente fria atuante sobre o setor Sul do país.;Outono;;;;;;;;;;;;;;;;
2024-05-15 00:00:00;Norte;mEc;Região central da Amazônia sob domínio de ar quente e úmido continental, característico da massa equatorial, sem influência de sistemas frontais ou incursões de ar polar.;Outono;;;;;;;;;;;;;;;;
2024-05-15 00:00:00;Nordeste;mTa;Predominio da massa tropical atlantica na regiao nordeste, favorecida pelo fluxo de leste instaurado na periferia da circulacao de alta pressao sobre o oceano atlantico sul.;Outono;;;;;;;;;;;;;;;;
2024-05-15 00:00:00;Litoral;mTa;Região sob influência direta do fluxo de leste da alta pressão subtropical, caracterizando a dominância de ar quente e úmido de origem marítima (mTa).;Outono;;;;;;;;;;;;;;;;
2024-05-15 00:00:00;Centro;mPa;A região delimitada situa-se no setor de retaguarda da frente fria (sul/sudoeste do sistema), apresentando queda de temperatura e declínio de umidade característicos da mPa.;Outono;;;;;;;;;;;;;;;;
2024-05-15 00:00:00;Sul;mPa;Regiao sob clara influencia de uma massa de ar frio e seco, posicionada estritamente apos a passagem de uma frente fria que avanca sobre a regiao Sul do Brasil.;Outono;;;;;;;;;;;;;;;;
2024-05-16 00:00:00;Norte;mEc;A região delimitada na Amazônia apresenta características de calor e umidade, sob domínio da massa Equatorial Continental, sem influência direta da frente fria observada ao sul.;Outono;;;;;;;;;;;;;;;;
2024-05-16 00:00:00;Nordeste;mTa;Predominância de escoamento marítimo subtropical sobre a região, caracterizando a influência da Massa Tropical Atlântica com transporte de umidade e estabilidade térmica.;Outono;;;;;;;;;;;;;;;;
2024-05-16 00:00:00;Litoral;mTa;Regiao sob clara influencia do escoamento de sueste/leste provindo do oceano, caracteristico da circulacao maritima associada a massa tropical atlantica na costa sudeste.;Outono;;;;;;;;;;;;;;;;
2024-05-16 00:00:00;Centro;mPa;A região encontra-se no setor de retaguarda da frente fria, caracterizada pela advecção de ar frio e seco, típica de um sistema de massa polar atlântica em deslocamento.;Outono;;;;;;;;;;;;;;;;
2024-05-16 00:00:00;Sul;mPa;A região sob o retângulo vermelho encontra-se na retaguarda de uma frente fria, caracterizada por temperaturas baixas e advecção de ar frio de origem polar.;Outono;;;;;;;;;;;;;;;;
2024-05-17 00:00:00;Norte;mEc;A região destacada sobre a bacia amazônica caracteriza-se por condições de alta umidade e temperaturas elevadas, típicas da massa de ar Equatorial Continental, sem influência de si;Outono;;;;;;;;;;;;;;;;
2024-05-17 00:00:00;Nordeste;mTa;Predomínio de massa quente e úmida de origem oceânica, fluindo do Atlântico para o setor leste da região Nordeste, caracterizando a influência estável da mTa sobre a área delimitad;Outono;;;;;;;;;;;;;;;;
2024-05-17 00:00:00;Litoral;mTa;A regiao delimitada esta sob influencia direta da circulacao de umidade e calor caracteristica da Massa Tropical Atlantica, predominante no setor leste do pais.;Outono;;;;;;;;;;;;;;;;
2024-05-17 00:00:00;Centro;mPa;A região encontra-se sob influência de massa polar, evidenciada pelos valores de temperatura e ponto de orvalho, posicionada a retaguarda de sistema frontal que avança pelo Sudeste;Outono;;;;;;;;;;;;;;;;
2024-05-17 00:00:00;Sul;mPa;A região delimitada encontra-se sob influência de massa de ar frio e úmido (mPa), caracterizada pelas baixas pressões e temperaturas na retaguarda da frente fria.;Outono;;;;;;;;;;;;;;;;
2024-05-18 00:00:00;Norte;mEc;A região demarcada encontra-se sobre a bacia amazônica, caracterizada pela predominância da massa de ar Equatorial Continental, quente e úmida, típica da região setentrional.;Outono;;;;;;;;;;;;;;;;
2024-05-18 00:00:00;Nordeste;mTa;Regiao sob fluxo predominante de leste/sudeste associado ao transporte de umidade e calor do oceano, caracterizando a atuacao da massa Tropical Atlantica no setor.;Outono;;;;;;;;;;;;;;;;
2024-05-18 00:00:00;Litoral;mTa;O setor delimitado encontra-se sob domínio do fluxo marítimo da circulação anticiclônica, transportando umidade do Atlântico para a costa, caracterizando a predominância da mTa.;Outono;;;;;;;;;;;;;;;;
2024-05-18 00:00:00;Centro;mPa;A região delimitada encontra-se sob a influência direta do avanço da massa de ar pós-frontal, caracterizada pela subsidência e temperaturas mais amenas sobre a retaguarda.;Outono;;;;;;;;;;;;;;;;
2024-05-18 00:00:00;Sul;mPa;A região apresenta características de baixas temperaturas e umidade pós-frontal, sob influência direta da incursão de massa de ar frio deslocando-se do setor sul do continente.;Outono;;;;;;;;;;;;;;;;
2024-05-19 00:00:00;Norte;mEc;Regiao situada sobre a Bacia Amazonica, caracterizada pelo predomino de umidade e calor, sem influencia direta de sistemas frontais ou circulação maritima.;Outono;;;;;;;;;;;;;;;;
2024-05-19 00:00:00;Nordeste;mTa;Predominância de fluxo marítimo sob influência de alta pressão no Atlântico, configurando a massa tropical atlântica como dominante sobre a região delimitada.;Outono;;;;;;;;;;;;;;;;
2024-05-19 00:00:00;Litoral;mEa;A região delimitada no litoral norte/nordeste encontra-se sob influência da massa Equatorial Atlântica, caracterizada pelo fluxo de ar quente e úmido vindo do oceano.;Outono;;;;;;;;;;;;;;;;
2024-05-19 00:00:00;Centro;mPa;A região delimitada encontra-se na retaguarda de um sistema frontal, caracterizando a incursão da massa de ar polar, evidenciada pela queda das temperaturas e fluxo de sul.;Outono;;;;;;;;;;;;;;;;
2024-05-19 00:00:00;Sul;mPa;A região delimitada encontra-se na retaguarda de um sistema frontal, caracterizada pela incursão de ar frio e úmido de origem polar.;Outono;;;;;;;;;;;;;;;;
2024-05-20 00:00:00;Norte;mEc;Região central do continente amazônico sob influência de massa de ar quente e úmida, com características térmicas e higrométricas típicas da mEc em sua área de atuação original.;Outono;;;;;;;;;;;;;;;;
2024-05-20 00:00:00;Nordeste;mTa;A região encontra-se sob influência do escoamento marítimo de leste, caracterizado pelo transporte de ar quente e úmido vindo do Oceano Atlântico para o setor leste/nordeste.;Outono;;;;;;;;;;;;;;;;
2024-05-20 00:00:00;Litoral;mTa;Regiao sob dominio do fluxo de leste/sudeste associado a alta subtropical, caracterizando a atuacao da massa tropical atlantica, quente e umida, predominante no litoral brasileiro.;Outono;;;;;;;;;;;;;;;;
2024-05-20 00:00:00;Centro;mPa;A região delimitada encontra-se na retaguarda de uma frente fria, caracterizando o ingresso e domínio da massa de ar polar, evidenciado pela queda nos valores de temperatura.;Outono;;;;;;;;;;;;;;;;
2024-05-20 00:00:00;Sul;mPa;A regiao apresenta adveccao de ar frio e seco logo apos a passagem de uma frente fria, caracterizando o dominio da Massa Polar Atlantica sobre o sul do Brasil.;Outono;;;;;;;;;;;;;;;;
2024-05-21 00:00:00;Norte;mEc;A região delimitada sobre a bacia amazônica caracteriza-se por alta umidade e temperaturas elevadas, típicas da massa equatorial continental predominante no interior do continente.;Outono;;;;;;;;;;;;;;;;
2024-05-21 00:00:00;Nordeste;mTa;Região sob influência direta do fluxo de leste do anticiclone subtropical do Atlântico Sul, caracterizando a predominância da massa Tropical Atlântica no setor indicado.;Outono;;;;;;;;;;;;;;;;
2024-05-21 00:00:00;Litoral;mTa;A regiao delimitada esta sob influencia direta da circulacao oceanica de leste/sudeste, caracteristica do escoamento da massa de ar Tropical Atlantica no setor costeiro.;Outono;;;;;;;;;;;;;;;;
2024-05-21 00:00:00;Centro;mPa;A região apresenta temperaturas amenas e fluxo de sul/sudeste, caracterizando a penetração e o domínio da massa de ar polar (mPa) após a passagem de sistema frontal pelo setor.;Outono;;;;;;;;;;;;;;;;
2024-05-21 00:00:00;Sul;mPa;A região encontra-se submetida ao fluxo pós-frontal impulsionado pela massa de ar polar, evidenciado pela redução das temperaturas e configuração do campo de pressão.;Outono;;;;;;;;;;;;;;;;
2024-05-22 00:00:00;Norte;mEc;Regiao central da Amazonia sob influencia de ar quente e umido, caracteristico da massa Equatorial Continental, sem a presenca de sistemas frontais ou influencias marinhas ativas.;Outono;;;;;;;;;;;;;;;;
2024-05-22 00:00:00;Nordeste;mTa;Predominância de circulação marítima de leste/sudeste, transportando ar quente e úmido do Atlântico para o setor, caracterizando a influência dessa massa tropical sobre a região.;Outono;;;;;;;;;;;;;;;;
2024-05-22 00:00:00;Litoral;mTa;A região delimitada está sob o domínio do escoamento de leste-nordeste proveniente do Atlântico Sul, caracterizando a atuação da massa de ar Tropical Atlântica (mTa).;Outono;;;;;;;;;;;;;;;;
2024-05-22 00:00:00;Centro;mPa;A região delimitada encontra-se sob influência de ar frio e seco, caracterizado por temperaturas mais baixas e declínio de umidade, posicionada a retaguarda de um sistema frontal a;Outono;;;;;;;;;;;;;;;;
2024-05-22 00:00:00;Sul;mPa;A região demarcada apresenta temperaturas mais amenas e está sob a influência do avanço de uma massa de ar frio pós-frontal, característica típica da mPa no Sul do Brasil.;Outono;;;;;;;;;;;;;;;;
2024-05-23 00:00:00;Norte;mEc;A regiao delimitada esta sob influencia direta da Massa Equatorial Continental, caracterizada por temperaturas elevadas e alta umidade, tipicas da bacia amazonica.;Outono;;;;;;;;;;;;;;;;
2024-05-23 00:00:00;Nordeste;mTa;Regiao sob predominio da circulacao de leste/sudeste, transportando ar quente e umido do Oceano Atlantico para o continente, caracterizando o dominio da Massa Tropical Atlantica.;Outono;;;;;;;;;;;;;;;;
2024-05-23 00:00:00;Litoral;mTa;A regiao delimitada esta sob influencia direta do fluxo marítimo de sudeste, característico da circulação da alta pressão do Atlântico Sul, justificando a predominância da mTa.;Outono;;;;;;;;;;;;;;;;
2024-05-23 00:00:00;Centro;mPa;A região do retângulo apresenta o avanço de uma massa de ar frio e seco após a passagem de uma frente fria, caracterizada pela queda nas temperaturas e mudança na direção do vento.;Outono;;;;;;;;;;;;;;;;
2024-05-23 00:00:00;Sul;mPa;A região delimitada encontra-se sob a influência direta do avanço da massa de ar pós-frontal, caracterizada por temperaturas reduzidas e ventos do quadrante sul/sudoeste.;Outono;;;;;;;;;;;;;;;;
2024-05-24 00:00:00;Norte;mEc;Regiao central da Amazonia brasileira, caracterizada por altas temperaturas e elevada umidade, sob dominio da massa equatorial continental, sem influência de sistemas frontais.;Outono;;;;;;;;;;;;;;;;
2024-05-24 00:00:00;Nordeste;mTa;Regiao sob influencia do fluxo marítimo predominante do Atlantico Sul, caracterizado por ar quente e umido, típico da circulacao zonal estabelecida na faixa leste do Nordeste.;Outono;;;;;;;;;;;;;;;;
2024-05-24 00:00:00;Litoral;mTa;Zona de influência da circulação marítima sob regime de alta pressão oceânica, caracterizada pelo transporte de umidade e estabilidade térmica típica da mTa sobre o litoral leste.;Outono;;;;;;;;;;;;;;;;
2024-05-24 00:00:00;Centro;mPa;A regiao apresenta adveccao de ar frio e gradiente de pressao caracteristico pos-frontal, com valores de temperatura e ponto de orvalho em declinio, indicando a predominancia da mP;Outono;;;;;;;;;;;;;;;;
2024-05-24 00:00:00;Sul;mPa;A região delimitada encontra-se sob a influência direta do transporte de ar frio e úmido na retaguarda de uma frente fria, caracterizando o domínio da massa polar atlântica.;Outono;;;;;;;;;;;;;;;;
2024-05-25 00:00:00;Norte;mEc;A região destacada sobre a bacia amazônica caracteriza-se por elevada umidade e temperaturas tropicais, sob regime de circulação interna, confirmando o domínio da Massa Equatorial ;Outono;;;;;;;;;;;;;;;;
2024-05-25 00:00:00;Nordeste;mTa;A região encontra-se sob influência do fluxo equatorial/tropical marítimo predominante no setor leste do Brasil vindo do Atlântico Sul, caracterizando o domínio da mTa.;Outono;;;;;;;;;;;;;;;;
2024-05-25 00:00:00;Litoral;mTa;A região delimitada encontra-se sob influência do fluxo de leste/sudeste associado ao escoamento da alta pressão subtropical, caracterizando a predominância da massa tropical atlân;Outono;;;;;;;;;;;;;;;;
2024-05-25 00:00:00;Centro;mPa;A regiao delimitada encontra-se sob a influencia direta do fluxo de ar frio e seco que avanca pelo setor pos-frontal, caracterizando o dominio da Massa Polar Atlantica.;Outono;;;;;;;;;;;;;;;;
2024-05-25 00:00:00;Sul;mPa;Regiao sob influencia de uma massa de ar frio e seco, posicionada nitidamente no setor de retaguarda de uma frente fria que avanca pela costa do Sudeste e Sul brasileiro.;Outono;;;;;;;;;;;;;;;;
2024-05-26 00:00:00;Norte;mEc;A região destacada está sob influência da massa Equatorial Continental, caracterizada por ser quente e úmida, predominante sobre a bacia amazônica nesta configuração sinótica.;Outono;;;;;;;;;;;;;;;;
2024-05-26 00:00:00;Nordeste;mTa;Região sob influência direta do fluxo de leste da circulação marítima, transportando ar quente e úmido do oceano para o continente, característico da estabilidade da mTa.;Outono;;;;;;;;;;;;;;;;
2024-05-26 00:00:00;Litoral;mTa;A regiao delimitada esta sob influencia direta do fluxo marítimo oriundo do oceano Atlântico, caracterizando a predominancia da Massa Tropical Atlantica (mTa) no litoral leste bras;Outono;;;;;;;;;;;;;;;;
2024-05-26 00:00:00;Centro;mPa;A regiao delimitada encontra-se sob a influência direta do avanço de uma massa de ar frio e úmido, posicionada na retaguarda da frente fria que atua sobre o Sudeste brasileiro.;Outono;;;;;;;;;;;;;;;;
2024-05-26 00:00:00;Sul;mPa;A região apresenta temperaturas reduzidas e ventos de setor sul, característicos do pós-frontal após a passagem de uma frente fria sobre o Sul do Brasil, caracterizando a mPa.;Outono;;;;;;;;;;;;;;;;
2024-05-27 00:00:00;Norte;mEc;A região delimitada abrange a bacia amazônica e áreas continentais adjacentes, onde a massa de ar equatorial continental, quente e úmida, predomina estaticamente.;Outono;;;;;;;;;;;;;;;;
2024-05-27 00:00:00;Nordeste;mTa;A região é dominada pelo fluxo da circulação marítima de leste, caracterizando a influência persistente da Massa Tropical Atlântica sobre o setor leste do Nordeste brasileiro.;Outono;;;;;;;;;;;;;;;;
2024-05-27 00:00:00;Litoral;mTa;A região delimitada está sob forte influência do escoamento marítimo associado à circulação anticiclônica do Atlântico Sul, caracterizando o predomínio da massa de ar Tropical Atlâ;Outono;;;;;;;;;;;;;;;;
2024-05-27 00:00:00;Centro;mPa;A região delimitada localiza-se na retaguarda de um sistema frontal, apresentando advecção de ar frio e seco, caracterizando o avanço e domínio da massa de ar polar (mPa).;Outono;;;;;;;;;;;;;;;;
2024-05-27 00:00:00;Sul;mPa;A região encontra-se submetida ao fluxo pós-frontal com características de ar frio e seco, confirmada pela queda das temperaturas e orientação dos ventos no setor sul do país.;Outono;;;;;;;;;;;;;;;;
2024-05-28 00:00:00;Norte;mEc;A região delimitada sobre a bacia amazônica apresenta características de ar quente e úmido, típicas da massa continental, sem influência direta de sistemas frontais polares.;Outono;;;;;;;;;;;;;;;;
2024-05-28 00:00:00;Nordeste;mTa;A região encontra-se sob influência do fluxo de leste do Atlântico, sendo dominada pela massa Tropical Atlântica, caracterizada pelo transporte de umidade e calor na costa leste.;Outono;;;;;;;;;;;;;;;;
2024-05-28 00:00:00;Litoral;mTa;A regiao delimitada esta sob influencia direta do fluxo maritimo oriundo do Anticiclone Subtropical do Atlantico Sul, caracterizando a predominancia da Massa Tropical Atlantica.;Outono;;;;;;;;;;;;;;;;
2024-05-28 00:00:00;Centro;mPa;A região delimitada encontra-se na retaguarda de uma frente fria que avança pelo continente, caracterizando o predomínio de ar frio e úmido da massa polar atlântica.;Outono;;;;;;;;;;;;;;;;
2024-05-28 00:00:00;Sul;mPa;A região delimitada encontra-se na retaguarda de um sistema frontal, caracterizada pela incursão de ar frio e seco, fluxo de sul predominante e queda nas temperaturas.;Outono;;;;;;;;;;;;;;;;
2024-05-29 00:00:00;Norte;mEc;Região sob influência predominante da Massa Equatorial Continental, caracterizada por ar quente e úmido, ocupando o setor norte do país além da zona de convergência observada.;Outono;;;;;;;;;;;;;;;;
2024-05-29 00:00:00;Nordeste;mTa;Predominância da Massa Tropical Atlântica, caracterizada pelo fluxo de ar marítimo mantendo temperaturas elevadas e umidade sobre a maior parte do setor delimitado.;Outono;;;;;;;;;;;;;;;;
2024-05-29 00:00:00;Litoral;mTa;A região delimitada está sob forte influência da circulação da alta pressão do Atlântico, caracterizando o predomínio de características da Massa Tropical Atlântica.;Outono;;;;;;;;;;;;;;;;
2024-05-29 00:00:00;Centro;mPa;A região encontra-se logo atrás da passagem de uma frente fria, caracterizada por temperaturas mais baixas e declínio térmico típico da atuação da Massa Polar Atlântica.;Outono;;;;;;;;;;;;;;;;
2024-05-29 00:00:00;Sul;mPa;A região delimitada encontra-se na retaguarda da frente fria, caracterizada por temperaturas baixas e advecção de umidade pós-frontal, confirmando o predomínio da massa polar atlân;Outono;;;;;;;;;;;;;;;;
2024-05-30 00:00:00;Norte;mEc;Região situada na bacia amazônica sob domínio da massa quente e úmida característica, sem influência direta da frente fria posicionada mais ao sul do retângulo.;Outono;;;;;;;;;;;;;;;;
2024-05-30 00:00:00;Nordeste;mTa;A região delimitada está sob influência do fluxo equatorial e tropical oceânico, característico da predominância da Massa Tropical Atlântica em grande parte da costa e interior do ;Outono;;;;;;;;;;;;;;;;
2024-05-30 00:00:00;Litoral;mTa;A região delimitada está sob influência do fluxo marítimo da massa Tropical Atlântica, caracterizada pelo transporte de umidade e calor oceânico sobre o litoral.;Outono;;;;;;;;;;;;;;;;
2024-05-30 00:00:00;Centro;mPa;A região delimitada encontra-se na retaguarda da frente fria que avança sobre o Centro-Oeste e Sudeste, caracterizada pela entrada e predomínio da massa de ar polar (mPa).;Outono;;;;;;;;;;;;;;;;
2024-05-30 00:00:00;Sul;mPa;A região delimitada está sob forte influência do escoamento pós-frontal, apresentando declínio térmico característico do avanço da massa de ar polar pelo setor sul.;Outono;;;;;;;;;;;;;;;;
2024-05-31 00:00:00;Norte;mEc;A região delimitada abrange a bacia amazônica, caracterizada por baixas latitudes. Predomina a mEc, massa de ar quente e úmida típica desta área continental central.;Outono;;;;;;;;;;;;;;;;
2024-05-31 00:00:00;Nordeste;mTa;Predominio da massa tropical atlantica caracterizada pelo fluxo de sudeste, trazendo ar quente e umido para a regiao nordeste sob influencia direta da circulacao oceanica.;Outono;;;;;;;;;;;;;;;;
2024-05-31 00:00:00;Litoral;mTa;A região delimitada no setor leste do Brasil encontra-se sob influência da circulação da ASAS, caracterizando o predomínio da massa Tropical Atlântica, quente e úmida.;Outono;;;;;;;;;;;;;;;;
2024-05-31 00:00:00;Centro;mPa;A região encontra-se sob influência clara da massa de ar pós-frontal, caracterizada pelos valores de temperatura e ponto de orvalho em declínio após a passagem da frente fria.;Outono;;;;;;;;;;;;;;;;
2024-05-31 00:00:00;Sul;mPa;A região delimitada apresenta características de baixas temperaturas e umidade sob a influência do avanço de uma massa de ar frio a retaguarda de um sistema frontal no setor sul.;Outono;;;;;;;;;;;;;;;;
2024-06-01 00:00:00;Norte;mEc;Região central e norte sob domínio da Massa Equatorial Continental, caracterizada pela predominância de ar quente e úmido tipicamente associado à bacia amazônica.;Outono;;;;;;;;;;;;;;;;
2024-06-01 00:00:00;Nordeste;mTa;Predominio da massa Tropical Atlantica no setor pelo fluxo de sudeste/leste, caracterizando ar quente e umido sobre a regiao nordeste.;Outono;;;;;;;;;;;;;;;;
2024-06-01 00:00:00;Litoral;mTa;Predominancia da Massa Tropical Atlantica no setor, caracterizada pelo fluxo maritimo quente e umido sob influencia da circulacao periferica da alta pressao do Atlantico Sul.;Outono;;;;;;;;;;;;;;;;
2024-06-01 00:00:00;Centro;mPa;Regiao sob incidencia de subsidencia e adveccao fria pos-frontal, evidenciada pelos baixos valores de temperatura e ponto de orvalho, caracterizando o dominio da mPa.;Outono;;;;;;;;;;;;;;;;
2024-06-01 00:00:00;Sul;mPa;A região serrana e o litoral sul estão sob influência direta do ingresso de ar polar após a passagem de sistema frontal, evidenciado pelas baixas temperaturas e umidade característ;Outono;;;;;;;;;;;;;;;;
2024-06-02 00:00:00;Norte;mEc;Regiao situada sobre o dominio da Amazonia, apresentando caracteristicas tipicas de massa equatorial continental, quente e umida, sem influencia de sistemas frontais.;Outono;;;;;;;;;;;;;;;;
2024-06-02 00:00:00;Nordeste;mTa;Região sob influência direta da circulação marítima do Atlântico Sul, caracterizada pela predominância da massa de ar Tropical Atlântica, mantendo o transporte de umidade em nível ;Outono;;;;;;;;;;;;;;;;
2024-06-02 00:00:00;Litoral;mTa;Regiao sob influencia do escoamento de sueste/leste provindo do oceano, caracterizando a predominancia da Massa Tropical Atlantica em todo o trecho costeiro delimitado.;Outono;;;;;;;;;;;;;;;;
2024-06-02 00:00:00;Centro;mPa;A região delimitada encontra-se sob o avanço de uma massa de ar frio e seco, posicionada na retaguarda de um sistema frontal, caracterizada pela queda das temperaturas e estabilida;Outono;;;;;;;;;;;;;;;;
2024-06-02 00:00:00;Sul;mPa;A região delimitada localiza-se na retaguarda de um sistema frontal, sob a influência direta do escoamento pós-frontal caracterizado pela advecção de ar frio e seco.;Outono;;;;;;;;;;;;;;;;
2024-06-03 00:00:00;Norte;mEc;Região situada sobre a bacia amazônica, caracterizada por altas temperaturas e elevada umidade, sob domínio da massa equatoriana continental predominante no setor.;Outono;;;;;;;;;;;;;;;;
2024-06-03 00:00:00;Nordeste;mTa;A região encontra-se sob o fluxo do estabilizante anticiclônico do Atlântico Sul, caracterizando a predominância da Massa Tropical Atlântica (mTa) sobre o nordeste brasileiro.;Outono;;;;;;;;;;;;;;;;
2024-06-03 00:00:00;Litoral;mTa;A região delimitada está sob influência do escoamento marítimo de leste/sudeste, condicionado pelo anticiclone no Atlântico Sul, caracterizando a predominância da massa Tropical At;Outono;;;;;;;;;;;;;;;;
2024-06-03 00:00:00;Centro;mPa;A regiao apresenta adveccao de ar frio e seco apos a passagem de um sistema frontal, caracterizando a influencia de uma massa de ar polar (mPa) em deslocamento pelo setor.;Outono;;;;;;;;;;;;;;;;
2024-06-03 00:00:00;Sul;mPa;A região delimitada encontra-se na retaguarda de um sistema frontal, caracterizada pela incursão de ar frio e seco, consolidando o domínio da mPa no setor sul.;Outono;;;;;;;;;;;;;;;;
2024-06-03 00:00:00;Norte;mEc;Regiao central da Amazonia sob influencia de massa quente e umida caracteristica de sua origem continental, sem a presenca ou interferencia de sistemas frontais no setor.;Outono;;;;;;;;;;;;;;;;
2024-06-03 00:00:00;Nordeste;mTa;Região sob influência direta da circulação marítima quente e úmida, característica da massa tropical atlântica, predominante no setor leste e interior do Nordeste.;Outono;;;;;;;;;;;;;;;;
2024-06-03 00:00:00;Litoral;mEa;A região delimitada no litoral nordeste encontra-se sob influência do fluxo de ventos alísios que transportam a massa equatorial atlântica, quente e úmida, predominante no setor.;Outono;;;;;;;;;;;;;;;;
2024-06-03 00:00:00;Centro;mPa;A região encontra-se sob influência imediata da retaguarda de um sistema frontal, caracterizada pelo ingresso de ar frio e seco, típico de uma Massa Polar Atlântica em deslocamento;Outono;;;;;;;;;;;;;;;;
2024-06-03 00:00:00;Sul;mPa;A região delimitada encontra-se sob a influência direta de um sistema pós-frontal, apresentando declínio de temperatura e umidade característica do avanço da mPa pelo setor Sul.;Outono;;;;;;;;;;;;;;;;
2024-06-04 00:00:00;Norte;mEc;A região delimitada abrange a bacia amazônica e adjacências, sob domínio característico da Massa Equatorial Continental, mantendo elevadas temperaturas e umidade na ausência de fro;Outono;;;;;;;;;;;;;;;;
2024-06-04 00:00:00;Nordeste;mTa;A região apresenta características de transporte de umidade do oceano para o continente, sob influência da circulação da ASAS, configurando o predomínio da massa Tropical Atlântica;Outono;;;;;;;;;;;;;;;;
2024-06-04 00:00:00;Litoral;mTa;Regiao sob influencia do fluxo de base do escoamento zonal da ASAS, caracterizando predominio de ar tropical quente e umido proveniente do oceano.;Outono;;;;;;;;;;;;;;;;
2024-06-04 00:00:00;Centro;mPa;A região destacada apresenta o ingresso de uma massa de ar frio e seco após a passagem de uma frente fria, caracterizada pela queda nas temperaturas e mudança na direção do vento.;Outono;;;;;;;;;;;;;;;;
2024-06-04 00:00:00;Sul;mPa;A região delimitada encontra-se sob efeito de advecção fria e queda nas temperaturas após a passagem de sistema frontal, caracterizando o avanço claro da Massa Polar Atlântica.;Outono;;;;;;;;;;;;;;;;
2024-06-05 00:00:00;Norte;mEc;A região delimitada abrange a bacia amazônica e áreas adjacentes, onde a massa de ar Equatorial Continental (mEc) prevalece como ambiente quente e úmido de origem térmica local.;Outono;;;;;;;;;;;;;;;;
2024-06-05 00:00:00;Nordeste;mTa;A região encontra-se sob influência do escoamento marítimo associado ao Anticiclone Subtropical, predominando a massa Tropical Atlântica com características de umidade e calor oceâ;Outono;;;;;;;;;;;;;;;;
2024-06-05 00:00:00;Litoral;mTa;A regiao encontra-se sob a influência direta do escoamento marítimo oriundo do Anticiclone Subtropical do Atlântico Sul, caracterizando a predominância da Massa Tropical Atlântica.;Outono;;;;;;;;;;;;;;;;
2024-06-05 00:00:00;Centro;mPa;A região apresenta características típicas de pós-frontal, com temperaturas em declínio e domínio de circulação anticiclônica característica de penetração de massa de ar frio.;Outono;;;;;;;;;;;;;;;;
2024-06-05 00:00:00;Sul;mPa;A região encontra-se no setor pós-frontal, sob a influência direta de uma massa de ar polar com baixas temperaturas e umidade, deslocando-se sobre o Sudeste e Centro-Oeste.;Outono;;;;;;;;;;;;;;;;
2024-06-06 00:00:00;Norte;mEc;A região amazônica delimitada encontra-se sob domínio da Massa Equatorial Continental, caracterizada por temperaturas elevadas e alta umidade, típicas da bacia tropical.;Outono;;;;;;;;;;;;;;;;
2024-06-06 00:00:00;Nordeste;mTa;Dominio da subsidencia e fluxo marítimo estável, caracterizando o transporte de umidade e calor da massa tropical atlântica sobre o setor leste da região Nordeste.;Outono;;;;;;;;;;;;;;;;
2024-06-06 00:00:00;Litoral;mTa;A região delimitada está sob a influência do fluxo marítimo da alta pressão, caracterizando o predomínio da massa Tropical Atlântica (mTa) com características de umidade e calor.;Outono;;;;;;;;;;;;;;;;
2024-06-06 00:00:00;Centro;mPa;A região apresenta temperaturas amenas e perfil característico de pós-frente fria, indicando o predomínio e o avanço da massa de ar polar sobre o setor central do Brasil.;Outono;;;;;;;;;;;;;;;;
2024-06-06 00:00:00;Sul;mPa;A região delimitada encontra-se sob a influência direta do avanço da massa polar atlântica, caracterizada pelo gradiente térmico reduzido observado nas estações meteorológicas loca;Outono;;;;;;;;;;;;;;;;
2024-06-07 00:00:00;Norte;mEc;A região delimitada abrange a bacia amazônica, onde predomina o ar quente e úmido característico da Massa Equatorial Continental, sem influência de sistemas frontais ou circulação ;Outono;;;;;;;;;;;;;;;;
2024-06-07 00:00:00;Nordeste;mTa;A região é dominada pelo escoamento de leste vindo do Atlântico Tropical, caracterizando a influência persistente da mTa sobre o setor costeiro e interior do Nordeste brasileiro.;Outono;;;;;;;;;;;;;;;;
2024-06-07 00:00:00;Litoral;mTa;Predominancia da mTa sobre a regiao costeira, caracterizada pelo fluxo de leste a sudeste oriundo do anticiclone subtropical, mantendo condicoes de estabilidade e umidade.;Outono;;;;;;;;;;;;;;;;
2024-06-07 00:00:00;Centro;mTa;A região central delimitada encontra-se sob influência de um gradiente de alta pressão, caracterizando o predomínio de ar quente e úmido transportado do Atlântico.;Outono;;;;;;;;;;;;;;;;
2024-06-07 00:00:00;Sul;mPa;A região delimitada encontra-se sob a influência direta do avanço da massa de ar polar pós-frontal, caracterizada por temperaturas mais baixas e declínio do gradiente térmico.;Outono;;;;;;;;;;;;;;;;
2024-06-08 00:00:00;Norte;mEc;Regiao central e norte da Amazonia, com caracteristicas tropicais de alta umidade e temperatura, sem influencia de sistemas frontais, confirmando o domínio do núcleo da massa equat;Outono;;;;;;;;;;;;;;;;
2024-06-08 00:00:00;Nordeste;mTa;Regiao sob fluxo predominante de leste, caracterizado pelo transporte de umidade do Atlantico Sul para o Nordeste brasileiro, configurando o dominio da Massa Tropical Atlantica.;Outono;;;;;;;;;;;;;;;;
2024-06-08 00:00:00;Litoral;mTa;A região delimitada está sob o domínio do fluxo marítimo da alta subtropical, caracterizando a atuação da massa de ar Tropical Atlântica com transporte de umidade constante.;Outono;;;;;;;;;;;;;;;;
2024-06-08 00:00:00;Centro;mPa;Região sob influência de incursão de massa de ar frio, observando-se valores de temperatura e ponto de orvalho em declínio após a passagem de sistema frontal pelo setor.;Outono;;;;;;;;;;;;;;;;
2024-06-08 00:00:00;Sul;mPa;A região delimitada encontra-se sob influência de massa de ar frio e seco (mPa), caracterizada pelos baixos valores de temperatura e ponto de orvalho observados na retaguarda da fr;Outono;;;;;;;;;;;;;;;;
2024-06-09 00:00:00;Norte;mEc;Regiao central da Amazonia sob influencia preponderante da Massa Equatorial Continental, caracterizada por alta umidade e ar quente, mantendo estabilidade termodinamica na area del;Outono;;;;;;;;;;;;;;;;
2024-06-09 00:00:00;Nordeste;mTa;Predominio de circulacao maritima com transporte de umidade do Atlantico Sul para o litoral e interior do Nordeste, caracterizando a atuacao da mTa na regiao sob influencia da ASAS;Outono;;;;;;;;;;;;;;;;
2024-06-09 00:00:00;Litoral;mTa;A região delimitada no litoral encontra-se sob influência do fluxo de sudeste, característico da circulação da massa Tropical Atlântica (mTa), que predomina na costa leste brasilei;Outono;;;;;;;;;;;;;;;;
2024-06-09 00:00:00;Centro;mPa;A região encontra-se submetida ao fluxo de sul/sudeste pós-frontal, com redução das temperaturas e valores de ponto de orvalho, caracterizando o ingresso da mPa.;Outono;;;;;;;;;;;;;;;;
2024-06-09 00:00:00;Sul;mPa;A região delimitada apresenta os valores de temperatura e ponto de orvalho característicos do ingresso de ar polar na retarguada do sistema frontal que atua no oceano.;Outono;;;;;;;;;;;;;;;;
2024-06-10 00:00:00;Norte;mEc;A regiao delimitada esta sob influencia da Massa Equatorial Continental, caracterizada pela baixa latitude e circulacao interna caracteristica da bacia amazonica.;Outono;;;;;;;;;;;;;;;;
2024-06-10 00:00:00;Nordeste;mTa;A região é dominada pelo fluxo persistente de ventos marítimos associados à Alta Subtropical do Atlântico Sul, caracterizando a mTa como a massa de ar predominante neste setor.;Outono;;;;;;;;;;;;;;;;
2024-06-10 00:00:00;Litoral;mTa;A região delimitada está sob forte influência do fluxo marítimo da ASAS, caracterizando o domínio da massa Tropical Atlântica (mTa), quente e úmida, persistente no litoral leste.;Outono;;;;;;;;;;;;;;;;
2024-06-10 00:00:00;Centro;mPa;A região delimitada encontra-se sob influência do escoamento pós-frontal, com advecção de ar frio e seco, caracterizando o avanço claro da massa de ar polar pelo interior do Brasil;Outono;;;;;;;;;;;;;;;;
2024-06-10 00:00:00;Sul;mPa;A região encontra-se submetida ao fluxo de sul/sudeste na retaguarda de um sistema frontal, caracterizando a atuação da massa de ar polar (mPa) com queda nas temperaturas.;Outono;;;;;;;;;;;;;;;;
2024-06-11 00:00:00;Norte;mEc;Regiao central e norte da Amazonia, caracterizada por altas temperaturas e elevada umidade, evidenciando o dominio da Massa Equatorial Continental sobre o setor analisado.;Outono;;;;;;;;;;;;;;;;
2024-06-11 00:00:00;Nordeste;mTa;Predominância de fluxo marítimo de sudeste/leste, transportando ar quente e úmido do oceano para o setor oriental do Nordeste, sob influência do regime de circulação da região.;Outono;;;;;;;;;;;;;;;;
2024-06-11 00:00:00;Litoral;mTa;A área delimitada no litoral leste/nordeste está sob o domínio do escoamento marítimo de leste, característico da Massa Tropical Atlântica, mantendo condições estáveis e quentes.;Outono;;;;;;;;;;;;;;;;
2024-06-11 00:00:00;Centro;mTa;A região central encontra-se sob influência de um anticiclone (ASAS), apresentando características de massa de ar quente e úmida típica da circulação marítima subtropical.;Outono;;;;;;;;;;;;;;;;
2024-06-11 00:00:00;Sul;mPa;A região delimitada encontra-se sob influência do avanço de uma massa de ar frio e seco, posicionada na retaguarda do sistema frontal que cruza o Sul e Sudeste do Brasil.;Outono;;;;;;;;;;;;;;;;
2024-06-12 00:00:00;Norte;mEc;Região sob influência direta da Massa Equatorial Continental, caracterizada por baixas pressões e alto teor de umidade, predominante sobre a bacia amazônica.;Outono;;;;;;;;;;;;;;;;
2024-06-12 00:00:00;Nordeste;mTa;Predominância da Massa Tropical Atlântica, que flui do oceano para o continente, mantendo características de estabilidade e umidade no setor leste da região Nordeste.;Outono;;;;;;;;;;;;;;;;
2024-06-12 00:00:00;Litoral;mTa;Regiao sob influencia do fluxo de base do Atlantico Sul, caracterizado por massas de ar quente e umida que predominam no litoral do Nordeste brasileiro.;Outono;;;;;;;;;;;;;;;;
2024-06-12 00:00:00;Centro;mPa;Dados sinóticos da região indicada mostram valores térmicos e de ponto de orvalho em declínio, característicos do avanço de uma massa de ar mais fria e estável pós-frontal.;Outono;;;;;;;;;;;;;;;;
2024-06-12 00:00:00;Sul;mPa;A regiao encontra-se sob a influência direta do ramo pós-frontal, caracterizada por temperaturas mais amenas e fluxo de ar frio e úmido característicos da massa de ar polar.;Outono;;;;;;;;;;;;;;;;
2024-06-13 00:00:00;Norte;mEc;A região delimitada sobre a bacia amazônica caracteriza-se pela predominância de ar quente e úmido de origem continental, mantendo as condições típicas da Massa Equatorial Continen;Outono;;;;;;;;;;;;;;;;
2024-06-13 00:00:00;Nordeste;mTa;Predominância da Massa Tropical Atlântica, caracterizada pelo fluxo marítimo quente e úmido que ingressa na costa e interior do Nordeste sob influência do gradiente de alta pressão;Outono;;;;;;;;;;;;;;;;
2024-06-13 00:00:00;Litoral;mTa;O setor delimitado encontra-se sob domínio do fluxo dos ventos alísios marítimos provenientes do Atlântico Sul, caracterizando a predominância da Massa Tropical Atlântica.;Outono;;;;;;;;;;;;;;;;
2024-06-13 00:00:00;Centro;mTa;Região sob influência da circulação da ASAS, caracterizada por transporte de umidade do oceano e subsidência, típica da estabilidade associada à Massa Tropical Atlântica.;Outono;;;;;;;;;;;;;;;;
2024-06-13 00:00:00;Sul;mPa;A região apresenta o avanço de uma massa de ar frio e seco, caracterizada pela queda das temperaturas e mudança na direção do vento, após a passagem recente de um sistema frontal.;Outono;;;;;;;;;;;;;;;;
2024-06-14 00:00:00;Norte;mEc;A região delimitada abrange a bacia amazônica, caracterizada pela presença de ar quente e úmido de origem continental, mantendo as condições típicas da Massa Equatorial Continental;Outono;;;;;;;;;;;;;;;;
2024-06-14 00:00:00;Nordeste;mEa;Região sob influência direta do fluxo de leste/nordeste com características de alta temperatura e umidade, típica da massa equatorial atlântica que atua no litoral nordestino.;Outono;;;;;;;;;;;;;;;;
2024-06-14 00:00:00;Litoral;mTa;O setor delimitado encontra-se sob fluxos quentes e úmidos oriundos do Atlântico, característicos da atuação da Massa Tropical Atlântica que domina o litoral do Nordeste brasileiro;Outono;;;;;;;;;;;;;;;;
2024-06-14 00:00:00;Centro;mPa;A regiao delimitada encontra-se sob a influência direta do avanço da massa de ar polar, caracterizada por temperaturas e pontos de orvalho mais baixos, pos-passagem de frente fria.;Outono;;;;;;;;;;;;;;;;
2024-06-14 00:00:00;Sul;mPa;A região encontra-se no quadrante posterior à passagem de uma frente fria, evidenciada pelos ventos de componente sul e queda de temperatura, caracterizando a atuação da mPa.;Outono;;;;;;;;;;;;;;;;
2024-06-15 00:00:00;Norte;mEc;Região central e norte da bacia amazônica sob domínio de massa de ar quente e úmida de origem continental, sem influência de sistemas frontais ou de circulação marítima direta.;Outono;;;;;;;;;;;;;;;;
2024-06-15 00:00:00;Nordeste;mTa;Regiao sob incidencia de escoamento vindo do Atlantico Sul, caracteristico da mTa, transportando umidade e mantendo condicoes tipicas de estabilidade no setor leste do Nordeste.;Outono;;;;;;;;;;;;;;;;
2024-06-15 00:00:00;Litoral;mTa;Predominio da massa Tropical Atlantica, caracterizada por fluxos quentes e umidos sobre a costa leste brasileira, mantendo estabilidade termica na regiao delimitada.;Outono;;;;;;;;;;;;;;;;
2024-06-15 00:00:00;Centro;mPa;Regiao sob clara influencia do avanco de uma massa de ar frio e seco (mPa), caracterizada pela queda nas temperaturas e valores reduzidos de ponto de orvalho apos a passagem fronta;Outono;;;;;;;;;;;;;;;;
2024-06-15 00:00:00;Sul;mPa;A região delimitada encontra-se sob a influência direta do avanço da retaguarda de um sistema frontal, caracterizada por temperaturas reduzidas típicas da massa polar atlântica.;Outono;;;;;;;;;;;;;;;;
2024-06-16 00:00:00;Norte;mEc;A região mapeada apresenta características térmicas e de umidade típicas da bacia amazônica, sob domínio da Massa Equatorial Continental, sem influência de sistemas frontais.;Outono;;;;;;;;;;;;;;;;
2024-06-16 00:00:00;Nordeste;mTa;Predominio da massa Tropical Atlantica sobre a regiao nordestina, caracterizada pelo fluxo de ar quente e umido vindo do oceano sob influencia do sistema de alta pressao.;Outono;;;;;;;;;;;;;;;;
2024-06-16 00:00:00;Litoral;mTa;A região delimitada está sob forte influência marítima do Anticiclone Subtropical do Atlântico Sul, caracterizando o predomínio de ar quente e úmido da massa Tropical Atlântica.;Outono;;;;;;;;;;;;;;;;
2024-06-16 00:00:00;Centro;mTa;A região encontra-se sob influência da circulação anticiclônica do Atlântico Sul, mantendo condições típicas da Massa Tropical Atlântica, caracterizada pelo fluxo quente e úmido.;Outono;;;;;;;;;;;;;;;;
2024-06-16 00:00:00;Sul;mPa;A região delimitada encontra-se sob a influência do avanço de uma massa de ar frio e seco, evidenciada pelas temperaturas mais baixas e ventos do quadrante sul pós-passagem frontal;Outono;;;;;;;;;;;;;;;;
2024-06-17 00:00:00;Norte;mEc;A região demarcada encontra-se sobre a bacia amazônica, caracterizada pela predominância da Massa Equatorial Continental, que apresenta características térmicas elevadas e grande u;Outono;;;;;;;;;;;;;;;;
2024-06-17 00:00:00;Nordeste;mTa;Regiao sob influencia direta do escoamento de leste-sudeste proveniente do Atlantico Sul, caracterizando a predominancia da massa de ar quente e umida tropical.;Outono;;;;;;;;;;;;;;;;
2024-06-17 00:00:00;Litoral;mTa;Regiao sob influencia do escoamento do fluxo de leste da alta pressao do Atlantico Sul, caracterizando a atuacao da massa Tropical Atlantica com umidade e temperaturas elevadas.;Outono;;;;;;;;;;;;;;;;
2024-06-17 00:00:00;Centro;mPa;A região encontra-se submetida ao fluxo de sul/sudeste pós-frontal, evidenciado pelas temperaturas amenas e presença de ar polar avançando pela retaguarda da frente fria.;Outono;;;;;;;;;;;;;;;;
2024-06-17 00:00:00;Sul;mPa;A região delimitada situa-se na retaguarda de um sistema frontal, caracterizada por temperaturas mais baixas e fluxo de ar polar, configurando o predomínio da massa Polar Atlântica;Outono;;;;;;;;;;;;;;;;
2024-06-18 00:00:00;Norte;mEc;A região delimitada abrange a bacia amazônica, onde predomina a característica massa equatorial continental, quente e úmida, mantendo-se estável sem influência de sistemas polares.;Outono;;;;;;;;;;;;;;;;
2024-06-18 00:00:00;Nordeste;mTa;Predominância da Massa Tropical Atlântica, caracterizada pelo fluxo de ar do quadrante leste que atua sobre o Nordeste brasileiro mantendo as condições de umidade e calor na região;Outono;;;;;;;;;;;;;;;;
2024-06-18 00:00:00;Litoral;mEa;A região delimitada no litoral nordestino encontra-se sob a influência direta da massa equatorial atlântica, caracterizada pelo ar quente e úmido predominante nessas latitudes.;Outono;;;;;;;;;;;;;;;;
2024-06-18 00:00:00;Centro;mPa;A área delimitada encontra-se sob a influência direta de um sistema pós-frontal, com advecção de ar frio e seco, caracterizando a atuação da massa polar atlântica avançando para o ;Outono;;;;;;;;;;;;;;;;
2024-06-18 00:00:00;Sul;mPa;A região delimitada está sob forte influência de uma massa de ar frio e úmido, caracterizada pela circulação pós-frontal, com queda de temperaturas e registros de pressões elevadas;Outono;;;;;;;;;;;;;;;;
2024-06-19 00:00:00;Norte;mEc;A regiao delimitada esta sob influencia da massa de ar quente e umida caracteristica da Amazonia, mantendo condicoes de estabilidade continental sem interferencia de sistemas front;Outono;;;;;;;;;;;;;;;;
2024-06-19 00:00:00;Nordeste;mTa;A região encontra-se sob influência do escoamento marítimo de leste, característico da massa Tropical Atlântica, que transporta umidade para o interior do Nordeste brasileiro.;Outono;;;;;;;;;;;;;;;;
2024-06-19 00:00:00;Litoral;mTa;O setor delimitado encontra-se sob domínio do fluxo marítimo estabelecido pela Alta subtropical, caracterizando a presença da Massa Tropical Atlântica com transporte de umidade.;Outono;;;;;;;;;;;;;;;;
2024-06-19 00:00:00;Centro;mTa;Regiao sob dominio da circulacao da alta subtropical do Atlantico Sul, apresentando caracteristicas tipicas de massa quente e umida predominante no setor central do Brasil.;Outono;;;;;;;;;;;;;;;;
2024-06-19 00:00:00;Sul;mPa;A região apresenta o avanço e a estabilização de um sistema de alta pressão extratropical, caracterizando a influência de ar frio e seco de origem polar após a passagem de uma fren;Inverno;;;;;;;;;;;;;;;;
2024-06-20 00:00:00;Norte;mEc;Regiao continental norte definida por altas temperaturas e elevada umidade caracteristicas da circulacao equatorial, sem influencia de sistemas frontais ou massas de origem maritim;Inverno;;;;;;;;;;;;;;;;
2024-06-20 00:00:00;Nordeste;mTa;A região apresenta influência do fluxo de sudeste sob domínio da alta pressão oceânica, caracterizando o ingresso de umidade e calor típicos da massa Tropical Atlântica.;Inverno;;;;;;;;;;;;;;;;
2024-06-20 00:00:00;Litoral;mTa;A região delimitada está sob forte influência do escoamento marítimo provindo do Atlântico Sul, caracterizando a predominância da massa Tropical Atlântica (mTa) no setor.;Inverno;;;;;;;;;;;;;;;;
2024-06-20 00:00:00;Centro;mPa;A região delimitada encontra-se sob influência de subsidência pós-frontal associada ao avanço de uma massa de ar polar, evidenciada pelos valores de temperatura e ponto de orvalho.;Inverno;;;;;;;;;;;;;;;;
2024-06-20 00:00:00;Sul;mPa;A região apresenta características típicas de pós-frontal, com temperaturas reduzidas e ventos de sul/sudoeste, denotando o avanço e domínio da Massa Polar Atlântica no setor indic;Inverno;;;;;;;;;;;;;;;;
2024-06-21 00:00:00;Norte;mEc;A região delimitada abrange a bacia amazônica e áreas centrais, caracterizada pela predominância da massa de ar equatorial continental, quente e úmida, típica desta época do ano.;Inverno;;;;;;;;;;;;;;;;
2024-06-21 00:00:00;Nordeste;mTa;A região delimitada está sob forte influência do escoamento marítimo de leste, caracterizando a atuação da massa Tropical Atlântica com características quentes e úmidas na costa.;Inverno;;;;;;;;;;;;;;;;
2024-06-21 00:00:00;Litoral;mTa;Regiao sob influencia do fluxo marítimo da alta subtropical, caracterizando o transporte de umidade e calor sobre o litoral leste do Brasil.;Inverno;;;;;;;;;;;;;;;;
2024-06-21 00:00:00;Centro;mPa;A região encontra-se sob efeito direto de advecção fria logo após a passagem de uma frente, evidenciada pelos valores de temperatura e pressão característicos da mPa.;Inverno;;;;;;;;;;;;;;;;
2024-06-21 00:00:00;Sul;mPa;A região delimitada localiza-se na retaguarda de sistema frontal, apresentando gradiente térmico e fluxo característico de advecção de ar frio e seco, consolidando a mPa.;Inverno;;;;;;;;;;;;;;;;
2024-06-22 00:00:00;Norte;mEc;Região situada sobre a bacia amazônica, caracterizada por altas temperaturas e elevada umidade, sob domínio da Massa Equatorial Continental, sem influência de sistemas frontais.;Inverno;;;;;;;;;;;;;;;;
2024-06-22 00:00:00;Nordeste;mTa;Predominância de circulação de leste sobre o Nordeste, trazendo umidade do oceano e características térmicas típicas da Massa Tropical Atlântica na região.;Inverno;;;;;;;;;;;;;;;;
2024-06-22 00:00:00;Litoral;mTa;Predominio da Massa Tropical Atlantica no setor costeiro, caracterizada por transporte de umidade do oceano para o continente sob fluxo de circulação anticiclônica.;Inverno;;;;;;;;;;;;;;;;
2024-06-22 00:00:00;Centro;mTa;Regiao sob influencia direta do fluxo subtropical da ASAS, caracterizado por temperaturas elevadas e umidade transportada pelo escoamento persistente do oceano para o continente.;Inverno;;;;;;;;;;;;;;;;
2024-06-22 00:00:00;Sul;mPa;A regiao apresenta baixas temperaturas e umidade característica, sob a incursao de uma massa polar atlanticia no interior do continente ao sul do pais.;Inverno;;;;;;;;;;;;;;;;
2024-06-23 00:00:00;Norte;mEc;Predominio da massa de ar quente e umida sobre a regiao Amazonica, caracterizada pela ausencia de interferencia de sistemas frontais ou de altas pressoes extratropicais no setor.;Inverno;;;;;;;;;;;;;;;;
2024-06-23 00:00:00;Nordeste;mTa;A regiao delimitada esta sob influencia direta do fluxo marítimo vindo do Atlantico Sul, caracterizando a predominancia da massa Tropical Atlantica com umidade e calor na costa.;Inverno;;;;;;;;;;;;;;;;
2024-06-23 00:00:00;Litoral;mTa;A região delimitada está sob forte influência do escoamento marítimo oriundo do Anticiclone subtropical, configurando o domínio da massa Tropical Atlântica no setor leste.;Inverno;;;;;;;;;;;;;;;;
2024-06-23 00:00:00;Centro;mPa;A regiao apresenta caracteristicas de subsidencia e adveccao fria, com registros de temperaturas mais baixas e declinio de ponto de orvalho, caracteristico da atuacao de uma mPa.;Inverno;;;;;;;;;;;;;;;;
2024-06-23 00:00:00;Sul;mPa;A regiao delimitada esta sob influencia de uma Massa Polar Atlantica, caracterizada por baixas temperaturas e umidade, posicionada a retaguarda de um sistema frontal em deslocament;Inverno;;;;;;;;;;;;;;;;
2024-06-24 00:00:00;Norte;mEc;Região situada sobre a bacia amazônica, caracterizada por altas temperaturas e elevada umidade, sob domínio da massa de ar continental de origem equatorial (mEc).;Inverno;;;;;;;;;;;;;;;;
2024-06-24 00:00:00;Nordeste;mTa;A região encontra-se sob influência do fluxo de sudeste proveniente do Atlântico Tropical, caracterizando a predominância da massa Tropical Atlântica com transporte de umidade.;Inverno;;;;;;;;;;;;;;;;
2024-06-24 00:00:00;Litoral;mTa;A região delimitada encontra-se sob sobriedade do fluxo marítimo de sudeste, característico da circulação periférica da alta pressão subtropical, configurando a atuação da mTa.;Inverno;;;;;;;;;;;;;;;;
2024-06-24 00:00:00;Centro;mTa;Regiao sob predominio de subsidencia e fluxo de leste/nordeste associado a ASAS, caracterizando o dominio da massa tropical atlantica com valores de temperatura elevados.;Inverno;;;;;;;;;;;;;;;;
2024-06-24 00:00:00;Sul;mPa;A região delimitada encontra-se na retaguarda de uma frente fria, sob a influência direta do avanço de uma massa de ar frio e úmido de origem polar.;Inverno;;;;;;;;;;;;;;;;
2024-06-25 00:00:00;Norte;mEc;Regiao central e norte do continente, sob influencia de ar quente e umido de origem amazonica, caracteristico do dominio da Massa Equatorial Continental.;Inverno;;;;;;;;;;;;;;;;
2024-06-25 00:00:00;Nordeste;mTa;A região encontra-se sob influência do escoamento marítimo de leste, característico da massa tropical atlântica, que predomina sobre o setor leste e interior da região Nordeste.;Inverno;;;;;;;;;;;;;;;;
2024-06-25 00:00:00;Litoral;mTa;A regiao delimitada esta sob o regime de circulacao do anticiclone subtropical, caracterizado por fluxo predominante de leste/sudeste, condizente com a atuacao da mTa.;Inverno;;;;;;;;;;;;;;;;
2024-06-25 00:00:00;Centro;mPa;A região apresenta o avanço de uma massa de ar frio e seco (mPa), caracterizada pela queda das temperaturas e direção dos ventos, posicionado logo após o sistema frontal no centro-;Inverno;;;;;;;;;;;;;;;;
2024-06-25 00:00:00;Sul;mPa;A região apresenta características de baixas temperaturas e umidade no setor pós-frontal, sob influência direta do ingresso da massa de ar polar avançando sobre o Sul e Sudeste.;Inverno;;;;;;;;;;;;;;;;
2024-06-26 00:00:00;Norte;mEc;Regiao central e norte da Amazonia sob influencia da massa de ar quente e umida caracteristica da bacia, mantendo estabilidade termica e elevadas taxas de umidade.;Inverno;;;;;;;;;;;;;;;;
2024-06-26 00:00:00;Nordeste;mTa;A região do Nordeste delimitada encontra-se sob o fluxo do escoamento de leste, com características térmicas e de umidade típicas da massa tropical atlântica.;Inverno;;;;;;;;;;;;;;;;
2024-06-26 00:00:00;Litoral;mTa;A região demarcada encontra-se sob domínio do fluxo de ventos de leste provenientes do oceano, característicos da massa de ar tropical atlântica, apresentando umidade e temperatura;Inverno;;;;;;;;;;;;;;;;
2024-06-26 00:00:00;Centro;mPa;Região sob influência de ar frio e seco após a passagem de sistema frontal, caracterizado pelos valores de temperatura e ponto de orvalho reduzidos no setor do retângulo.;Inverno;;;;;;;;;;;;;;;;
2024-06-26 00:00:00;Sul;mPa;A regiao delimitada esta sob a influencia direta da circulacao pos-frontal, apresentando temperaturas reduzidas e gradiente de pressao caracteristico da avancada de ar polar.;Inverno;;;;;;;;;;;;;;;;
2024-06-27 00:00:00;Norte;mEc;A região demarcada encontra-se sobre a bacia amazônica, caracterizada por ser uma massa de ar quente e úmida, mantendo-se estável sem a influência direta de sistemas frontais.;Inverno;;;;;;;;;;;;;;;;
2024-06-27 00:00:00;Nordeste;mTa;A região delimitada encontra-se sob a influência direta do escoamento marítimo quente e úmido transportado pelos ventos alísios do quadrante leste, característicos da mTa.;Inverno;;;;;;;;;;;;;;;;
2024-06-27 00:00:00;Litoral;mTa;Predominância de ambiente quente e úmido no litoral nordestino, sob influência direta da circulação marítima característica da massa tropical atlântica.;Inverno;;;;;;;;;;;;;;;;
2024-06-27 00:00:00;Centro;mPa;A região encontra-se submetida ao avanço e estabilização de uma massa de ar frio e seco (mPa), caracterizada por baixos valores de ponto de orvalho e temperaturas declinadas.;Inverno;;;;;;;;;;;;;;;;
2024-06-27 00:00:00;Sul;mPa;A regiao delimitada esta sob a influencia direta da retaguarda de um sistema frontal, caracterizada pelo ingresso de ar frio e seco, consolidando o dominio da massa polar.;Inverno;;;;;;;;;;;;;;;;
2024-06-28 00:00:00;Norte;mEc;Regiao central e norte da Amazonia apresentando umidade e temperaturas elevadas, caracteristicas da massa Equatorial Continental, sem inflencia direta de sistemas frontais.;Inverno;;;;;;;;;;;;;;;;
2024-06-28 00:00:00;Nordeste;mTa;Predomínio de fluxo marítimo quente e úmido sobre a região do Nordeste, sob influência do regime de circulação da alta pressão subtropical do Atlântico Sul.;Inverno;;;;;;;;;;;;;;;;
2024-06-28 00:00:00;Litoral;mTa;O litoral indicado está sob a influência do fluxo marítimo de leste/sudeste, transportando ar quente e úmido característico da Massa Tropical Atlântica (mTa).;Inverno;;;;;;;;;;;;;;;;
2024-06-28 00:00:00;Centro;mPa;A região apresenta temperaturas reduzidas e gradiente de pressão característico após a passagem de uma frente fria, indicando o avanço e domínio da massa de ar polar.;Inverno;;;;;;;;;;;;;;;;
2024-06-28 00:00:00;Sul;mPa;A região delimitada encontra-se na retaguarda de uma frente fria, caracterizando o ingresso e domínio da massa de ar polar, evidenciado pelas baixas temperaturas e umidade reduzida;Inverno;;;;;;;;;;;;;;;;
2024-06-29 00:00:00;Norte;mEc;A região delimitada abrange a bacia amazônica. Observa-se o domínio de características quentes e úmidas típicas da massa de ar Equatorial Continental, sem influência de sistemas fr;Inverno;;;;;;;;;;;;;;;;
2024-06-29 00:00:00;Nordeste;mTa;Região sob influência direta do fluxo de leste da circulação periférica do sistema de alta pressão subtropical do Atlântico Sul, caracterizando a atuação da mTa.;Inverno;;;;;;;;;;;;;;;;
2024-06-29 00:00:00;Litoral;mTa;A região delimitada está sob forte influência do escoamento marítimo associado à circulação do Anticiclone subtropical, caracterizando a predominância da Massa Tropical Atlântica.;Inverno;;;;;;;;;;;;;;;;
2024-06-29 00:00:00;Centro;mPa;A região apresenta o avanço de uma massa de ar polar, evidenciado pelas temperaturas menores e umidade característica após a passagem da frente fria pelo Sudeste/Centro-Oeste.;Inverno;;;;;;;;;;;;;;;;
2024-06-29 00:00:00;Sul;mPa;A região delimitada encontra-se sob influência de massa de ar frio e úmido (mPa), caracterizada pela queda das temperaturas e direção dos ventos logo após a passagem da frente fria;Inverno;;;;;;;;;;;;;;;;
2024-06-30 00:00:00;Norte;mEc;Regiao localizada sobre a bacia Amazonica, caracterizada por baixos gradientes de pressao e ausencia de sistemas frontais, sob dominio das propriedades termodinamicas da mEc.;Inverno;;;;;;;;;;;;;;;;
2024-06-30 00:00:00;Nordeste;mTa;A região encontra-se sob influência do fluxo de sudeste estabelecido pela circulação da alta pressão marítima, caracterizando o predomínio da Massa Tropical Atlântica (mTa).;Inverno;;;;;;;;;;;;;;;;
2024-06-30 00:00:00;Litoral;mTa;O setor delimitado encontra-se sob domínio da circulação marítima da alta pressão, caracterizando a atuação da Massa Tropical Atlântica com transporte de umidade e calor no litoral;Inverno;;;;;;;;;;;;;;;;
2024-06-30 00:00:00;Centro;mPa;A região encontra-se submetida à influência direta da massa de ar polar oriunda do sul, caracterizada por temperaturas mais baixas após a passagem de sistema frontal pelo setor.;Inverno;;;;;;;;;;;;;;;;
2024-06-30 00:00:00;Sul;mPa;A região delimitada encontra-se sob a influência direta do avanço da massa de ar polar, evidenciado pelas baixas temperaturas e pelo fluxo pós-frontal na retaguarda do sistema.;Inverno;;;;;;;;;;;;;;;;
2024-07-01 00:00:00;Norte;mEc;Regiao sobre dominio da massa de ar quente e umida caracteristica da bacia amazonica, sem influencia direta de sistemas frontais ou circulação maritima predominante.;Inverno;;;;;;;;;;;;;;;;
2024-07-01 00:00:00;Nordeste;mTa;Predominancia da Massa Tropical Atlantica devido ao fluxo de leste/sudeste associado ao escoamento da alta subtropical, mantendo o transporte de umidade e estabilidade na regiao.;Inverno;;;;;;;;;;;;;;;;
2024-07-01 00:00:00;Litoral;mTa;Regiao sob influencia fluxos maritimos de sudeste oriundos do Anticiclone sobre o Atlantico Sul, caracterizando predominio de ar quente e umido de origem maritima.;Inverno;;;;;;;;;;;;;;;;
2024-07-01 00:00:00;Centro;mPa;A região apresenta o avanço de uma massa de ar polar, evidenciada pelas baixas temperaturas e pelo posicionamento típico na retaguarda da frente fria que atua no oceano.;Inverno;;;;;;;;;;;;;;;;
2024-07-01 00:00:00;Sul;mPa;A região sob o retângulo vermelho encontra-se na retaguarda de um sistema frontal, caracterizada por temperaturas reduzidas e circulação de sul, típica do predomínio da mPa.;Inverno;;;;;;;;;;;;;;;;
2024-07-02 00:00:00;Norte;mEc;Região localizada sobre a bacia amazônica, caracterizada por baixas pressões térmicas e elevada umidade, sob domínio da Massa Equatorial Continental.;Inverno;;;;;;;;;;;;;;;;
2024-07-02 00:00:00;Nordeste;mTa;A região encontra-se sob influência do escoamento marítimo oriundo do oceano Atlântico subtropical, caracterizando o predomínio da Massa Tropical Atlântica (mTa) no setor.;Inverno;;;;;;;;;;;;;;;;
2024-07-02 00:00:00;Litoral;mTa;Regiao sob influencia direta do fluxo marítimo estabelecido pela circulação anticiclônica oceânica, caracterizando o predomínio de ar quente e úmido no litoral sudeste/nordeste.;Inverno;;;;;;;;;;;;;;;;
2024-07-02 00:00:00;Centro;mPa;A região apresenta o avanço e a permanência de uma massa de ar frio e seco (mPa), caracterizada por temperaturas reduzidas e gradiente de pressão típico pós-passagem de frente fria;Inverno;;;;;;;;;;;;;;;;
2024-07-02 00:00:00;Sul;mPa;A região apresenta declínio de temperaturas e valores de umidade compatíveis com o avanço de uma massa de ar frio e seco, característica da mPa pos-frontal sobre a região Sul.;Inverno;;;;;;;;;;;;;;;;
2024-07-02 00:00:00;Norte;mEc;Regiao central e norte da Amazonia sob influencia da Massa Equatorial Continental, caracterizada por alta temperatura e umidade, sem interferencia de sistemas frontais no periodo.;Inverno;;;;;;;;;;;;;;;;
2024-07-02 00:00:00;Nordeste;mTa;A região encontra-se sob o fluxo do escoamento de leste-sudeste proveniente do Atlântico Tropical, caracterizando a predominância da Massa Tropical Atlântica com transporte de umid;Inverno;;;;;;;;;;;;;;;;
2024-07-02 00:00:00;Litoral;mTa;A região delimitada encontra-se sob domínio do fluxo de sudeste da circulação periférica da alta pressão subtropical. Predomina ar quente e úmido transportado do Atlântico.;Inverno;;;;;;;;;;;;;;;;
2024-07-02 00:00:00;Centro;mPa;A região sob o retângulo vermelho apresenta temperaturas amenas e predominância de fluxos de sul/sudeste, caracterizando a retaguarda de sistema frontal que impulsionou o ar frio.;Inverno;;;;;;;;;;;;;;;;
2024-07-02 00:00:00;Sul;mPa;A região encontra-se no setor pós-frontal, sob influência direta do deslocamento de uma Massa Polar Atlântica, caracterizada pelo ingresso de ar frio e úmido no Sul do país.;Inverno;;;;;;;;;;;;;;;;
2024-07-03 00:00:00;Norte;mEc;A região delimitada abrange a bacia amazônica e áreas centrais, estando sob a influência predominante da massa de ar quente e úmida de origem continental, característica da região ;Inverno;;;;;;;;;;;;;;;;
2024-07-03 00:00:00;Nordeste;mTa;Predominância de fluxo marítimo sob influência de gradiente barométrico oceânico, caracterizando ar quente e úmido transportado do Atlântico sobre a região Nordeste.;Inverno;;;;;;;;;;;;;;;;
2024-07-03 00:00:00;Litoral;mTa;A região delimitada encontra-se sob domínio do fluxo de nordeste e leste do Anticiclone Subtropical do Atlântico Sul, caracterizando a influência da Massa Tropical Atlântica.;Inverno;;;;;;;;;;;;;;;;
2024-07-03 00:00:00;Centro;mPa;A região delimitada encontra-se sob sobressalto e influência direta do avanço de uma massa de ar frio e seco, caracterizando a mPa após a passagem de uma frente fria sobre o setor.;Inverno;;;;;;;;;;;;;;;;
2024-07-03 00:00:00;Sul;mPa;A região apresenta temperaturas baixas e está localizada na retaguarda de um sistema frontal, caracterizando a atuação e o domínio da massa de ar polar.;Inverno;;;;;;;;;;;;;;;;
2024-07-03 00:00:00;Norte;mEc;Regiao posicionada sobre a bacia Amazonica, caracterizada pelo dominio de ar quente e umido de origem equatorial continental, mantendo estabilidade termica na ausencia de sistemas ;Inverno;;;;;;;;;;;;;;;;
2024-07-03 00:00:00;Nordeste;mTa;Regiao sob atuacao do fluxo de leste/sudeste, transportando ar quente e umido originado sobre o oceano Atlantico, caracterizando o dominio da Massa Tropical Atlantica.;Inverno;;;;;;;;;;;;;;;;
2024-07-03 00:00:00;Litoral;mTa;A regiao delimitada esta sob influencia direta do fluxo zonal associado ao escoamento da alta subtropical, caracterizando o predominio de massa quente e umida de origem maritima.;Inverno;;;;;;;;;;;;;;;;
2024-07-03 00:00:00;Centro;mPa;A região apresenta o avanço e a estabilização de uma massa de ar frio e seco (mPa) na retaguarda de um sistema frontal, caracterizado pelos valores de temperatura e pressão em elev;Inverno;;;;;;;;;;;;;;;;
2024-07-03 00:00:00;Sul;mPa;A região demarcada apresenta temperaturas em declínio e circulação favorável ao avanço de ar frio, caracterizando o pós-frontal da massa de ar polar que ingressa pelo Sul do país.;Inverno;;;;;;;;;;;;;;;;
2024-07-04 00:00:00;Norte;mEc;A região delimitada abrange a bacia amazônica, onde predomina uma massa de ar quente e úmida, característica da mEc, sem influência de sistemas frontais ou circulação marítima imed;Inverno;;;;;;;;;;;;;;;;
2024-07-04 00:00:00;Nordeste;mTa;Predominio da Massa Tropical Atlantica, evidenciada pela circulacao do anticiclone sobre o oceano que transporta umidade para o setor costeiro e interior do Nordeste brasileiro.;Inverno;;;;;;;;;;;;;;;;
2024-07-04 00:00:00;Litoral;mTa;Região sob influência direta da circulação marítima da Alta Subtropical do Atlântico Sul, caracterizando a predominância de ar quente e úmido de estagnação tropical.;Inverno;;;;;;;;;;;;;;;;
2024-07-04 00:00:00;Centro;mTa;Região sob influência da circulação anticiclônica do Atlântico Sul, transportando ar quente e úmido para o interior do país antes do avanço do sistema frontal ao sul.;Inverno;;;;;;;;;;;;;;;;
2024-07-04 00:00:00;Sul;mPa;Região sob influência direta de massa de ar frio e seco, avançando pelo setor sul do continente através da retaguarda de sistema frontal, caracterizando a mPa.;Inverno;;;;;;;;;;;;;;;;
2024-07-05 00:00:00;Norte;mEc;Regiao central e norte da Bacia Amazonica sob influencia direta da massa equatorial continental, caracterizada por altas temperaturas e elevada umidade em condicoes estaveis.;Inverno;;;;;;;;;;;;;;;;
2024-07-05 00:00:00;Nordeste;mTa;A região encontra-se sob influência do fluxo anticiclônico oceânico, caracterizando o domínio da massa Tropical Atlântica com transporte de umidade e ar aquecido do oceano.;Inverno;;;;;;;;;;;;;;;;
2024-07-05 00:00:00;Litoral;mTa;A região delimitada está sob forte influência do escoamento marítimo provindo do Atlântico Sul, caracterizando o predomínio da Massa Tropical Atlântica (mTa) quente e úmida.;Inverno;;;;;;;;;;;;;;;;
2024-07-05 00:00:00;Centro;mPa;A região apresenta o avanço de uma massa de ar frio e seco, evidenciada pela queda nas temperaturas e baixos pontos de orvalho após a passagem de sistema frontal.;Inverno;;;;;;;;;;;;;;;;
2024-07-05 00:00:00;Sul;mPa;Região sob influência direta de um pulso de massa de ar frio e úmido, claramente posicionado na retaguarda do sistema frontal que atua sobre o setor sul/sudeste.;Inverno;;;;;;;;;;;;;;;;
2024-07-05 00:00:00;Norte;mEc;A regiao delimitada esta sob influencia direta da massa de ar quente e umida de origem amazonica, caracteristica do setor Norte, sem interferencia de sistemas frontais no momento.;Inverno;;;;;;;;;;;;;;;;
2024-07-05 00:00:00;Nordeste;mTa;Predominância de fluxo marítimo de sudeste associado ao escoamento da alta subtropical, trazendo umidade e temperaturas elevadas para o setor leste da região Nordeste.;Inverno;;;;;;;;;;;;;;;;
2024-07-05 00:00:00;Litoral;mTa;A regiao delimitada encontra-se sob a influencia direta da circulacao oceanica constante do Atlantico Sul, caracterizando a predominancia da massa Tropical Atlantica quente e umida;Inverno;;;;;;;;;;;;;;;;
2024-07-05 00:00:00;Centro;mPa;Região sob forte influência de advecção fria pós-frontal, com queda nas temperaturas e estabilização térmica característica do avanço de massa de ar polar pelo interior do país.;Inverno;;;;;;;;;;;;;;;;
2024-07-05 00:00:00;Sul;mPa;A região delimitada encontra-se na retaguarda de um sistema frontal, caracterizada por temperaturas reduzidas e circulação anticiclônica típica da penetração da massa polar atlânti;Inverno;;;;;;;;;;;;;;;;
2024-07-06 00:00:00;Norte;mEc;Região da Amazônia com características de ar quente e úmido, sem influência de frentes frias, caracterizando o domínio da massa Equatorial Continental.;Inverno;;;;;;;;;;;;;;;;
2024-07-06 00:00:00;Nordeste;mTa;Predominio da massa Tropical Atlantica na regiao nordestina, caracterizando-se pela estabilidade e umidade advinda do oceano sob a influencia do gradiente de pressao da ASAS.;Inverno;;;;;;;;;;;;;;;;
2024-07-06 00:00:00;Litoral;mEa;Região sob influência da Massa Equatorial Atlântica. Caracteriza-se por ar quente e úmido predominante sobre o litoral do Nordeste brasileiro, com fluxo de leste estabelecido.;Inverno;;;;;;;;;;;;;;;;
2024-07-06 00:00:00;Centro;mPa;A região encontra-se no setor pós-frontal, com valores de temperatura reduzidos e gradiente térmico característico do avanço da massa de ar frio sobre o centro do continente.;Inverno;;;;;;;;;;;;;;;;
2024-07-06 00:00:00;Sul;mPa;A região delimitada encontra-se na retaguarda de uma frente fria, caracterizada pela advecção de temperaturas mais baixas e menores valores de ponto de orvalho, típicos da mPa.;Inverno;;;;;;;;;;;;;;;;
2024-07-07 00:00:00;Norte;mEc;A regiao delimitada encontra-se sobre a bacia Amazonica, area de origem e dominio da Massa Equatorial Continental, caracterizada por condicoes quentes e umidas.;Inverno;;;;;;;;;;;;;;;;
2024-07-07 00:00:00;Nordeste;mTa;A região encontra-se sob influência do escoamento marítimo de leste/sudeste, transportando ar quente e úmido proveniente do Oceano Atlântico para o setor norte/nordeste.;Inverno;;;;;;;;;;;;;;;;
2024-07-07 00:00:00;Litoral;mTa;A região delimitada está sob forte influência do fluxo marítimo da massa tropical atlântica, caracterizada pelo transporte de umidade do oceano para o continente.;Inverno;;;;;;;;;;;;;;;;
2024-07-07 00:00:00;Centro;mPa;A região encontra-se no setor de retaguarda de um sistema frontal, caracterizada pela incursão de ar frio e seco, consolidando o domínio da massa polar atlântica.;Inverno;;;;;;;;;;;;;;;;
2024-07-07 00:00:00;Sul;mPa;A região delimitada encontra-se sob influência direta da massa de ar pós-frontal, caracterizada por temperaturas baixas e umidade, posicionada a retaguarda do sistema frontal.;Inverno;;;;;;;;;;;;;;;;
2024-07-08 00:00:00;Norte;mEc;A regiao delimitada esta sob influencia direta da massa de ar equatorial continental, caracterizada pelo ar quente e umido formado sobre a bacia Amazonica.;Inverno;;;;;;;;;;;;;;;;
2024-07-08 00:00:00;Nordeste;mTa;A região encontra-se sob influência do fluxo zonal marítimo predominante do Atlântico Tropical, caracterizando a massa de ar quente e úmida que domina a costa e o interior do Norde;Inverno;;;;;;;;;;;;;;;;
2024-07-08 00:00:00;Litoral;mTa;Região sob influência direta do fluxo zonal marítimo predominante, característico da circulação de leste de caráter quente e úmido sobre o litoral do Nordeste brasileiro.;Inverno;;;;;;;;;;;;;;;;
2024-07-08 00:00:00;Centro;mPa;A região delimitada encontra-se sob influência do avanço de uma frente fria, com gradiente de pressão característico da entrada de ar polar (mPa) no setor Centro-Oeste.;Inverno;;;;;;;;;;;;;;;;
2024-07-08 00:00:00;Sul;mPa;A regiao delimitada encontra-se na retaguarda de sistema frontal, com temperaturas baixas, caracterizando o avanco e a atuacao da Massa Polar Atlantica sobre o Sudeste.;Inverno;;;;;;;;;;;;;;;;
2024-07-09 00:00:00;Norte;mEc;A região delimitada abrange a bacia amazônica e áreas centrais adjacentes, onde predomina a Massa Equatorial Continental, caracterizada por ser quente e úmida.;Inverno;;;;;;;;;;;;;;;;
2024-07-09 00:00:00;Nordeste;mTa;Predominância de fluxo marítimo de sudeste injetado pela circulação periférica do sistema de alta pressão oceânico, estabelecendo o transporte de umidade para o setor.;Inverno;;;;;;;;;;;;;;;;
2024-07-09 00:00:00;Litoral;mTa;A região delimitada está sob forte influência do escoamento marítimo oriundo do anticiclone do Atlântico Sul, caracterizando o predomínio da Massa Tropical Atlântica (mTa).;Inverno;;;;;;;;;;;;;;;;
2024-07-09 00:00:00;Centro;mPa;A região delimitada encontra-se atrás de uma frente fria que avança pelo continente, caracterizando o ingresso de massa de ar frio e úmido de origem polar.;Inverno;;;;;;;;;;;;;;;;
2024-07-09 00:00:00;Sul;mPa;A região apresenta temperaturas reduzidas e ventos de sul/sudoeste logo após a passagem da frente fria, caracterizando o ingresso e domínio da massa de ar polar.;Inverno;;;;;;;;;;;;;;;;
2024-07-09 00:00:00;Norte;mEc;A regiao delimitada encontra-se sob dominio da Massa Equatorial Continental, caracterizada por ar quente e umido sobre a Amazonia, sem influencia direta de sistemas frontais.;Inverno;;;;;;;;;;;;;;;;
2024-07-09 00:00:00;Nordeste;mTa;A região encontra-se sob influência da circulação da alta pressão subtropical do Atlântico Sul, caracterizando o predomínio de características da massa Tropical Atlântica.;Inverno;;;;;;;;;;;;;;;;
2024-07-09 00:00:00;Litoral;mTa;Região sob influência direta do escoamento marítimo quente e úmido transportado pelo regime de ventos de leste da alta pressão subtropical do Atlântico Sul.;Inverno;;;;;;;;;;;;;;;;
2024-07-09 00:00:00;Centro;mPa;A região delimitada encontra-se na retaguarda de uma frente fria, caracterizada pela advecção de ar frio e seco, consolidando o domínio de massa polar no setor.;Inverno;;;;;;;;;;;;;;;;
2024-07-09 00:00:00;Sul;mPa;Região sob a influência direta do escoamento pós-frontal, caracterizado por temperaturas reduzidas e ventos do quadrante sul, evidenciando o avanço da mPa pelo setor leste do Brasi;Inverno;;;;;;;;;;;;;;;;
2024-07-10 00:00:00;Norte;mEc;A regiao delimitada esta sob influencia da Massa Equatorial Continental, caracterizada pela predominancia de ar quente e umido sobre a Amazonia, sem a penetracao de sistemas fronta;Inverno;;;;;;;;;;;;;;;;
2024-07-10 00:00:00;Nordeste;mEa;A região delimitada é influenciada pelo fluxo marítimo tropical úmido, característico da Massa Equatorial Atlântica, que predomina no setor setentrional do Nordeste brasileiro.;Inverno;;;;;;;;;;;;;;;;
2024-07-10 00:00:00;Litoral;mTa;A região delimitada está sob forte influência do fluxo marítimo de sudeste, característico da atuação da massa Tropical Atlântica, mantendo condições quentes e úmidas na costa.;Inverno;;;;;;;;;;;;;;;;
2024-07-10 00:00:00;Centro;mPa;A região demarcada encontra-se sob efeito direto de advecção fria, situada na retaguarda de uma frente fria e associada ao deslocamento de um sistema de alta pressão polar.;Inverno;;;;;;;;;;;;;;;;
2024-07-10 00:00:00;Sul;mPa;A regiao delimitada encontra-se na retaguarda de um sistema frontal, caracterizada pelo ingresso de ar frio e seco, consolidando o predominio da massa polar atlantica.;Inverno;;;;;;;;;;;;;;;;
2024-07-11 00:00:00;Norte;mEc;Regiao situada sobre a Bacia Amazonica com predominio de umidade e calor, caracteristica da atuacao da Massa Equatorial Continental, sem influecia direta de sistemas frontais.;Inverno;;;;;;;;;;;;;;;;
2024-07-11 00:00:00;Nordeste;mTa;Predominância da Massa Tropical Atlântica, caracterizada pelo escoamento constante de leste a sudeste que transporta umidade oceânica para o setor leste da região Nordeste.;Inverno;;;;;;;;;;;;;;;;
2024-07-11 00:00:00;Litoral;mTa;A regiao delimitada esta sob influencia direta do fluxo marítimo da alta subtropical, caracterizando a predominancia da massa de ar Tropical Atlantica (mTa), quente e umida.;Inverno;;;;;;;;;;;;;;;;
2024-07-11 00:00:00;Centro;mPa;Região sob influência direta da massa de ar polar, evidenciada pelos termômetros com valores de temperatura reduzidos na retaguarda da frente fria que atua no setor sul/sudeste.;Inverno;;;;;;;;;;;;;;;;
2024-07-11 00:00:00;Sul;mPa;A região sob o retângulo vermelho encontra-se posicionada na retaguarda de um sistema frontal, caracterizando a atuação e o avanço da Massa Polar Atlântica (mPa) sobre o setor.;Inverno;;;;;;;;;;;;;;;;
2024-07-12 00:00:00;Norte;mEc;A região delimitada abrange a bacia amazônica, onde o ar quente e úmido é predominante, característico da massa Equatorial Continental (mEc), sem influência de sistemas extratropic;Inverno;;;;;;;;;;;;;;;;
2024-07-12 00:00:00;Nordeste;mTa;A região apresenta predominância de fluxo marítimo típico da circulação ligada ao Atlântico Sul, caracterizando a influência da Massa Tropical Atlântica com transporte de umidade.;Inverno;;;;;;;;;;;;;;;;
2024-07-12 00:00:00;Litoral;mTa;A regiao delimitada esta sob influencia direta do fluxo zonal associado ao sistema de alta pressao do Atlantico Sul, caracterizando a predominancia de massa de ar tropical maritima;Inverno;;;;;;;;;;;;;;;;
2024-07-12 00:00:00;Centro;mPa;A região apresenta o avanço da mPa, evidenciado pelo gradiente de pressão e pela queda acentuada das temperaturas registrada nas estações meteorológicas internas ao retângulo.;Inverno;;;;;;;;;;;;;;;;
2024-07-12 00:00:00;Sul;mPa;A região delimitada situa-se na retaguarda de um sistema frontal, caracterizada por temperaturas baixas e advecção de ar frio e úmido típica do ingresso da massa polar no Sul.;Inverno;;;;;;;;;;;;;;;;
2024-07-13 00:00:00;Norte;mEc;Região central e norte da área delimitada sob influência da Massa Equatorial Continental, caracterizada por temperaturas elevadas e alta umidade, predominantes na bacia amazônica.;Inverno;;;;;;;;;;;;;;;;
2024-07-13 00:00:00;Nordeste;mTa;Predominio de fluxo marítimo de sudeste/leste provindo do oceano, caracterizando a atuação da massa tropical atlântica sobre o setor leste da região Nordeste.;Inverno;;;;;;;;;;;;;;;;
2024-07-13 00:00:00;Litoral;mTa;A região encontra-se sob influência do fluxo marítimo da circulação da alta pressão do Atlântico Sul, caracterizando o predomínio de ar quente e úmido de origem marítima.;Inverno;;;;;;;;;;;;;;;;
2024-07-13 00:00:00;Centro;mPa;A região delimitada encontra-se na retaguarda de uma frente fria atuante, sob influência direta do ingresso de ar frio e seco característico da massa polar atlântica.;Inverno;;;;;;;;;;;;;;;;
2024-07-13 00:00:00;Sul;mPa;A região delimitada encontra-se sob influência de massa de ar frio e seco, posicionada nitidamente no quadrante posterior à passagem de sistema frontal frio.;Inverno;;;;;;;;;;;;;;;;
2024-07-14 00:00:00;Norte;mPa;A região delimitada sofre influência da mPa, caracterizada pelo avanço de frente fria que desloca as massas tropicais, estabelecendo um regime de ar frio e úmido no setor.;Inverno;;;;;;;;;;;;;;;;
2024-07-14 00:00:00;Nordeste;mTa;Predominância da mTa na região, caracterizada por transporte de umidade do Atlântico sob o regime de circulação da ASAS, que influencia o setor leste da região Nordeste.;Inverno;;;;;;;;;;;;;;;;
2024-07-14 00:00:00;Litoral;mTa;Regiao sob dominio do fluxo do quadrante leste, transporte de umidade do oceano e características térmicas tropicais típicas do Atlantico subtropical.;Inverno;;;;;;;;;;;;;;;;
2024-07-14 00:00:00;Centro;mPa;A região delimitada encontra-se na retaguarda da frente fria, caracterizada pela incursão de ar mais frio e seco de origem polar, com queda nas temperaturas e mudança na direção do;Inverno;;;;;;;;;;;;;;;;
2024-07-14 00:00:00;Sul;mPa;A região delimitada encontra-se atrás de uma frente fria, sob influência da circulação do anticiclone polar, caracterizando o avanço de ar frio e seco de origem polar.;Inverno;;;;;;;;;;;;;;;;
2024-07-15 00:00:00;Norte;mEc;A regiao delimitada esta sob influencia da Massa Equatorial Continental, caracterizada por condicoes quentes e umidas tipicas do interior da Amazonia brasileira.;Inverno;;;;;;;;;;;;;;;;
2024-07-15 00:00:00;Nordeste;mTa;Predominio de circulacao maritima com transporte de umidade do Atlantico Sul para o Nordeste brasileiro, caracterizando a atuacao da massa Tropical Atlantica na regiao.;Inverno;;;;;;;;;;;;;;;;
2024-07-15 00:00:00;Litoral;mTa;Região sob influência direta do escoamento marítimo vindo do Atlântico Sul, caracterizando a atuação da massa Tropical Atlântica com transporte de umidade constante para o litoral.;Inverno;;;;;;;;;;;;;;;;
2024-07-15 00:00:00;Centro;mPa;A região delimitada encontra-se na retaguarda de uma frente fria e à frente de um núcleo de alta pressão pós-frontal, caracterizando o domínio da massa de ar polar atlântica.;Inverno;;;;;;;;;;;;;;;;
2024-07-15 00:00:00;Sul;mPa;Região sob influência direta de massa de ar frio e úmido, posicionada no quadrante posterior ao sistema frontal, caracterizando o avanço e domínio da mPa sobre o Sul do Brasil.;Inverno;;;;;;;;;;;;;;;;
2024-07-16 00:00:00;Norte;mEc;Regiao central e norte sob influencia da massa equatorial continental, caracterizada por temperaturas elevadas e alta umidade, sem a presenca de sistemas frontais atuantes no setor;Inverno;;;;;;;;;;;;;;;;
2024-07-16 00:00:00;Nordeste;mTa;Predomínio de fluxo marítimo associado à alta pressão do Atlântico Sul sobre a região, caracterizando o transporte de ar quente e úmido sobre a costa e interior do Nordeste.;Inverno;;;;;;;;;;;;;;;;
2024-07-16 00:00:00;Litoral;mTa;A regiao delimitada esta sob influencia direta do fluxo marítimo proveniente da ASAS, caracterizando a dominancia da massa tropical atlantica, quente e umida, sobre o litoral do No;Inverno;;;;;;;;;;;;;;;;
2024-07-16 00:00:00;Centro;mPa;A região destacada encontra-se sob influência imediata da retaguarda de uma frente fria, caracterizada pela incursão de ar frio e seco de origem polar (mPa) no continente.;Inverno;;;;;;;;;;;;;;;;
2024-07-16 00:00:00;Sul;mPa;A região delimitada encontra-se sob a influência direta do avanço de uma massa de ar frio e seco, posicionada na retaguarda de um sistema frontal com trajetória em direção ao ocean;Inverno;;;;;;;;;;;;;;;;
2024-07-17 00:00:00;Norte;mEc;Região situada na bacia amazônica, caracterizada por altas temperaturas e elevada umidade, sob domínio da massa Equatorial Continental, sem influência de sistemas frontais.;Inverno;;;;;;;;;;;;;;;;
2024-07-17 00:00:00;Nordeste;mTa;A região do Nordeste delimitada encontra-se sob influência do escoamento marítimo de leste, característico da massa tropical atlântica que predomina na porção oriental do Brasil.;Inverno;;;;;;;;;;;;;;;;
2024-07-17 00:00:00;Litoral;mTa;Regiao sob influencia do fluxo marítimo do Atlantico Sul, caracterizado por ar quente e umido, transportado predominantemente pela circulacao associada a alta subtropical.;Inverno;;;;;;;;;;;;;;;;
2024-07-17 00:00:00;Centro;mPa;Regiao sob incidencia de caracteristicas termicas reduzidas e gradiente de pressao condizente com a subsidencia de massa de ar frio e seco, caracteristico da retaguarda de sistema ;Inverno;;;;;;;;;;;;;;;;
2024-07-17 00:00:00;Sul;mPa;Região sob influência direta de subsidência e advecção fria, caracterizada por baixos valores de temperatura e ponto de orvalho, instalada após a passagem de uma frente fria.;Inverno;;;;;;;;;;;;;;;;
2024-07-17 00:00:00;Norte;mEc;A região demarcada está inserida na bacia amazônica, caracterizada pelo domínio da Massa Equatorial Continental, que apresenta elevadas temperaturas e umidade na ausência de sistem;Inverno;;;;;;;;;;;;;;;;
2024-07-17 00:00:00;Nordeste;mTa;A região demarcada encontra-se sob influência do fluxo de leste/sudeste proveniente do Atlântico Tropical, caracterizando a predominância da massa Tropical Atlântica (mTa).;Inverno;;;;;;;;;;;;;;;;
2024-07-17 00:00:00;Litoral;mTa;A área delimitada encontra-se sob domínio do escoamento marítimo associado à circulação anticiclônica do Atlântico Sul, caracterizando a atuação da massa de ar Tropical Atlântica.;Inverno;;;;;;;;;;;;;;;;
2024-07-17 00:00:00;Centro;mPa;A região destacada apresenta valores de temperatura e ponto de orvalho em declínio após a passagem de sistema frontal, evidenciando o avanço da massa de ar polar pelo Centro-Oeste.;Inverno;;;;;;;;;;;;;;;;
2024-07-17 00:00:00;Sul;mPa;Região sob influência direta de massa de ar frio e seco após a passagem de sistema frontal, evidenciada pelos baixos valores de temperatura no setor sul delimitado.;Inverno;;;;;;;;;;;;;;;;
2024-07-18 00:00:00;Norte;mEc;A região demarcada encontra-se sobre a bacia amazônica, onde a massa de ar quente e úmida de origem continental predomina sem influência direta de sistemas frontais extratropicais.;Inverno;;;;;;;;;;;;;;;;
2024-07-18 00:00:00;Nordeste;mTa;Predominancia de escoamento maritimo de sudeste sob influencia da circulacao da alta subtropical, caracterizando ar quente e umido sobre o setor costeiro e interior do Nordeste.;Inverno;;;;;;;;;;;;;;;;
2024-07-18 00:00:00;Litoral;mTa;A regiao delimitada esta sob influencia direta do fluxo maritimo do quadrante leste, caracteristico da Massa Tropical Atlantica, que predomina no litoral centro-leste brasileiro.;Inverno;;;;;;;;;;;;;;;;
2024-07-18 00:00:00;Centro;mPa;A região delimitada encontra-se sob a influência direta do fluxo de sudeste pós-frontal, com temperaturas reduzidas, caracterizando a presença da massa de ar polar atlântica (mPa).;Inverno;;;;;;;;;;;;;;;;
2024-07-18 00:00:00;Sul;mPa;A região sob o retângulo vermelho apresenta baixas temperaturas e umidade característica, sob influência direta do avanço de uma massa polar após a passagem de frente fria.;Inverno;;;;;;;;;;;;;;;;
2024-07-19 00:00:00;Norte;mEc;Região central e norte da Amazônia sob influência da massa Equatorial Continental, caracterizada por temperaturas elevadas e alta umidade, predominante na ausência de sistemas fron;Inverno;;;;;;;;;;;;;;;;
2024-07-19 00:00:00;Nordeste;mTa;Região sob influência direta do fluxo de leste da alta subtropical do Atlântico Sul, caracterizando a predominância da Massa Tropical Atlântica com transporte de umidade e calor.;Inverno;;;;;;;;;;;;;;;;
2024-07-19 00:00:00;Litoral;mTa;Regiao sob incidencia de escoamento maritimo de sudeste, transportando ar quente e umido, caracteristico do dominio da Massa Tropical Atlantica sobre o litoral oriental.;Inverno;;;;;;;;;;;;;;;;
2024-07-19 00:00:00;Centro;mPa;A região apresenta o avanço de características pós-frontais, com advecção de ar frio e redução das temperaturas, confirmando a influência da massa de ar polar polar atlântica.;Inverno;;;;;;;;;;;;;;;;
2024-07-19 00:00:00;Sul;mPa;A região delimitada encontra-se na retaguarda de sistema frontal, apresentando advecção de ar frio e seco, caracterizando a atuação da mPa sobre o Sul do Brasil.;Inverno;;;;;;;;;;;;;;;;
2024-07-20 00:00:00;Norte;mEc;A região delimitada abrange a bacia amazônica. A área apresenta características de calor e alta umidade típicas da massa de ar equatorial continental, predominante no setor.;Inverno;;;;;;;;;;;;;;;;
2024-07-20 00:00:00;Nordeste;mTa;A regiao encontra-se sob predominio do fluxo de transporte de umidade proveniente do oceano, caracteristico da circulacao periferica do centro de alta pressao no Atlantico Sul.;Inverno;;;;;;;;;;;;;;;;
2024-07-20 00:00:00;Litoral;mTa;Região sob influência direta do fluxo de ar quente e úmido proveniente do Oceano Atlântico, característico da circulação da massa Tropical Atlântica no litoral do Nordeste.;Inverno;;;;;;;;;;;;;;;;
2024-07-20 00:00:00;Centro;mPa;A região apresenta o avanço de uma massa polar após a passagem de uma frente fria, evidenciado pelos gradientes de temperatura e umidade característicos na área delimitada.;Inverno;;;;;;;;;;;;;;;;
2024-07-20 00:00:00;Sul;mPa;A região delimitada encontra-se sob a influência direta do avanço da massa de ar polar, posicionada na retaguarda da frente fria que atua sobre o Sul do Brasil.;Inverno;;;;;;;;;;;;;;;;
2024-07-21 00:00:00;Norte;mEc;Regiao central da Amazonia sob influencia direta da massa equatorial continental, caracterizada por alta umidade e temperaturas elevadas, sem a presenca de sistemas frontais atuant;Inverno;;;;;;;;;;;;;;;;
2024-07-21 00:00:00;Nordeste;mTa;A região encontra-se sob influência da circulação marítima da alta pressão atlântica, caracterizando a predominância da Massa Tropical Atlântica (mTa) com transporte de umidade.;Inverno;;;;;;;;;;;;;;;;
2024-07-21 00:00:00;Litoral;mTa;Regiao sob incidencia de fluxo de transporte marítimo quente e úmido, característico do setor oriental sob influência da circulação do anticiclone do Atlântico Sul.;Inverno;;;;;;;;;;;;;;;;
2024-07-21 00:00:00;Centro;mPa;A região delimitada encontra-se sob influência do avanço da Massa Polar Atlântica, caracterizada pelo escoamento pós-frontal que impulsiona o ar frio e seco para o interior do Bras;Inverno;;;;;;;;;;;;;;;;
2024-07-21 00:00:00;Sul;mPa;A regiao delimitada encontra-se na retaguarda da frente fria, caracterizada pela adveccao de ar frio e seco, confirmada pelas baixas temperaturas e umidade no setor pós-frontal.;Inverno;;;;;;;;;;;;;;;;
2024-07-22 00:00:00;Norte;mEc;A região delimitada abrange a bacia amazônica e adjacências, sob domínio característico da massa equatorial continental, mantendo características quentes e úmidas sem influência fr;Inverno;;;;;;;;;;;;;;;;
2024-07-22 00:00:00;Nordeste;mTa;A região do Nordeste delimitada encontra-se sob o fluxo do escoamento marítimo persistente da ASAS, caracterizando a atuação da massa Tropical Atlântica (mTa).;Inverno;;;;;;;;;;;;;;;;
2024-07-22 00:00:00;Litoral;mTa;A região delimitada encontra-se sob influência da circulação anticiclônica do Atlântico Sul, caracterizando o predomínio da Massa Tropical Atlântica (mTa) no litoral leste.;Inverno;;;;;;;;;;;;;;;;
2024-07-22 00:00:00;Centro;mPa;A região encontra-se no setor pós-frontal, sob a influência direta da subsidência e advecção de ar frio e seco após a passagem da frente fria.;Inverno;;;;;;;;;;;;;;;;
2024-07-22 00:00:00;Sul;mPa;A região delimitada está sob a influência do escoamento de ar frio e úmido após a passagem de um sistema frontal, caracterizando o ingresso da Massa Polar Atlântica no setor.;Inverno;;;;;;;;;;;;;;;;
2024-07-23 00:00:00;Norte;mEc;Região central e norte da América do Sul sob domínio de massa quente e úmida de origem continental, mantendo características estáveis típicas da mEc na ausência de incursões fronta;Inverno;;;;;;;;;;;;;;;;
2024-07-23 00:00:00;Nordeste;mTa;Predomínio de circulação marítima de leste/sudeste, transportando ar quente e úmido sobre a região sob influência direta da alta pressão subtropical do Atlântico Sul.;Inverno;;;;;;;;;;;;;;;;
2024-07-23 00:00:00;Litoral;mTa;Região sob influência direta da circulação marítima do anticiclone subtropical, caracterizando o domínio da massa tropical atlântica ao longo da costa leste do Brasil.;Inverno;;;;;;;;;;;;;;;;
2024-07-23 00:00:00;Centro;mPa;A região apresenta o avanço do sistema pós-frontal, caracterizado por temperaturas mais baixas e fluxo de sul/sudeste, indicando o domínio da massa de ar Polar Atlântica.;Inverno;;;;;;;;;;;;;;;;
2024-07-23 00:00:00;Sul;mPa;A região delimitada está sob a influência direta do núcleo de alta pressão pós-frontal, com temperaturas reduzidas e ventos característicos da incursão de ar polar.;Inverno;;;;;;;;;;;;;;;;
2024-07-23 00:00:00;Norte;mEc;Região central caracterizada predominantemente pela Massa Equatorial Continental (mEc), apresentando características de ar quente e úmido típicas da bacia amazônica.;Inverno;;;;;;;;;;;;;;;;
2024-07-23 00:00:00;Nordeste;mTa;Regiao sob fluxo predominante de leste/sudeste associado a circulacao maritima, transportando ar quente e umido sobre o setor costeiro e interior do Nordeste brasileiro.;Inverno;;;;;;;;;;;;;;;;
2024-07-23 00:00:00;Litoral;mTa;Região sob influência direta do fluxo de leste da alta pressão subtropical do Atlântico Sul, caracterizando o domínio da massa de ar Tropical Atlântica, quente e úmida.;Inverno;;;;;;;;;;;;;;;;
2024-07-23 00:00:00;Centro;mPa;A regiao encontra-se sob efeito do avanco de uma massa de ar frio e seco, claramente identificada pela queda acentuada das temperaturas e pressao elevada apos a passagem da frente ;Inverno;;;;;;;;;;;;;;;;
2024-07-23 00:00:00;Sul;mPa;A região do retângulo apresenta temperaturas amenas e fluxo condizente com o pós-frontal, evidenciando o avanço e a predominância da Massa Polar Atlântica sobre o setor sul.;Inverno;;;;;;;;;;;;;;;;
2024-07-24 00:00:00;Norte;mEc;Regiao central da Amazonia sem influencia de frentes frias ou sistemas oceanicos, caracterizando a dominancia da massa Equatorial Continental (mEc), quente e umida.;Inverno;;;;;;;;;;;;;;;;
2024-07-24 00:00:00;Nordeste;mTa;A região encontra-se sob influência do fluxo zonal marítimo predominante vindo do Atlântico, caracterizando a atuação e o transporte da massa Tropical Atlântica sobre o Nordeste.;Inverno;;;;;;;;;;;;;;;;
2024-07-24 00:00:00;Litoral;mTa;A regiao apresenta predominancia do escoamento marítimo sob influencia dos ventos aliseos, caracterizando a atuacao da massa de ar Tropical Atlantica em todo o trecho litoraneo.;Inverno;;;;;;;;;;;;;;;;
2024-07-24 00:00:00;Centro;mPa;Região sob influência de ar frio e seco após a passagem de sistema frontal, evidenciado pelas temperaturas amenas e valores de ponto de orvalho compatíveis com a mPa.;Inverno;;;;;;;;;;;;;;;;
2024-07-24 00:00:00;Sul;mPa;A região delimitada situa-se no pós-frontal. O fluxo de sul/sudeste com redução das temperaturas e umidade evidencia a predominância da massa de ar polar (mPa) sobre o setor.;Inverno;;;;;;;;;;;;;;;;
2024-07-25 00:00:00;Norte;mEc;Regiao sobre a Amazonia apresentando umidade e temperaturas elevadas consistentes com a massa equatorial continental, sem influência de sistemas frontais ou massas de ar distintas.;Inverno;;;;;;;;;;;;;;;;
2024-07-25 00:00:00;Nordeste;mTa;A regiao do Nordeste encontra-se sob predominio de escoamento maritimo associado a circulacao tropical, caracterizando a atuacao da mTa com transporte de umidade do oceano.;Inverno;;;;;;;;;;;;;;;;
2024-07-25 00:00:00;Litoral;mTa;Predominio de fluxo marítimo de sudeste sob influencia direta da circulacao de alta pressao do Atlantico Sul, caracterizando a atuacao da massa de ar Tropical Atlantica.;Inverno;;;;;;;;;;;;;;;;
2024-07-25 00:00:00;Centro;mPa;A região apresenta o avanço de uma massa polar após a passagem de frente fria, evidenciada pelos valores térmicos reduzidos e gradiente de pressão característico de pós-frontal.;Inverno;;;;;;;;;;;;;;;;
2024-07-25 00:00:00;Sul;mPa;Região sob influência direta de massa de ar frio e seco, caracterizada pela subsidência e gradiente térmico reduzido após a passagem da frente fria observada a nordeste.;Inverno;;;;;;;;;;;;;;;;
2024-07-26 00:00:00;Norte;mEc;A região apresenta características típicas da bacia amazônica, com umidade elevada e temperaturas quentes, sob o domínio da massa de ar Equatorial Continental.;Inverno;;;;;;;;;;;;;;;;
2024-07-26 00:00:00;Nordeste;mTa;A regiao delimitada esta sob influencia direta do fluxo maritimo de leste vindo do Atlantico Sul, caracterizando a predominancia da massa Tropical Atlantica quente e umida.;Inverno;;;;;;;;;;;;;;;;
2024-07-26 00:00:00;Litoral;mTa;A regiao delimitada esta sob influencia direta do fluxo maritimo oriundo do Anticiclone Subtropical, caracterizando o dominio da Massa Tropical Atlantica (mTa) no litoral leste.;Inverno;;;;;;;;;;;;;;;;
2024-07-26 00:00:00;Centro;mPa;Região sob influência direta de massa de ar frio e seco, caracterizada pela subsidência e gradiente térmico observados após a passagem do sistema frontal pelo centro-oeste.;Inverno;;;;;;;;;;;;;;;;
2024-07-26 00:00:00;Sul;mPa;A região encontra-se no setor de retaguarda de um sistema frontal, caracterizado pelo escoamento de ar frio e seco proveniente de alta pressão extratropical.;Inverno;;;;;;;;;;;;;;;;
2024-07-27 00:00:00;Norte;mEc;A região demarcada encontra-se sobre a bacia Amazônica, sob domínio da Massa Equatorial Continental, caracterizada por ser quente e úmida, típica desta área continental.;Inverno;;;;;;;;;;;;;;;;
2024-07-27 00:00:00;Nordeste;mTa;Dominio do fluxo de leste-sudeste associado a ASAS, exercendo influencia sobre o litoral e interior do Nordeste, caracterizando a presenca de uma massa de ar quente e umida.;Inverno;;;;;;;;;;;;;;;;
2024-07-27 00:00:00;Litoral;mTa;A região delimitada está sob influência da circulação marítima de leste, característica da Massa Tropical Atlântica, que mantém o tempo quente e úmido no setor costeiro.;Inverno;;;;;;;;;;;;;;;;
2024-07-27 00:00:00;Centro;mPa;A região central encontra-se sob a influência direta do avanço de uma massa de ar frio pós-frontal, apresentando declínio térmico e menores valores de umidade característicos da mP;Inverno;;;;;;;;;;;;;;;;
2024-07-27 00:00:00;Sul;mPa;A região delimitada apresenta queda de temperaturas e ventos do quadrante sul característicos do pós-frontal, indicando o domínio da massa de ar Polar Atlântica.;Inverno;;;;;;;;;;;;;;;;
2024-07-28 00:00:00;Norte;mEc;Região centrada na bacia amazônica sob influência de ar quente e úmido característico da mEc, consolidada sobre a área sem a presença imediata de sistemas frontais ou transições.;Inverno;;;;;;;;;;;;;;;;
2024-07-28 00:00:00;Nordeste;mTa;A região do retângulo é dominada pelo fluxo de leste da alta pressão subtropical do Atlântico Sul, caracterizando a atuação da massa de ar Tropical Atlântica (mTa).;Inverno;;;;;;;;;;;;;;;;
2024-07-28 00:00:00;Litoral;mTa;A região delimitada está sob influência do fluxo marítimo quente e úmido derivado da circulação da alta pressão subtropical do Atlântico Sul, caracterizando o predomínio da mTa.;Inverno;;;;;;;;;;;;;;;;
2024-07-28 00:00:00;Centro;mPa;Regiao sob incidencia de fluxo de sul pós-frontal. Observa-se advecção fria e queda nas temperaturas em superficie, caracterizando a atuação da massa de ar polar avançando pelo cen;Inverno;;;;;;;;;;;;;;;;
2024-07-28 00:00:00;Sul;mPa;A região apresenta características de ar frio e seco após a passagem de sistema frontal, com queda acentuada nos valores de temperatura e ponto de orvalho, típico da mPa.;Inverno;;;;;;;;;;;;;;;;
2024-07-29 00:00:00;Norte;mEc;Regiao abrangida pela bacia amazonica, caracterizada pelo predomino de umidade e estabilidade termica da massa equatorial continental, sem influencia de adveccao de ar polar.;Inverno;;;;;;;;;;;;;;;;
2024-07-29 00:00:00;Nordeste;mTa;Predominancia da Massa Tropical Atlantica, observada sob influencia direta da circulacao zonal do escoamento maritimo quente e umido que atua sobre o litoral e interior do Nordeste;Inverno;;;;;;;;;;;;;;;;
2024-07-29 00:00:00;Litoral;mTa;Regiao sob influencia direta das configuracoes perifericas da Alta Subtropical do Atlantico Sul, caracterizada pela predominancia da massa Tropical Atlantica, quente e umida.;Inverno;;;;;;;;;;;;;;;;
2024-07-29 00:00:00;Centro;mPa;A região demarcada encontra-se sob efeito da incursão de ar frio e seco pós-passagem de frente fria, caracterizada pela queda nas temperaturas e estabilidade atmosférica.;Inverno;;;;;;;;;;;;;;;;
2024-07-29 00:00:00;Sul;mPa;Regiao sob incidencia de massa de ar frio e umido, caracterizada pelo avanco pos-frontal no setor sul, apresentando registros de temperaturas mais baixas conforme a carta sinotica.;Inverno;;;;;;;;;;;;;;;;
2024-07-30 00:00:00;Norte;mEc;A região delimitada abrange a bacia amazônica e adjacências, sob domínio característico da Massa Equatorial Continental, que apresenta elevadas temperaturas e umidade abundante.;Inverno;;;;;;;;;;;;;;;;
2024-07-30 00:00:00;Nordeste;mTa;Predominância da Massa Tropical Atlântica, caracterizada pelo transporte de umidade e calor do oceano para o continente, mantendo estabilidade na região sob influência do anticiclo;Inverno;;;;;;;;;;;;;;;;
2024-07-30 00:00:00;Litoral;mTa;A região delimitada está sob forte influência do escoamento marítimo subtropical vindo do oceano, caracterizando o domínio da massa de ar Tropical Atlântica (mTa).;Inverno;;;;;;;;;;;;;;;;
2024-07-30 00:00:00;Centro;mPa;A região delimitada está sob influência da circulação pós-frontal, com o avanço de ar frio e seco característico da mPa, apresentando quedas de temperatura e pressão em elevação.;Inverno;;;;;;;;;;;;;;;;
2024-07-30 00:00:00;Sul;mPa;A região delimitada encontra-se sob a influência direta do avanço de uma massa de ar frio e seco na retaguarda de um sistema frontal, caracterizando a mPa.;Inverno;;;;;;;;;;;;;;;;
2024-07-31 00:00:00;Norte;mEc;Regiao central do Continente, especificamente a bacia Amazonica. Apresenta caracteristicas de calor e alta umidade, tipicas da massa de ar Equatorial Continental estagnada na area.;Inverno;;;;;;;;;;;;;;;;
2024-07-31 00:00:00;Nordeste;mTa;A região do Nordeste encontra-se sob influência predominante do fluxo de leste marítimo, característico da massa tropical atlântica, que mantém temperaturas elevadas e umidade.;Inverno;;;;;;;;;;;;;;;;
2024-07-31 00:00:00;Litoral;mTa;A regiao apresenta caracteristicas de alta temperatura e umidade sob influencia do escoamento do Atlantico Sul, configurando o dominio da Massa Tropical Atlantica no setor costeiro;Inverno;;;;;;;;;;;;;;;;
2024-07-31 00:00:00;Centro;mPa;A região delimitada situa-se à retaguarda de sistema frontal, apresentando advecção de ar frio e seco, caracterizando o avanço e domínio da massa de ar polar sobre o setor.;Inverno;;;;;;;;;;;;;;;;
2024-07-31 00:00:00;Sul;mPa;A região delimitada encontra-se na retaguarda de um sistema frontal, caracterizada por temperaturas baixas e advecção de umidade típica da massa polar atlântica.;Inverno;;;;;;;;;;;;;;;;
2024-08-01 00:00:00;Norte;mEc;Predominio de ar quente e umido sobre a Amazonia, com registros de temperaturas elevadas e sem interferencia de sistemas frontais na regiao demarcada.;Inverno;;;;;;;;;;;;;;;;
2024-08-01 00:00:00;Nordeste;mTa;Regiao sob influencia do escoamento marítimo vindo do Atlantico Sul, predominando caracteristicas quentes e umidas tipicas da massa tropical atlantica na area delimitada.;Inverno;;;;;;;;;;;;;;;;
2024-08-01 00:00:00;Litoral;mTa;A regiao do litoral indicada esta sob a influencia do escoamento zonal e anticiclonico tipico do Atlantico Sul, caracterizando a predominancia de caracteristicas da mTa.;Inverno;;;;;;;;;;;;;;;;
2024-08-01 00:00:00;Centro;mPa;A região do retângulo está sob influência da massa de ar pós-frontal, caracterizada por temperaturas amenas e fluxo de sul, típico do avanço da mPa pelo interior do Brasil.;Inverno;;;;;;;;;;;;;;;;
2024-08-01 00:00:00;Sul;mPa;A região encontra-se no quadrante posterior à passagem de uma frente fria, evidenciando o ingresso e predomínio de ar frio e seco característico da Massa Polar Atlântica.;Inverno;;;;;;;;;;;;;;;;
2024-08-02 00:00:00;Norte;mEc;Regiao central e norte da Amazonia apresentando caracteristicas tipicas de uma massa de ar quente e umida, de origem continental, sem influencia de sistemas frontais.;Inverno;;;;;;;;;;;;;;;;
2024-08-02 00:00:00;Nordeste;mTa;A região esta sob a influencia direta do fluxo zonal de leste, caracteristico da massa Tropical Atlantica, que transporta umidade do oceano para o leste do Nordeste brasileiro.;Inverno;;;;;;;;;;;;;;;;
2024-08-02 00:00:00;Litoral;mTa;A regiao delimitada esta sob influencia predominante do fluxo maritimo vindo do Atlantico, caracterizado por estabilidade e umidade associada a circulacao tropical maritima.;Inverno;;;;;;;;;;;;;;;;
2024-08-02 00:00:00;Centro;mTa;A região central encontra-se sob o domínio da circulação do sistema de alta pressão do Atlântico Sul, caracterizando a predominância da massa Tropical Atlântica (mTa).;Inverno;;;;;;;;;;;;;;;;
2024-08-02 00:00:00;Sul;mPa;A região apresenta características de massa de ar pós-frontal, com redução das temperaturas e umidade, posicionada sob a influência direta do deslocamento de um sistema polar.;Inverno;;;;;;;;;;;;;;;;
2024-08-03 00:00:00;Norte;mEc;A região delimitada abrange a bacia amazônica e áreas continentais adjacentes, onde predomina uma massa de ar quente e úmida de origem equatorial, caracterizando a mEc.;Inverno;;;;;;;;;;;;;;;;
2024-08-03 00:00:00;Nordeste;mTa;Predominancia de escoamento vindo do oceano sobre a regiao nordeste, caracterizando a atuacao da massa tropical atlantica, responsavel por manter umidade e temperaturas elevadas.;Inverno;;;;;;;;;;;;;;;;
2024-08-03 00:00:00;Litoral;mTa;A regiao delimitada esta sob influencia direta do fluxo zonal de leste, caracterizando a atuacao da massa de ar Tropical Atlantica, com transporte de umidade do oceano para o litor;Inverno;;;;;;;;;;;;;;;;
2024-08-03 00:00:00;Centro;mTa;A região encontra-se sob influência do escoamento marítimo associado ao sistema de alta pressão extratropical, caracterizando o domínio da massa Tropical Atlântica.;Inverno;;;;;;;;;;;;;;;;
2024-08-03 00:00:00;Sul;mPa;A região delimitada encontra-se sob a influência direta do avanço da massa de ar polar, evidenciada por gradientes de pressão e temperaturas reduzidas típicas de uma configuração p;Inverno;;;;;;;;;;;;;;;;
2024-08-04 00:00:00;Norte;mEc;A região delimitada compreende a bacia Amazônica, onde predomina a Massa Equatorial Continental, caracterizada por alta umidade e temperaturas elevadas, típica do regime equatorial;Inverno;;;;;;;;;;;;;;;;
2024-08-04 00:00:00;Nordeste;mTa;Predominio de circulacao maritima associada ao escoamento da alta subtropical, transportando umidade e mantendo a estabilidade termica na regiao nordestina.;Inverno;;;;;;;;;;;;;;;;
2024-08-04 00:00:00;Litoral;mTa;A região delimitada está sob a influência do escoamento marítimo associado aos ventos do quadrante leste, caracterizando a atuação da massa Tropical Atlântica.;Inverno;;;;;;;;;;;;;;;;
2024-08-04 00:00:00;Centro;mTc;A região central sob o retângulo apresenta características típicas de massa tropical continental, refletindo subsidência e valores de temperatura elevados no interior do continente;Inverno;;;;;;;;;;;;;;;;
2024-08-04 00:00:00;Sul;mPa;A região apresenta características de subsidência e queda nas temperaturas logo após a passagem de uma frente fria, evidenciando o ingresso e predomínio de ar polar.;Inverno;;;;;;;;;;;;;;;;
2024-08-05 00:00:00;Norte;mEc;A região sob o retângulo abrange a porção continental da Amazônia, onde a ausência de sistemas frontais e a característica térmica local confirmam a dominância da massa Equatorial ;Inverno;;;;;;;;;;;;;;;;
2024-08-05 00:00:00;Nordeste;mTa;Regiao sob influencia do escoamento de leste caracteristico da periferia da ASAS, estabelecendo a dominancia da massa tropical atlantica na faixa litoranea e interior do Nordeste.;Inverno;;;;;;;;;;;;;;;;
2024-08-05 00:00:00;Litoral;mTa;A região delimitada está sob o domínio do escoamento marítimo associado à alta pressão, caracterizando a atuação da Massa Tropical Atlântica com fluxo persistente de nordeste.;Inverno;;;;;;;;;;;;;;;;
2024-08-05 00:00:00;Centro;mTa;A região encontra-se sob influência da circulação marítima da alta pressão, caracterizando a atuação da massa Tropical Atlântica com transporte de umidade para o continente.;Inverno;;;;;;;;;;;;;;;;
2024-08-05 00:00:00;Sul;mPa;A região delimitada encontra-se sob influência direta do fluxo pós-frontal, apresentando advecção de ar frio e seco, consolidando o controle da massa polar atlântica sobre o setor.;Inverno;;;;;;;;;;;;;;;;
2024-08-06 00:00:00;Norte;mEc;A regiao delimitada esta sob o dominio da massa equatorial continental, caracterizada pelo ar quente e umido tipico da bacia amazonica, sem influencia de sistemas frontais.;Inverno;;;;;;;;;;;;;;;;
2024-08-06 00:00:00;Nordeste;mTa;A região encontra-se sob o fluxo do escoamento de leste-sudeste, característico da circulação de base da ASAS, transportando umidade do Atlântico para o litoral e interior do NE.;Inverno;;;;;;;;;;;;;;;;
2024-08-06 00:00:00;Litoral;mTa;Predominância de fluxo marítimo sob influência do sistema de alta pressão no oceano, estabelecendo condições características da Massa Tropical Atlântica no setor.;Inverno;;;;;;;;;;;;;;;;
2024-08-06 00:00:00;Centro;mPa;A região apresenta o avanço e a estabilização de uma massa de ar frio e seco (mPa), caracterizada pela queda nas temperaturas e baixos pontos de orvalho pós-passagem de frente.;Inverno;;;;;;;;;;;;;;;;
2024-08-06 00:00:00;Sul;mPa;A região delimitada encontra-se sob influência de massa de ar frio e seco, posicionada logo atrás da frente fria, caracterizada por valores de temperatura e ponto de orvalho em dec;Inverno;;;;;;;;;;;;;;;;
2024-08-07 00:00:00;Norte;mEc;A região apresenta características de baixas pressões térmicas típicas da bacia amazônica, com predomínio da massa equatorial continental, quente e úmida, sem influência frontal.;Inverno;;;;;;;;;;;;;;;;
2024-08-07 00:00:00;Nordeste;mTa;A regiao delimitada esta sob o regime de circulacao do escoamento de leste caracteristico da mTa, transportando umidade do Atlantico contra a costa nordestina.;Inverno;;;;;;;;;;;;;;;;
2024-08-07 00:00:00;Litoral;mTa;O litoral em questão encontra-se sob domínio do fluxo marítimo de sudeste, característico da circulação da alta pressão subtropical, configurando a atuação da massa Tropical Atlânt;Inverno;;;;;;;;;;;;;;;;
2024-08-07 00:00:00;Centro;mTa;A região encontra-se sob a influência do escoamento subtropical da ASAS, caracterizando o domínio da massa tropical atlântica, com estabilidade térmica e umidade moderada.;Inverno;;;;;;;;;;;;;;;;
2024-08-07 00:00:00;Sul;mPa;A região apresenta o avanço de um centro de alta pressão pós-frontal, com advecção de temperaturas mais baixas e declínio acentuado nos termômetros, caracterizando a mPa.;Inverno;;;;;;;;;;;;;;;;
2024-08-08 00:00:00;Norte;mEc;Regiao central da Amazonia ocupada por ar quente e umido, caracteristico da circulacao continental, sem influencia direta de sistemas frontais ou circuicao oceanica.;Inverno;;;;;;;;;;;;;;;;
2024-08-08 00:00:00;Nordeste;mTa;Predominio da massa Tropical Atlantica sobre a regiao Nordeste, caracterizada pelo fluxo de leste que transporta umidade do oceano para o continente sob influencia do anticiclone.;Inverno;;;;;;;;;;;;;;;;
2024-08-08 00:00:00;Litoral;mTa;A região delimitada está sob influência da circulação marítima da borda da ASAS, caracterizando o transporte de umidade e calor típico da Massa Tropical Atlântica.;Inverno;;;;;;;;;;;;;;;;
2024-08-08 00:00:00;Centro;mPa;A região encontra-se no setor pós-frontal, sob a influência direta da massa de ar polar que avança pelo interior do continente, caracterizada pela queda nas temperaturas e umidade.;Inverno;;;;;;;;;;;;;;;;
2024-08-08 00:00:00;Sul;mPa;A regiao delimitada esta sob influencia direta do avancado de um sistema frontal, com temperaturas em queda e caracteristicas de uma Massa Polar Atlantica posicionada a retaguarda.;Inverno;;;;;;;;;;;;;;;;
2024-08-09 00:00:00;Norte;mEc;A regiao delimitada esta sob influencia da Massa Equatorial Continental, caracterizada pela sua origem amazonica, mantendo regioes equatoriais com ar quente e elevada umidade.;Inverno;;;;;;;;;;;;;;;;
2024-08-09 00:00:00;Nordeste;mTa;Regiao sob influencia predominante do escoamento maritimo da alta subtropical, caracterizando a presenca e atuacao da Massa Tropical Atlantica (mTa) sobre o setor nordestino.;Inverno;;;;;;;;;;;;;;;;
2024-08-09 00:00:00;Litoral;mTa;A regiao delimitada esta sob influencia direta do escoamento zonal de leste, caracteristico da circulacao periferica da ASAS, que transporta ar quente e umido sobre o litoral.;Inverno;;;;;;;;;;;;;;;;
2024-08-09 00:00:00;Centro;mPa;A região delimitada encontra-se na retaguarda de um sistema frontal, sob a influência direta do avanço de uma massa de ar frio e seco, caracterizando o domínio da mPa.;Inverno;;;;;;;;;;;;;;;;
2024-08-09 00:00:00;Sul;mPa;Região sob influência direta de massa de ar frio e úmido (mPa), caracterizada pela queda nas temperaturas e valores específicos de ponto de orvalho atrás da frente fria avançada.;Inverno;;;;;;;;;;;;;;;;
2024-08-10 00:00:00;Norte;mEc;A região delimitada está sob domínio da massa Equatorial Continental, caracterizada por ser quente e úmida, atuando sobre a bacia amazônica na ausência de sistemas frontais atuante;Inverno;;;;;;;;;;;;;;;;
2024-08-10 00:00:00;Nordeste;mTa;Predominância de fluxo marítimo estável proveniente do Atlântico Sul, transportando umidade para o litoral e interior da região Nordeste, caracterizando a atuação da mTa.;Inverno;;;;;;;;;;;;;;;;
2024-08-10 00:00:00;Litoral;mTa;Regiao sob dominio do escoamento marítimo associado ao sistema de alta pressão oceânica, caracterizando o transporte de ar quente e úmido para o litoral.;Inverno;;;;;;;;;;;;;;;;
2024-08-10 00:00:00;Centro;mPa;A região delimitada situa-se na retaguarda de um sistema frontal, caracterizada pelo avanço de ar frio e instável típico da incursão da massa polar atlântica sobre o continente.;Inverno;;;;;;;;;;;;;;;;
2024-08-10 00:00:00;Sul;mPa;A região encontra-se submetida à retaguarda de um sistema frontal, apresentando características típicas de estabilidade, advecção fria e umidade residual da mPa.;Inverno;;;;;;;;;;;;;;;;
2024-08-11 00:00:00;Norte;mEc;A região delimitada abrange a bacia amazônica, onde a Massa Equatorial Continental prevalece sob condições de calor e umidade, sem influência de sistemas frontais polares.;Inverno;;;;;;;;;;;;;;;;
2024-08-11 00:00:00;Nordeste;mTa;A região delimitada está sob forte influência do escoamento zonal oriundo do Oceano Atlântico, caracterizando a predominância da massa tropical atlântica quente e úmida.;Inverno;;;;;;;;;;;;;;;;
2024-08-11 00:00:00;Litoral;mTa;O setor delimitado encontra-se sob influência do escoamento marítimo de leste, característico da massa tropical atlântica, que mantém as condições de umidade e calor na região.;Inverno;;;;;;;;;;;;;;;;
2024-08-11 00:00:00;Centro;mPa;A região delimitada encontra-se atrás de um sistema frontal, apresentando advecção de ar frio e valores de temperatura reduzidos característicos da massa de ar polar.;Inverno;;;;;;;;;;;;;;;;
2024-08-11 00:00:00;Sul;mPa;A região encontra-se no quadrante posterior à passagem de uma frente fria, caracterizada pela presença de ar frio e seco, consolidando o domínio da massa de ar polar.;Inverno;;;;;;;;;;;;;;;;
2024-08-12 00:00:00;Norte;mEc;Regiao continental amazonica caracterizada por ar quente e umido, sem influencia direta de sistemas frontais ou transicoes de massas de ar polar no periodo.;Inverno;;;;;;;;;;;;;;;;
2024-08-12 00:00:00;Nordeste;mTa;A região está sob influência direta do escoamento marítimo persistente proveniente do Atlântico Tropical, caracterizando o domínio da massa tropical atlântica no setor.;Inverno;;;;;;;;;;;;;;;;
2024-08-12 00:00:00;Litoral;mTa;A área delimitada encontra-se sob domínio da circulação marítima quente e úmida da mTa, transportada pelos ventos de leste para a costa leste do Brasil.;Inverno;;;;;;;;;;;;;;;;
2024-08-12 00:00:00;Centro;mPa;A região central encontra-se sob efeito direto de uma massa de ar frio, caracterizada por baixas temperaturas de ponto de orvalho em retaguarda da frente fria avançada.;Inverno;;;;;;;;;;;;;;;;
2024-08-12 00:00:00;Sul;mPa;A região delimitada encontra-se sob a influência direta do avanço da massa de ar polar, evidenciado pelas baixas temperaturas e pelo deslocamento do sistema frontal para o oceano.;Inverno;;;;;;;;;;;;;;;;
2024-08-13 00:00:00;Norte;mEc;Regiao central da Amazonia sob influencia consolidada da Massa Equatorial Continental, caracterizada por alta umidade e temperaturas elevadas, sem a presenca de sistemas frontais.;Inverno;;;;;;;;;;;;;;;;
2024-08-13 00:00:00;Nordeste;mTa;Regiao sob predominio da circulacao periferica da alta pressao do Atlantico, transportando ar quente e umido para o setor leste e interior da regiao Nordeste.;Inverno;;;;;;;;;;;;;;;;
2024-08-13 00:00:00;Litoral;mTa;Zona sob influência direta do fluxo de leste da circulação marítima, apresentando características de ar quente e úmido, típicas do domínio da massa Tropical Atlântica no litoral.;Inverno;;;;;;;;;;;;;;;;
2024-08-13 00:00:00;Centro;mPa;A regiao delimitada encontra-se sob a influencia direta da subsidencia e do avanco de uma massa de ar frio logo apos a passagem de uma frente fria no setor centro-sul.;Inverno;;;;;;;;;;;;;;;;
2024-08-13 00:00:00;Sul;mPa;A região delimitada encontra-se sob efeito direto de uma massa de ar frio e seco, posicionada na retaguarda de um sistema frontal que avança pelo setor sul do continente.;Inverno;;;;;;;;;;;;;;;;
2024-08-14 00:00:00;Norte;mEc;A região delimitada está sobre o interior do continente amazônico, caracterizado por ar quente e úmido, sob domínio de circulação continental sem influência de sistemas frontais.;Inverno;;;;;;;;;;;;;;;;
2024-08-14 00:00:00;Nordeste;mTa;Região sob influência direta do fluxo de leste da circulação marítima, transportando ar quente e úmido do oceano para o continente, característico da massa Tropical Atlântica.;Inverno;;;;;;;;;;;;;;;;
2024-08-14 00:00:00;Litoral;mTa;A regiao delimitada encontra-se sob a influencia direta do escoamento marítimo tropical, caracterizado por temperaturas elevadas e umidade, sob domínio da circulação anticiclônica.;Inverno;;;;;;;;;;;;;;;;
2024-08-14 00:00:00;Centro;mPa;A região apresenta o avanço e a permanência de uma massa de ar frio e seco, caracterizada pelos baixos valores de temperatura e ponto de orvalho, típico da retaguarda de frente fri;Inverno;;;;;;;;;;;;;;;;
2024-08-14 00:00:00;Sul;mPa;A região apresenta características típicas de pós-frontal, com temperaturas baixas, umidade relativa elevada e influxo de ar frio de origem polar sobre o Sul do Brasil.;Inverno;;;;;;;;;;;;;;;;
2024-08-15 00:00:00;Norte;mEc;Região da bacia amazônica sob domínio de massa de ar quente e úmida, característica de origem equatorial continental, sem influência de sistemas frontais nesta latitude.;Inverno;;;;;;;;;;;;;;;;
2024-08-15 00:00:00;Nordeste;mTa;Predominancia da Massa Tropical Atlantica, caracterizada pela circulacao do campo de alta pressao que transporta umidade do oceano para o setor oriental do Nordeste brasileiro.;Inverno;;;;;;;;;;;;;;;;
2024-08-15 00:00:00;Litoral;mTa;A regiao delimitada encontra-se sob a influencia direta do fluxo maritimo associado ao Anticiclone Subtropical do Atlantico Sul, caracterizando o dominio da Massa Tropical Atlantic;Inverno;;;;;;;;;;;;;;;;
2024-08-15 00:00:00;Centro;mTa;Região sob influência da circulação da ASAS, apresentando características de massa tropical marítima com perfil quente e úmido predominante sobre o Centro-Oeste brasileiro.;Inverno;;;;;;;;;;;;;;;;
2024-08-15 00:00:00;Sul;mPa;Identificada a predominancia de caracteristicas polares na regiao do retangulo, evidenciada por temperaturas baixas e ingresso de ar frio a retaguarda de sistema frontal.;Inverno;;;;;;;;;;;;;;;;
2024-08-16 00:00:00;Norte;mEc;A região delimitada se encontra sobre a bacia amazônica, caracterizada por altas temperaturas e elevada umidade, sob domínio da massa de ar Equatorial Continental.;Inverno;;;;;;;;;;;;;;;;
2024-08-16 00:00:00;Nordeste;mTa;Regiao sob fluxo predominante de leste, caracteristico da circulacao maritima quente e umida integrada ao escoamento da alta pressao do Atlantico Sul sobre o nordeste brasileiro.;Inverno;;;;;;;;;;;;;;;;
2024-08-16 00:00:00;Litoral;mTa;A região delimitada está sob o domínio do fluxo marítimo da alta subtropical, caracterizando a atuação da massa Tropical Atlântica com transporte de umidade em direção ao litoral.;Inverno;;;;;;;;;;;;;;;;
2024-08-16 00:00:00;Centro;mPa;A região apresenta o avanço de uma massa de ar frio logo atrás de uma frente fria, caracterizada pela queda de temperaturas e advecção de ar polar sobre o setor central.;Inverno;;;;;;;;;;;;;;;;
2024-08-16 00:00:00;Sul;mPa;A região delimitada encontra-se sob influência de uma massa de ar frio e seco (mPa), posicionada na retaguarda de um sistema frontal que avança pelo setor sul do país.;Inverno;;;;;;;;;;;;;;;;
2024-08-17 00:00:00;Norte;mEc;A regiao delimitada esta sob influencia direta da circulacao continental amazonica, apresentando caracteristicas tipicas de massa quente e umida de origem equatorial e continental.;Inverno;;;;;;;;;;;;;;;;
2024-08-17 00:00:00;Nordeste;mTa;Dominio do escoamento de leste-sudeste proveniente do anticiclone sobre o Atlantico Sul, transportando ar quente e humido para o setor costeiro e interior do Nordeste.;Inverno;;;;;;;;;;;;;;;;
2024-08-17 00:00:00;Litoral;mTa;A regiao apresenta ventos predominantemente de quadrante leste sob influencia direta da alta pressao subtropical, caracterizando o fluxo da Massa Tropical Atlantica.;Inverno;;;;;;;;;;;;;;;;
2024-08-17 00:00:00;Centro;mPa;A região destacada apresenta o ingresso de características térmicas típicas de pós-frontal, com gradientes de temperatura e deslocamento condizentes com a atuação da massa polar.;Inverno;;;;;;;;;;;;;;;;
2024-08-17 00:00:00;Sul;mPa;A região delimitada encontra-se sob o avanço de uma massa de ar frio e úmido no setor pós-frontal, caracterizada por valores de temperatura e ponto de orvalho em declínio.;Inverno;;;;;;;;;;;;;;;;
2024-08-18 00:00:00;Norte;mEc;A região delimitada compreende a bacia amazônica, onde a Massa Equatorial Continental prevalece devido às características de umidade e calor típicas da região equatorial brasileira;Inverno;;;;;;;;;;;;;;;;
2024-08-18 00:00:00;Nordeste;mTa;Regiao sob influencia predominante do fluxo de leste/sudeste associado a alta subtropical, caracterizando a presenca e atuacao da massa de ar Tropical Atlantica.;Inverno;;;;;;;;;;;;;;;;
2024-08-18 00:00:00;Litoral;mTa;Predominancia da mTa sobre a regiao costeira, caracterizada pelo fluxo de circulacao maritima associado ao transporte de umidade em direcao ao continente.;Inverno;;;;;;;;;;;;;;;;
2024-08-18 00:00:00;Centro;mPa;A região demarcada encontra-se sob a influência direta do avanço da massa de ar pós-frontal, caracterizada por temperaturas amenas e fluxo de sul/sudeste.;Inverno;;;;;;;;;;;;;;;;
2024-08-18 00:00:00;Sul;mPa;A região delimitada encontra-se na retaguarda do sistema frontal, caracterizada por baixas temperaturas e umidade, confirmando o avanço e domínio da massa de ar polar.;Inverno;;;;;;;;;;;;;;;;
2024-08-19 00:00:00;Norte;mEc;Regiao sobre a bacia Amazonica sem influencia de sistemas frontais, caracterizada por umidade e temperaturas elevadas, sustentando a predominancia da massa equatorial continental.;Inverno;;;;;;;;;;;;;;;;
2024-08-19 00:00:00;Nordeste;mTa;Regiao sob influencia do escoamento de leste vindo do Atlantico Sul, transportando umidade e ar quente para o litoral e interior do Nordeste, caracterizando a predominancia da mTa.;Inverno;;;;;;;;;;;;;;;;
2024-08-19 00:00:00;Litoral;mTa;Região sob influência direta da circulação marítima do sistema de alta pressão oceânico, caracterizando o predomínio de ar quente e úmido em toda a faixa litorânea.;Inverno;;;;;;;;;;;;;;;;
2024-08-19 00:00:00;Centro;mTa;Regiao sob incidencia de escoamento maritimo proveniente do Atlantico Sul, caracterizando predominio da massa tropical maritima em area adjacente ao litoral e partes do interior.;Inverno;;;;;;;;;;;;;;;;
2024-08-19 00:00:00;Sul;mPa;A região delimitada encontra-se no setor de retaguarda de um sistema frontal, caracterizada pelo ingresso de ar frio e seco de origem polar após a passagem da frente.;Inverno;;;;;;;;;;;;;;;;
2024-08-20 00:00:00;Norte;mEc;Região central da Amazônia sob influência da massa quente e úmida de origem continental, mantendo características térmicas estáveis e elevada umidade local.;Inverno;;;;;;;;;;;;;;;;
2024-08-20 00:00:00;Nordeste;mTa;A região do Nordeste delimitada encontra-se sob influência direta do escoamento marítimo de leste, caracterizando a atuação predominante da massa de ar Tropical Atlântica (mTa).;Inverno;;;;;;;;;;;;;;;;
2024-08-20 00:00:00;Litoral;mTa;Regionalmente sob influência direta do fluxo zonal marítimo predominante do Atlântico Sul, caracterizando a massa tropical marítima no litoral do Nordeste brasileiro.;Inverno;;;;;;;;;;;;;;;;
2024-08-20 00:00:00;Centro;mTa;A região encontra-se sob influência do escoamento zonal e anticiclônico do Atlântico Sul, caracterizando a predominância e estabilidade da massa Tropical Atlântica na área.;Inverno;;;;;;;;;;;;;;;;
2024-08-20 00:00:00;Sul;mPa;A região delimitada situa-se no setor pós-frontal, sob a influência direta do avanço de uma massa de ar frio e seco, consolidando o domínio da mPa no Sul e Sudeste do Brasil.;Inverno;;;;;;;;;;;;;;;;
2024-08-21 00:00:00;Norte;mEc;A região delimitada compreende a bacia amazônica, onde predomina o ar quente e úmido característico da Massa Equatorial Continental, sem influência direta de sistemas frontais.;Inverno;;;;;;;;;;;;;;;;
2024-08-21 00:00:00;Nordeste;mTa;A região está sob influência do fluxo de sudeste estabelecido pelo sistema de alta pressão sobre o Atlântico Sul, caracterizando a predominância da massa Tropical Atlântica.;Inverno;;;;;;;;;;;;;;;;
2024-08-21 00:00:00;Litoral;mTa;Regiao sob incidencia do fluxo do quadrante leste, caracterizando a atuacao da massa tropical atlantica, com transporte de umidade e estabilidade sobre o litoral.;Inverno;;;;;;;;;;;;;;;;
2024-08-21 00:00:00;Centro;mTa;Região sob influência da circulação da ASAS, apresentando características de massa tropical marítima com temperaturas elevadas e umidade transportada sobre o continente.;Inverno;;;;;;;;;;;;;;;;
2024-08-21 00:00:00;Sul;mPa;A região encontra-se sob efeito direto de uma massa de ar frio e úmido após a passagem de sistema frontal, evidenciado pelas características térmicas e posicionamento sinótico.;Inverno;;;;;;;;;;;;;;;;
2024-08-22 00:00:00;Norte;mEc;Região situada na bacia Amazônica, caracterizada por temperaturas elevadas e alta umidade, sem influência de sistemas frontais, confirmando a predominância da massa equatorial cont;Inverno;;;;;;;;;;;;;;;;
2024-08-22 00:00:00;Nordeste;mTa;Regiao sob predominio do fluxo de sudeste associado a ASAS, caracterizado pela circulacao maritima que transporta ar quente e umido sobre o setor Nordeste do Brasil.;Inverno;;;;;;;;;;;;;;;;
2024-08-22 00:00:00;Litoral;mTa;A regiao delimitada esta sob o dominio do anticiclone subtropical, configurando o escoamento de sueste/leste caracteristico da mTa, que transporta umidade para o litoral brasileiro;Inverno;;;;;;;;;;;;;;;;
2024-08-22 00:00:00;Centro;mTa;A região delimitada encontra-se sob domínio do escoamento de leste/nordeste associado à ASAS, configurando a predominância da massa Tropical Atlântica.;Inverno;;;;;;;;;;;;;;;;
2024-08-22 00:00:00;Sul;mPa;A região delimitada encontra-se sob a influência direta do avanço de massa de ar frio e seco, característico de pós-frontal no setor sul do continente.;Inverno;;;;;;;;;;;;;;;;
2024-08-23 00:00:00;Norte;mEc;Região sob influência predominante da Massa Equatorial Continental, caracterizada por baixos gradientes de pressão e atmosfera quente e úmida típica da bacia amazônica.;Inverno;;;;;;;;;;;;;;;;
2024-08-23 00:00:00;Nordeste;mTa;Predominância da Massa Tropical Atlântica, caracterizada pelo fluxo zonal do setor marítimo sobre a região nordestina, mantendo condições térmicas e de umidade típicas do escoament;Inverno;;;;;;;;;;;;;;;;
2024-08-23 00:00:00;Litoral;mTa;A regiao encontra-se sob a influencia direta do escoamento do anticiclone do Atlantico Sul, caracterizando a predominancia da massa de ar Tropical Atlantica, quente e umida.;Inverno;;;;;;;;;;;;;;;;
2024-08-23 00:00:00;Centro;mTa;Região sob influência da circulação da ASAS, apresentando escoamento fluído e estabilidade, características da Massa Tropical Atlântica que domina o centro-leste brasileiro.;Inverno;;;;;;;;;;;;;;;;
2024-08-23 00:00:00;Sul;mPa;A regiao delimitada encontra-se sob a influência direta do avanço de uma massa de ar frio e seco na retaguarda de um sistema frontal, caracterizada por temperaturas reduzidas e bai;Inverno;;;;;;;;;;;;;;;;
2024-08-24 00:00:00;Norte;mEc;A regiao delimitada esta sob influencia direta da Massa Equatorial Continental, caracterizada por ar quente e umido, predominante na Amazonia na ausencia de sistemas frontais exter;Inverno;;;;;;;;;;;;;;;;
2024-08-24 00:00:00;Nordeste;mTa;Região sob influência direta do fluxo de leste da alta pressão oceânica, caracterizando o transporte de ar quente e úmido de origem marítima para o Nordeste brasileiro.;Inverno;;;;;;;;;;;;;;;;
2024-08-24 00:00:00;Litoral;mTa;Região sob influência direta do fluxo de leste/sudeste associado ao escoamento da alta pressão subtropical do Atlântico Sul, caracterizando a predominância da Massa Tropical Atlânt;Inverno;;;;;;;;;;;;;;;;
2024-08-24 00:00:00;Centro;mPa;A área encontra-se no setor pós-frontal, sob a influência direta do avanço de uma massa de ar frio e seco, caracterizando o predomínio da mPa na região.;Inverno;;;;;;;;;;;;;;;;
2024-08-24 00:00:00;Sul;mPa;A região destacada encontra-se sob a influência direta do avanço de uma massa de ar frio e úmido após a passagem de uma frente fria pelo Sul do Brasil.;Inverno;;;;;;;;;;;;;;;;
2024-08-25 00:00:00;Norte;mEc;Região central da Bacia Amazônica apresenta condições de ar quente e úmido, típicas da massa Equatorial Continental, sem influência direta de sistemas frontais no setor.;Inverno;;;;;;;;;;;;;;;;
2024-08-25 00:00:00;Nordeste;mTa;Predomínio de ventos do quadrante marítimo transportando umidade do Atlântico para o setor, caracterizando a atuação da mTa sob influência do gradiente de pressão regional.;Inverno;;;;;;;;;;;;;;;;
2024-08-25 00:00:00;Litoral;mTa;O setor encontra-se sob influência da circulação marítima característica da massa tropical atlântica, apresentando umidade e temperaturas elevadas na costa leste do Nordeste.;Inverno;;;;;;;;;;;;;;;;
2024-08-25 00:00:00;Centro;mPa;A região delimitada apresenta o ingresso de uma massa de ar frio e seco após a passagem de uma frente fria, caracterizando a predominância da Massa Polar Atlântica (mPa).;Inverno;;;;;;;;;;;;;;;;
2024-08-25 00:00:00;Sul;mPa;A região delimitada encontra-se na retaguarda de sistema frontal, apresentando advecção fria e umida característica da massa polar atlântica avançando sobre o Sul do Brasil.;Inverno;;;;;;;;;;;;;;;;
2024-08-26 00:00:00;Norte;mEc;Regiao central e norte da Amazonia com predominio de caracteristicas termodinâmicas quentes e umidas tipicas desta massa de ar continental, sem influencia direta de sistemas fronta;Inverno;;;;;;;;;;;;;;;;
2024-08-26 00:00:00;Nordeste;mTa;A região do Nordeste delimitada encontra-se sob influência predominante do fluxo de leste da circulação marítima, caracterizando o domínio da massa Tropical Atlântica.;Inverno;;;;;;;;;;;;;;;;
2024-08-26 00:00:00;Litoral;mTa;Região sob influência direta do fluxo de ar quente e úmido proveniente do quadrante marítimo, caracterizando o domínio da massa Tropical Atlântica no litoral setentrional.;Inverno;;;;;;;;;;;;;;;;
2024-08-26 00:00:00;Centro;mPa;A região delimitada está localizada na retaguarda de uma frente fria que atua no Sudeste/Centro-Oeste, caracterizando a intrusão e o domínio de ar frio e úmido de origem polar.;Inverno;;;;;;;;;;;;;;;;
2024-08-26 00:00:00;Sul;mPa;A região delimitada encontra-se sob o avanço direto de uma massa de origem polar, caracterizada por temperaturas baixas e estabilidade, posicionada logo atrás da frente fria.;Inverno;;;;;;;;;;;;;;;;
2024-08-27 00:00:00;Norte;mEc;Regiao central e norte do continente sob influencia da massa de ar quente e umida caracteristica da bacia amazonica, sem interferencia de massas polares na data.;Inverno;;;;;;;;;;;;;;;;
2024-08-27 00:00:00;Nordeste;mTa;A regiao delimitada esta sob influencia da circulacao de um centro de alta pressao no Atlantico Sul, transportando ar quente e umido para o continente, caracterizando a mTa.;Inverno;;;;;;;;;;;;;;;;
2024-08-27 00:00:00;Litoral;mTa;A regiao delimitada esta sob influencia direta do escoamento oceanico associado a circulacao anticiclonica, caracterizando a predominancia da Massa Tropical Atlantica (mTa).;Inverno;;;;;;;;;;;;;;;;
2024-08-27 00:00:00;Centro;mPa;A região encontra-se submetida ao fluxo de ar frio e seco após a passagem de sistema frontal, evidenciado pelas temperaturas reduzidas e gradiente de pressão característico da mPa.;Inverno;;;;;;;;;;;;;;;;
2024-08-27 00:00:00;Sul;mPa;A região apresenta características de ar frio e seco, evidenciadas pelo posicionamento pós-frontal, configurando o avanço de uma massa de origem polar sobre o Sul do Brasil.;Inverno;;;;;;;;;;;;;;;;
2024-08-28 00:00:00;Norte;mEc;A região destacada sobre a bacia amazônica apresenta comportamento térmico e de umidade característico da Massa Equatorial Continental, sem influência de sistemas frontais.;Inverno;;;;;;;;;;;;;;;;
2024-08-28 00:00:00;Nordeste;mTa;A região é dominada pelo fluxo de leste/sudeste proveniente do Anticiclone sobre o Atlântico Sul, caracterizando a atuação predominante da massa Tropical Atlântica (mTa).;Inverno;;;;;;;;;;;;;;;;
2024-08-28 00:00:00;Litoral;mTa;Regiao sob influencia do escoamento do quadrante leste/sudeste associado a alta pressao do Atlantico Sul, caracterizando a atuacao da massa Tropical Atlantica no litoral.;Inverno;;;;;;;;;;;;;;;;
2024-08-28 00:00:00;Centro;mPa;A regiao delimitada encontra-se sob a influencia da subsidencia pos-frontal, caracterizada por adveccao de ar mais frio e seco que avanca sobre o interior do continente.;Inverno;;;;;;;;;;;;;;;;
2024-08-28 00:00:00;Sul;mPa;A região encontra-se sob influência de uma massa de ar frio e seco, caracterizada por baixas temperaturas e umidade após a passagem de um sistema frontal no setor.;Inverno;;;;;;;;;;;;;;;;
2024-08-29 00:00:00;Norte;mEc;Regiao predominantemente ocupada pela bacia Amazonica, caracterizada por massas de ar quente e umida de origem continental, mantendo estabilidade termica tipica da mEc.;Inverno;;;;;;;;;;;;;;;;
2024-08-29 00:00:00;Nordeste;mTa;A região encontra-se sob o fluxo do quadrante leste proveniente do oceano Atlântico, sendo caracterizada pela presença da Massa Tropical Atlântica (mTa) em seu domínio.;Inverno;;;;;;;;;;;;;;;;
2024-08-29 00:00:00;Litoral;mTa;Regiao sob influencia do escoamento marítimo persistente associado ao fluxo de sudeste, característico da massa tropical atlântica, que mantém umidade e temperaturas elevadas.;Inverno;;;;;;;;;;;;;;;;
2024-08-29 00:00:00;Centro;mTa;Regiao sob influencia da circulacao de alta pressao do Atlantico Sul, caracterizando a predominancia de ar quente e umido de origem maritima sobre o centro-leste do pais.;Inverno;;;;;;;;;;;;;;;;
2024-08-29 00:00:00;Sul;mPa;A região delimitada situa-se na retaguarda de um sistema frontal, caracterizando a incursão e o domínio de uma massa de ar frio e úmido de origem polar.;Inverno;;;;;;;;;;;;;;;;
2024-08-30 00:00:00;Norte;mEc;Regiao sobre a bacia amazonica, caracterizada pelo dominio de massa quente e umida de origem equatorial continental, sem influencia de sistemas frontais ou de altas pressoes extern;Inverno;;;;;;;;;;;;;;;;
2024-08-30 00:00:00;Nordeste;mTa;A região apresenta influência direta da circulação marítima quente e úmida típica do escoamento zonal e meridional associado ao oceano, configurando o domínio da mTa sobre o Nordes;Inverno;;;;;;;;;;;;;;;;
2024-08-30 00:00:00;Litoral;mTa;A regiao delimitada encontra-se sob circulacao de leste/sudeste, com valores de pressao e umidade associados a subsidencia da massa tropical atlantica, sem influencia de frentes.;Inverno;;;;;;;;;;;;;;;;
2024-08-30 00:00:00;Centro;mTc;A região central encontra-se sob domínio de subsidência e sem influência de sistemas frontais, caracterizando a permanência da massa de ar quente e seca sobre o interior do contine;Inverno;;;;;;;;;;;;;;;;
2024-08-30 00:00:00;Sul;mPa;A região delimitada apresenta características de subsidência e resfriamento pós-passagem de sistema frontal, evidenciando o domínio da massa de ar polar sobre o setor Sul.;Inverno;;;;;;;;;;;;;;;;
2024-08-31 00:00:00;Norte;mEc;Regiao central e norte da Amazonia sob influencia direta da massa Equatorial Continental, caracterizada por altas temperaturas e elevada umidade em um ambiente de calmaria.;Inverno;;;;;;;;;;;;;;;;
2024-08-31 00:00:00;Nordeste;mTa;A região delimitada está sob a influência do fluxo marítimo da circulação anticiclônica do Atlântico Sul, caracterizando a predominância da Massa Tropical Atlântica (mTa).;Inverno;;;;;;;;;;;;;;;;
2024-08-31 00:00:00;Litoral;mTa;A regiao delimitada esta sob influencia direta do escoamento oceanico de leste/sudeste associado a ASAS, caracterizando a predominancia da Massa Tropical Atlantica (mTa).;Inverno;;;;;;;;;;;;;;;;
2024-08-31 00:00:00;Centro;mTc;Região central sob influência de bloqueio atmosférico, apresentando valores elevados de temperatura e ar seco característicos da massa de ar Tropical Continental.;Inverno;;;;;;;;;;;;;;;;
2024-08-31 00:00:00;Sul;mPa;A região delimitada encontra-se na retaguarda de uma frente fria, caracterizada pela incursão de ar polar, evidenciada pelos valores de temperatura e ponto de orvalho em declínio.;Inverno;;;;;;;;;;;;;;;;
2024-09-06 00:00:00;Norte;mEc;Região sob influência predominante da massa equatorial continental, caracterizada pelo ar quente e úmido estacionário sobre a bacia amazônica e adjacências.;Inverno;;;;;;;;;;;;;;;;
2024-09-06 00:00:00;Nordeste;mTa;Regiao sob fluxo de leste/sudeste associado a ASAS, predominando a massa Tropical Atlantica, caracterizada por caracteristicas quentes e umidas ao longo da costa e interior do NE.;Inverno;;;;;;;;;;;;;;;;
2024-09-06 00:00:00;Litoral;mTa;A regiao delimitada esta sob influencia direta do fluxo zonal leste/sudeste associado ao escoamento da alta pressao do Atlantico Sul, caracterizando o dominio da massa Tropical Atl;Inverno;;;;;;;;;;;;;;;;
2024-09-06 00:00:00;Centro;mPa;A região apresenta o avanço de uma massa de ar frio e seco (mPa), identificado pelo padrão de circulação característico na retaguarda da frente fria que atua no setor.;Inverno;;;;;;;;;;;;;;;;
2024-09-06 00:00:00;Sul;mPa;A região delimitada encontra-se na retaguarda de uma frente fria, caracterizada pela incursão de ar mais frio e seco de origem polar, configurando o domínio da mPa.;Inverno;;;;;;;;;;;;;;;;
2024-09-07 00:00:00;Norte;mEc;A regiao delimitada esta sob influencia direta da Massa Equatorial Continental, caracterizada pela predominancia de ar quente e umido sobre a Amazonia.;Inverno;;;;;;;;;;;;;;;;
2024-09-07 00:00:00;Nordeste;mTa;Regiao sob predominio de fluxo maritimo quente e umido, caracteristico da massa tropical atlantica, exercendo influencia constante sobre o litoral e interior do setor demarcado.;Inverno;;;;;;;;;;;;;;;;
2024-09-07 00:00:00;Litoral;mTa;A regiao sob o retangulo esta sob influencia direta da circulacao oceanica de leste/sudeste, sendo dominada pela massa Tropical Atlantica, quente e umida.;Inverno;;;;;;;;;;;;;;;;
2024-09-07 00:00:00;Centro;mTc;A região central encontra-se sob influência de uma massa de ar quente e seca, caracterizada por baixos teores de umidade e altas temperaturas típicas da depressão do Chaco continen;Inverno;;;;;;;;;;;;;;;;
2024-09-07 00:00:00;Sul;mPa;A região apresenta o avanço de uma massa de ar frio e seco, caracterizado por temperaturas reduzidas e ventos do quadrante sul, indicando a atuação da mPa na retaguarda de sistema ;Inverno;;;;;;;;;;;;;;;;
2024-09-08 00:00:00;Norte;mEc;Regiao central e norte da Amazonia sob influencia preponderante de massa quente e umida de origem continental, caracteristica da regiao equatorial.;Inverno;;;;;;;;;;;;;;;;
2024-09-08 00:00:00;Nordeste;mTa;A região do Nordeste encontra-se sob o fluxo do quadrante leste a sudeste, transportando ar quente e úmido oceânico que caracteriza a predominância da Massa Tropical Atlântica.;Inverno;;;;;;;;;;;;;;;;
2024-09-08 00:00:00;Litoral;mTa;A região delimitada encontra-se sob a influência direta do escoamento marítimo associado à circulação anticiclônica do Atlântico Sul, caracterizando a predominância da mTa.;Inverno;;;;;;;;;;;;;;;;
2024-09-08 00:00:00;Centro;mTc;A região sob o retângulo vermelho situa-se no interior do continente, caracterizada por subsidência e aquecimento termodinâmico, típica da massa Tropical Continental sobre o Centro;Inverno;;;;;;;;;;;;;;;;
2024-09-08 00:00:00;Sul;mPa;A regiao delimitada esta sob influencia direta de uma massa de ar frio e seco, caracterizada por temperaturas amenas e pressao em subsidencia apos a passagem da frente fria.;Inverno;;;;;;;;;;;;;;;;
2024-09-09 00:00:00;Norte;mEc;Região central da Bacia Amazônica sob influência da massa Equatorial Continental, caracterizada por elevados índices térmicos e alta umidade, sem interferência de sistemas frontais;Inverno;;;;;;;;;;;;;;;;
2024-09-09 00:00:00;Nordeste;mTa;Regiao sob predominio do fluxo de sudeste provido pela circulacao periferica do sistema de alta pressao do Atlantico Sul, caracterizando a atuacao da massa tropical atlantica.;Inverno;;;;;;;;;;;;;;;;
2024-09-09 00:00:00;Litoral;mTa;A região delimitada encontra-se sob domínio do fluxo adjacente à circulação da alta pressão do Atlântico, caracterizando a presença da Massa Tropical Atlântica (mTa).;Inverno;;;;;;;;;;;;;;;;
2024-09-09 00:00:00;Centro;mTc;Predominio da massa Tropical Continental sobre o centro do país, caracterizada por baixos teores de umidade e estabilidade, típica da região da Depressão do Chaco.;Inverno;;;;;;;;;;;;;;;;
2024-09-09 00:00:00;Sul;mPa;Região sob influência de advecção de ar frio e úmido após a passagem de um sistema frontal, caracterizada por temperaturas mais baixas e gradiente de pressão típico de massa polar.;Inverno;;;;;;;;;;;;;;;;
2024-09-10 00:00:00;Norte;mEc;A região delimitada sobre a bacia amazônica caracteriza-se por elevada umidade e instabilidade térmica, típicas da massa equatorial continental, sem influência de sistemas frontais;Inverno;;;;;;;;;;;;;;;;
2024-09-10 00:00:00;Nordeste;mTa;Região sob influência direta do escoamento marítimo de leste, caracterizado pelo transporte de umidade e calor da circulação oceânica predominante no setor do Nordeste brasileiro.;Inverno;;;;;;;;;;;;;;;;
2024-09-10 00:00:00;Litoral;mTa;A região demarcada apresenta domínio de correntes marítimas tropicais com regime de ventos do quadrante marítimo, caracterizando a atuação da Massa Tropical Atlântica.;Inverno;;;;;;;;;;;;;;;;
2024-09-10 00:00:00;Centro;mTc;A região apresenta características de subsidência e temperaturas elevadas típicas da mTc, dominando o interior do continente e livre da influência imediata de sistemas frontais.;Inverno;;;;;;;;;;;;;;;;
2024-09-10 00:00:00;Sul;mPa;A região delimitada está sob influência da parte frontal e do setor pós-frontal de um sistema, caracterizando o ingresso e domínio da massa de ar polar, evidenciado pelas temperatu;Inverno;;;;;;;;;;;;;;;;
2024-09-11 00:00:00;Norte;mEc;Regiao central e norte da Amazonia sob influencia direta da massa de ar quente e umida caracteristica da regiao equatorial continental, sem presenca de sistemas frontais.;Inverno;;;;;;;;;;;;;;;;
2024-09-11 00:00:00;Nordeste;mTa;A região nordestina delimitada encontra-se sob influência predominante do escoamento marítimo de leste, característico da Massa Tropical Atlântica transportada pelos ventos alísios;Inverno;;;;;;;;;;;;;;;;
2024-09-11 00:00:00;Litoral;mTa;Região sob influência direta do fluxo de leste da circulação marítima, característica da Massa Tropical Atlântica, apresentando condições estáveis e umidade costeira típica.;Inverno;;;;;;;;;;;;;;;;
2024-09-11 00:00:00;Centro;mTc;Região situada na porção central do continente, sob influência de baixas pressões térmicas, mantendo características de ar quente e seco típicas da depressão do Chaco.;Inverno;;;;;;;;;;;;;;;;
2024-09-11 00:00:00;Sul;mPa;A região delimitada encontra-se sob efeito do avanço de uma massa de ar frio e seco (mPa), evidenciado pelas trajetórias dos ventos pós-frontal e valores térmicos reduzidos.;Inverno;;;;;;;;;;;;;;;;
2024-09-12 00:00:00;Norte;mEc;A região delimitada abrange a bacia amazônica, onde predomina a Massa Equatorial Continental, caracterizada por ser quente e úmida, mantendo as condições locais de instabilidade.;Inverno;;;;;;;;;;;;;;;;
2024-09-12 00:00:00;Nordeste;mTa;A região do Nordeste delimitada encontra-se sob influência do escoamento marítimo associado à circulação anticiclônica do Atlântico Sul, caracterizando o predomínio da massa tropic;Inverno;;;;;;;;;;;;;;;;
2024-09-12 00:00:00;Litoral;mTa;A região delimitada está sob o domínio do fluxo marítimo da circulação da Alta Subtropical do Atlântico Sul, caracterizando a predominância da Massa Tropical Atlântica (mTa).;Inverno;;;;;;;;;;;;;;;;
2024-09-12 00:00:00;Centro;mTc;Regiao central sob influencia de subsidencia e fluxo de ar quente e seco, caracterizando a permanencia da Massa Tropical Continental sobre o interior do Brasil.;Inverno;;;;;;;;;;;;;;;;
2024-09-12 00:00:00;Sul;mPa;A região apresenta características de subsidência e queda de temperaturas após a passagem do sistema frontal, evidenciando o predomínio da massa de ar polar avançando pelo Sul.;Inverno;;;;;;;;;;;;;;;;
2024-09-13 00:00:00;Norte;mEc;Regiao centralizada sobre a Amazonia, caracterizada por baixos gradientes de pressao e estabilidade atmosferica, sem influencia de sistemas frontais ou de massa polar.;Inverno;;;;;;;;;;;;;;;;
2024-09-13 00:00:00;Nordeste;mTa;A região encontra-se sob influência direta do fluxo de leste da alta pressão subtropical do Atlântico Sul, caracterizando a predominância da massa de ar Tropical Atlântica.;Inverno;;;;;;;;;;;;;;;;
2024-09-13 00:00:00;Litoral;mTa;A regiao delimitada esta sob influencia direta do fluxo marítimo do Atlantico Sul, caracterizando a predominancia da massa Tropical Atlantica (mTa) com caracteristicas quentes e um;Inverno;;;;;;;;;;;;;;;;
2024-09-13 00:00:00;Centro;mTc;Regiao central do continente sob influencia de subsidencia e escoamento seco, caracteristico da massa Tropical Continental sobre o Chaco, mantendo estabilidade na area delimitada.;Inverno;;;;;;;;;;;;;;;;
2024-09-13 00:00:00;Sul;mPa;A regiao delimitada esta sob influencia direta da massa de ar pos-frontal, caracterizada por temperaturas mais baixas, declinio de pressao e adveccao de ar polar.;Inverno;;;;;;;;;;;;;;;;
2024-09-14 00:00:00;Norte;mEc;A regiao delimitada esta sob influencia da Massa Equatorial Continental dentro da bacia amazonica, caracterizada por baixas pressoes e elevadas umidades, sem influencia de frentes.;Inverno;;;;;;;;;;;;;;;;
2024-09-14 00:00:00;Nordeste;mTa;A região delimitada está sob influência do fluxo predominante de leste/sudeste associado à circulação marítima, caracterizando o predomínio da massa Tropical Atlântica (mTa).;Inverno;;;;;;;;;;;;;;;;
2024-09-14 00:00:00;Litoral;mTa;A região delimitada está sob influência do escoamento marítimo de leste/sudeste associado à circulação da alta pressão subtropical, caracterizando a atuação da mTa.;Inverno;;;;;;;;;;;;;;;;
2024-09-14 00:00:00;Centro;mTa;A região encontra-se sob influência da circulação da ASAS, apresentando características de estabilidade e aquecimento típicas da massa tropical atlântica em sua trajetória retrogra;Inverno;;;;;;;;;;;;;;;;
2024-09-14 00:00:00;Sul;mPa;A região delimitada encontra-se na retaguarda de uma frente fria em deslocamento para o oceano, caracterizando o avanço e a predominância da Massa Polar Atlântica.;Inverno;;;;;;;;;;;;;;;;
2024-09-15 00:00:00;Norte;mEc;Regiao sobre a bacia amazonica com predominio de ar quente e umido, caracteristico da massa equatorial continental, sem influencia de adveccao de massas polares.;Inverno;;;;;;;;;;;;;;;;
2024-09-15 00:00:00;Nordeste;mTa;Regiao sob fluxo de leste a sudeste, transportando ar quente e umido vindo do Oceano Atlantico para o interior, caracterizando o predomino da Massa Tropical Atlantica.;Inverno;;;;;;;;;;;;;;;;
2024-09-15 00:00:00;Litoral;mTa;A região demarcada apresenta domínio da Alta Pressão do Atlântico Sul, caracterizando a influência da Massa Tropical Atlântica (mTa) com advecção de umidade sobre o litoral.;Inverno;;;;;;;;;;;;;;;;
2024-09-15 00:00:00;Centro;mPa;A região demarcada encontra-se atrás de uma frente fria ativa, com um forte gradiente térmico e a penetração de ar mais frio e denso característico da massa polar atlântica.;Inverno;;;;;;;;;;;;;;;;
2024-09-15 00:00:00;Sul;mPa;Região sob influência de massa de ar frio e seco após a passagem de sistema frontal, evidenciada pelos valores de temperatura e ponto de orvalho em declínio no setor Sul.;Inverno;;;;;;;;;;;;;;;;
2024-09-16 00:00:00;Norte;mEc;Área localizada sobre a bacia amazônica, caracterizada por altas temperaturas e elevada umidade, mantendo as características típicas da massa continental equatorial.;Inverno;;;;;;;;;;;;;;;;
2024-09-16 00:00:00;Nordeste;mTa;Predominância da Massa Tropical Atlântica, caracterizada pelo escoamento de leste/sudeste associado à circulação marítima que mantém condições de calor e umidade na região.;Inverno;;;;;;;;;;;;;;;;
2024-09-16 00:00:00;Litoral;mTa;Predominancia de escoamento maritimo quente e umido associado ao fluxo do anticiclone subtropical, mantendo condicoes tipicas de massa tropical sobre a regiao costeira analisada.;Inverno;;;;;;;;;;;;;;;;
2024-09-16 00:00:00;Centro;mPa;A região delimitada encontra-se sob efeito do avanço de uma frente fria e seu pós-frontal, com incursão de ar polar caracterizado por temperaturas mais baixas e umidade elevada.;Inverno;;;;;;;;;;;;;;;;
2024-09-16 00:00:00;Sul;mPa;A região delimitada encontra-se sob a influência direta do avanço de uma massa de ar frio e úmido após a passagem de uma frente fria, caracterizada pelas baixas temperaturas observ;Inverno;;;;;;;;;;;;;;;;
2024-09-17 00:00:00;Norte;mEc;Regiao central da Amazonia brasileira sem interferencia de sistemas frontais, caracterizando o predominio de ar quente e umido genuinamente continental.;Inverno;;;;;;;;;;;;;;;;
2024-09-17 00:00:00;Nordeste;mTa;Região sob influência direta da circulação marítima do Atlântico Sul, caracterizada pela predominância da massa de ar Tropical Atlântica (mTa) em todo o setor.;Inverno;;;;;;;;;;;;;;;;
2024-09-17 00:00:00;Litoral;mTa;Predominancia da mTa sobre o litoral do Nordeste brasileiro, caracterizada pela circulacao maritima de leste sob influencia do gradiente de pressao do Atlantico Sul.;Inverno;;;;;;;;;;;;;;;;
2024-09-17 00:00:00;Centro;mTa;A região encontra-se sob domínio do escoamento adjacente à Alta Subtropical do Atlântico Sul, caracterizando a presença da Massa Tropical Atlântica com ar quente e úmido predominan;Inverno;;;;;;;;;;;;;;;;
2024-09-17 00:00:00;Sul;mPa;Região sob a influência da retaguarda de um sistema frontal, caracterizada pela advecção de ar frio e seco, consolidando o domínio da Massa Polar Atlântica.;Inverno;;;;;;;;;;;;;;;;
2024-09-18 00:00:00;Norte;mEc;A região delimitada abrange a bacia amazônica, onde predomina a Massa Equatorial Continental, caracterizada por alto teor de umidade e instabilidade inerente à região tropical.;Inverno;;;;;;;;;;;;;;;;
2024-09-18 00:00:00;Nordeste;mTa;Regiao sob predominio do fluxo de leste/sudeste associado ao escoamento da alta subtropical, caracterizando a presenca da massa Tropical Atlantica no setor.;Inverno;;;;;;;;;;;;;;;;
2024-09-18 00:00:00;Litoral;mTa;Regiao sob influencia direta do escoamento de sueste/leste provindo do Oceano Atlantico, caracterizando o dominio da Massa Tropical Atlantica (mTa) no litoral leste brasileiro.;Inverno;;;;;;;;;;;;;;;;
2024-09-18 00:00:00;Centro;mTa;A regiao delimitada encontra-se sob a influencia da circulacao da ASAS centrada no Atlantico Sul, caracterizando a predominancia de caracteristicas da massa tropical atlantica.;Inverno;;;;;;;;;;;;;;;;
2024-09-18 00:00:00;Sul;mPa;A região delimitada encontra-se sob efeito direto de uma massa de ar frio e seco (mPa), com valores de dew point mais baixos e circulação ciclônica característica pós-frontal.;Inverno;;;;;;;;;;;;;;;;
2024-09-19 00:00:00;Norte;mEc;Região sob influência da massa Equatorial Continental, caracterizada pela presença de ar quente e úmido predominante sobre a bacia amazônica.;Inverno;;;;;;;;;;;;;;;;
2024-09-19 00:00:00;Nordeste;mTa;Regiao sob influencia do escoamento de leste-sudeste proveniente do anticiclone subtropical do Atlantico Sul, caracterizando a predominancia de caracteristicas da mTa no setor.;Inverno;;;;;;;;;;;;;;;;
2024-09-19 00:00:00;Litoral;mTa;A regiao delimitada encontra-se sob a influencia direta do escoamento maritimo associado a alta pressao do Atlantico Sul, caracterizando o dominio da massa Tropical Atlantica.;Inverno;;;;;;;;;;;;;;;;
2024-09-19 00:00:00;Centro;mTc;A região central encontra-se sob domínio de subsidência e aquecimento adiabático, caracterizadas por temperaturas elevadas e baixos valores de umidade, típicos da massa tropical co;Inverno;;;;;;;;;;;;;;;;
2024-09-19 00:00:00;Sul;mPa;A região apresenta o avanço e a estabilização de uma massa de ar frio e úmido após a passagem de sistema frontal, caracterizando o predomínio da mPa no setor delimitado.;Inverno;;;;;;;;;;;;;;;;
2024-09-20 00:00:00;Norte;mEc;Regiao central e norte da Amazonia, apresentando caracteristicas tipicas de massa quente e umida de origem continental, sem influencia de outros sistemas frontais na area.;Inverno;;;;;;;;;;;;;;;;
2024-09-20 00:00:00;Nordeste;mTa;Predominância de fluxo marítimo quente e úmido sobre a região Nordeste, característico do domínio da circulação do Atlântico Tropical neste setor.;Inverno;;;;;;;;;;;;;;;;
2024-09-20 00:00:00;Litoral;mTa;A região delimitada está sob forte influência do escoamento marítimo de leste, caracterizando a atuação da massa Tropical Atlântica com transporte de umidade para o setor costeiro.;Inverno;;;;;;;;;;;;;;;;
2024-09-20 00:00:00;Centro;mTa;Regiao sob predominio da circulacao da ASAS (Atlântico Sul), favorecendo o influxo de umidade do oceano para o leste do continente, caracterizando a atuação da mTa.;Inverno;;;;;;;;;;;;;;;;
2024-09-20 00:00:00;Sul;mPa;A região apresenta o avanço e ingresso de uma massa de ar frio e seco, caracterizado pelas baixas temperaturas e ventos do quadrante sul, típicos da retaguarda de sistema frontal.;Inverno;;;;;;;;;;;;;;;;
2024-09-21 00:00:00;Norte;mEc;Região localizada sobre a bacia amazônica sob predomínio de condições térmicas elevadas e elevada umidade, características típicas da massa Equatorial Continental.;Inverno;;;;;;;;;;;;;;;;
2024-09-21 00:00:00;Nordeste;mTa;Região sob influência direta do fluxo de leste da alta pressão oceânica, caracterizando a predominância de ar tropical marítimo quente e úmido sobre o Nordeste.;Inverno;;;;;;;;;;;;;;;;
2024-09-21 00:00:00;Litoral;mTa;O litoral indicado encontra-se sob o domínio da circulação marítima da Alta Subtropical do Atlântico Sul, caracterizando a presença da Massa Tropical Atlântica (mTa).;Inverno;;;;;;;;;;;;;;;;
2024-09-21 00:00:00;Centro;mTc;A regiao delimitada encontra-se no interior do continente sob subsidencia e aquecimento, caracterizando a atuacao de uma massa de ar quente e seca de origem continental.;Inverno;;;;;;;;;;;;;;;;
2024-09-21 00:00:00;Sul;mPa;A região apresenta declínio térmico e advecção de ar frio e úmido após a passagem de uma frente fria, caracterizando o domínio da massa de ar polar polar atlântica.;Primavera;;;;;;;;;;;;;;;;
2024-09-22 00:00:00;Norte;mEc;Região central e norte da Amazônia sob influência de ar quente e úmido, característico da massa equatorial continental, sem presença de sistemas frontais atuantes na área.;Primavera;;;;;;;;;;;;;;;;
2024-09-22 00:00:00;Nordeste;mTa;A região encontra-se sob influência direta do escoamento marítimo de leste/sudeste, característico da massa tropical atlântica, que predomina sobre o litoral e interior do setor.;Primavera;;;;;;;;;;;;;;;;
2024-09-22 00:00:00;Litoral;mTa;Regiao sob influencia do escoamento marítimo de leste, característico da dinâmica da massa Tropical Atlântica (mTa), que domina o litoral do Nordeste ao Sudeste.;Primavera;;;;;;;;;;;;;;;;
2024-09-22 00:00:00;Centro;mTa;Região sob influência da circulação da alta pressão do Atlântico Sul, caracterizando o predomínio de ar quente e úmido de origem marítima (mTa) sobre o setor central do Brasil.;Primavera;;;;;;;;;;;;;;;;
2024-09-22 00:00:00;Sul;mPa;A regiao delimitada encontra-se sob a influencia direta da circulacao de um sistema de alta pressao pos-frontal, caracterizando o avancado de uma massa de ar frio e umida.;Primavera;;;;;;;;;;;;;;;;
2024-09-23 00:00:00;Norte;mEc;Predominancia da Massa Equatorial Continental sobre a regiao Amazonica, caracterizada pelo ar quente e umido, sem influencia direta de sistemas frontais ou de outras massas no seto;Primavera;;;;;;;;;;;;;;;;
2024-09-23 00:00:00;Nordeste;mTa;Região sob influência direta do fluxo de ar quente e úmido vindo do setor oceânico, caracterizando o domínio da massa tropical atlântica na costa e interior do Nordeste.;Primavera;;;;;;;;;;;;;;;;
2024-09-23 00:00:00;Litoral;mTa;A regiao delimitada esta sob o alcance dos ventos aliseos de sudeste que transportam a umidade do Oceano Atlantico, caracterizando o predomino da Massa Tropical Atlantica.;Primavera;;;;;;;;;;;;;;;;
2024-09-23 00:00:00;Centro;mTc;A região central apresenta valores de temperatura elevados e umidade reduzida, características típicas da massa de ar Tropical Continental que domina o interior do Brasil.;Primavera;;;;;;;;;;;;;;;;
2024-09-23 00:00:00;Sul;mPa;A região delimitada está sob a influência do pós-frontal, com advecção de ar frio e seco, caracterizando o domínio da massa de ar polar atlântica avançando pelo Sul do país.;Primavera;;;;;;;;;;;;;;;;
2024-09-24 00:00:00;Norte;mEc;Dominio continental amazônico, caracterizado por ar quente e úmido, sem influência de sistemas frontais ou incursões de massa polar na região demarcada.;Primavera;;;;;;;;;;;;;;;;
2024-09-24 00:00:00;Nordeste;mTa;A região encontra-se sob influência do fluxo de leste estabelecido pelo sistema de alta pressão oceânico, caracterizando o domínio da massa tropical atlântica quente e úmida.;Primavera;;;;;;;;;;;;;;;;
2024-09-24 00:00:00;Litoral;mTa;A regiao delimitada esta sob influencia direta do fluxo equatorial/tropical maritimo associado ao sistema de alta pressao do Atlantico Sul, caracterizando ar quente e umido.;Primavera;;;;;;;;;;;;;;;;
2024-09-24 00:00:00;Centro;mTc;A região apresenta temperaturas elevadas e baixa umidade relativa, características da massa tropical continental localizada no interior do continente sob atuação de um sistema de a;Primavera;;;;;;;;;;;;;;;;
2024-09-24 00:00:00;Sul;mPa;Na região delimitada, observa-se o avanço nítido de uma massa de ar frio e seco, caracterizada pela retaguarda de sistema frontal, que impõe o domínio da mPa sobre o setor.;Primavera;;;;;;;;;;;;;;;;
2024-09-25 00:00:00;Norte;mEc;Região central e norte da carta sob influência direta das características térmicas e de umidade originadas na bacia Amazônica, sem presença de sistemas frontais atuando no setor.;Primavera;;;;;;;;;;;;;;;;
2024-09-25 00:00:00;Nordeste;mTa;A região é dominada pelo escoamento marítimo vindo do Atlântico Sul, caracterizando a atuação da massa Tropical Atlântica com transporte de umidade para o setor costeiro e interior;Primavera;;;;;;;;;;;;;;;;
2024-09-25 00:00:00;Litoral;mTa;O setor delimitado encontra-se sob influência do fluxo de circulação marítima da Alta Subtropical do Atlântico Sul, caracterizando o predomínio da Massa Tropical Atlântica.;Primavera;;;;;;;;;;;;;;;;
2024-09-25 00:00:00;Centro;mTc;Região central sob influência de bloqueio atmosférico, apresentando características de ar quente e seco típicas da mTc, localizada na Depressão do Chaco e adjacências.;Primavera;;;;;;;;;;;;;;;;
2024-09-25 00:00:00;Sul;mPa;A região delimitada encontra-se sob influência pós-frontal, com o escoamento de ar frio e seco característico do avanço da mPa pelo setor sul do Brasil.;Primavera;;;;;;;;;;;;;;;;
2024-09-26 00:00:00;Norte;mEc;Regiao central da Amazonia sob influencia de caracteristicas de calor e umidade, sem a presencia de sistemas frontais, confirmando o dominio da Massa Equatorial Continental.;Primavera;;;;;;;;;;;;;;;;
2024-09-26 00:00:00;Nordeste;mTa;Predominância da Massa Tropical Atlântica, caracterizada pelo fluxo de ar marítimo quente e úmido transportado pelos ventos alísios para a região Nordeste.;Primavera;;;;;;;;;;;;;;;;
2024-09-26 00:00:00;Litoral;mTa;A área delimitada encontra-se sob domínio do fluxo marítimo da massa Tropical Atlântica, caracterizada pela circulação anticiclônica oceânica que transporta umidade para o litoral.;Primavera;;;;;;;;;;;;;;;;
2024-09-26 00:00:00;Centro;mTa;Area sob influência da circulação da alta pressão do Atlântico, apresentando condições de estabilidade e aquecimento típicas do domínio da massa Tropical Atlântica no continente.;Primavera;;;;;;;;;;;;;;;;
2024-09-26 00:00:00;Sul;mPa;A região encontra-se na retaguarda de um sistema frontal, caracterizada por gradiente de pressão e regime de advecção de ar frio e úmido típico de massa polar atlântica.;Primavera;;;;;;;;;;;;;;;;
2024-09-27 00:00:00;Norte;mEc;Regiao central e norte da Amazonia sob influencia da massa equatorial continental, caracterizada pelo ar quente e umido, sem interferencia de sistemas frontais no periodo.;Primavera;;;;;;;;;;;;;;;;
2024-09-27 00:00:00;Nordeste;mTa;A região encontra-se sob influência do fluxo predominante relacionado à alta pressão do Atlântico, configurando a presença da massa de ar Tropical Atlântica (mTa) em grande parte d;Primavera;;;;;;;;;;;;;;;;
2024-09-27 00:00:00;Litoral;mTa;A regiao delimitada encontra-se sob a influencia direta da circulacao oceanica de leste/sudeste associada ao gradiente de pressao, caracterizando a predominancia da massa Tropical ;Primavera;;;;;;;;;;;;;;;;
2024-09-27 00:00:00;Centro;mPa;Região sob influência direta de subsidência pós-frontal, com advecção de ar frio e seco, caracterizando o domínio da massa de ar polar após a passagem de frente fria no setor.;Primavera;;;;;;;;;;;;;;;;
2024-09-27 00:00:00;Sul;mPa;A regiao delimitada encontra-se sob a influencia direta da circulacao de um sistema de alta pressao pos-frontal e avanco de ar frio, caracterizando o dominio da Massa Polar Atlanti;Primavera;;;;;;;;;;;;;;;;
2024-09-28 00:00:00;Norte;mEc;A região delimitada sobre a bacia amazônica caracteriza-se por um ambiente de temperaturas elevadas e alta umidade, típicas da massa Equatorial Continental em seu domínio central.;Primavera;;;;;;;;;;;;;;;;
2024-09-28 00:00:00;Nordeste;mTa;A região destacada é influenciada pelo fluxo de umidade do Atlântico associado à circulação anticiclônica, caracterizando o predomínio da massa de ar Tropical Atlântica.;Primavera;;;;;;;;;;;;;;;;
2024-09-28 00:00:00;Litoral;mTa;A região delimitada está sob forte influência do escoamento marítimo de leste/sudeste, característico de um ambiente tropical oceânico quente e úmido sob domínio da mTa.;Primavera;;;;;;;;;;;;;;;;
2024-09-28 00:00:00;Centro;mTc;A região apresenta características de subsidência e temperaturas elevadas típicas do interior do continente, sob influência da Massa Tropical Continental na Depressão do Chaco.;Primavera;;;;;;;;;;;;;;;;
2024-09-28 00:00:00;Sul;mPa;A região delimitada está sob influência da massa pós-frontal, caracterizada por baixas temperaturas e fluxo de ar frio e úmido avançando sobre o setor sul do Brasil.;Primavera;;;;;;;;;;;;;;;;
2024-09-29 00:00:00;Norte;mEc;A região delimitada abrange a bacia amazônica e áreas centrais, apresentando características de ar quente e úmido típicas da Massa Equatorial Continental sem influência de frontais;Primavera;;;;;;;;;;;;;;;;
2024-09-29 00:00:00;Nordeste;mTa;A região apresenta influência direta da circulação marítima quente e úmida, característica da Massa Tropical Atlântica, responsável por manter a estabilidade térmica no setor.;Primavera;;;;;;;;;;;;;;;;
2024-09-29 00:00:00;Litoral;mTa;Região sob influência direta do escoamento marítimo persistente da borda do anticiclone. A característica térmica e de umidade confirma o domínio da Massa Tropical Atlântica.;Primavera;;;;;;;;;;;;;;;;
2024-09-29 00:00:00;Centro;mTa;A região encontra-se sob influência de um anticiclone no Atlântico Sul, caracterizando a predominância de ar quente e úmido transportado do oceano para o continente (mTa).;Primavera;;;;;;;;;;;;;;;;
2024-09-29 00:00:00;Sul;mPa;A região delimitada situa-se na retaguarda da frente fria, caracterizada pela incursão de ar mais frio e seco de origem polar, com queda nas temperaturas e valores pressóricos.;Primavera;;;;;;;;;;;;;;;;
2024-09-30 00:00:00;Norte;mEc;A regiao delimitada esta sob dominio da massa equatorial continental, caracterizada por altas temperaturas e elevada umidade, tipica da bacia amazonica e sem interferencia frontal.;Primavera;;;;;;;;;;;;;;;;
2024-09-30 00:00:00;Nordeste;mTa;A região delimitada está sob influência do escoamento zonal predominante do Atlântico Sul, caracterizando a atuação da massa Tropical Atlântica com umidade e calor na costa.;Primavera;;;;;;;;;;;;;;;;
2024-09-30 00:00:00;Litoral;mTa;A regiao delimitada encontra-se sob a influencia direta do fluxo marítimo da circulação anticiclônica do Atlantico Sul, caracterizando a permanencia da Massa Tropical Atlántica.;Primavera;;;;;;;;;;;;;;;;
2024-09-30 00:00:00;Centro;mTc;Região sob influência de baixas pressões térmicas no interior do continente, apresentando ar quente e seco, características típicas da Massa Tropical Continental na área do Chaco.;Primavera;;;;;;;;;;;;;;;;
2024-09-30 00:00:00;Sul;mPa;A região delimitada encontra-se sob a influência direta do escoamento pós-frontal, com advecção de ar frio e seco, caracterizando o avanço da massa de ar polar sobre o Sudeste.;Primavera;;;;;;;;;;;;;;;;
2024-10-01 00:00:00;Norte;mEc;Região sob influência da massa de ar quente e úmida de origem continental, típica da bacia Amazônica, apresentando estabilidade térmica características do setor setentrional.;Primavera;;;;;;;;;;;;;;;;
2024-10-01 00:00:00;Nordeste;mTa;Região sob influência direta do escoamento marítimo de leste/sudeste, característico da massa de ar Tropical Atlântica, mantendo condições estáveis e umidade costeira.;Primavera;;;;;;;;;;;;;;;;
2024-10-01 00:00:00;Litoral;mTa;Regiao sob influencia do escoamento da alta subtropical, caracterizada por transporte de umidade do oceano para o continente, mantendo as caracteristicas de ar quente e umido.;Primavera;;;;;;;;;;;;;;;;
2024-10-01 00:00:00;Centro;mTa;Predominio de ar quente e umido sob circulacao anticiclonica caracteristica da massa Tropical Atlantica, que exerce influencia sobre a regiao central do pais.;Primavera;;;;;;;;;;;;;;;;
2024-10-01 00:00:00;Sul;mPa;A região delimitada no setor Sul encontra-se sob influência direta da circulação pós-frontal, com advecção de umidade e características térmicas típicas da massa polar atlântica av;Primavera;;;;;;;;;;;;;;;;
2024-10-02 00:00:00;Norte;mEc;A regiao delimitada esta sob a influencia direta da Massa Equatorial Continental, caracterizada pela predominancia de altas temperaturas e elevada umidade sobre a bacia amazonica.;Primavera;;;;;;;;;;;;;;;;
2024-10-02 00:00:00;Nordeste;mTa;Regiao sob incidencia de fluxo de leste/sudeste proveniente do Atlantico Sul, caracterizando a predominancia da massa de ar Tropical Atlantica (mTa) sobre o nordeste brasileiro.;Primavera;;;;;;;;;;;;;;;;
2024-10-02 00:00:00;Litoral;mEa;A região delimitada no setor nordeste do litoral brasileiro encontra-se sob influência predominante da Massa Equatorial Atlântica, caracterizada pelo fluxo quente e úmido oceânico.;Primavera;;;;;;;;;;;;;;;;
2024-10-02 00:00:00;Centro;mTa;Predominância de ar quente e úmido transportado pelo fluxo marítimo sob influência do anticiclone oceânico, estabelecendo as condições atmosféricas sobre a região demarcada.;Primavera;;;;;;;;;;;;;;;;
2024-10-02 00:00:00;Sul;mPa;A região sob o retângulo vermelho encontra-se na retaguarda de um sistema frontal, sendo influenciada pela incursão de ar polar, caracterizado pelo declínio das temperaturas e umid;Primavera;;;;;;;;;;;;;;;;
2024-10-03 00:00:00;Norte;mEc;Regiao sobre territorio amazonico sob influencia predominante da massa equatorial continental, caracterizada por baixas pressões e altos índices de umidade e temperatura.;Primavera;;;;;;;;;;;;;;;;
2024-10-03 00:00:00;Nordeste;mTa;A região do Nordeste em destaque está sob o domínio do escoamento estável do ramo sul da Alta Subtropical do Atlântico Sul, caracterizando a predominância da Massa Tropical Atlânti;Primavera;;;;;;;;;;;;;;;;
2024-10-03 00:00:00;Litoral;mTa;A região delimitada está sob a influência do escoamento marítimo de leste/sudeste, mantendo a predominância da massa tropical atlântica em sua trajetória oceânica.;Primavera;;;;;;;;;;;;;;;;
2024-10-03 00:00:00;Centro;mPa;A região apresenta o avanço de uma massa de ar frio e seco (pós-frontal) conforme indicado pelas temperaturas reduzidas e o campo de pressão associado ao ciclone extratropical.;Primavera;;;;;;;;;;;;;;;;
2024-10-03 00:00:00;Sul;mPa;A região delimitada situa-se na retaguarda de um sistema frontal, sob a influência direta do núcleo de alta pressão, caracterizando a penetração e o domínio da mPa no setor.;Primavera;;;;;;;;;;;;;;;;
2024-10-04 00:00:00;Norte;mEc;A região delimitada abrange a bacia amazônica, caracterizada por baixos gradientes de pressão e condições de umidade e calor típicas da Massa Equatorial Continental dominante.;Primavera;;;;;;;;;;;;;;;;
2024-10-04 00:00:00;Nordeste;mTa;Regiao sob influencia do escoamento do anticiclone subtropical do Atlantico Sul, predominando caracteristicas quentes e umidas tipicas da massa Tropical Atlantica.;Primavera;;;;;;;;;;;;;;;;
2024-10-04 00:00:00;Litoral;mTa;A área situa-se sob influência do escoamento marítimo persistente proveniente do Atlântico, caracterizando-se por fluxo de umidade e temperaturas elevadas típicas da mTa.;Primavera;;;;;;;;;;;;;;;;
2024-10-04 00:00:00;Centro;mTa;A região encontra-se sob influência do escoamento marítimo de leste, característico do transporte de umidade e calor da mTa, sustentado pela alta pressão no Atlântico Sul.;Primavera;;;;;;;;;;;;;;;;
2024-10-04 00:00:00;Sul;mPa;Região sob influência direta de massa de ar frio e seco, posicionada após a passagem de sistema frontal, evidenciado pelas temperaturas e ventos característicos da retaguarda.;Primavera;;;;;;;;;;;;;;;;
2024-10-05 00:00:00;Norte;mEc;Regiao central e norte da Amazonia sob influencia da massa Equatorial Continental, caracterizada por alta umidade e temperaturas elevadas, sem a presenca de sistemas frontais.;Primavera;;;;;;;;;;;;;;;;
2024-10-05 00:00:00;Nordeste;mTa;A região encontra-se sob domínio do escoamento de leste-sudeste, característico da circulação da ASAS, que impõe a massa tropical atlântica sobre o setor leste do Nordeste.;Primavera;;;;;;;;;;;;;;;;
2024-10-05 00:00:00;Litoral;mTa;Regiao sob incidencia de fluxo de norte/nordeste vindo do oceano, caracterizando o dominio da Massa Tropical Atlantica (mTa) com predominio de umidade e temperaturas elevadas.;Primavera;;;;;;;;;;;;;;;;
2024-10-05 00:00:00;Centro;mTc;Zona de abrangência na depressão do Chaco e centro do continente, caracterizada por temperaturas elevadas e baixos teores de umidade no interior do setor delimitado.;Primavera;;;;;;;;;;;;;;;;
2024-10-05 00:00:00;Sul;mPa;A região delimitada encontra-se na retaguarda de um sistema frontal, caracterizada pela incursão de uma massa de ar frio e seco (mPa) sobre o Sul do Brasil.;Primavera;;;;;;;;;;;;;;;;
2024-10-06 00:00:00;Norte;mEc;Regiao central da Amazonia brasileira caracterizada pela predominancia de ar quente e umido, tipico da Massa Equatorial Continental, sem influecia de sistemas frontais.;Primavera;;;;;;;;;;;;;;;;
2024-10-06 00:00:00;Nordeste;mTa;A região encontra-se sob influência do fluxo de leste da circulação marítima, característica do escoamento da massa de ar Tropical Atlântica, que mantém o transporte de calor e umi;Primavera;;;;;;;;;;;;;;;;
2024-10-06 00:00:00;Litoral;mTa;Região sob influência direta do escoamento marítimo de leste/sudeste, caracterizado pelo transporte de umidade e calor da circulação oceânica predominante.;Primavera;;;;;;;;;;;;;;;;
2024-10-06 00:00:00;Centro;mTc;Região central sob domínio da massa Tropical Continental, caracterizada por temperaturas elevadas e baixos teores de umidade no interior do continente.;Primavera;;;;;;;;;;;;;;;;
2024-10-06 00:00:00;Sul;mPa;A região delimitada está sob influência da massa de ar pós-frontal, apresentando declínio térmico característico da mPa que se desloca pelo Sul e Sudeste do Brasil.;Primavera;;;;;;;;;;;;;;;;
2024-10-07 00:00:00;Norte;mEc;A região delimitada compreende a bacia amazônica e áreas adjacentes, onde a prevalência de características termais e úmidas confirma a atuação da Massa Equatorial Continental.;Primavera;;;;;;;;;;;;;;;;
2024-10-07 00:00:00;Nordeste;mTa;Predominio da subsidencia e fluxo de leste da circulacao oceanica sobre a regiao, caracterizando a influencia da massa tropical atlantica na faixa costeira e interior do Nordeste.;Primavera;;;;;;;;;;;;;;;;
2024-10-07 00:00:00;Litoral;mTa;A regiao encontra-se sob a influência direta do escoamento marítimo oriundo do oceano Atlântico subtropical, caracterizando o domínio da massa Tropical Atlântica (mTa).;Primavera;;;;;;;;;;;;;;;;
2024-10-07 00:00:00;Centro;mTc;A região central delimitada apresenta temperaturas elevadas e umidade reduzida, características típicas da massa Tropical Continental, que atua no interior do Brasil central nesta ;Primavera;;;;;;;;;;;;;;;;
2024-10-07 00:00:00;Sul;mPa;Região sob influência de ar frio e seco após a passagem de sistema frontal, caracterizada pelos valores térmicos e de pressão que indicam a intrusão de massa polar no setor.;Primavera;;;;;;;;;;;;;;;;
2024-10-08 00:00:00;Norte;mEc;A região delimitada abrange a bacia amazônica, caracterizada por altas temperaturas e elevada umidade, sob predomínio da massa de ar Equatorial Continental.;Primavera;;;;;;;;;;;;;;;;
2024-10-08 00:00:00;Nordeste;mTa;Região sob influência direta do fluxo de leste/sudeste da circulação marítima oceânica, predominando a massa de ar quente e úmida originada sobre o Atlântico Sul.;Primavera;;;;;;;;;;;;;;;;
2024-10-08 00:00:00;Litoral;mTa;A região do litoral delimitada está sob forte influência do escoamento marítimo oriundo da ASAS, caracterizando o domínio da massa tropical atlântica quente e úmida.;Primavera;;;;;;;;;;;;;;;;
2024-10-08 00:00:00;Centro;mTc;Região central caracterizada por baixos teores de umidade e altas temperaturas, configurando a atuação da Massa Tropical Continental, típica da Depressão do Chaco e centro do conti;Primavera;;;;;;;;;;;;;;;;
2024-10-08 00:00:00;Sul;mPa;A região destacada apresenta o ingresso de uma massa de ar frio logo após a passagem do sistema frontal, caracterizando a atuação da mPa sobre o Sul e parte do Sudeste do Brasil.;Primavera;;;;;;;;;;;;;;;;
2024-10-09 00:00:00;Norte;mEc;A regiao delimitada esta sob influencia da Massa Equatorial Continental, caracterizada por temperaturas elevadas e alta umidade sobre a Bacia Amazonica.;Primavera;;;;;;;;;;;;;;;;
2024-10-09 00:00:00;Nordeste;mTa;Predominância da Massa Tropical Atlântica, caracterizada pelo escoamento de leste/sudeste associado à célula de alta pressão sobre o oceano, mantendo condições quentes e úmidas.;Primavera;;;;;;;;;;;;;;;;
2024-10-09 00:00:00;Litoral;mTa;A área delimitada encontra-se sob influência de um campo de pressões associado ao escoamento marítimo de leste/sudeste, caracterizando o domínio da massa tropical atlântica.;Primavera;;;;;;;;;;;;;;;;
2024-10-09 00:00:00;Centro;mTc;Regiao central do continente sob influencia de subsidencia e massa de ar quente e seca tradicional desta epoca, caracteristica da Depressao do Chaco e adjacencias internas.;Primavera;;;;;;;;;;;;;;;;
2024-10-09 00:00:00;Sul;mPa;A região delimitada localiza-se na retaguarda de um sistema frontal, estando sob influência direta da massa de ar pós-frontal marcada por temperaturas mais amenas e regime de vento;Primavera;;;;;;;;;;;;;;;;
2024-10-10 00:00:00;Norte;mEc;Regiao sobre a bacia amazonica caracterizada por ar quente e umido, com ausência de sistemas frontais, confirmando o domínio continental da massa equatorial.;Primavera;;;;;;;;;;;;;;;;
2024-10-10 00:00:00;Nordeste;mTa;A região encontra-se sob influência do escoamento marítimo tropical, resultante da subsidência e circulação zonal do anticiclone subtropical do Atlântico Sul, caracterizando a mTa.;Primavera;;;;;;;;;;;;;;;;
2024-10-10 00:00:00;Litoral;mTa;Predominio da massa tropical atlantica na regiao costeira sob influencia do escoamento zonal e anticiclone subtropical, garantindo condicoes de tempo quente e umido.;Primavera;;;;;;;;;;;;;;;;
2024-10-10 00:00:00;Centro;mTa;Regiao sob influencia do escoamento de norte/nordeste proveniente da periferia da ASAS, caracterizando o transporte de ar quente e umido, tipico da Massa Tropical Atlantica.;Primavera;;;;;;;;;;;;;;;;
2024-10-10 00:00:00;Sul;mPa;A região delimitada está sob a influência do escoamento pós-frontal, com advecção de ar frio e seco, caracterizando a atuação nítida da massa de ar polar sobre o Sudeste brasileiro;Primavera;;;;;;;;;;;;;;;;
2024-10-11 00:00:00;Norte;mEc;Regionalmente delimitada sobre a bacia amazônica, a área está sob influência da massa Equatorial Continental, caracterizada pela predominância de ar quente e úmido.;Primavera;;;;;;;;;;;;;;;;
2024-10-11 00:00:00;Nordeste;mTa;Predominância de fluxo marítimo e umidade sob a influência do campo de alta pressão do Atlântico sul, caracterizando o transporte de propriedades da mTa sobre a região Nordeste.;Primavera;;;;;;;;;;;;;;;;
2024-10-11 00:00:00;Litoral;mTa;A região delimitada está sob o regime de escoamento do quadrante leste, característico da circulação oceânica que transporta características da massa Tropical Atlântica ao litoral.;Primavera;;;;;;;;;;;;;;;;
2024-10-11 00:00:00;Centro;mTa;A região encontra-se sob influência do fluxo equatorial/tropical marítimo associado aos sistemas de alta pressão no Atlântico Sul, caracterizando o domínio da massa Tropical Atlânt;Primavera;;;;;;;;;;;;;;;;
2024-10-11 00:00:00;Sul;mPa;A região encontra-se no quadrante posterior e sob a influência direta do avanço de um sistema frontal, caracterizando o predomínio de ar frio e úmido de origem polar.;Primavera;;;;;;;;;;;;;;;;
2024-10-12 00:00:00;Norte;mEc;Região central da Bacia Amazônica sob domínio da massa Equatorial Continental, caracterizada por alto conteúdo de umidade e temperaturas elevadas, sem influência de sistemas fronta;Primavera;;;;;;;;;;;;;;;;
2024-10-12 00:00:00;Nordeste;mTa;A região destacada está sob a influência do fluxo marítimo característico da Massa Tropical Atlântica (mTa), que transporta umidade do oceano para o continente no setor leste/norde;Primavera;;;;;;;;;;;;;;;;
2024-10-12 00:00:00;Litoral;mTa;Região sob influência direta do escoamento marítimo oriundo do Atlântico Sul, caracterizado por ar quente e úmido dominante no litoral do Nordeste brasileiro.;Primavera;;;;;;;;;;;;;;;;
2024-10-12 00:00:00;Centro;mTc;A região delimitada localiza-se na porção central do continente, sob influência de ar quente e seco típico da Depressão do Chaco, caracterizando a atuação da massa Tropical Contine;Primavera;;;;;;;;;;;;;;;;
2024-10-12 00:00:00;Sul;mPa;A região delimitada está sob forte influência da mPa, caracterizada pelo avanço de ar frio e seco após a passagem de uma frente fria, evidenciado pela queda de temperatura e dew po;Primavera;;;;;;;;;;;;;;;;
2024-10-13 00:00:00;Norte;mEc;A região delimitada compreende a bacia amazônica. Verifica-se o predomínio de características de ar quente e úmido, típicas da massa Equatorial Continental (mEc), sem influência fr;Primavera;;;;;;;;;;;;;;;;
2024-10-13 00:00:00;Nordeste;mTa;Regiao sob predominio do fluxo de leste e subsidencia periferica da ASAS, caracterizando a atuacao da massa Tropical Atlantica sobre o Nordeste brasileiro.;Primavera;;;;;;;;;;;;;;;;
2024-10-13 00:00:00;Litoral;mEa;Região sob influência da Massa Equatorial Atlântica, caracterizada pelo transporte de umidade do oceano para o setor costeiro do Nordeste, mantendo condições térmicas elevadas e úm;Primavera;;;;;;;;;;;;;;;;
2024-10-13 00:00:00;Centro;mTc;A região central sob análise apresenta condições de elevadas temperaturas e subsidência características da massa Tropical Continental, mantendo-se estagnada sobre o interior do Bra;Primavera;;;;;;;;;;;;;;;;
2024-10-13 00:00:00;Sul;mPa;A região delimitada está sob forte influência de uma massa de ar polar, evidenciada pelos baixos valores de temperatura e ponto de orvalho, instalada após a passagem de uma frente ;Primavera;;;;;;;;;;;;;;;;
2024-10-14 00:00:00;Norte;mEc;Regiao central sob influencia da Massa Equatorial Continental, caracterizada por altas temperaturas e elevada umidade, tipica da estabilidade termodinamica da Bacia Amazonica.;Primavera;;;;;;;;;;;;;;;;
2024-10-14 00:00:00;Nordeste;mTa;A região demarcada encontra-se sob a influência direta do escoamento de leste/sudeste associado ao ramo periférico da ASAS, caracterizando a predominância da Massa Tropical Atlânti;Primavera;;;;;;;;;;;;;;;;
2024-10-14 00:00:00;Litoral;mTa;Regiao sob incidencia de fluxo zonal maritimo quente e umido, caracteristico da circulacao associada a alta pressao do Atlantico Sul que predomina no litoral leste.;Primavera;;;;;;;;;;;;;;;;
2024-10-14 00:00:00;Centro;mTa;A região delimitada está sob influência do escoamento marítimo quente e úmido vindo do Atlântico Sul, caracterizando o domínio da massa Tropical Atlântica (mTa).;Primavera;;;;;;;;;;;;;;;;
2024-10-14 00:00:00;Sul;mPa;Regiao sob influencia de adveccao de ar frio e seco apos a passagem de sistema frontal, evidenciada pelos gradientes de pressao e declinio de temperatura e ponto de orvalho.;Primavera;;;;;;;;;;;;;;;;
2024-10-15 00:00:00;Norte;mEc;Região sob influência direta da Massa Equatorial Continental, caracterizada por baixos gradientes de pressão, elevadas temperaturas e umidade na bacia amazônica.;Primavera;;;;;;;;;;;;;;;;
2024-10-15 00:00:00;Nordeste;mTa;Região sob influência direta do fluxo de leste da alta pressão subtropical. A mTa predomina no setor, trazendo características de umidade e calor típicas do transporte marítimo.;Primavera;;;;;;;;;;;;;;;;
2024-10-15 00:00:00;Litoral;mTa;O setor delimitado encontra-se sob domínio da circulação marítima quente e úmida, característica da Massa Tropical Atlântica, impulsionada pelo gradiente de pressão periférico da A;Primavera;;;;;;;;;;;;;;;;
2024-10-15 00:00:00;Centro;mTa;Região sob influência direta do fluxo de leste/nordeste proveniente do Atlântico Sul, caracterizando a predominância da Massa Tropical Atlântica com transporte de umidade em baixos;Primavera;;;;;;;;;;;;;;;;
2024-10-15 00:00:00;Sul;mPa;A região delimitada encontra-se sob influência de massa de ar frio e seco, avançando após a passagem de sistema frontal, evidenciado pelas condições de estabilidade atmosférica.;Primavera;;;;;;;;;;;;;;;;
2024-10-16 00:00:00;Norte;mEc;Regiao central e norte da Amazonia sob influencia da massa de ar quente e umida caracteristica da regiao, apresentando estabilidade tipica de circulacao tropical continental.;Primavera;;;;;;;;;;;;;;;;
2024-10-16 00:00:00;Nordeste;mTa;Predominância de circulação marítima de leste sobre o Nordeste, transportando ar quente e úmido do Atlântico para o setor norte e interior da região.;Primavera;;;;;;;;;;;;;;;;
2024-10-16 00:00:00;Litoral;mTa;Regiao sob predominio do fluxo de circundante do sistema de alta pressao subtropical do Atlantico Sul, caracterizando o dominio da Massa Tropical Atlantica no setor.;Primavera;;;;;;;;;;;;;;;;
2024-10-16 00:00:00;Centro;mTc;A região central encontra-se sob domínio de uma massa de ar quente e seca, caracterizada por baixos teores de umidade e altas temperaturas típicas da Depressão do Chaco.;Primavera;;;;;;;;;;;;;;;;
2024-10-16 00:00:00;Sul;mPa;A região apresenta o avanço de uma massa de ar fria e instável, posicionada na retaguarda do sistema frontal que atua sobre o setor, caracterizando a influência da mPa.;Primavera;;;;;;;;;;;;;;;;
2024-10-17 00:00:00;Norte;mEc;Regiao central sob influencia da massa de ar quente e umida de origem continental, caracteristica da bacia amazonica, sem interferencia de sistemas frontais.;Primavera;;;;;;;;;;;;;;;;
2024-10-17 00:00:00;Nordeste;mTa;Predominância de escoamento vindo do oceano, característico da circulação da ASAS, estabelecendo massa quente e úmida sobre o Nordeste brasileiro.;Primavera;;;;;;;;;;;;;;;;
2024-10-17 00:00:00;Litoral;mTa;Regiao sob influencia do escoamento do Atlantico Sul, caracterizada pela predominancia da massa tropical maritima, quente e umida, que domina o litoral brasileiro no setor indicado;Primavera;;;;;;;;;;;;;;;;
2024-10-17 00:00:00;Centro;mTc;A região delimitada encontra-se sobre o setor central do continente, sob influência de ar quente e seco típico da depressão térmica, caracterizando a atuação da mTc.;Primavera;;;;;;;;;;;;;;;;
2024-10-17 00:00:00;Sul;mPa;A região apresenta o avanço do fluxo de sul/sudeste com temperaturas reduzidas e gradiente de pressão característico da entrada de massa de ar pós-frontal.;Primavera;;;;;;;;;;;;;;;;
2024-10-18 00:00:00;Norte;mEc;A regiao situada sobre a Amazonia e areas adjacentes apresenta caracteristicas de calor e alta umidade, tipicas da predominancia da Massa Equatorial Continental.;Primavera;;;;;;;;;;;;;;;;
2024-10-18 00:00:00;Nordeste;mTa;A região do Nordeste delimitada encontra-se sob o fluxo do escoamento marítimo associado aos ventos alísios, caracterizando o domínio da massa Tropical Atlântica (mTa).;Primavera;;;;;;;;;;;;;;;;
2024-10-18 00:00:00;Litoral;mTa;A área delimitada encontra-se sob influência do fluxo estável e gradiente de alta pressão associado à circulação marítima do Atlântico Sul, caracterizando a predominância da mTa.;Primavera;;;;;;;;;;;;;;;;
2024-10-18 00:00:00;Centro;mTa;A região encontra-se sob influência do fluxo equatorial/tropical marítimo com umidade elevada, caracterizando o predomínio da Massa Tropical Atlântica na porção central do país.;Primavera;;;;;;;;;;;;;;;;
2024-10-18 00:00:00;Sul;mPa;A região delimitada encontra-se na retaguarda de um sistema frontal, caracterizado por temperaturas reduzidas e circulação anticiclônica típica da Massa Polar Atlântica.;Primavera;;;;;;;;;;;;;;;;
2024-10-19 00:00:00;Norte;mEc;Regiao central e norte da Amazonia sob influencia da Massa Equatorial Continental, caracterizada por alto teor de umidade e instabilidade termodinamica convectiva tipica da regiao.;Primavera;;;;;;;;;;;;;;;;
2024-10-19 00:00:00;Nordeste;mTa;Predominância de fluxo marítimo quente e úmido sob influência direta do gradiente de pressão do Atlântico Sul, caracterizando a massa tropical marítima sobre a costa nordestina.;Primavera;;;;;;;;;;;;;;;;
2024-10-19 00:00:00;Litoral;mTa;A região destacada está sob a influência predominante do fluxo de ventos do quadrante leste, característico da circulação da mTa que se estabelece ao longo da costa leste brasileir;Primavera;;;;;;;;;;;;;;;;
2024-10-19 00:00:00;Centro;mTc;Regiao central do Brasil sob influencia de subsidencia e aquecimento adiabático, característicos de altas temperaturas e baixa umidade relativa, predominando a Massa Tropical Conti;Primavera;;;;;;;;;;;;;;;;
2024-10-19 00:00:00;Sul;mPa;A região delimitada está sob forte influência de uma massa de ar frio e seco (mPa), caracterizada por baixas temperaturas e umidade após a passagem de uma frente fria no oceano.;Primavera;;;;;;;;;;;;;;;;
2024-10-20 00:00:00;Norte;mEc;Região central da Bacia Amazônica sob influência de ar quente e úmido, característico da massa equatorial continental, sem presença de sistemas frontais ou incursões de ar polar.;Primavera;;;;;;;;;;;;;;;;
2024-10-20 00:00:00;Nordeste;mTa;Regiao sob influencia predominante da circulacao anticiclonica do Atlantico Sul, caracterizando a presenca de massa de ar tropical quente e umida sobre o setor.;Primavera;;;;;;;;;;;;;;;;
2024-10-20 00:00:00;Litoral;mTa;A regiao delimitada esta sob influencia direta do fluxo zonal de leste provindo do oceano, caracteristico da circulacao periferica de alta pressao, mantendo ar quente e umido.;Primavera;;;;;;;;;;;;;;;;
2024-10-20 00:00:00;Centro;mTa;Regiao sob influencia do fluxo marinho da periferia da alta subtropical, caracterizada por transporte de umidade e estabilidade, configurando o predominio da massa tropical atlanti;Primavera;;;;;;;;;;;;;;;;
2024-10-20 00:00:00;Sul;mPa;A região delimitada encontra-se sob influência de massa de ar frio e úmido após a passagem de sistema frontal, evidenciada pelos valores de temperatura e regime de escoamento.;Primavera;;;;;;;;;;;;;;;;
2024-10-21 00:00:00;Norte;mEc;Região sob influência da Massa Equatorial Continental, caracterizada por altas temperaturas e elevada umidade, típica da bacia amazônica nesta configuração sinótica.;Primavera;;;;;;;;;;;;;;;;
2024-10-21 00:00:00;Nordeste;mTa;A regiao delimitada esta sob influencia direta do escoamento zonal de leste, caracteristico da circulacao periferica da ASAS, que transporta ar quente e umido sobre o setor.;Primavera;;;;;;;;;;;;;;;;
2024-10-21 00:00:00;Litoral;mTa;Zona sob influência direta do escoamento marítimo do Atlântico Sul, caracterizada pela predominância da massa de ar Tropical Atlântica, quente e úmida, ao longo do litoral.;Primavera;;;;;;;;;;;;;;;;
2024-10-21 00:00:00;Centro;mTc;Região situada no interior continental sob influência de altas temperaturas e baixa umidade relativa, característica da massa tropical continental (mTc) no Centro-Sul do país.;Primavera;;;;;;;;;;;;;;;;
2024-10-21 00:00:00;Sul;mPa;A regiao delimitada esta sob influencia de adveccao de ar mais frio e seco pos-frontal, caracterizando o avanco e posicionamento da Massa Polar Atlantica sobre o sul brasileiro.;Primavera;;;;;;;;;;;;;;;;
2024-10-22 00:00:00;Norte;mEc;Regiao central da Amazonia brasileira, sob influencia de ar quente e umido de origem equatorial continental, caracterizado pelas altas temperaturas e umidade na regiao.;Primavera;;;;;;;;;;;;;;;;
2024-10-22 00:00:00;Nordeste;mTa;A região encontra-se sob influência do escoamento marítimo predominantemente quente e úmido, característico da Massa Tropical Atlântica que domina o setor leste do Brasil.;Primavera;;;;;;;;;;;;;;;;
2024-10-22 00:00:00;Litoral;mTa;A regiao delimitada esta sob influencia direta da circulacao oceanica de leste/sudeste, com fluxo de ar quente e umido caracteristico da massa tropical atlantica.;Primavera;;;;;;;;;;;;;;;;
2024-10-22 00:00:00;Centro;mTa;A região delimitada está sob forte influência do fluxo marítimo quente e úmido vindo do Atlântico Sul, caracterizando a dominância da massa Tropical Atlântica (mTa).;Primavera;;;;;;;;;;;;;;;;
2024-10-22 00:00:00;Sul;mPa;A região do retângulo exibe o avanço de um sistema frontal com queda de temperaturas e ventos do quadrante sul, caracterizando a incursão da massa de ar polar na retaguarda do sist;Primavera;;;;;;;;;;;;;;;;
2024-10-23 00:00:00;Norte;mEc;A região delimitada está inserida sobre a bacia amazônica, caracterizada por altas temperaturas e umidade, sem influência de sistemas frontais ou circulação de alta pressão oceânic;Primavera;;;;;;;;;;;;;;;;
2024-10-23 00:00:00;Nordeste;mTa;Predominio da massa Tropical Atlantica, evidenciado pelo posicionamento da alta pressao sobre o oceano, favorecendo o transporte de umidade e calor para a regiao delimitada.;Primavera;;;;;;;;;;;;;;;;
2024-10-23 00:00:00;Litoral;mTa;A regiao delimitada esta sob influencia direta do escoamento de leste/sudeste associado a alta pressao do Atlantico Sul, caracterizando o dominio da massa Tropical Atlantica quente;Primavera;;;;;;;;;;;;;;;;
2024-10-23 00:00:00;Centro;mTa;A regiao delimitada esta sob influencia direta do escoamento oceanico de leste/nordeste associado a alta subtropical, predominando caracteristicas de calor e umidade da mTa.;Primavera;;;;;;;;;;;;;;;;
2024-10-23 00:00:00;Sul;mPa;Região situada na retaguarda de frente fria que avança sobre o Sudeste e Centro-Oeste, apresentando declínio de temperatura e umidade característica da massa polar atlântica.;Primavera;;;;;;;;;;;;;;;;
2024-10-24 00:00:00;Norte;mEc;Regiao central e norte da Amazonia sob influencia da massa de ar quente e umida de origem continental, mantendo caracteristicas termodinamicas tipicas de baixas latitudes.;Primavera;;;;;;;;;;;;;;;;
2024-10-24 00:00:00;Nordeste;mTa;Predominio da massa tropical atlantica na regiao do Nordeste, caracterizada por subsidencia e estabilidade sob a influencia dos fluxos de leste do anticiclone subtropical.;Primavera;;;;;;;;;;;;;;;;
2024-10-24 00:00:00;Litoral;mTa;Regiao sob influencia do fluxo marítimo do Atlantico Sul, caracterizado por massas de ar quentes e umidas que predominam no litoral do Sudeste e Nordeste brasileiro.;Primavera;;;;;;;;;;;;;;;;
2024-10-24 00:00:00;Centro;mTc;A região delimitada no interior do continente apresenta características termodinâmicas de ar quente e seco, típicas da influência da Massa Tropical Continental situada sobre a Depr;Primavera;;;;;;;;;;;;;;;;
2024-10-24 00:00:00;Sul;mPa;A região apresenta o avanço de uma massa de ar frio e seco, caracterizando o pós-frontal do sistema que influencia o Sul e Sudeste, com redução térmica e estabilidade atmosférica.;Primavera;;;;;;;;;;;;;;;;
2024-10-25 00:00:00;Norte;mEc;Regiao continental equatorial caracterizada por ar quente e umido, sem influencia frontal, predominante sobre a bacia Amazonica.;Primavera;;;;;;;;;;;;;;;;
2024-10-25 00:00:00;Nordeste;mTa;Dominio da subsidencia da ASAS sobre o setor Nordeste, com fluxo de leste transportando umidade do Atlantico Sul para o continente, caracterizando a mTa.;Primavera;;;;;;;;;;;;;;;;
2024-10-25 00:00:00;Litoral;mTa;A região delimitada está sob a influência do fluxo marítimo da alta pressão do Atlântico, caracterizando a predominância da massa Tropical Atlântica (mTa) no litoral leste.;Primavera;;;;;;;;;;;;;;;;
2024-10-25 00:00:00;Centro;mTc;A regiao encontra-se no interior do continente, sob influencia da depressao do Chaco e caracterizada por altas temperaturas e baixa umidade, tipico da Massa Tropical Continental.;Primavera;;;;;;;;;;;;;;;;
2024-10-25 00:00:00;Sul;mPa;A região delimitada está localizada exatamente sob a influência da retaguarda de um sistema frontal, caracterizando o ingresso e domínio da massa de ar polar atlântica (mPa).;Primavera;;;;;;;;;;;;;;;;
2024-10-26 00:00:00;Norte;mEc;Regiao central e norte do Brasil caracterizada por baixas pressões e elevada umidade, sob domínio da massa Equatorial Continental, com ausência de sistemas frontais atuantes no set;Primavera;;;;;;;;;;;;;;;;
2024-10-26 00:00:00;Nordeste;mTa;A região é dominada pelo escoamento de leste-sudeste proveniente do Atlântico Tropical, sob influência direta de ar quente e úmido transportado do oceano para o continente.;Primavera;;;;;;;;;;;;;;;;
2024-10-26 00:00:00;Litoral;mTa;A região delimitada está sob a influência do fluxo marítimo da Alta Subtropical do Atlântico Sul, caracterizando o transporte de ar quente e úmido típico da massa Tropical Atlântic;Primavera;;;;;;;;;;;;;;;;
2024-10-26 00:00:00;Centro;mTa;A regiao delimitada encontra-se sob a influencia direta da circulacao do anticiclone subtropical do Atlantico Sul, caracterizando a predominancia de ar tropical quente e umido.;Primavera;;;;;;;;;;;;;;;;
2024-10-26 00:00:00;Sul;mPa;Após a passagem de uma frente fria, a região encontra-se sob influxo de ar frio e estável, caracterizando o avanço da massa de ar polar sobre o setor sul.;Primavera;;;;;;;;;;;;;;;;
2024-10-27 00:00:00;Norte;mEc;A regiao delimitada esta sob influencia da Massa Equatorial Continental, caracterizada por ar quente e umido sobre a Amazonia, sem interferencia de sistemas frontais no setor.;Primavera;;;;;;;;;;;;;;;;
2024-10-27 00:00:00;Nordeste;mTa;Predominio da massa Tropical Atlantica, caracterizada por fluxos quentes e umidos integrados ao campo de pressao periferico da alta subtropical sobre a regiao Nordeste.;Primavera;;;;;;;;;;;;;;;;
2024-10-27 00:00:00;Litoral;mTa;A regiao delimitada esta sob influencia direta do escoamento marítimo oriundo do Anticiclone que mantém características de ar quente e úmido típicas da mTa na costa do NE.;Primavera;;;;;;;;;;;;;;;;
2024-10-27 00:00:00;Centro;mPa;A regiao delimitada encontra-se sob a influencia direta do avanco de uma massa de ar frio e seco, posicionada estritamente atras da frente fria que atua no setor.;Primavera;;;;;;;;;;;;;;;;
2024-10-27 00:00:00;Sul;mPa;A regiao delimitada esta sob influencia direta da massa de ar pos-frontal, caracterizada por temperaturas mais baixas e entrada do fluxo de sul, confirmando a atuacao da mPa.;Primavera;;;;;;;;;;;;;;;;
2024-10-28 00:00:00;Norte;mEc;A região amazônica, delimitada sem influência de sistemas frontais externos, caracteriza-se pela presença da Massa Equatorial Continental, que mantém elevadas temperaturas e umidad;Primavera;;;;;;;;;;;;;;;;
2024-10-28 00:00:00;Nordeste;mTa;Região sob influência direta do fluxo de escoamento marítimo oriundo do Atlântico Tropical, caracterizando a predominância de ar quente e úmido no setor.;Primavera;;;;;;;;;;;;;;;;
2024-10-28 00:00:00;Litoral;mTa;Regiao sob influencia direta do escoamento do fluxo de leste da alta subtropica do Atlantico Sul, caracterizando predominio de massa de ar quente e umida no setor costeiro.;Primavera;;;;;;;;;;;;;;;;
2024-10-28 00:00:00;Centro;mPa;A regiao delimitada encontra-se sob a influencia da massa de ar pos-frontal, caracterizada pelo avancada continental da mPa, apresentando temperaturas e umidade reduzidas.;Primavera;;;;;;;;;;;;;;;;
2024-10-28 00:00:00;Sul;mPa;A região delimitada encontra-se na retaguarda da frente fria, caracterizada pela advecção de ar frio e úmido, definindo a predominância da mPa sobre o setor.;Primavera;;;;;;;;;;;;;;;;
2024-10-29 00:00:00;Norte;mEc;Regiao central da Amazonia sem influencias frontais, apresentando caracteristicas tipicas de intensa umidade e temperaturas elevadas, dominada pela Massa Equatorial Continental.;Primavera;;;;;;;;;;;;;;;;
2024-10-29 00:00:00;Nordeste;mTa;Regiao sob influencia do escoamento do quadrante leste, caracterizado pela circulacao maritima quente e umida predominante do Atlantico Tropical sobre o Nordeste brasileiro.;Primavera;;;;;;;;;;;;;;;;
2024-10-29 00:00:00;Litoral;mTa;A regiao delimitada esta sob influencia direta do escoamento zonal e transporte de umidade proveniente do oceano, caracterizando o dominio da Massa Tropical Atlantica (mTa).;Primavera;;;;;;;;;;;;;;;;
2024-10-29 00:00:00;Centro;mTa;Região sob influência predominante do fluxo de leste/nordeste associado à circulação anticiclônica oceânica, caracterizando o domínio da massa tropical atlântica em estabilidade.;Primavera;;;;;;;;;;;;;;;;
2024-10-29 00:00:00;Sul;mPa;A regiao delimitada encontra-se sob a influência direta de uma massa de ar frio e seco (mPa), caracterizada pelo escoamento pós-frontal que avança sobre o Sul e Sudeste do Brasil.;Primavera;;;;;;;;;;;;;;;;
2024-10-30 00:00:00;Norte;mEc;A regiao delimitada esta sob influencia da Massa Equatorial Continental, caracterizada por altas temperaturas e elevada umidade, predominante sobre a bacia Amazonica.;Primavera;;;;;;;;;;;;;;;;
2024-10-30 00:00:00;Nordeste;mTa;A região encontra-se sob influência do fluxo de leste/sudeste proveniente do Atlântico, caracterizando a predominância da Massa Tropical Atlântica com características quentes e úmi;Primavera;;;;;;;;;;;;;;;;
2024-10-30 00:00:00;Litoral;mTa;Região sob influência direta do fluxo de leste da circulação marítima, transportando ar quente e úmido do oceano para o litoral do Nordeste brasileiro.;Primavera;;;;;;;;;;;;;;;;
2024-10-30 00:00:00;Centro;mTc;A região destacada está sob influência da massa de ar quente e seca sobre o interior do continente, caracterizada por baixos teores de umidade e circulação em baixos níveis.;Primavera;;;;;;;;;;;;;;;;
2024-10-30 00:00:00;Sul;mPa;A região apresenta declínio térmico e ventos alinhados com o avanço de um sistema frontal, caracterizando a influência da Massa Polar Atlântica no setor sul do Brasil.;Primavera;;;;;;;;;;;;;;;;
2024-10-31 00:00:00;Norte;mEc;Regiao central e norte da Amazonia sob influencia da mEc, verificada pelos altos indices de umidade e temperaturas elevadas, caracteristicas desta massa quente e umida.;Primavera;;;;;;;;;;;;;;;;
2024-10-31 00:00:00;Nordeste;mTa;A região delimitada está sob influência do fluxo predominante de leste/sudeste associado à circulação marítima, caracterizando a atuação da massa de ar Tropical Atlântica.;Primavera;;;;;;;;;;;;;;;;
2024-10-31 00:00:00;Litoral;mTa;O setor delimitado encontra-se sob domínio do escoamento marítimo quente e úmido, característico da atuação da Massa Tropical Atlântica nesta latitude da costa brasileira.;Primavera;;;;;;;;;;;;;;;;
2024-10-31 00:00:00;Centro;mTa;A região delimitada encontra-se sob influência do fluxo de leste/sudeste associado à circulação da ASAS, caracterizando o predomínio da Massa Tropical Atlântica (mTa).;Primavera;;;;;;;;;;;;;;;;
2024-10-31 00:00:00;Sul;mTa;Região sob predomínio de fluxo marítimo com características quentes e úmidas, típico da circulação da alta subtropical sobre o Atlântico Sul, caracterizando a mTa.;Primavera;;;;;;;;;;;;;;;;
2024-11-01 00:00:00;Norte;mEc;Região central da Bacia Amazônica sob influência de massa de ar quente e úmida de origem continental, consolidando a predominância da mEc sobre o setor.;Primavera;;;;;;;;;;;;;;;;
2024-11-01 00:00:00;Nordeste;mTa;Dominio da massa Tropical Atlantica sobre o Nordeste brasileiro, caracterizada pelo fluxo de leste a sudeste que transporta umidade do oceano para o continente.;Primavera;;;;;;;;;;;;;;;;
2024-11-01 00:00:00;Litoral;mTa;A região delimitada encontra-se sob influência do escoamento marítimo associado à alta pressão, caracterizando a predominância da Massa Tropical Atlântica (mTa).;Primavera;;;;;;;;;;;;;;;;
2024-11-01 00:00:00;Centro;mPa;A região delimitada encontra-se sob influência do avanço da massa polar atlântica, caracterizada pelo gradiente de pressão e pós-frontal que se desloca sobre o Sudeste e Centro-Oes;Primavera;;;;;;;;;;;;;;;;
2024-11-01 00:00:00;Sul;mPa;A região delimitada encontra-se sob a influência direta do avanço de uma massa de ar polar, evidenciada pela circulação pós-frontal e queda das temperaturas em superfície.;Primavera;;;;;;;;;;;;;;;;
2024-11-02 00:00:00;Norte;mEc;Região sob influência direta da massa de ar originada na bacia amazônica, caracterizada por altas temperaturas e elevada umidade, típica da dinâmica continental equatorial.;Primavera;;;;;;;;;;;;;;;;
2024-11-02 00:00:00;Nordeste;mTa;Regiao sob influencia do escoamento marítimo do Atlântico Sul, caracterizado por ar quente e úmido dominante no setor leste/nordeste do Brasil.;Primavera;;;;;;;;;;;;;;;;
2024-11-02 00:00:00;Litoral;mTa;Predominio da subsidencia e fluxo de leste da alta pressao do Atlantico Sul, caracterizando a atuacao da massa tropical quente e umida sobre o setor costeiro analisado.;Primavera;;;;;;;;;;;;;;;;
2024-11-02 00:00:00;Centro;mTa;A região delimitada encontra-se sob domínio do fluxo marítimo persistente proveniente do Atlântico Sul, característico da atuação da massa Tropical Atlântica (mTa).;Primavera;;;;;;;;;;;;;;;;
2024-11-02 00:00:00;Sul;mTa;A região encontra-se sob o fluxo do quadrante norte/nordeste associado ao escoamento da alta pressão no Atlântico Sul, caracterizando a predominância da Massa Tropical Atlântica.;Primavera;;;;;;;;;;;;;;;;
2024-11-03 00:00:00;Norte;mEc;Regiao sobre o interior do continente, Amazonia, caracterizada por altas temperaturas e elevada umidade, evidenciando a predominancia da massa equatorial continental.;Primavera;;;;;;;;;;;;;;;;
2024-11-03 00:00:00;Nordeste;mTa;Predomínio de estabilidade e transporte de umidade do oceano pelo escoamento persistente de sudeste, característico da atuação da Massa Tropical Atlântica sobre a região.;Primavera;;;;;;;;;;;;;;;;
2024-11-03 00:00:00;Litoral;mTa;A regiao delimitada encontra-se sob a influencia direta do fluxo marítimo da ASAS, caracterizando o dominio da Massa Tropical Atlantica, que mantém o ar quente e úmido no setor.;Primavera;;;;;;;;;;;;;;;;
2024-11-03 00:00:00;Centro;mTa;Região sob influência da circulação anticiclônica oceânica, caracterizada por transporte de umidade do Atlântico, mantendo temperaturas elevadas e umidade sobre o setor central-les;Primavera;;;;;;;;;;;;;;;;
2024-11-03 00:00:00;Sul;mPa;A região destacada apresenta avanço de circulação pós-frontal, com influxo de ar frio e seco característico da mPa, evidenciado pelo campo de isóbaras na retaguarda da frente fria.;Primavera;;;;;;;;;;;;;;;;
2024-11-04 00:00:00;Norte;mEc;A região delimitada encontra-se sobre a bacia amazônica, onde predomina a Massa Equatorial Continental, caracterizada por ser quente e úmida, típica da região sem influência fronta;Primavera;;;;;;;;;;;;;;;;
2024-11-04 00:00:00;Nordeste;mTa;A região é dominada pelo escoamento marítimo de leste, característico da massa de ar Tropical Atlântica, que transporta umidade e estabilidade sobre o setor nordeste brasileiro.;Primavera;;;;;;;;;;;;;;;;
2024-11-04 00:00:00;Litoral;mTa;A regiao delimitada esta sob influencia predominante do fluxo de leste/sudeste associado a alta pressao do Atlantico Sul, caracterizando a permanencia da Massa Tropical Atlantica.;Primavera;;;;;;;;;;;;;;;;
2024-11-04 00:00:00;Centro;mTa;A região encontra-se sob influência da circulação da alta pressão do Atlântico Sul, caracterizando a predominância de ar quente e úmido de origem marítima (mTa).;Primavera;;;;;;;;;;;;;;;;
2024-11-04 00:00:00;Sul;mPa;A região delimitada no setor Sul encontra-se sob influência direta da incursão de ar frio e seco, característico do avanço da mPa logo após a passagem da frente fria.;Primavera;;;;;;;;;;;;;;;;
2024-11-05 00:00:00;Norte;mEc;A região delimitada abrange a bacia amazônica e áreas centrais, apresentando características de ar quente e úmido típicas da Massa Equatorial Continental, sem influência polar.;Primavera;;;;;;;;;;;;;;;;
2024-11-05 00:00:00;Nordeste;mTa;Predominio de circulacao maritima associada ao escoamento da alta pressao subtropical sobre a regiao Nordeste, configurando caracteristicas de estabilidade e umidade da mTa.;Primavera;;;;;;;;;;;;;;;;
2024-11-05 00:00:00;Litoral;mTa;A região delimitada encontra-se sob o fluxo do quadrante leste/sudeste, característico do transporte de umidade da mTa sobre a faixa costeira do Nordeste brasileiro.;Primavera;;;;;;;;;;;;;;;;
2024-11-05 00:00:00;Centro;mTa;A região encontra-se sob influência do fluxo equatorial e tropical oceânico, característico da predominância da Massa Tropical Atlântica com transporte de umidade para o interior.;Primavera;;;;;;;;;;;;;;;;
2024-11-05 00:00:00;Sul;mPa;A região apresenta o avanço de uma massa de ar frio e seco, caracterizada pela queda das temperaturas e mudança na direção do vento na retaguarda da frente fria.;Primavera;;;;;;;;;;;;;;;;
2024-11-06 00:00:00;Norte;mEc;Regiao central e norte da Amazonia sob influencia de massa quente e umida de origem continental, caracteristica da mEc, mantendo elevadas temperaturas e umidade na area demarcada.;Primavera;;;;;;;;;;;;;;;;
2024-11-06 00:00:00;Nordeste;mTa;Região sob influência direta da circulação marítima do Atlântico Sul, caracterizada pela predominância da massa Tropical Atlântica com escoamento de leste-sudeste sobre o Nordeste.;Primavera;;;;;;;;;;;;;;;;
2024-11-06 00:00:00;Litoral;mTa;Regiao sob dominio do fluxo do Atlantico Sul, sob a influencia da circulacao de leste/sudeste, mantendo caracteristicas de ar quente e umido sobre o litoral nordestino.;Primavera;;;;;;;;;;;;;;;;
2024-11-06 00:00:00;Centro;mTa;A região demarcada encontra-se sob influência de um gradiente de alta pressão do Atlântico, caracterizando o predomínio da Massa Tropical Atlântica com transportes de umidade.;Primavera;;;;;;;;;;;;;;;;
2024-11-06 00:00:00;Sul;mPa;A região delimitada encontra-se sob influência direta da massa de ar polar, evidenciada pela rotação dos ventos e valores de temperatura/ponto de orvalho característicos pós-fronta;Primavera;;;;;;;;;;;;;;;;
2024-11-07 00:00:00;Norte;mEc;A região destacada sobre a bacia amazônica caracteriza-se por temperaturas elevadas e alta umidade, típicas de ar continental equatorial, sem influência frontal no setor.;Primavera;;;;;;;;;;;;;;;;
2024-11-07 00:00:00;Nordeste;mTa;Predominância de fluxo marítimo típico da periferia da alta subtropical, transportando umidade do Atlântico Tropical para o interior da região Nordeste.;Primavera;;;;;;;;;;;;;;;;
2024-11-07 00:00:00;Litoral;mTa;O setor delimitado encontra-se sob domínio da circulação marítima quente e úmida proveniente do oceano, característica da persistência da Massa Tropical Atlântica na costa leste.;Primavera;;;;;;;;;;;;;;;;
2024-11-07 00:00:00;Centro;mTa;Região central sob influência da circulação do escoamento de leste, com características de ar quente e úmido transportado do oceano para o interior, configurando o domínio da mTa.;Primavera;;;;;;;;;;;;;;;;
2024-11-07 00:00:00;Sul;mPa;A regiao delimitada posiciona-se logo a retaguarda de uma frente fria, apresentando caracteristicas de ar mais frio e estavel tipicas do avanco da massa polar atlantica.;Primavera;;;;;;;;;;;;;;;;
2024-11-08 00:00:00;Norte;mEc;A regiao delimitada esta sob influencia da Massa Equatorial Continental, caracterizada por alta umidade e temperaturas elevadas, atuando sobre a bacia amazonica sem interferencia d;Primavera;;;;;;;;;;;;;;;;
2024-11-08 00:00:00;Nordeste;mTa;A região encontra-se sob influência da circulação anticiclônica do Atlântico Sul, caracterizando o predomínio de ar quente e úmido transportado por fluxos de leste a sudeste.;Primavera;;;;;;;;;;;;;;;;
2024-11-08 00:00:00;Litoral;mTa;Região sob influência direta da circulação marítima da Alta Subtropical do Atlântico Sul, caracterizando o domínio da massa Tropical Atlântica no setor leste do Brasil.;Primavera;;;;;;;;;;;;;;;;
2024-11-08 00:00:00;Centro;mTa;Região central sob influência de fluxo de umidade do oceano associado ao posicionamento da alta pressão subtropical, mantendo características quentes e úmidas na área demarcada.;Primavera;;;;;;;;;;;;;;;;
2024-11-08 00:00:00;Sul;mPa;A regiao apresenta caracteristicas termicas e de fluxo pos-frontal, com o avanco de uma massa de ar fria e umida caracteristica de um sistema polar posicionado ao sul do retangulo.;Primavera;;;;;;;;;;;;;;;;
2024-11-09 00:00:00;Norte;mEc;A região demarcada encontra-se sobre a bacia amazônica, caracterizada pela predominância da Massa Equatorial Continental, que apresenta elevados índices térmicos e de umidade.;Primavera;;;;;;;;;;;;;;;;
2024-11-09 00:00:00;Nordeste;mTa;A regiao delimitada esta sob o alcance da circulacao ciclonica da alta pressao do Atlantico Sul, predominando o transporte de umidade e calor caracteristico da mTa no setor.;Primavera;;;;;;;;;;;;;;;;
2024-11-09 00:00:00;Litoral;mTa;A região delimitada está sob a influência do fluxo marítimo da alta pressão subtropical do Atlântico Sul, caracterizando o domínio da massa Tropical Atlântica (mTa).;Primavera;;;;;;;;;;;;;;;;
2024-11-09 00:00:00;Centro;mPa;A regiao delimitada encontra-se sob efeito direto de uma massa de ar frio e seco, posicionada claramente na retaguarda de um sistema frontal que atua na costa sudeste/est do Brasil;Primavera;;;;;;;;;;;;;;;;
2024-11-09 00:00:00;Sul;mPa;A região delimitada encontra-se sob a influência direta do avanço de uma massa de ar frio e úmida, posicionada na retaguarda do sistema frontal identificado no setor.;Primavera;;;;;;;;;;;;;;;;
2024-11-10 00:00:00;Norte;mEc;A região apresenta características de instabilidade tropical e umidade elevada típicas da bacia amazônica, com ausência de influência direta de sistemas frontais ou circulação marí;Primavera;;;;;;;;;;;;;;;;
2024-11-10 00:00:00;Nordeste;mTa;Dominio do escoamento de leste-nordeste sob influencia da circulacao de alta pressao do Atlantico Sul, caracterizando a presenca da Massa Tropical Atlantica na regiao.;Primavera;;;;;;;;;;;;;;;;
2024-11-10 00:00:00;Litoral;mTa;Regiao sob influencia do escoamento do anticiclone subtropical, configurando caracteristicas tipicas de massa tropical maritima, quente e umida, sobre o litoral do Nordeste.;Primavera;;;;;;;;;;;;;;;;
2024-11-10 00:00:00;Centro;mPa;Região sob influência da circulação pós-frontal, com advecção de ar frio e úmido característica da mPa, observada ao sul da linha de instabilidade no retângulo delimitado.;Primavera;;;;;;;;;;;;;;;;
2024-11-10 00:00:00;Sul;mPa;A região delimitada está sob influência da circulação de uma massa polar após a passagem de sistema frontal, evidenciada pelos valores de temperatura mais baixos no setor.;Primavera;;;;;;;;;;;;;;;;
2024-11-11 00:00:00;Norte;mEc;A região sob o retângulo vermelho está situada na bacia amazônica. A ausência de sistemas frontais e a característica térmica indicam o domínio da Massa Equatorial Continental.;Primavera;;;;;;;;;;;;;;;;
2024-11-11 00:00:00;Nordeste;mTa;A região do Nordeste está sob influência direta do escoamento marítimo de leste, característico do transporte de umidade e calor provido pela massa tropical atlântica.;Primavera;;;;;;;;;;;;;;;;
2024-11-11 00:00:00;Litoral;mTa;Regiao sob fluxo de leste/sudeste associado ao escoamento da alta subtropical, caracterizando a presenca da massa tropical atlantica na costa leste do Nordeste brasileiro.;Primavera;;;;;;;;;;;;;;;;
2024-11-11 00:00:00;Centro;mTa;A região delimitada encontra-se sob domínio da periferia da ASAS, caracterizada pelo fluxo de ar marítimo quente e úmido transportado pela circulação anticiclônica oceânica.;Primavera;;;;;;;;;;;;;;;;
2024-11-11 00:00:00;Sul;mPa;A região demarcada encontra-se no setor pós-frontal, sob influência direta do ingresso de uma massa de ar polar, caracterizada pelo deslocamento de ar frio e seco em direção ao con;Primavera;;;;;;;;;;;;;;;;
2024-11-12 00:00:00;Norte;mEc;A regiao apresenta predominancia de caracteristicas termodinamicas tipicas da Amazonia, com elevada umidade e calor, sob dominio da massa equatorial continental.;Primavera;;;;;;;;;;;;;;;;
2024-11-12 00:00:00;Nordeste;mTa;Predominio da massa Tropical Atlantica sobre a regiao nordestina, caracterizada por fluxos de leste influenciados pelo campo de alta pressao do Atlantico Sul.;Primavera;;;;;;;;;;;;;;;;
2024-11-12 00:00:00;Litoral;mTa;Predominio da massa Tropical Atlantica, caracterizada pelo fluxo de ar maritimo quente e umido associado ao anticiclonico subtropical que influencia a costa leste brasileira.;Primavera;;;;;;;;;;;;;;;;
2024-11-12 00:00:00;Centro;mTa;A região apresenta características de estabilidade e regime térmico típico da influência da Massa Tropical Atlântica, que predomina sobre o setor central do Brasil nesta análise.;Primavera;;;;;;;;;;;;;;;;
2024-11-12 00:00:00;Sul;mPa;A região delimitada encontra-se na retaguarda de uma frente fria, caracterizada pela incursão de ar polar, evidenciada pela queda das temperaturas e mudança na direção dos ventos.;Primavera;;;;;;;;;;;;;;;;
2024-11-13 00:00:00;Norte;mEc;A região delimitada encontra-se sobre a bacia amazônica, estando sob domínio da massa de ar quente e úmida de origem continental, característica da região norte nesta época.;Primavera;;;;;;;;;;;;;;;;
2024-11-13 00:00:00;Nordeste;mTa;Regiao sob forte influencia do fluxo do Atlantico Sul, caracterizado por transporte de umidade e calor, mantendo a circulacao de leste predominante sobre o setor Nordeste.;Primavera;;;;;;;;;;;;;;;;
2024-11-13 00:00:00;Litoral;mTa;A regiao delimitada esta sob influencia direta do fluxo maritimo oriundo do oceano Atlantico, caracteristico da circulacao da massa Tropical Atlantica, quente e umida.;Primavera;;;;;;;;;;;;;;;;
2024-11-13 00:00:00;Centro;mPa;A regiao delimitada esta sob a influencia direta do avancamento de um sistema frontal (frente fria), com a mPa situando-se em sua retaguarda sobre o continente.;Primavera;;;;;;;;;;;;;;;;
2024-11-13 00:00:00;Sul;mPa;Região sob influência direta de massa de ar frio e úmido, posicionada no quadrante posterior ao sistema frontal que avança pela Região Sul e oceano adjacente.;Primavera;;;;;;;;;;;;;;;;
2024-11-14 00:00:00;Norte;mEc;Regiao situada sobre o interior do continente e bacia Amazonica, caracterizada pelo predominio de massa quente e umida de origem continental, sem influencia de sistemas polares.;Primavera;;;;;;;;;;;;;;;;
2024-11-14 00:00:00;Nordeste;mTa;A região destacada está sob a influência do escoamento marítimo subtropical, caracterizado por ar quente e úmido transportado do Atlântico para o continente.;Primavera;;;;;;;;;;;;;;;;
2024-11-14 00:00:00;Litoral;mTa;Regiao sob influencia do escoamento do anticiclone subtropical, caracterizando o dominio da massa Tropical Atlantica, quente e umida, sobre o litoral do Nordeste brasileiro.;Primavera;;;;;;;;;;;;;;;;
2024-11-14 00:00:00;Centro;mTa;A região encontra-se sob influência da circulação anticiclônica marítima, denotando a predominância da Massa Tropical Atlântica com características quentes e úmidas sobre o setor.;Primavera;;;;;;;;;;;;;;;;
2024-11-14 00:00:00;Sul;mPa;A região delimitada encontra-se atrás de uma frente fria que avança em direção ao oceano, sob influência direta do fluxo pós-frontal caracterizado pela advecção de ar frio e úmido.;Primavera;;;;;;;;;;;;;;;;
2024-11-15 00:00:00;Norte;mEc;Região sob influência da Massa Equatorial Continental, caracterizada pela presença de ar quente e úmido no interior da bacia amazônica, na ausência de sistemas frontais atuantes.;Primavera;;;;;;;;;;;;;;;;
2024-11-15 00:00:00;Nordeste;mTa;Região sob influência direta da circulação marítima quente e úmida proveniente do Atlântico, caracterizando o domínio da massa tropical atlântica no setor.;Primavera;;;;;;;;;;;;;;;;
2024-11-15 00:00:00;Litoral;mTa;Região sob influência direta do escoamento marítimo quente e úmido, característico do transporte de umidade do oceano para o leste do Brasil, definida pela persistência da mTa.;Primavera;;;;;;;;;;;;;;;;
2024-11-15 00:00:00;Centro;mTc;A região destacada está sob influência da massa de ar quente e seca sobre o interior do continente, caracterizada por temperaturas elevadas e baixa umidade relativa.;Primavera;;;;;;;;;;;;;;;;
2024-11-15 00:00:00;Sul;mPa;A regiao delimitada encontra-se sob a influência direta do avanço de uma massa de ar pós-frontal, caracterizada por temperaturas mais amenas e fluxo de sul/sudeste.;Primavera;;;;;;;;;;;;;;;;
2024-11-16 00:00:00;Norte;mEc;Regiao central e norte da Amazonia sob influencia direta da massa de ar quente e umida de origem continental, caracterizada por baixos gradientes de pressao e estabilidade tropical;Primavera;;;;;;;;;;;;;;;;
2024-11-16 00:00:00;Nordeste;mTa;Predominância de fluxo marítimo quente e úmido vindo do Atlântico Tropical, mantendo o transporte de umidade constante sobre a área delimitada na região Nordeste.;Primavera;;;;;;;;;;;;;;;;
2024-11-16 00:00:00;Litoral;mTa;Região sob influência direta do fluxo de leste da alta pressão subtropical. Predomínio de condições quentes e úmidas características da Massa Tropical Atlântica no litoral.;Primavera;;;;;;;;;;;;;;;;
2024-11-16 00:00:00;Centro;mTa;A regiao apresenta predominancia de fluxo de umidade vindo do oceano, caracterizando a influencia da massa Tropical Atlantica sobre o setor central do Brasil.;Primavera;;;;;;;;;;;;;;;;
2024-11-16 00:00:00;Sul;mPa;Região sob influência direta de um centro de alta pressão pós-frontal avançando sobre o Sul do Brasil, caracterizando o ingresso de ar frio e estável da massa polar atlântica.;Primavera;;;;;;;;;;;;;;;;
2024-11-17 00:00:00;Norte;mEc;A região delimitada abrange a bacia amazônica e áreas continentais adjacentes, onde predomina a massa Equatorial Continental, caracterizada por ser quente e úmida.;Primavera;;;;;;;;;;;;;;;;
2024-11-17 00:00:00;Nordeste;mTa;Predomínio de valores de pressão característicos da circulação marítima, sob influência direta da massa de ar quente e úmida que flui do oceano para o continente no Nordeste.;Primavera;;;;;;;;;;;;;;;;
2024-11-17 00:00:00;Litoral;mTa;A regiao delimitada esta sob influencia direta do fluxo marítimo da alta subtropical, caracterizando a predominancia da massa Tropical Atlantica em todo o trecho costeiro.;Primavera;;;;;;;;;;;;;;;;
2024-11-17 00:00:00;Centro;mTa;A região encontra-se sob influência da circulação anticiclônica do Atlântico Sul, caracterizando o predomínio de ar quente e úmido transportado pela Massa Tropical Atlântica (mTa).;Primavera;;;;;;;;;;;;;;;;
2024-11-17 00:00:00;Sul;mPa;Regiao sob incidencia de fluxo de sul/sudeste apos a passagem de frente fria, caracterizando o avanco e domínio de ar frio e instavel tipico da massa polar atlantica.;Primavera;;;;;;;;;;;;;;;;
2024-11-18 00:00:00;Norte;mEc;A região destacada sobre a bacia amazônica caracteriza-se por temperaturas elevadas e alta umidade, típicas da massa de ar quente e úmida de origem continental.;Primavera;;;;;;;;;;;;;;;;
2024-11-18 00:00:00;Nordeste;mTa;A região encontra-se sob influência predominante do escoamento de leste-sudeste proveniente do Atlântico Sul, caracterizando a atuação da massa de ar Tropical Atlântica.;Primavera;;;;;;;;;;;;;;;;
2024-11-18 00:00:00;Litoral;mTa;Regiao sob dominio do escoamento maritimo da alta subtropical, caracterizando-se por fluxo de ar quente e umido persistente oriundo do oceano Atlantico para o litoral oriental.;Primavera;;;;;;;;;;;;;;;;
2024-11-18 00:00:00;Centro;mTa;A região encontra-se sob influência da circulação da ASAS, apresentando características de ar quente e úmido típicas da Massa Tropical Atlântica, com predominância de ventos maríti;Primavera;;;;;;;;;;;;;;;;
2024-11-18 00:00:00;Sul;mPa;A região apresenta declínio térmico e ventos com componente sul após a passagem de sistema frontal, caracterizando o ingresso e domínio da massa de ar polar atlântica.;Primavera;;;;;;;;;;;;;;;;
2024-11-19 00:00:00;Norte;mEc;A região delimitada abrange a bacia amazônica e áreas continentais adjacentes, onde predomina a massa equatorial continental, caracterizada por calor e alta umidade.;Primavera;;;;;;;;;;;;;;;;
2024-11-19 00:00:00;Nordeste;mTa;Dominio da subsidencia e fluxos da circulacao oceanica sobre o Nordeste, caracterizando a atuacao da massa Tropical Atlantica com predominio de estabilidade nas camadas baixas.;Primavera;;;;;;;;;;;;;;;;
2024-11-19 00:00:00;Litoral;mTa;Região sob influência direta do fluxo de leste e sudeste associado ao anticiclone oceânico, caracterizando o predomínio de massa quente e úmida sobre o setor costeiro.;Primavera;;;;;;;;;;;;;;;;
2024-11-19 00:00:00;Centro;mTa;A região encontra-se sob influência do fluxo marítimo predominante do Atlântico Sul, mantendo condições térmicas e de umidade características da massa tropical atlântica.;Primavera;;;;;;;;;;;;;;;;
2024-11-19 00:00:00;Sul;mPa;A região delimitada encontra-se sob a influência direta do ingresso de uma massa de ar frio e úmido após a passagem de uma frente fria, caracterizada por temperaturas e dew points ;Primavera;;;;;;;;;;;;;;;;
2024-11-20 00:00:00;Norte;mEc;A regiao delimitada encontra-se sobre a bacia amazonica, caracterizada pelo domínio da massa de ar quente e úmida de origem continental, mantendo elevados teores de umidade.;Primavera;;;;;;;;;;;;;;;;
2024-11-20 00:00:00;Nordeste;mTa;Região sob influência direta da circulação marítima quente e úmida originada do Atlântico, configurando o predomínio da estabilidade térmica característica da massa tropical atlânt;Primavera;;;;;;;;;;;;;;;;
2024-11-20 00:00:00;Litoral;mTa;Região sob influência direta do escoamento marítimo subtropical, caracterizada por transporte de umidade e calor oceânico, típico do domínio da circulação anticiclônica sobre o Atl;Primavera;;;;;;;;;;;;;;;;
2024-11-20 00:00:00;Centro;mTa;A região encontra-se sob influência do escoamento marítimo associado à circulação da alta subtropical do Atlântico Sul, caracterizando a predominância da Massa Tropical Atlântica.;Primavera;;;;;;;;;;;;;;;;
2024-11-20 00:00:00;Sul;mPa;A região delimitada encontra-se na retaguarda de uma frente fria, caracterizada pela presença de ar mais frio e denso que ingressa no continente, definindo o domínio da mPa.;Primavera;;;;;;;;;;;;;;;;
2024-11-21 00:00:00;Norte;mEc;Regiao central da Amazonia sob influencia da Massa Equatorial Continental, caracterizada por temperaturas elevadas e alta disponibilidade de umidade inerente a regiao equatorial.;Primavera;;;;;;;;;;;;;;;;
2024-11-21 00:00:00;Nordeste;mTa;Regiao sob fluxo de leste influenciado pela circulacao maritima do Atlantico Sul, caracterizando a predominancia de caracteristicas quentes e umidas da Massa Tropical Atlantica.;Primavera;;;;;;;;;;;;;;;;
2024-11-21 00:00:00;Litoral;mTa;A região delimitada está sob o domínio do escoamento marítimo tropical, caracterizado pelas altas pressões subtropicais que transportam ar quente e úmido para o litoral.;Primavera;;;;;;;;;;;;;;;;
2024-11-21 00:00:00;Centro;mPa;A região destacada encontra-se sob a influência do pós-frontal, com o ingresso da massa de ar polar (mPa) caracterizada pela queda nas temperaturas e umidade no setor sul/sudeste.;Primavera;;;;;;;;;;;;;;;;
2024-11-21 00:00:00;Sul;mPa;A região delimitada encontra-se atrás de um sistema frontal, caracterizada por temperaturas mais baixas e fluxo de ar direcionado do quadrante sul, indicando influência de mPa.;Primavera;;;;;;;;;;;;;;;;
2024-11-22 00:00:00;Norte;mEc;Região central e norte da Amazônia ocupada por massa equatorial quente e úmida, sem influência de sistemas frontais, caracterizando o domínio da mEc.;Primavera;;;;;;;;;;;;;;;;
2024-11-22 00:00:00;Nordeste;mTa;A região está sob influência direta do fluxo de leste da alta pressão subtropical do Atlântico Sul, caracterizando a predominância da Massa Tropical Atlântica (mTa), quente e úmida;Primavera;;;;;;;;;;;;;;;;
2024-11-22 00:00:00;Litoral;mTa;A região delimitada no setor leste do Nordeste encontra-se sob a influência direta do escoamento marítimo quente e úmido, característico da porção periférica da massa Tropical Atlâ;Primavera;;;;;;;;;;;;;;;;
2024-11-22 00:00:00;Centro;mTa;A regiao delimitada esta sob influencia direta do fluxo equatorial/tropical estavel, mantendo caracteristicas de elevada temperatura e umidade, sob predominio da circulacao perifer;Primavera;;;;;;;;;;;;;;;;
2024-11-22 00:00:00;Sul;mPa;A região sob o retângulo vermelho encontra-se na retaguarda de uma frente fria, caracterizada por temperaturas mais amenas e o avanço da massa de ar polar pelo setor.;Primavera;;;;;;;;;;;;;;;;
2024-11-23 00:00:00;Norte;mEc;Região central e norte sob domínio da massa equatorial continental, caracterizada por alta umidade e temperaturas elevadas típicas da bacia amazônica.;Primavera;;;;;;;;;;;;;;;;
2024-11-23 00:00:00;Nordeste;mTa;Região sob influência direta do fluxo de leste da circulação marítima, apresentando características de massa quente e úmida características da tropical atlântica no Nordeste brasil;Primavera;;;;;;;;;;;;;;;;
2024-11-23 00:00:00;Litoral;mTa;A regiao delimitada esta sob influencia direta do fluxo maritimo oriundo do oceano, caracterizando a atuacao da massa de ar Tropical Atlantica, quente e umida.;Primavera;;;;;;;;;;;;;;;;
2024-11-23 00:00:00;Centro;mTa;Região sob influência direta do fluxo de sudeste/leste provindo da ASAS, caracterizando o transporte de ar quente e úmido de origem marítima para o setor central do país.;Primavera;;;;;;;;;;;;;;;;
2024-11-23 00:00:00;Sul;mTa;A região delimitada está sob o domínio do fluxo subsidente estabelecido pela alta pressão do Atlântico Sul, caracterizando a presença da Massa Tropical Atlântica.;Primavera;;;;;;;;;;;;;;;;
2024-11-24 00:00:00;Norte;mEc;Dominância da Massa Equatorial Continental sobre a região amazônica, caracterizada por elevados teores de umidade e temperaturas tropicais típicas da região central do continente.;Primavera;;;;;;;;;;;;;;;;
2024-11-24 00:00:00;Nordeste;mTa;A região encontra-se sob influência do escoamento marítimo provindo do Atlântico Sul, caracterizando a predominância da Massa Tropical Atlântica com características quentes e úmida;Primavera;;;;;;;;;;;;;;;;
2024-11-24 00:00:00;Litoral;mTa;Predominância de ar tropical quente e úmido sobre o litoral Leste, sob influência do escoamento marítimo em setor pré-frontal no setor central e norte demarcado.;Primavera;;;;;;;;;;;;;;;;
2024-11-24 00:00:00;Centro;mPa;A região delimitada encontra-se na retaguarda da frente fria, apresentando queda de temperatura e umidade característica do avanço da Massa Polar Atlântica pelo setor.;Primavera;;;;;;;;;;;;;;;;
2024-11-24 00:00:00;Sul;mPa;A região demarcada encontra-se sob influência de massa de ar frio e seco (mPa) em deslocamento, caracterizada pelos gradientes térmicos pós-frontal na porção sul do Brasil.;Primavera;;;;;;;;;;;;;;;;
2024-11-25 00:00:00;Norte;mEc;A região delimitada encontra-se sobre a bacia amazônica. Caracteriza-se como um ambiente de ar quente e úmido, sob predominância da Massa Equatorial Continental.;Primavera;;;;;;;;;;;;;;;;
2024-11-25 00:00:00;Nordeste;mTa;Região sob influência predominante do fluxo de leste da circulação marítima, caracterizando o transporte de ar quente e úmido vindo do Atlântico Tropical sobre o Nordeste brasileir;Primavera;;;;;;;;;;;;;;;;
2024-11-25 00:00:00;Litoral;mTa;A regiao delimitada esta sob influencia da circulacao periferica da alta pressao subtropical, caracterizando a atuacao da massa Tropical Atlantica quente e umida no setor costeiro.;Primavera;;;;;;;;;;;;;;;;
2024-11-25 00:00:00;Centro;mTa;A região encontra-se sob influência do fluxo de circulação marítima da alta pressão, caracterizando a predominância da Massa Tropical Atlântica com transporte de umidade e calor.;Primavera;;;;;;;;;;;;;;;;
2024-11-25 00:00:00;Sul;mPa;Região sob influência direta de massa de ar frio e úmido após a passagem de frente fria, caracterizada por temperaturas menores e estabilidade pós-frontal no setor.;Primavera;;;;;;;;;;;;;;;;
2024-11-26 00:00:00;Norte;mEc;Região situada sobre a bacia amazônica, caracterizada por altas temperaturas e elevada umidade, sob domínio da massa de ar quente e úmida de origem continental (mEc).;Primavera;;;;;;;;;;;;;;;;
2024-11-26 00:00:00;Nordeste;mTa;A região encontra-se sob influência do fluxo equatorial/tropical marítimo proveniente da circulação do Atlântico Sul, caracterizando a predominância da massa Tropical Atlântica.;Primavera;;;;;;;;;;;;;;;;
2024-11-26 00:00:00;Litoral;mTa;A regiao compreendida pelo litoral esta sob dominio do escoamento de leste/sudeste associado a ASAS, caracterizando o transporte de umidade e calor tipicos da massa Tropical Atlant;Primavera;;;;;;;;;;;;;;;;
2024-11-26 00:00:00;Centro;mTc;A região apresenta características de ar quente e seco típicas da Depressão do Chaco e interior do continente, dominando a área delimitada sob condições subsidentes.;Primavera;;;;;;;;;;;;;;;;
2024-11-26 00:00:00;Sul;mPa;A regiao encontra-se coberta pela Massa Polar Atlantica, caracterizada por temperaturas mais baixas e declinio de teores de umidade no pos-frontal.;Primavera;;;;;;;;;;;;;;;;
2024-11-27 00:00:00;Norte;mEc;Regiao sobre a bacia Amazonica caracterizada por altas temperaturas e elevada umidade, sob influencia direta da massa Equatorial Continental, dominante na area de interesse.;Primavera;;;;;;;;;;;;;;;;
2024-11-27 00:00:00;Nordeste;mTa;Regiao sob influencia do escoamento de leste-sudeste proveniente do Atlantico Sul, sob dominio da circulacao maritima quente e umida caracteristica da massa Tropical Atlantica.;Primavera;;;;;;;;;;;;;;;;
2024-11-27 00:00:00;Litoral;mTa;Região sob influência direta da circulação marítima quente e úmida, característica da Massa Tropical Atlântica, mantendo o transporte de umidade para o litoral do Nordeste brasilei;Primavera;;;;;;;;;;;;;;;;
2024-11-27 00:00:00;Centro;mTa;A região encontra-se sob influência da circulação anticiclônica do Atlântico Sul, que transporta ar quente e úmido para o interior do continente, caracterizando a mTa.;Primavera;;;;;;;;;;;;;;;;
2024-11-27 00:00:00;Sul;mPa;A região delimitada encontra-se sob influência do avanço de uma massa polar após a passagem de sistema frontal, evidenciada pelos gradientes de pressão e circulação anticlonal.;Primavera;;;;;;;;;;;;;;;;
2024-11-28 00:00:00;Norte;mEc;A regiao delimitada esta sob influencia direta da Massa Equatorial Continental, caracterizada pela predominancia de ar quente e muito umido sobre a bacia amazonica.;Primavera;;;;;;;;;;;;;;;;
2024-11-28 00:00:00;Nordeste;mTa;A região encontra-se sob influência do fluxo de leste marítimo, característico da atuação da massa tropical atlântica, garantindo condições de temperatura quente e umidade na costa;Primavera;;;;;;;;;;;;;;;;
2024-11-28 00:00:00;Litoral;mTa;A região delimitada está sob o domínio do fluxo marítimo do Atlântico Sul, caracterizado por ar quente e úmido, coerente com a atuação da massa de ar tropical atlântica no litoral.;Primavera;;;;;;;;;;;;;;;;
2024-11-28 00:00:00;Centro;mTa;Região do Centro-Oeste sob domínio do fluxo tropical oceânico, caracterizado por temperaturas elevadas e umidade, condizentes com a massa Tropical Atlântica.;Primavera;;;;;;;;;;;;;;;;
2024-11-28 00:00:00;Sul;mPa;A região apresenta o avanço de uma massa de ar fria e estável pós-frontal sobre o Sul do país, caracterizada por temperaturas reduzidas e gradiente de pressão típico de subsidência;Primavera;;;;;;;;;;;;;;;;
2024-11-29 00:00:00;Norte;mEc;A região apresenta características de baixas pressões térmicas e alta umidade, típicas da massa de ar Equatorial Continental que domina o setor amazônico nesta época do ano.;Primavera;;;;;;;;;;;;;;;;
2024-11-29 00:00:00;Nordeste;mTa;Predominio da massa Tropical Atlantica, caracterizada por subsidencia e estabilidade atmosferica transportada pelos ventos de regime leste que atuam sobre a regiao Nordeste.;Primavera;;;;;;;;;;;;;;;;
2024-11-29 00:00:00;Litoral;mTa;A região delimitada está sob influência da circulação anticiclônica marítima, apresentando características de ar quente e úmido típicas da Massa Tropical Atlântica.;Primavera;;;;;;;;;;;;;;;;
2024-11-29 00:00:00;Centro;mTa;Regiao sob predominio de fluxo maritimo tropical, caracterizado por temperaturas elevadas e umidade significativa, sendo a massa de ar dominante no setor central do Brasil.;Primavera;;;;;;;;;;;;;;;;
2024-11-29 00:00:00;Sul;mPa;A regiao delimitada esta sob influencia direta de massas de ar polar, evidenciada pelas baixas temperaturas e pelo posicionamento pos-frontal apos a passagem da frente fria observa;Primavera;;;;;;;;;;;;;;;;
2024-11-30 00:00:00;Norte;mEc;A região delimitada sobre a bacia amazônica está sob influência direta da massa de ar quente e úmida de origem continental, mantendo características térmicas típicas da região.;Primavera;;;;;;;;;;;;;;;;
2024-11-30 00:00:00;Nordeste;mTa;Regiao sob influencia do escoamento de leste-nordeste oriundo da circulacao do anticiclone subtropical, transporte de umidade e estabilidade termica caracteristicas da massa tropic;Primavera;;;;;;;;;;;;;;;;
2024-11-30 00:00:00;Litoral;mTa;A região delimitada está sob influência do escoamento marítimo quente e úmido de leste, característico da atuação da massa de ar Tropical Atlântica sobre o setor litorâneo.;Primavera;;;;;;;;;;;;;;;;
2024-11-30 00:00:00;Centro;mPa;A região delimitada situa-se no pós-frontal de um sistema de pressão, evidenciando o ingresso e estabilização de uma massa de ar frio e úmido de origem polar.;Primavera;;;;;;;;;;;;;;;;
2024-11-30 00:00:00;Sul;mPa;A região delimitada encontra-se atrás de uma frente fria que avança em direção ao oceano, caracterizando o ingresso e domínio da massa polar atlântica (mPa).;Primavera;;;;;;;;;;;;;;;;
2024-12-01 00:00:00;Norte;mEc;Predominância da massa Equatorial Continental sobre a região Norte e Centro-Oeste, caracterizada por valores de temperatura e umidade elevados, mantendo estabilidade típica da sua ;Primavera;;;;;;;;;;;;;;;;
2024-12-01 00:00:00;Nordeste;mTa;A região encontra-se sob influência direta do escoamento marítimo de leste, característico da massa Tropical Atlântica, que mantém condições quentes e úmidas no setor costeiro e in;Primavera;;;;;;;;;;;;;;;;
2024-12-01 00:00:00;Litoral;mTa;A regiao delimitada esta sob influencia direta do fluxo marítimo de sudeste, característico da massa tropical atlantica, que mantém as condições de umidade e calor na costa leste.;Primavera;;;;;;;;;;;;;;;;
2024-12-01 00:00:00;Centro;mTa;Região sob influência da circulação anticiclônica oceânica, caracterizada por transporte de umidade e ar quente provenientes do Atlântico Sul para o sudeste do Brasil.;Primavera;;;;;;;;;;;;;;;;
2024-12-01 00:00:00;Sul;mPa;A região delimitada encontra-se na retaguarda de um sistema frontal, sob a influência direta do avanço de uma massa de ar frio e seco, caracterizando a mPa.;Primavera;;;;;;;;;;;;;;;;
2024-12-02 00:00:00;Norte;mEc;A região encontra-se sobre a bacia amazônica, caracterizada por altas temperaturas e elevada umidade, evidenciando o domínio da Massa Equatorial Continental sem influências frontai;Primavera;;;;;;;;;;;;;;;;
2024-12-02 00:00:00;Nordeste;mTa;A região do Nordeste delimitada apresenta-se sob predominância dos fluxos marítimos aquecidos e úmidos oriundos do Atlântico Tropical, caracterizando a influência da massa mTa.;Primavera;;;;;;;;;;;;;;;;
2024-12-02 00:00:00;Litoral;mTa;Regiao sob influencia do escoamento marítimo persistente proveniente do oceano, caracterizando uma massa de ar quente e úmida que domina o litoral leste brasileiro.;Primavera;;;;;;;;;;;;;;;;
2024-12-02 00:00:00;Centro;mTc;Região sob influência de massa de ar quente e seca sobre o interior do continente, caracterizada por temperaturas elevadas e baixos teores de umidade relativa no Centro-Oeste brasi;Primavera;;;;;;;;;;;;;;;;
2024-12-02 00:00:00;Sul;mTa;Regiao sob predominio de escoamento vindo da circulacao subtropical, caracterizando ar quente e umido associado ao fluxo do Atlantico Sul, sem influencia de adveccao fria.;Primavera;;;;;;;;;;;;;;;;
2024-12-03 00:00:00;Norte;mEc;A região delimitada abrange a bacia amazônica e áreas continentais adjacentes, onde a massa de ar quente e úmida de origem equatorial continental é a predominante.;Primavera;;;;;;;;;;;;;;;;
2024-12-03 00:00:00;Nordeste;mTa;Região sob influência direta do fluxo de leste/sudeste associado ao transporte de umidade do oceano, caracterizando o predomínio da massa tropical atlântica sobre o setor leste do ;Primavera;;;;;;;;;;;;;;;;
2024-12-03 00:00:00;Litoral;mTa;A região delimitada está sob o domínio do fluxo marítimo do Atlântico Sul, caracterizado por ar quente e úmido, coerente com a influência da circulação da alta subtropical.;Primavera;;;;;;;;;;;;;;;;
2024-12-03 00:00:00;Centro;mTa;Regiao sob dominio da circulacao de umidade e calor caracteristica da mTa, com fluxo estabelecido pelo gradiente de pressao oceanica que atua sobre o Sudeste e Centro-Oeste.;Primavera;;;;;;;;;;;;;;;;
2024-12-03 00:00:00;Sul;mPa;A regiao delimitada encontra-se na retaguarda de um sistema frontal, caracterizada por temperaturas mais baixas e entrada sob influencia direta da massa de ar frio e umido.;Primavera;;;;;;;;;;;;;;;;
2024-12-04 00:00:00;Norte;mEc;Regiao central abrangendo a Bacia Amazonica, caracterizada por baixas pressoes tropicais e alta umidade, sem influencia direta de sistemas frontais ou massas extratropicais.;Primavera;;;;;;;;;;;;;;;;
2024-12-04 00:00:00;Nordeste;mTa;Predominância de fluxo marítimo de sudeste/leste, transportando ar quente e úmido vindo diretamente do oceano, característico da atuação subtropical atlântica sobre o setor leste/i;Primavera;;;;;;;;;;;;;;;;
2024-12-04 00:00:00;Litoral;mTa;A região demarcada apresenta domínio das características de temperatura e umidade associadas à Massa Tropical Atlântica, sob influência da circulação da ASAS no setor marítimo.;Primavera;;;;;;;;;;;;;;;;
2024-12-04 00:00:00;Centro;mPa;A região delimitada situa-se no setor pós-frontal, com o avanço de ar frio e seco característico da mPa, apresentando quedas nas temperaturas e umidade nos postos de observação.;Primavera;;;;;;;;;;;;;;;;
2024-12-04 00:00:00;Sul;mPa;A região delimitada encontra-se na retaguarda de um sistema frontal, caracterizada pela incursão de ar mais frio e denso de origem polar que avança sobre o Sul do Brasil.;Primavera;;;;;;;;;;;;;;;;
2024-12-05 00:00:00;Norte;mEc;A região amazônica, delimitada na análise, encontra-se sob o domínio da massa de ar Equatorial Continental, caracterizada pela predominância de ar quente e úmido sobre o setor.;Primavera;;;;;;;;;;;;;;;;
2024-12-05 00:00:00;Nordeste;mTa;Predominância da massa Tropical Atlântica, caracterizada pelo fluxo marítimo úmido sobre a região, sob influência do campo de pressão instalado no Atlântico Sul.;Primavera;;;;;;;;;;;;;;;;
2024-12-05 00:00:00;Litoral;mTa;A região delimitada está sob o domínio do fluxo marítimo da circulação da Alta Subtropical do Atlântico Sul, caracterizando a atuação da Massa Tropical Atlântica.;Primavera;;;;;;;;;;;;;;;;
2024-12-05 00:00:00;Centro;mTa;A região encontra-se sob o fluxo do quadrante marítimo associado ao sistema de alta pressão oceânico, caracterizando o predomínio da Massa Tropical Atlântica com transporte de umid;Primavera;;;;;;;;;;;;;;;;
2024-12-05 00:00:00;Sul;mPa;A região encontra-se no setor pós-frontal, sob a influência direta do avanço de uma massa de ar frio e seco de origem polar que deslocou a frente fria para o norte do setor.;Primavera;;;;;;;;;;;;;;;;
2024-12-06 00:00:00;Norte;mEc;A região delimitada abrange a bacia amazônica, onde predomina a Massa Equatorial Continental, caracterizada por altos teores de umidade e temperaturas elevadas típicas do setor.;Primavera;;;;;;;;;;;;;;;;
2024-12-06 00:00:00;Nordeste;mTa;Dominio do fluxo de leste-sudeste sobre a regiao, transportando umidade do Atlantico Sul, caracterizando a atuacao da massa Tropical Atlantica no setor nordestino.;Primavera;;;;;;;;;;;;;;;;
2024-12-06 00:00:00;Litoral;mTa;A região delimitada está sob influência do escoamento marítimo persistente associado à circulação da ASAS, caracterizando o domínio da massa tropical atlântica no litoral leste.;Primavera;;;;;;;;;;;;;;;;
2024-12-06 00:00:00;Centro;mTa;A regiao encontra-se sob predominio da circulacao da alta pressao do Atlantico Sul, caracterizando a influencia direta da Massa Tropical Atlantica (mTa) quente e umida.;Primavera;;;;;;;;;;;;;;;;
2024-12-06 00:00:00;Sul;mPa;A região delimitada encontra-se sob influência de massa de ar pós-frontal, apresentando declínio de temperatura característico do avanço da mPa pelo setor Sul/Sudeste do país.;Primavera;;;;;;;;;;;;;;;;
2024-12-07 00:00:00;Norte;mEc;Regiao sobre a bacia Amazonica apresentando caracteristicas tipicas de origem continental, quente e umida, sem interferencia de massas polares ou sistemas de alta pressao oceanicos;Primavera;;;;;;;;;;;;;;;;
2024-12-07 00:00:00;Nordeste;mTa;Predominância de escoamento marítimo quente e úmido sobre a região nordestina, característico da influência persistente da circulação de leste que transporta a mTa para o continent;Primavera;;;;;;;;;;;;;;;;
2024-12-07 00:00:00;Litoral;mEa;A região delimitada no setor leste do Nordeste brasileiro permanece sob influência da Massa Equatorial Atlântica, caracterizada pelo fluxo de ar tropical quente e úmido.;Primavera;;;;;;;;;;;;;;;;
2024-12-07 00:00:00;Centro;mTa;Região sob influência direta do escoamento marítimo oriundo do oceano Atlântico, caracterizada por temperaturas elevadas e umidade, típica do predomínio da circulação subtropical.;Primavera;;;;;;;;;;;;;;;;
2024-12-07 00:00:00;Sul;mPa;A região delimitada encontra-se sob influência de massa de ar frio e seco (mPa), posicionada a retaguarda de um sistema frontal que avança pelo setor sul do Brasil.;Primavera;;;;;;;;;;;;;;;;
2024-12-08 00:00:00;Norte;mEc;Região sob influência direta da Massa Equatorial Continental, caracterizada por temperaturas elevadas e alta umidade, predominando sobre a bacia amazônica no setor norte sinalizado;Primavera;;;;;;;;;;;;;;;;
2024-12-08 00:00:00;Nordeste;mTa;A região sob análise é dominada pelo escoamento persistente e estável associado à circulação de norte/nordeste, característica da massa tropical atlântica que atua na costa.;Primavera;;;;;;;;;;;;;;;;
2024-12-08 00:00:00;Litoral;mTa;A região delimitada no setor leste do Nordeste brasileiro encontra-se sob influência do escoamento marítimo provindo do Atlântico Sul, caracterizando o predomínio da massa Tropical;Primavera;;;;;;;;;;;;;;;;
2024-12-08 00:00:00;Centro;mTc;A região central encontra-se sob domínio da mTc, caracterizada por temperaturas elevadas e baixa umidade relativa, mantendo estabilidade típica do interior do continente.;Primavera;;;;;;;;;;;;;;;;
2024-12-08 00:00:00;Sul;mPa;A região delimitada encontra-se na retaguarda de um sistema frontal, caracterizada pela incursão de ar frio e seco, consolidando o domínio da massa de ar polar.;Primavera;;;;;;;;;;;;;;;;
2024-12-09 00:00:00;Norte;mEc;A regiao delimitada sobre a Amazonia apresenta caracteristicas de calor e alta umidade tipicas da massa equatorial continental, que domina o setor norte do continente sem influenci;Primavera;;;;;;;;;;;;;;;;
2024-12-09 00:00:00;Nordeste;mTa;Predominio da massa Tropical Atlantica na regiao costeira e interior do Nordeste, caracterizada pelo escoamento de leste sob a influencia direta do Anticiclone do Atlantico Sul.;Primavera;;;;;;;;;;;;;;;;
2024-12-09 00:00:00;Litoral;mTa;Regiao sob dominio do fluxo do quadrante leste, caracterizando a atuacao persistente da massa Tropical Atlantica com predominancia de umidade e calor na orla costeira.;Primavera;;;;;;;;;;;;;;;;
2024-12-09 00:00:00;Centro;mTa;Regiao sob influencia do escoamento de leste-nordeste da ASAS, apresentando caracteristicas tropicais maritimas de temperatura e umidade elevada predominantemente.;Primavera;;;;;;;;;;;;;;;;
2024-12-09 00:00:00;Sul;mPa;Região sob influência direta de uma incursão de ar polar que avança pelo setor sul e adjacências, caracterizada por temperaturas mais baixas na retaguarda da frente fria.;Primavera;;;;;;;;;;;;;;;;
2024-12-10 00:00:00;Norte;mEc;A região selecionada está posicionada sobre a bacia amazônica, onde predomina a Massa Equatorial Continental, caracterizada por ser quente e úmida, típica desta época do ano.;Primavera;;;;;;;;;;;;;;;;
2024-12-10 00:00:00;Nordeste;mTa;Predominio da massa tropical atlantica na regiao nordeste, caracterizada pelo fluxo de leste que transporta umidade do oceano para o continente, mantendo estabilidade termica.;Primavera;;;;;;;;;;;;;;;;
2024-12-10 00:00:00;Litoral;mTa;Região sob influência direta da circulação marítima quente e úmida associada ao escoamento da alta pressão subtropical do Atlântico no setor costeiro do Sudeste/Nordeste.;Primavera;;;;;;;;;;;;;;;;
2024-12-10 00:00:00;Centro;mPa;A região delimitada encontra-se sob influência do avanço de uma massa de ar frio pós-frontal, caracterizada pela queda nas temperaturas e incursão sobre o Sudeste e Centro-Oeste.;Primavera;;;;;;;;;;;;;;;;
2024-12-10 00:00:00;Sul;mPa;A região delimitada encontra-se sob influência do avanço de uma massa de ar frio pós-frontal, caracterizada pela queda das temperaturas e fluxo de sul no setor sul/sudeste.;Primavera;;;;;;;;;;;;;;;;
2024-12-11 00:00:00;Norte;mEc;Região sob influência direta da Massa Equatorial Continental, caracterizada por altos teores de umidade e temperaturas elevadas, típica da base do sistema na bacia amazônica.;Primavera;;;;;;;;;;;;;;;;
2024-12-11 00:00:00;Nordeste;mTa;Predominância da Massa Tropical Atlântica, caracterizada pelo escoamento de leste/sudeste associado ao anticiclone subtropical sobre o Oceano Atlântico, influenciando o setor delim;Primavera;;;;;;;;;;;;;;;;
2024-12-11 00:00:00;Litoral;mTa;A região delimitada está sob influência do escoamento marítimo quente e úmido característico da periferia da circulação oceânica, consolidando a predominância da mTa no setor.;Primavera;;;;;;;;;;;;;;;;
2024-12-11 00:00:00;Centro;mEc;Região sob influência da massa de ar quente e úmida de origem equatorial que se expande sobre o interior do continente, mantendo as características térmicas elevadas típicas da mEc;Primavera;;;;;;;;;;;;;;;;
2024-12-11 00:00:00;Sul;mPa;A região delimitada encontra-se na retaguarda de um sistema frontal, caracterizada pela incursão de ar mais frio e denso, típico do domínio da Massa Polar Atlântica.;Primavera;;;;;;;;;;;;;;;;
2024-12-12 00:00:00;Norte;mEc;Região sob influência predominante da Massa Equatorial Continental, caracterizada por ambiente quente e úmido no interior da bacia amazônica, sem influência de fluxos polares.;Primavera;;;;;;;;;;;;;;;;
2024-12-12 00:00:00;Nordeste;mTa;Região sob influência direta da circulação marítima do Atlântico Sul, caracterizada pela predominância de transporte de umidade e calor oceânico sobre o leste do Nordeste.;Primavera;;;;;;;;;;;;;;;;
2024-12-12 00:00:00;Litoral;mTa;Predominio da subsidencia e circulacao ciclonica oceanica associada ao escoamento de leste e sudeste, caracterizando a influencia da massa tropical atlantica na costa leste.;Primavera;;;;;;;;;;;;;;;;
2024-12-12 00:00:00;Centro;mTa;Região sob influência direta da circulação marítima da ASAS, caracterizando o transporte de umidade e calor vindo do Atlântico para o interior do país.;Primavera;;;;;;;;;;;;;;;;
2024-12-12 00:00:00;Sul;mPa;A região delimitada encontra-se sob influência de massa de ar frio e úmido após a passagem de sistema frontal, evidenciada pela rotação dos ventos e diminuição dos valores de tempe;Primavera;;;;;;;;;;;;;;;;
2024-12-13 00:00:00;Norte;mEc;A região delimitada está sob influência da massa Equatorial Continental, caracterizada por calor e umidade, predominando sobre a bacia amazônica na ausência de sistemas frontais.;Primavera;;;;;;;;;;;;;;;;
2024-12-13 00:00:00;Nordeste;mTa;Regiao sob influencia do escoamento de leste do anticiclone subtropical, caracterizando a predominancia da massa Tropical Atlantica com transporte de umidade para o continente.;Primavera;;;;;;;;;;;;;;;;
2024-12-13 00:00:00;Litoral;mTa;A região delimitada encontra-se sob a influência direta do escoamento marítimo associado à alta pressão, caracterizando o domínio da massa Tropical Atlântica, quente e úmida.;Primavera;;;;;;;;;;;;;;;;
2024-12-13 00:00:00;Centro;mTc;Região sob influência da Depressão Térmica do Chaco, caracterizada por temperaturas elevadas e ar seco, típicas do domínio da massa Tropical Continental no interior do continente.;Primavera;;;;;;;;;;;;;;;;
2024-12-13 00:00:00;Sul;mPa;A região delimitada apresenta queda de temperatura e regime de vento de quadrante sul, característicos da incursão de ar polar que segue a retaguarda de um sistema frontal.;Primavera;;;;;;;;;;;;;;;;
2024-12-14 00:00:00;Norte;mEc;A região delimitada abrange a bacia amazônica e áreas continentais adjacentes, onde predomina uma massa de ar quente e úmida de origem continental, sem influência de sistemas extra;Primavera;;;;;;;;;;;;;;;;
2024-12-14 00:00:00;Nordeste;mTa;A região encontra-se sob influência do escoamento do anticiclone subtropical do Atlântico Sul, caracterizando o predomínio de ar quente e úmido transportado pela mTa.;Primavera;;;;;;;;;;;;;;;;
2024-12-14 00:00:00;Litoral;mTa;Predominância de escoamento marítimo tropical sobre o setor leste, sob influência da circulação do sistema de alta pressão no oceano, mantendo características quentes e úmidas.;Primavera;;;;;;;;;;;;;;;;
2024-12-14 00:00:00;Centro;mTc;Região central do continente sob influência de massa quente e seca (mTc), característica da depressão do Chaco, com termômetros elevados e baixa umidade relativa observada.;Primavera;;;;;;;;;;;;;;;;
2024-12-14 00:00:00;Sul;mPa;A região apresenta o avanço de uma massa polar atlântica (mPa) após a passagem de uma frente fria, evidenciada pelos gradientes de pressão e queda de temperatura observada nos dado;Primavera;;;;;;;;;;;;;;;;
2024-12-15 00:00:00;Norte;mEc;A região delimitada sobre a bacia amazônica caracteriza-se por temperaturas elevadas e alta umidade, típicas da Massa Equatorial Continental, que permanece dominante sobre o setor.;Primavera;;;;;;;;;;;;;;;;
2024-12-15 00:00:00;Nordeste;mTa;Região sob influência direta do fluxo de leste/sudeste originado no Atlântico Sul, caracterizando a predominância da Massa Tropical Atlântica com transporte de umidade para o conti;Primavera;;;;;;;;;;;;;;;;
2024-12-15 00:00:00;Litoral;mTa;A regiao encontra-se sob a influencia directa do escoamento oceanico do Atlantico Sul, caracterizado por fluxo de ar quente e umido, tipico da massa Tropical Atlantica.;Primavera;;;;;;;;;;;;;;;;
2024-12-15 00:00:00;Centro;mTa;A região encontra-se sob influência da circulação anticiclônica do Atlântico Sul, caracterizando a predominância de ar tropical marítimo quente e úmido no setor.;Primavera;;;;;;;;;;;;;;;;
2024-12-15 00:00:00;Sul;mPa;A região sob o retângulo vermelho apresenta advecção de ar frio e gradiente térmico característicos da incursão de uma massa polar após a passagem de sistema frontal.;Primavera;;;;;;;;;;;;;;;;
2024-12-16 00:00:00;Norte;mEc;Região sob influência direta da massa equatorial continental, caracterizada por ser quente e úmida, predominando sobre a bacia amazônica e setor norte do Brasil.;Primavera;;;;;;;;;;;;;;;;
2024-12-16 00:00:00;Nordeste;mTa;A região do Nordeste delimitada encontra-se sob influência direta do escoamento marítimo provindo do Atlântico Sul, caracterizando a predominância da massa Tropical Atlântica (mTa);Primavera;;;;;;;;;;;;;;;;
2024-12-16 00:00:00;Litoral;mTa;Regiao sob influencia do escoamento do Atlantico Sul, caracterizado por fluxo quente e umido, predominando sobre o litoral do Nordeste brasileiro.;Primavera;;;;;;;;;;;;;;;;
2024-12-16 00:00:00;Centro;mTa;A região central encontra-se sob domínio do escoamento marítimo quente e úmido, característico da atuação da massa Tropical Atlântica transportada para o interior do país.;Primavera;;;;;;;;;;;;;;;;
2024-12-16 00:00:00;Sul;mTa;A região está sob influência do escoamento marítimo de leste/nordeste associado ao gradiente de pressão periférico, caracterizando o predomínio de ar quente e úmido de origem marít;Primavera;;;;;;;;;;;;;;;;
2024-12-17 00:00:00;Norte;mEc;A região delimitada compreende a porção central e norte do território nacional, onde predomina a circulação quente e úmida característica da Massa Equatorial Continental.;Primavera;;;;;;;;;;;;;;;;
2024-12-17 00:00:00;Nordeste;mTa;A região encontra-se sob influência predominante do fluxo de leste/sudeste associado à circulação anticiclônica marítima, caracterizando a atuação e o domínio da mTa.;Primavera;;;;;;;;;;;;;;;;
2024-12-17 00:00:00;Litoral;mTa;A área delimitada encontra-se sob domínio do fluxo marítimo de sudeste/leste, característico da massa tropical atlântica, transportando umidade e mantendo o regime térmico tropical;Primavera;;;;;;;;;;;;;;;;
2024-12-17 00:00:00;Centro;mTc;Região do Chaco sob influência de massa de ar quente e seca, caracterizada por baixos teores de umidade e ausência de sistemas frontais ativos sobre o setor no momento.;Primavera;;;;;;;;;;;;;;;;
2024-12-17 00:00:00;Sul;mPa;A região delimitada está sob influência da massa de ar polar (mPa) após a passagem de sistema frontal, evidenciada pelas temperaturas mais amenas e regime de circulação pós-frontal;Primavera;;;;;;;;;;;;;;;;
2024-12-18 00:00:00;Norte;mEc;A regiao delimitada esta sob dominio da Massa Equatorial Continental, caracterizada por ser quente e umida, abrangendo estavelmente o interior da Amazonia brasileira.;Primavera;;;;;;;;;;;;;;;;
2024-12-18 00:00:00;Nordeste;mTa;Região sob influência direta do escoamento marítimo de leste, com características de ar quente e úmido típicas da Massa Tropical Atlântica que domina o litoral do Nordeste.;Primavera;;;;;;;;;;;;;;;;
2024-12-18 00:00:00;Litoral;mTa;A região encontra-se sob influência do fluxo equatorial/tropical marítimo associado ao gradiente de pressão do oceano, caracterizando a predominância da massa Tropical Atlântica.;Primavera;;;;;;;;;;;;;;;;
2024-12-18 00:00:00;Centro;mTa;A região encontra-se sob influência da circulação da alta pressão do Atlântico Sul, caracterizando a predominância de ar quente e úmido tipicamente classificado como mTa.;Primavera;;;;;;;;;;;;;;;;
2024-12-18 00:00:00;Sul;mPa;A região do retângulo apresenta o avanço de uma massa de ar mais frio e denso na retaguarda da frente fria, caracterizando o predomínio da mPa no setor sul.;Primavera;;;;;;;;;;;;;;;;
2024-12-19 00:00:00;Norte;mEc;Regiao central da Amazonia brasileira caracterizada por alta umidade, baixos gradientes de pressao e ausencia de sistemas frontais externos, configurando a dominancia da mEc.;Primavera;;;;;;;;;;;;;;;;
2024-12-19 00:00:00;Nordeste;mTa;A região demarcada encontra-se sob influência predominante do fluxo de leste da alta pressão subtropical do Atlântico Sul, caracterizando a atuação da massa Tropical Atlântica.;Primavera;;;;;;;;;;;;;;;;
2024-12-19 00:00:00;Litoral;mTa;O litoral indicado está sob a influência do fluxo marítimo da circulação anticiclônica oceânica, caracterizando a predominância de ar quente e úmido no setor.;Primavera;;;;;;;;;;;;;;;;
2024-12-19 00:00:00;Centro;mTa;Regiao sob influencia do escoamento do Atlantico Sul. A configuracao do campo de pressao indica predominio da massa Tropical Atlantica, trazendo ar quente e umido para o interior.;Primavera;;;;;;;;;;;;;;;;
2024-12-19 00:00:00;Sul;mPa;A região apresenta características de subsidência e temperaturas mais amenas associadas ao avanço da mPa (pós-frontal) que influencia o setor, estabelecendo um padrão de massa de a;Primavera;;;;;;;;;;;;;;;;
2024-12-20 00:00:00;Norte;mEc;A região delimitada abrange a bacia amazônica, caracterizada por temperaturas elevadas e alta umidade, predominando a influência da massa equatorial continental (mEc).;Primavera;;;;;;;;;;;;;;;;
2024-12-20 00:00:00;Nordeste;mTa;Predominância de circulação marítima de leste/sudeste, transportando ar quente e úmido vindo do Atlântico Tropical para a região delimitada.;Primavera;;;;;;;;;;;;;;;;
2024-12-20 00:00:00;Litoral;mTa;Região delimitada sob influência do escoamento marítimo de leste/sudeste associado à circulação anticiclônica do Atlântico Sul, caracterizando a predominância da massa Tropical Atl;Primavera;;;;;;;;;;;;;;;;
2024-12-20 00:00:00;Centro;mTa;A região encontra-se sob influência do escoamento marítimo associado à alta pressão do Atlântico, caracterizando o predomínio de ar tropical quente e úmido.;Primavera;;;;;;;;;;;;;;;;
2024-12-20 00:00:00;Sul;mTa;A região sob o retângulo está sob influência do fluxo equatorial/tropical marítimo quente e úmido, característico da circulação da alta subtropical sobre o oceano adjacente.;Verão;;;;;;;;;;;;;;;;
2024-12-21 00:00:00;Norte;mEc;A região delimitada encontra-se sobre a bacia Amazônica, caracterizada por altas temperaturas e elevada umidade, sob domínio típico da massa de ar Equatorial Continental.;Verão;;;;;;;;;;;;;;;;
2024-12-21 00:00:00;Nordeste;mTa;Região sob influência predominante do escoamento marítimo associado aos ventos alísios, caracterizando um ambiente quente e úmido típico da massa Tropical Atlântica.;Verão;;;;;;;;;;;;;;;;
2024-12-21 00:00:00;Litoral;mTa;Regiao sob influencia da circulacao do anticiclone subtropical do Atlantico Sul, caracterizando o fluxo de ar quente e umido de origem maritima sobre o litoral nordeste.;Verão;;;;;;;;;;;;;;;;
2024-12-21 00:00:00;Centro;mTa;Predominância da Massa Tropical Atlântica, caracterizada pelo fluxo de umidade e calor na região central sob influência da circulação anticiclônica periférica ao sistema oceânico.;Verão;;;;;;;;;;;;;;;;
2024-12-21 00:00:00;Sul;mPa;A regiao delimitada encontra-se sob a influencia da massa de ar pos-frontal, caracterizada pelo avanco de ar frio e seco sobre o Sul do Brasil.;Verão;;;;;;;;;;;;;;;;
2024-12-22 00:00:00;Norte;mEc;A região delimitada situa-se predominantemente sobre a bacia amazônica. Em ausência de sistemas frontais atuantes, a massa de ar quente e úmida mEc é a que domina o setor.;Verão;;;;;;;;;;;;;;;;
2024-12-22 00:00:00;Nordeste;mTa;A região do Nordeste delimitada encontra-se sob influência predominante do fluxo de leste da alta pressão subtropical do Atlântico Sul, caracterizando o domínio da massa Tropical A;Verão;;;;;;;;;;;;;;;;
2024-12-22 00:00:00;Litoral;mTa;A regiao delimitada esta sob o regime de escoamento maritimo da circulacao de alta pressao atuante no Atlantico Sul, caracterizando o dominio da massa Tropical Atlantica.;Verão;;;;;;;;;;;;;;;;
2024-12-22 00:00:00;Centro;mTa;A região central encontra-se sob domínio da circulação marítima da ASAS, apresentando características de quente e úmida, típicas da Massa Tropical Atlântica.;Verão;;;;;;;;;;;;;;;;
2024-12-22 00:00:00;Sul;mPa;A região apresenta o ingresso de ar mais frio e denso na retaguarda de um sistema frontal, caracterizando a atuação da massa de ar polar atlântica no setor sul brasileiro.;Verão;;;;;;;;;;;;;;;;
2024-12-23 00:00:00;Norte;mEc;A região delimitada abrange a bacia amazônica, onde predomina a Massa Equatorial Continental, caracterizada por alto teor de umidade e instabilidade térmica tropical.;Verão;;;;;;;;;;;;;;;;
2024-12-23 00:00:00;Nordeste;mTa;Predomínio de valores de temperatura e umidade característicos do escoamento marítimo, sob influência da circulação anticiclônica que transporta ar quente e instável do Atlântico.;Verão;;;;;;;;;;;;;;;;
2024-12-23 00:00:00;Litoral;mTa;A região delimitada está sob forte influência do escoamento marítimo quente e úmido vindo do oceano, característico do domínio da Massa Tropical Atlântica no litoral brasileiro.;Verão;;;;;;;;;;;;;;;;
2024-12-23 00:00:00;Centro;mTa;Regiao sob incidencia de fluxo em baixos niveis do Atlantico Sul, predominando caracteristicas de massa quente e umida sobre o sudeste e interior do Brasil.;Verão;;;;;;;;;;;;;;;;
2024-12-23 00:00:00;Sul;mPa;A região sob o retângulo vermelho encontra-se pós-passagem de sistema frontal, evidenciada pelos gradientes térmicos e ventos do quadrante sul, caracterizando o avanço da mPa.;Verão;;;;;;;;;;;;;;;;
2024-12-24 00:00:00;Norte;mEc;A região apresenta características típicas de um corpo de ar quente e úmido de origem continental, mantendo as propriedades térmicas e de umidade originadas sobre a Bacia Amazônica;Verão;;;;;;;;;;;;;;;;
2024-12-24 00:00:00;Nordeste;mTa;Predominância de escoamento de leste-sudeste associado à circulação oceânica, transportando ar quente e úmido para a região, caracterizando a influência da Massa Tropical Atlântica;Verão;;;;;;;;;;;;;;;;
2024-12-24 00:00:00;Litoral;mTa;A regiao delimitada esta sob influencia predominante do escoamento oceanico, caracterizando-se pela estabilidade e umidade associadas ao dominio da massa Tropical Atlantica.;Verão;;;;;;;;;;;;;;;;
2024-12-24 00:00:00;Centro;mTa;A região encontra-se sob influência do fluxo de circulação marítima da ASAS, caracterizando a predominância da massa Tropical Atlântica com transporte de umidade para o continente.;Verão;;;;;;;;;;;;;;;;
2024-12-24 00:00:00;Sul;mPa;A região demarcada encontra-se atrás de um sistema frontal (frente fria), caracterizando o avanço e o domínio da massa de ar Polar Atlântica com menores temperaturas observadas.;Verão;;;;;;;;;;;;;;;;
2024-12-24 00:00:00;Norte;mEc;Região central da Bacia Amazônica, caracterizada por altas temperaturas e elevada umidade, sob domínio da Massa Equatorial Continental, sem influência de sistemas frontais.;Verão;;;;;;;;;;;;;;;;
2024-12-24 00:00:00;Nordeste;mTa;A região do Nordeste está sob influência direta do fluxo de leste e sudeste associado à massa tropical atlântica, predominante em todo o setor costeiro e interior da região.;Verão;;;;;;;;;;;;;;;;
2024-12-24 00:00:00;Litoral;mTa;A região delimitada no setor leste do Nordeste encontra-se sob influência do escoamento marítimo quente e úmido característico da Massa Tropical Atlântica.;Verão;;;;;;;;;;;;;;;;
2024-12-24 00:00:00;Centro;mTa;A regiao encontra-se sob circulacao maritima do Atlantico Sul, sob influencia direta do fluxo quente e umido associado ao dominio da massa tropical maritima.;Verão;;;;;;;;;;;;;;;;
2024-12-24 00:00:00;Sul;mPa;A região apresenta o avanço de uma frente fria com transporte de ar mais frio e denso na retaguarda, caracterizando o domínio da massa de ar polar atlântica sobre o setor.;Verão;;;;;;;;;;;;;;;;
2024-12-25 00:00:00;Norte;mEc;Regiao sobre a bacia Amazonica com predominio de umidade e calor caracteristicos da Massa Equatorial Continental, sem a presenca ou influencia de frentes frias no setor.;Verão;;;;;;;;;;;;;;;;
2024-12-25 00:00:00;Nordeste;mTa;Regiao sob influencia direta do escoamento zonal e meridional associado ao anticiclone subtropical, caracterizando a predominancia de massa de ar quente e umida.;Verão;;;;;;;;;;;;;;;;
2024-12-25 00:00:00;Litoral;mTa;A região delimitada está sob forte influência do escoamento marítimo oriundo do centro de alta pressão oceânica, caracterizando a atuação da massa de ar Tropical Atlântica.;Verão;;;;;;;;;;;;;;;;
2024-12-25 00:00:00;Centro;mPa;A região encontra-se sob influência de massa de ar frio e úmido, evidenciado pelo posicionamento a retaguarda de sistema frontal, caracterizando a atuação da mPa no setor.;Verão;;;;;;;;;;;;;;;;
2024-12-25 00:00:00;Sul;mPa;Regiao sob influencia de adveccao de ar mais frio e estavel pos-frontal, apresentando declinio de temperaturas caracteristico da atuacao da massa polar no setor sul.;Verão;;;;;;;;;;;;;;;;
2024-12-25 00:00:00;Norte;mEc;Regiao sobre o territorio amazonico caracterizada por elevada temperatura e umidade, sem influencia de sistemas frontais ou circulação de subsidencia, definindo a mEc como dominant;Verão;;;;;;;;;;;;;;;;
2024-12-25 00:00:00;Nordeste;mTa;Predominio da massa Tropical Atlantica, evidenciado pelo escoamento de leste/sudeste, transportando calor e umidade sobre a regiao nordestina sob influencia da alta subtropical.;Verão;;;;;;;;;;;;;;;;
2024-12-25 00:00:00;Litoral;mTa;Regiao sob influencia do escoamento de leste-sudeste do sistema de alta pressao subtropical, caracterizando o dominio da massa tropical atlantica na costa do Brasil.;Verão;;;;;;;;;;;;;;;;
2024-12-25 00:00:00;Centro;mTa;A região encontra-se sob influência do escoamento de leste/nordeste vindo do Atlântico, típico da circulação da alta subtropical, caracterizando o domínio da massa Tropical Atlânti;Verão;;;;;;;;;;;;;;;;
2024-12-25 00:00:00;Sul;mTa;A região apresenta predominância de escoamento marítimo associado à circulação de alta pressão, caracterizando a atuação da massa Tropical Atlântica com umidade e temperaturas elev;Verão;;;;;;;;;;;;;;;;
2024-12-26 00:00:00;Norte;mEc;Regiao central e norte do continente sob influencia da Massa Equatorial Continental, caracterizada por ar quente e umido, tipico da circulacao amazonica nesta epoca do ano.;Verão;;;;;;;;;;;;;;;;
2024-12-26 00:00:00;Nordeste;mTa;Influência predominante da circulação marítima quente e úmida originada sobre o oceano Atlântico, caracterizando o setor como sob domínio da massa Tropical Atlântica.;Verão;;;;;;;;;;;;;;;;
2024-12-26 00:00:00;Litoral;mTa;Região sob influência direta da circulação marítima da alta pressão subtropical. A massa Tropical Atlântica domina o litoral, garantindo o fluxo de umidade e calor sobre o setor.;Verão;;;;;;;;;;;;;;;;
2024-12-26 00:00:00;Centro;mTc;A regiao delimitada encontra-se sob a influencia da subsidencia e aquecimento adiabatico caracteristicos da mTc, localizada no interior do continente longe da umidade oceanica.;Verão;;;;;;;;;;;;;;;;
2024-12-26 00:00:00;Sul;mPa;A região delimitada está sob a influência do deslocamento pós-frontal, com incursão de ar frio e úmido característico da massa polar atlântica avançando sobre o sudeste.;Verão;;;;;;;;;;;;;;;;
2024-12-27 00:00:00;Norte;mEc;A região delimitada abrange a bacia amazônica e áreas continentais adjacentes, onde a massa de ar equatorial continental, quente e úmida, predomina estavelmente sobre o setor.;Verão;;;;;;;;;;;;;;;;
2024-12-27 00:00:00;Nordeste;mTa;A região demarcada encontra-se sob influência predominante do fluxo de alísios, característico da massa Tropical Atlântica, transportando umidade e ar quente oceânico.;Verão;;;;;;;;;;;;;;;;
2024-12-27 00:00:00;Litoral;mTa;Regiao sob fluxo predominante de leste/sudeste associado a circulacao maritima, caracterizando o transporte de umidade e calor caracteristicos da massa tropical atlantica.;Verão;;;;;;;;;;;;;;;;
2024-12-27 00:00:00;Centro;mPa;A região delimitada encontra-se sob influência de massa de ar pós-frontal, demonstrada pelo avanço do sistema de frentes frias sobre o Sudeste, caracterizando o domínio da mPa.;Verão;;;;;;;;;;;;;;;;
2024-12-27 00:00:00;Sul;mPa;A região demarcada apresenta entrada de ar frio e seco na retaguarda da frente fria, caracterizando o avanço e domínio da Massa Polar Atlântica sobre o setor.;Verão;;;;;;;;;;;;;;;;
2024-12-28 00:00:00;Norte;mEc;Regiao sobre o dominio da bacia amazonica, caracterizada pelo ar quente e umido de origem continental, sem influencia direta de sistemas polares ou correntes maritimas.;Verão;;;;;;;;;;;;;;;;
2024-12-28 00:00:00;Nordeste;mTa;Predominância da Massa Tropical Atlântica, caracterizada pelo fluxo quente e úmido vindo do oceano, influenciando o litoral e o interior da região Nordeste sob estabilidade térmica;Verão;;;;;;;;;;;;;;;;
2024-12-28 00:00:00;Litoral;mTa;O setor delimitado encontra-se sob influência do escoamento de leste-sudeste associado à circulação periférica de alta pressão no oceano, caracterizando o predomínio da mTa.;Verão;;;;;;;;;;;;;;;;
2024-12-28 00:00:00;Centro;mPa;A área demarcada encontra-se sob influência imediata da retaguarda de uma frente fria, caracterizada pela incursão de ar mais frio e denso da massa polar atlântica.;Verão;;;;;;;;;;;;;;;;
2024-12-28 00:00:00;Sul;mPa;A região delimitada encontra-se na retaguarda de um sistema frontal, caracterizada pela incursão de ar frio e seco, consolidando o domínio da mPa sobre o setor.;Verão;;;;;;;;;;;;;;;;
2024-12-29 00:00:00;Norte;mEc;A região delimitada abrange a bacia amazônica e áreas continentais adjacentes, onde predomina a massa Equatorial Continental, caracterizada por alta umidade e temperaturas elevadas;Verão;;;;;;;;;;;;;;;;
2024-12-29 00:00:00;Nordeste;mTa;Regiao sob fluxo predominante de leste/sudeste associado a circulacao do Atlantico Sul, caracterizando a presenca de massa tropical quente e umida sobre o setor nordestino.;Verão;;;;;;;;;;;;;;;;
2024-12-29 00:00:00;Litoral;mTa;A regiao delimitada encontra-se sob circulacao maritima quente e umida caracteristica da Massa Tropical Atlantica, mantendo estabilidade térmica no litoral do Sudeste/Nordeste.;Verão;;;;;;;;;;;;;;;;
2024-12-29 00:00:00;Centro;mTa;A região apresenta características de baixas latitudes com umidade mantida pelo fluxo marítimo, sob predomínio da circulação da ASAS, configurando a atuação da mTa.;Verão;;;;;;;;;;;;;;;;
2024-12-29 00:00:00;Sul;mPa;A região delimitada pelo retângulo vermelho encontra-se sob influência do avanço de uma massa de ar pós-frontal, caracterizada por menores temperaturas e estabilização de ar seco.;Verão;;;;;;;;;;;;;;;;
2024-12-30 00:00:00;Norte;mEc;Regiao central e norte da Amazonia sob influencia da Massa Equatorial Continental, caracterizada por alta umidade e temperaturas elevadas sobre o continente durante o verao.;Verão;;;;;;;;;;;;;;;;
2024-12-30 00:00:00;Nordeste;mTa;Predominancia da Massa Tropical Atlantica sobre a regiao nordeste, mantendo caracteristicas quentes e umidas sob a influencia do escoamento do anticiclone subtropical do Atlantico ;Verão;;;;;;;;;;;;;;;;
2024-12-30 00:00:00;Litoral;mTa;Região sob influência direta do escoamento marítimo de leste, caracterizando a atuação da massa Tropical Atlântica com transporte de umidade e temperaturas elevadas no litoral.;Verão;;;;;;;;;;;;;;;;
2024-12-30 00:00:00;Centro;mPa;A região apresenta o avanço de uma massa polar após a passagem de uma frente fria, caracterizada pela queda das temperaturas e mudança do fluxo para o quadrante sul.;Verão;;;;;;;;;;;;;;;;
2024-12-30 00:00:00;Sul;mPa;A região delimitada encontra-se na retaguarda de uma frente fria, caracterizada por temperaturas amenas e fluxo de sul, indicando o avanço de uma massa de ar polar atlântica.;Verão;;;;;;;;;;;;;;;;
2024-12-31 00:00:00;Norte;mEc;Região sobre o território amazônico com características de elevada umidade e temperatura, típica da massa equatorial continental, sem influência de sistemas extratropicais.;Verão;;;;;;;;;;;;;;;;
2024-12-31 00:00:00;Nordeste;mTa;Predominância da massa Tropical Atlântica, caracterizada pelo fluxo quente e úmido de leste/sudeste, mantendo condições estáveis na região delimitada pelo retângulo.;Verão;;;;;;;;;;;;;;;;
2024-12-31 00:00:00;Litoral;mTa;A área delimitada encontra-se sob domínio do fluxo marítimo da alta subtropical, caracterizando a atuação da massa de ar Tropical Atlântica (mTa), quente e úmida.;Verão;;;;;;;;;;;;;;;;
2024-12-31 00:00:00;Centro;mTa;A região encontra-se sob influência do escoamento marítimo associado à alta subtropical, caracterizando a presença da Massa Tropical Atlântica (mTa), quente e úmida.;Verão;;;;;;;;;;;;;;;;
2024-12-31 00:00:00;Sul;mTa;Região sob influência da circulação anticiclônica do Atlântico Sul, caracterizando o domínio da massa Tropical Atlântica, quente e úmida, sobre o setor sudeste do Brasil.;#N/D;;;;;;;;;;;;;;;;
