{
"type": "FeatureCollection",
"name": "NORTE_GJSON",
"features": [
{ "type": "Feature", "properties": { "fid": 1, "MSLINK": 0, "ZONA": "Zona Econômica Exclusiva", "TP_UMIDADE": null, "DISTR_UMID": null, "TEMPERATUR": null, "DESC_COMPL": "Massa d'água" }, "geometry": { "type": "MultiPolygon", "coordinates": [ [ [ [ -63.485750555555562, 3.805003888888889 ], [ -63.473959444444453, 3.806439166666667 ], [ -63.473959410521175, 3.806439220199627 ], [ -63.468753333333325, 3.814654722222222 ], [ -63.470133888888888, 3.829647777777778 ], [ -63.45968972222223, 3.847740555555556 ], [ -63.414433888888887, 3.841883055555555 ], [ -63.38498, 3.886227777777778 ], [ -63.387876666666664, 3.909570833333333 ], [ -63.411501324823377, 3.917867577359054 ], [ -63.437946037237033, 3.927154696278387 ], [ -63.437946111111103, 3.927154722222222 ], [ -63.441056712909756, 3.933622263751778 ], [ -63.444403576721079, 3.94058103960759 ], [ -63.44440361111112, 3.940581111111111 ], [ -63.413313827898911, 3.951946333499909 ], [ -63.405468055555552, 3.954814444444444 ], [ -63.363403374474004, 3.954016992501861 ], [ -63.331546388888889, 3.953413055555556 ], [ -63.205808611111117, 3.937700555555556 ], [ -63.192535277777772, 3.929124166666667 ], [ -63.184803055555562, 3.895689444444444 ], [ -63.193855374500494, 3.882803944500842 ], [ -63.205565833333331, 3.866134722222222 ], [ -63.218165277777786, 3.824774444444444 ], [ -63.218165252982239, 3.82477435145624 ], [ -63.215042777777775, 3.813064444444445 ], [ -63.201875, 3.799492777777778 ], [ -63.12471027777778, 3.792983888888889 ], [ -63.12471019327613, 3.792983813081289 ], [ -63.11100491364224, 3.780688617189062 ], [ -63.086761119221563, 3.758939173942668 ], [ -63.086761111111109, 3.758939166666667 ], [ -63.086042848298341, 3.758822953816602 ], [ -63.075038611111104, 3.7570425 ], [ -63.051208045183124, 3.715803724568518 ], [ -63.050705581430236, 3.714934211442799 ], [ -63.050705555555552, 3.714934166666666 ], [ -63.035125833333339, 3.656346666666667 ], [ -62.998843333333333, 3.623974722222222 ], [ -62.985573760577985, 3.596237436671973 ], [ -62.982753611111107, 3.5903425 ], [ -62.982753571363133, 3.590342491529831 ], [ -62.971054444444448, 3.587849444444445 ], [ -62.953273119942232, 3.58405794884831 ], [ -62.930907222222231, 3.579288888888889 ], [ -62.930907111551377, 3.579288948584287 ], [ -62.925784722222225, 3.582051944444444 ], [ -62.919011111111111, 3.585706666666667 ], [ -62.906796388888885, 3.607109722222223 ], [ -62.901148711749464, 3.616710047243878 ], [ -62.880653888888887, 3.651548611111111 ], [ -62.85201819894489, 3.67044070121841 ], [ -62.841464166666675, 3.677403611111111 ], [ -62.835099956996238, 3.684320850378248 ], [ -62.817390277777768, 3.703569444444444 ], [ -62.795416395586138, 3.709787220327155 ], [ -62.795416388888889, 3.709787222222222 ], [ -62.76253, 3.675793611111111 ], [ -62.732511715102682, 3.665180850457557 ], [ -62.732511666666674, 3.665180833333333 ], [ -62.722047558241115, 3.671118060370783 ], [ -62.715504444444441, 3.674830555555555 ], [ -62.706683055555558, 3.694648055555555 ], [ -62.7072725, 3.746321111111111 ], [ -62.708278611111119, 3.74916138888889 ], [ -62.721549722222221, 3.786605555555556 ], [ -62.722151523660031, 3.796863461064216 ], [ -62.725269166666664, 3.850004722222222 ], [ -62.725269286463806, 3.85000465418271 ], [ -62.73377138888889, 3.845175833333333 ], [ -62.733771417817408, 3.84517586988585 ], [ -62.748510555555555, 3.863799444444444 ], [ -62.736828517445247, 3.903424458011014 ], [ -62.730439722222222, 3.925095 ], [ -62.737603014514626, 3.939348546919046 ], [ -62.7482025, 3.960439444444444 ], [ -62.747319722790259, 4.003745527689128 ], [ -62.74731972222223, 4.003745555555556 ], [ -62.718453055555557, 4.0181775 ], [ -62.718452993127784, 4.018177507009426 ], [ -62.6679125, 4.023852222222223 ], [ -62.643870783651025, 4.022088398029124 ], [ -62.605814444444448, 4.019296388888889 ], [ -62.560723611111115, 4.005068611111111 ], [ -62.545231463882153, 4.002038196265275 ], [ -62.532264166666664, 3.999501666666666 ], [ -62.532264122876299, 3.999501753306678 ], [ -62.514743333333328, 4.034166944444444 ], [ -62.52242861111111, 4.0693325 ], [ -62.506130016839414, 4.101246262626393 ], [ -62.49966666666667, 4.113901944444445 ], [ -62.448984166666676, 4.126246944444445 ], [ -62.448984141182009, 4.12624698944024 ], [ -62.428635277777779, 4.162175 ], [ -62.427557572791521, 4.16407807583212 ], [ -62.422829166666666, 4.172427777777778 ], [ -62.40756972222222, 4.1788 ], [ -62.384820280605133, 4.173119360054049 ], [ -62.364080555555553, 4.167940555555556 ], [ -62.324480611731126, 4.128497987135617 ], [ -62.317948888888886, 4.121992222222223 ], [ -62.276180833333328, 4.109484166666666 ], [ -62.242539722222226, 4.110481111111111 ], [ -62.203712478695586, 4.097088579510992 ], [ -62.17577583333334, 4.0874525 ], [ -62.168951111111113, 4.092320833333333 ], [ -62.16895108926326, 4.092320812616696 ], [ -62.129390555555545, 4.054808611111111 ], [ -62.12676490863457, 4.058956643778138 ], [ -62.124175277777788, 4.063047777777777 ], [ -62.09708194444444, 4.072513055555556 ], [ -62.067611111111113, 4.115315555555555 ], [ -62.038592777777779, 4.136430555555555 ], [ -61.961016111111107, 4.148219444444444 ], [ -61.934338611111109, 4.137660277777778 ], [ -61.88609920366401, 4.113301407570985 ], [ -61.886099166666661, 4.113301388888889 ], [ -61.874181873473603, 4.126781631383786 ], [ -61.858545833333331, 4.144468333333333 ], [ -61.829574941478235, 4.150348709244778 ], [ -61.806207777777779, 4.155091666666666 ], [ -61.801104755217885, 4.161166360786265 ], [ -61.792413055555564, 4.171513055555556 ], [ -61.793847222222219, 4.183234722222222 ], [ -61.752737169373326, 4.235407324924755 ], [ -61.75239361111111, 4.235843333333333 ], [ -61.732016111111108, 4.245453055555555 ], [ -61.720450421955832, 4.244120731508496 ], [ -61.696793611111111, 4.241395555555555 ], [ -61.654567222222227, 4.250560277777778 ], [ -61.620077775055385, 4.227035952095076 ], [ -61.601529166666666, 4.214384444444445 ], [ -61.567954166666667, 4.2120225 ], [ -61.547206747158803, 4.228824471030476 ], [ -61.499525555555557, 4.267438333333334 ], [ -61.490661951669999, 4.288985537990439 ], [ -61.490661944444447, 4.288985555555556 ], [ -61.490704944508146, 4.290170782241641 ], [ -61.491060769878395, 4.299980322449088 ], [ -61.492790772279342, 4.34752981203929 ], [ -61.487257466994876, 4.370817765326136 ], [ -61.492125171166379, 4.379274542624175 ], [ -61.458044981783132, 4.410659401303533 ], [ -61.442398611111116, 4.425068333333333 ], [ -61.437494722222226, 4.418282777777778 ], [ -61.415778887539474, 4.412049041104364 ], [ -61.387346388888886, 4.403887222222222 ], [ -61.367961267434552, 4.401734746263826 ], [ -61.331979722222215, 4.397739444444444 ], [ -61.314958888888896, 4.407423055555555 ], [ -61.300418542595047, 4.437837100015614 ], [ -61.299125292713782, 4.440542190980594 ], [ -61.299125277777783, 4.440542222222223 ], [ -61.289171124667625, 4.443807768398845 ], [ -61.270336388888886, 4.449986666666667 ], [ -61.270336402997216, 4.449986711880688 ], [ -61.273247586944336, 4.459316400444717 ], [ -61.278213611111113, 4.475231388888889 ], [ -61.28866072861117, 4.486892317703067 ], [ -61.299577777777777, 4.499077777777778 ], [ -61.299577717370795, 4.499077842604124 ], [ -61.291494935037065, 4.507751960503851 ], [ -61.285814166666668, 4.513848333333334 ], [ -61.269001951120707, 4.513506944580012 ], [ -61.269001944444454, 4.513506944444444 ], [ -61.268826944560473, 4.521864438902656 ], [ -61.268826944444449, 4.521864444444445 ], [ -61.223924722222215, 4.497537222222222 ], [ -61.138680833333339, 4.472371666666667 ], [ -61.137555647891965, 4.473084903241831 ], [ -61.137082346406437, 4.473384921281664 ], [ -61.137082222222212, 4.473385 ], [ -61.107995, 4.491813888888889 ], [ -61.0657175, 4.502652777777778 ], [ -61.015211388888893, 4.504955 ], [ -60.9694625, 4.520740833333333 ], [ -60.969462454254675, 4.520740885669993 ], [ -60.965309381360989, 4.525492365797033 ], [ -60.9436025, 4.550326944444445 ], [ -60.942413437535635, 4.553235015700072 ], [ -60.941809955444747, 4.554710873304583 ], [ -60.937936176912942, 4.564186714976738 ], [ -60.920536388888884, 4.606748888888889 ], [ -60.891744412484613, 4.652300355657339 ], [ -60.868321666666674, 4.689357222222222 ], [ -60.799550924077302, 4.71341246494071 ], [ -60.719165833333335, 4.741530277777778 ], [ -60.719165721399321, 4.741530359541406 ], [ -60.719165704161746, 4.741530365570931 ], [ -60.697024951691198, 4.757703311851149 ], [ -60.667895530508289, 4.778981947242784 ], [ -60.66346588144927, 4.785762405234235 ], [ -60.636593055555558, 4.826896388888889 ], [ -60.615454444444445, 4.871675277777777 ], [ -60.581036111111111, 4.907811111111111 ], [ -60.569746111111108, 4.964520555555556 ], [ -60.576194722222212, 4.97805 ], [ -60.580156511385717, 4.988531101703813 ], [ -60.582573888888881, 4.994926388888889 ], [ -60.61573416666667, 5.019043055555556 ], [ -60.619647264527813, 5.025845049044724 ], [ -60.630354444444443, 5.044456944444445 ], [ -60.629258207141639, 5.049380986401154 ], [ -60.628498803347348, 5.052791717477628 ], [ -60.601231388888891, 5.068988333333333 ], [ -60.604394523591019, 5.077351133975437 ], [ -60.604422777777778, 5.077425833333334 ], [ -60.615814718822413, 5.089832738784591 ], [ -60.696808610108846, 5.178042776686222 ], [ -60.696808611111102, 5.178042777777778 ], [ -60.69600860910429, 5.178106369633785 ], [ -60.646040277777786, 5.182078333333333 ], [ -60.552178333333323, 5.161785833333333 ], [ -60.459345277777771, 5.173320277777778 ], [ -60.415742622832823, 5.172440243317275 ], [ -60.410541961492576, 5.172335278121861 ], [ -60.410541944444454, 5.172335277777778 ], [ -60.322894444444444, 5.177256944444444 ], [ -60.29051544866094, 5.187891718128946 ], [ -60.236434444444441, 5.205654444444445 ], [ -60.149615833333328, 5.250803055555555 ], [ -60.149615805902982, 5.250803035061032 ], [ -60.137686388888888, 5.24189 ], [ -60.124541666666673, 5.226531111111111 ], [ -60.100986530640185, 5.23270720561329 ], [ -60.088986388888891, 5.235853611111111 ], [ -60.088986384038634, 5.23585357779206 ], [ -60.080173888888893, 5.175315833333333 ], [ -60.07054333333334, 5.15332 ], [ -60.012658611111114, 5.1051575 ], [ -59.998385555555558, 5.064613611111112 ], [ -60.013231666666677, 4.924080555555555 ], [ -60.000842506461034, 4.875187525498081 ], [ -60.0008425, 4.8751875 ], [ -60.00166196998569, 4.868954584816553 ], [ -60.01095472222223, 4.798273611111111 ], [ -60.010423733399115, 4.736782966501905 ], [ -60.010085833333342, 4.697652777777778 ], [ -60.010033760139031, 4.691579113195893 ], [ -60.010013888888885, 4.689261388888889 ], [ -60.018740833333325, 4.664980833333333 ], [ -60.021334042573955, 4.657766745243406 ], [ -60.024365555555555, 4.649333333333334 ], [ -60.059008055555566, 4.604822222222222 ], [ -60.073085272385924, 4.595261793266174 ], [ -60.094878888888879, 4.580460833333333 ], [ -60.117920386539538, 4.547055502010524 ], [ -60.123176666666666, 4.539435 ], [ -60.125379104420624, 4.536241962493934 ], [ -60.127913611111104, 4.5325675 ], [ -60.124965, 4.5140625 ], [ -60.124964898195131, 4.514062512930983 ], [ -60.110007388018104, 4.515962375851663 ], [ -60.091229444444444, 4.5183475 ], [ -60.076061239370965, 4.519689988648135 ], [ -60.076061111111116, 4.51969 ], [ -60.039493337623739, 4.500436946703359 ], [ -60.03949333333334, 4.500436944444444 ], [ -60.002661126759818, 4.492911669863893 ], [ -60.002661111111109, 4.492911666666667 ], [ -59.992438271104561, 4.48810392717454 ], [ -59.882853055555564, 4.436566666666667 ], [ -59.860504906675864, 4.437124061661049 ], [ -59.847514722222222, 4.437448055555556 ], [ -59.812485833333341, 4.424915277777778 ], [ -59.766907777777774, 4.432269444444445 ], [ -59.76690774936575, 4.432269394648393 ], [ -59.763306041413955, 4.425956896783562 ], [ -59.752361944444452, 4.406775833333334 ], [ -59.716000501964842, 4.384555715214225 ], [ -59.681062222222231, 4.363205277777777 ], [ -59.659722238519421, 4.340903072587607 ], [ -59.659722222222221, 4.340903055555556 ], [ -59.66091513635007, 4.334971447322658 ], [ -59.665432222222222, 4.312510833333334 ], [ -59.70585777777778, 4.237941944444445 ], [ -59.705364352069275, 4.227650997572632 ], [ -59.704730277777777, 4.214426666666666 ], [ -59.676995555555557, 4.178549444444444 ], [ -59.642066388888885, 4.162635277777778 ], [ -59.631438900477931, 4.152526227323861 ], [ -59.623981666666666, 4.145432777777778 ], [ -59.611779166666672, 4.093128333333333 ], [ -59.597259722222226, 4.067616388888889 ], [ -59.597259663385323, 4.067616341722838 ], [ -59.569221388888899, 4.045139722222222 ], [ -59.569221346625866, 4.045139661966012 ], [ -59.562849014291174, 4.036054354820432 ], [ -59.537136944444441, 3.999395555555556 ], [ -59.512863325862021, 3.980043711038856 ], [ -59.495484464039563, 3.966188626733083 ], [ -59.495484444444443, 3.966188611111111 ], [ -59.501053611111104, 3.944502222222223 ], [ -59.544310261490963, 3.893508074755655 ], [ -59.544310277777782, 3.893508055555555 ], [ -59.545337513443449, 3.885111972819298 ], [ -59.552704166666665, 3.824900833333333 ], [ -59.552704275102919, 3.824900763988151 ], [ -59.62099083333333, 3.781231388888889 ], [ -59.633574444444442, 3.755488611111111 ], [ -59.634404818942429, 3.753789843271447 ], [ -59.640448333333332, 3.741426111111111 ], [ -59.646225555555553, 3.711361666666666 ], [ -59.650891419524633, 3.70629079356339 ], [ -59.658309166666669, 3.698229166666667 ], [ -59.717866111111107, 3.667785555555556 ], [ -59.71786611256536, 3.667785551529844 ], [ -59.725076388888887, 3.647825833333334 ], [ -59.764523055555557, 3.602304444444445 ], [ -59.773492777777776, 3.591953611111111 ], [ -59.773492858273748, 3.591953546866524 ], [ -59.816335, 3.557760833333333 ], [ -59.833249444444441, 3.553137777777778 ], [ -59.831655046941208, 3.546863656246569 ], [ -59.829915, 3.540016388888889 ], [ -59.822527777777779, 3.510941388888889 ], [ -59.788695634254879, 3.447919058726929 ], [ -59.782379166666665, 3.436152777777778 ], [ -59.781560833333337, 3.419072222222222 ], [ -59.777960277777787, 3.343775833333333 ], [ -59.809856163772253, 3.28445569202375 ], [ -59.862525277777777, 3.186501388888889 ], [ -59.871811970250647, 3.142800401445032 ], [ -59.877771944444447, 3.114754166666667 ], [ -59.899609739828527, 3.091251515220772 ], [ -59.903666944444446, 3.086885 ], [ -59.912559725685732, 3.069184644508171 ], [ -59.917814444444446, 3.058725555555556 ], [ -59.934730833333326, 2.9370075 ], [ -59.950714143518759, 2.822193867343725 ], [ -59.956793055555551, 2.778526944444444 ], [ -59.957839831021971, 2.771012739906116 ], [ -59.958969444444442, 2.762903888888889 ], [ -59.96654777777777, 2.729554444444445 ], [ -59.9516425, 2.657056388888889 ], [ -59.91383583333333, 2.562156944444444 ], [ -59.873531168988464, 2.49904953506646 ], [ -59.873531111111106, 2.499049444444445 ], [ -59.86828361111111, 2.443557777777778 ], [ -59.879948888876918, 2.383476388950515 ], [ -59.87994888888889, 2.383476388888889 ], [ -59.875452222222222, 2.363229444444444 ], [ -59.875452192149503, 2.363229428412066 ], [ -59.854321388888891, 2.351964166666667 ], [ -59.839045555555558, 2.343818888888889 ], [ -59.798882222222225, 2.339405277777778 ], [ -59.769995277777781, 2.289988333333334 ], [ -59.719681944444453, 2.288655 ], [ -59.7083025, 2.274929444444445 ], [ -59.708704444444443, 2.197756111111111 ], [ -59.703078399657848, 2.151799504682089 ], [ -59.696338888888889, 2.0967475 ], [ -59.704853333333332, 2.045390277777778 ], [ -59.728486666666669, 1.902975833333334 ], [ -59.716568364364015, 1.868322275971599 ], [ -59.714505833333334, 1.862325277777778 ], [ -59.67524, 1.826014444444444 ], [ -59.648025, 1.784109722222222 ], [ -59.642509979290971, 1.7617117051492 ], [ -59.635961944444439, 1.735118333333333 ], [ -59.633075833333343, 1.718259444444444 ], [ -59.615589514919854, 1.698087729072004 ], [ -59.615194166666676, 1.697631666666667 ], [ -59.581490628712402, 1.690754028545889 ], [ -59.520103611111118, 1.678227222222222 ], [ -59.505806607650243, 1.666647653291981 ], [ -59.492213333333339, 1.655638055555556 ], [ -59.466377222222214, 1.619674722222222 ], [ -59.454736944444441, 1.615995277777778 ], [ -59.454736834948761, 1.615995211064096 ], [ -59.431644166666665, 1.601925277777778 ], [ -59.424697467417872, 1.592496068589086 ], [ -59.414525833333336, 1.578689444444444 ], [ -59.407353637601545, 1.568952216967033 ], [ -59.391246388888888, 1.547084444444444 ], [ -59.388335466607103, 1.521563585071652 ], [ -59.385868055555555, 1.499931111111111 ], [ -59.324750637119088, 1.472005592284757 ], [ -59.299747777777768, 1.460581388888889 ], [ -59.300271666666667, 1.4421275 ], [ -59.300271656224893, 1.442127487085668 ], [ -59.290548055555554, 1.430101388888889 ], [ -59.290080533130542, 1.428962349493508 ], [ -59.277998333333336, 1.399526111111111 ], [ -59.257728902832369, 1.374967228042858 ], [ -59.255296748180925, 1.372020376542234 ], [ -59.255296666666666, 1.372020277777778 ], [ -59.237004500355148, 1.36346261095284 ], [ -59.205635, 1.348786944444444 ], [ -59.147668049978613, 1.341596893194893 ], [ -59.1354275, 1.340078611111111 ], [ -59.099760930992495, 1.319031651086226 ], [ -59.087588888888881, 1.311848888888889 ], [ -59.087588875382771, 1.311848862813955 ], [ -59.08555733387297, 1.307926764381771 ], [ -59.081628888888893, 1.3003425 ], [ -59.081628952020857, 1.300342477768045 ], [ -59.081628941541908, 1.300342457536989 ], [ -59.0796417744222, 1.296507250938385 ], [ -59.079641686099926, 1.296507259727818 ], [ -59.079641666666674, 1.296507222222222 ], [ -59.014031388888895, 1.303036388888889 ], [ -58.990275555555556, 1.312438888888889 ], [ -58.990275519237649, 1.312438967439794 ], [ -58.98491, 1.324043888888889 ], [ -58.955670038419271, 1.310274262522621 ], [ -58.920360555555547, 1.293646388888889 ], [ -58.88613, 1.259068611111111 ], [ -58.883503690048165, 1.232693574652004 ], [ -58.880929169639096, 1.206838640962021 ], [ -58.880929166666675, 1.206838611111111 ], [ -58.880511132413197, 1.206295573815294 ], [ -58.87765, 1.202578888888889 ], [ -58.8693966731336, 1.191858961697599 ], [ -58.866379444444448, 1.18794 ], [ -58.84684932903081, 1.181737973977693 ], [ -58.808203611111118, 1.169465555555556 ], [ -58.7695575, 1.171714444444445 ], [ -58.752418435147156, 1.175708223262356 ], [ -58.737469444444443, 1.179191666666667 ], [ -58.734971111111108, 1.181553611111111 ], [ -58.723399398013079, 1.192495340042501 ], [ -58.7115975, 1.203654722222222 ], [ -58.682933333333338, 1.266690277777778 ], [ -58.577143888888884, 1.270375833333333 ], [ -58.558697048958464, 1.263115659561656 ], [ -58.535679722222227, 1.254056666666667 ], [ -58.514920624213779, 1.255900055369531 ], [ -58.507088439168101, 1.256595546157526 ], [ -58.507088333333336, 1.256595555555555 ], [ -58.46860916666666, 1.310962777777778 ], [ -58.465497225150543, 1.332496396139864 ], [ -58.462318888888888, 1.354489444444444 ], [ -58.470069440525826, 1.376565266616391 ], [ -58.470069444444448, 1.376565277777778 ], [ -58.471584495792271, 1.378173113143662 ], [ -58.512392777777784, 1.421480555555556 ], [ -58.528094166666669, 1.458908333333333 ], [ -58.528094064314701, 1.458908374491594 ], [ -58.513402333617542, 1.464816283731742 ], [ -58.489057777777781, 1.474605833333333 ], [ -58.487648193176419, 1.47368006745451 ], [ -58.467652777777786, 1.460547777777778 ], [ -58.462240514771963, 1.463594831597731 ], [ -58.459126388888897, 1.465348055555556 ], [ -58.434115573190432, 1.447918746432691 ], [ -58.416365, 1.435548888888889 ], [ -58.390709834443051, 1.440200402824373 ], [ -58.384323333333342, 1.441358333333333 ], [ -58.369322897612797, 1.459315241356735 ], [ -58.358261111111112, 1.472557222222222 ], [ -58.351025277777779, 1.490845277777778 ], [ -58.354704166666657, 1.538026111111111 ], [ -58.349193611111112, 1.554681944444444 ], [ -58.330176422179555, 1.574317465626896 ], [ -58.33017638888888, 1.5743175 ], [ -58.286736388888897, 1.568038055555556 ], [ -58.242198611111121, 1.541547222222222 ], [ -58.158189722222225, 1.545876111111111 ], [ -58.095796944444444, 1.498683888888889 ], [ -58.075681388888889, 1.498108055555555 ], [ -58.069190069025701, 1.497921961422836 ], [ -58.028745833333332, 1.4967625 ], [ -58.007439444444444, 1.479330833333333 ], [ -57.984021111111119, 1.476976111111111 ], [ -57.980279132933411, 1.483405679490082 ], [ -57.973429444444442, 1.495175 ], [ -57.972125472140419, 1.504061602293454 ], [ -57.96870361111111, 1.527381666666667 ], [ -57.96979119323985, 1.583380685583878 ], [ -57.9702325, 1.606103333333333 ], [ -57.933619397158608, 1.625490114816738 ], [ -57.9310475, 1.626851944444444 ], [ -57.930990786777343, 1.628827926736614 ], [ -57.930758055555557, 1.636936666666667 ], [ -57.930757984012132, 1.636936664624127 ], [ -57.926546222379805, 1.636816420298557 ], [ -57.913993916039985, 1.63645805633071 ], [ -57.913993888888889, 1.636458055555555 ], [ -57.898158156950508, 1.642503993487959 ], [ -57.815603161858988, 1.674022737192097 ], [ -57.815603055555563, 1.674022777777778 ], [ -57.812008333711972, 1.682332221346977 ], [ -57.812008333333331, 1.682332222222222 ], [ -57.811769861781315, 1.682325406052318 ], [ -57.78183277777778, 1.681469722222222 ], [ -57.763005833333338, 1.694391666666667 ], [ -57.745453444317874, 1.69556328072647 ], [ -57.72770388888889, 1.696748055555556 ], [ -57.698412192331794, 1.686781619793249 ], [ -57.641304444444444, 1.667350833333333 ], [ -57.624919120055495, 1.666880832405459 ], [ -57.611129166666665, 1.666485277777778 ], [ -57.568994430650399, 1.678833928647288 ], [ -57.5535975, 1.683346388888889 ], [ -57.424565277777774, 1.794091388888889 ], [ -57.427579444444447, 1.805960277777778 ], [ -57.394788888888883, 1.895913055555555 ], [ -57.355646944444445, 1.914993611111111 ], [ -57.331256666666668, 1.94628 ], [ -57.288905, 1.960219722222222 ], [ -57.27931664687204, 1.955474375482777 ], [ -57.249196111111111, 1.9405675 ], [ -57.241071043021641, 1.942254056608974 ], [ -57.185047777777775, 1.953883055555556 ], [ -57.137326111111108, 1.979453055555556 ], [ -57.103549722222219, 1.986903611111111 ], [ -57.088411111111114, 1.988153888888889 ], [ -57.055459019598722, 1.967003417230125 ], [ -57.055458888888886, 1.967003333333333 ], [ -57.049528888888887, 1.939893333333333 ], [ -57.031865389682373, 1.915942938300115 ], [ -57.014004166666666, 1.891724444444444 ], [ -57.014004099745563, 1.89172450783866 ], [ -57.008828333333334, 1.8966275 ], [ -56.964707080913691, 1.895355410268402 ], [ -56.931704444444442, 1.894403888888889 ], [ -56.898329287371965, 1.885403584359937 ], [ -56.89674, 1.884975 ], [ -56.896739994438157, 1.88497499536511 ], [ -56.8590575, 1.853572777777778 ], [ -56.859057406922588, 1.853572757456798 ], [ -56.832379444444442, 1.847748333333334 ], [ -56.826110947317403, 1.848672200149299 ], [ -56.803731388888892, 1.851970555555555 ], [ -56.751954444444443, 1.843733611111111 ], [ -56.751954402037434, 1.843733639476609 ], [ -56.693387351933012, 1.882908376389438 ], [ -56.657831666666667, 1.906691111111111 ], [ -56.627783370354919, 1.912484313019094 ], [ -56.612268333333333, 1.915475555555555 ], [ -56.612268263774546, 1.915475546795867 ], [ -56.550278371151087, 1.907669024842691 ], [ -56.52533, 1.904527222222222 ], [ -56.496434444444446, 1.9171625 ], [ -56.4759225, 1.930043055555555 ], [ -56.454188055555555, 1.929410555555556 ], [ -56.442902132764729, 1.92908183029956 ], [ -56.423946944444445, 1.928529722222222 ], [ -56.405159444444443, 1.939775 ], [ -56.373092370386615, 1.940984121168658 ], [ -56.35476222222222, 1.941675277777778 ], [ -56.331140832468066, 1.936836582785021 ], [ -56.316396944444442, 1.933816388888889 ], [ -56.28035, 1.904121388888889 ], [ -56.250566388888892, 1.889771666666667 ], [ -56.202565396812616, 1.884784324417387 ], [ -56.160229273062782, 1.880385465250966 ], [ -56.111734501883035, 1.852970511842042 ], [ -56.0942074732504, 1.843061018448201 ], [ -56.063341064142634, 1.836152820249373 ], [ -56.050866388888892, 1.833360833333334 ], [ -55.963389444444445, 1.840896944444444 ], [ -55.9429725, 1.850406111111111 ], [ -55.942972484067887, 1.850406133074911 ], [ -55.935388071848685, 1.860861902869511 ], [ -55.920232222222225, 1.881755555555556 ], [ -55.903291111111109, 2.000910555555556 ], [ -55.923067483082335, 2.063527851512215 ], [ -55.924780833333337, 2.068952777777778 ], [ -55.937490464227182, 2.076540437252441 ], [ -55.969310833333331, 2.095537222222222 ], [ -55.989824166666665, 2.139952222222222 ], [ -56.008357554519584, 2.148033200610064 ], [ -56.022965277777779, 2.1544025 ], [ -56.0514725, 2.212529166666667 ], [ -56.069968055555556, 2.211383611111111 ], [ -56.069968090304364, 2.211383648096449 ], [ -56.112288888888891, 2.256428333333333 ], [ -56.102576944444444, 2.301642222222222 ], [ -56.073428611111112, 2.3227 ], [ -56.04482, 2.325237222222222 ], [ -55.994513055555558, 2.381067777777778 ], [ -55.990558786301889, 2.391233699096868 ], [ -55.98795, 2.397940555555556 ], [ -55.985439166666666, 2.404395555555555 ], [ -55.98860361111111, 2.468523888888889 ], [ -55.988603558110476, 2.46852396994671 ], [ -55.974546666666669, 2.490022222222222 ], [ -55.969550769758946, 2.493561311462309 ], [ -55.967690741619059, 2.494878882531213 ], [ -55.925808055555557, 2.491975555555555 ], [ -55.899168888888887, 2.48446 ], [ -55.834594722222221, 2.453927222222222 ], [ -55.786252009124965, 2.442403070974387 ], [ -55.786251944444444, 2.442403055555555 ], [ -55.728985, 2.391851666666667 ], [ -55.71491261297853, 2.387877192166823 ], [ -55.702349166666664, 2.384328888888889 ], [ -55.702349094391685, 2.384328926957849 ], [ -55.696977863739299, 2.387158082472692 ], [ -55.647789166666669, 2.413066944444445 ], [ -55.6138668211251, 2.419766686961538 ], [ -55.610643333333336, 2.420403333333333 ], [ -55.610643311142013, 2.420403329046948 ], [ -55.548886944444448, 2.408474722222222 ], [ -55.499901666666666, 2.418831388888889 ], [ -55.495419531755914, 2.418699295415515 ], [ -55.444555555555553, 2.417200277777778 ], [ -55.434293611111109, 2.42364 ], [ -55.434293544125573, 2.423639981748605 ], [ -55.393435555555556, 2.4125075 ], [ -55.38968559926392, 2.411485512724334 ], [ -55.351035, 2.400951944444444 ], [ -55.341116854086756, 2.418919944750495 ], [ -55.322652777777776, 2.45237 ], [ -55.323031153291836, 2.453634084569531 ], [ -55.3257075, 2.462575277777778 ], [ -55.319147592569884, 2.469558163434718 ], [ -55.2979725, 2.492098611111111 ], [ -55.221170833333332, 2.478023611111111 ], [ -55.221170822633468, 2.478023616493239 ], [ -55.199015833333334, 2.489167777777778 ], [ -55.154105277777781, 2.531666666666667 ], [ -55.106639722222219, 2.547116388888889 ], [ -55.044478682998069, 2.548639720460545 ], [ -55.04447861111111, 2.548639722222222 ], [ -55.043071504617757, 2.556782985019862 ], [ -55.042449722222223, 2.560381388888889 ], [ -55.042449686745798, 2.560381411139778 ], [ -55.021920277777781, 2.5732575 ], [ -55.021618055555557, 2.583364166666667 ], [ -54.968966388888887, 2.603713333333333 ], [ -54.925800833333334, 2.505005 ], [ -54.923936797823977, 2.500741700197878 ], [ -54.923397875609979, 2.49950901157017 ], [ -54.923397781233732, 2.499508896793111 ], [ -54.92339777777778, 2.499508888888889 ], [ -54.858492777777776, 2.420573611111111 ], [ -54.858492661679946, 2.420573584376776 ], [ -54.85189666151819, 2.419054695779292 ], [ -54.813603055555554, 2.410236666666667 ], [ -54.808929254656604, 2.411838997867867 ], [ -54.800034722222222, 2.414888333333333 ], [ -54.767529404853001, 2.444800004498362 ], [ -54.736156388888887, 2.473669722222222 ], [ -54.722688888888889, 2.474951388888889 ], [ -54.704442230501257, 2.467659169975357 ], [ -54.70444222222222, 2.467659166666667 ], [ -54.685178611111112, 2.438416666666666 ], [ -54.685178611304984, 2.438416665293895 ], [ -54.687241426589658, 2.423810080370867 ], [ -54.689446666666669, 2.408195 ], [ -54.695094514101058, 2.392747863444537 ], [ -54.702251944444441, 2.373171944444445 ], [ -54.703215833333331, 2.341165277777778 ], [ -54.687106388888886, 2.318761388888889 ], [ -54.681690005472454, 2.316532952319748 ], [ -54.675844722222223, 2.314128055555555 ], [ -54.673841944444447, 2.313303333333333 ], [ -54.621398055555552, 2.326899166666667 ], [ -54.5642775, 2.328548333333333 ], [ -54.55946737362386, 2.324594239699715 ], [ -54.555823888888888, 2.321599166666667 ], [ -54.542986944444444, 2.311044722222222 ], [ -54.53421946252459, 2.293664194432065 ], [ -54.523984444444444, 2.273374444444444 ], [ -54.496343333333336, 2.243874722222222 ], [ -54.481965833333334, 2.219832777777778 ], [ -54.443755277777775, 2.206873055555556 ], [ -54.438789968242517, 2.206722579167744 ], [ -54.413571944444442, 2.205958333333333 ], [ -54.39629209316211, 2.196969859130105 ], [ -54.372265, 2.184471666666667 ], [ -54.3491543930269, 2.159797987134977 ], [ -54.338127222222219, 2.148025 ], [ -54.315061944444444, 2.133834444444445 ], [ -54.278070277777779, 2.1360825 ], [ -54.236945648316862, 2.153476626873376 ], [ -54.218561944444446, 2.161252222222222 ], [ -54.206825234769688, 2.16089475052383 ], [ -54.195086666666668, 2.160537222222222 ], [ -54.170191111111109, 2.1513475 ], [ -54.16175515043151, 2.144299671945264 ], [ -54.117820833333333, 2.107594722222222 ], [ -54.086646802373608, 2.138341014251805 ], [ -54.078019722222223, 2.146849722222222 ], [ -54.069017777777781, 2.16681 ], [ -54.072009974082043, 2.178704896968175 ], [ -54.07201, 2.178705 ], [ -54.018039057288114, 2.189684211960502 ], [ -53.963919722222222, 2.200693611111111 ], [ -53.938354444444442, 2.213401666666666 ], [ -53.938354433153066, 2.213401687711225 ], [ -53.928817465120019, 2.231176430213184 ], [ -53.909870555555557, 2.266489166666667 ], [ -53.89967128032827, 2.277087628509893 ], [ -53.892531944444443, 2.284506388888889 ], [ -53.857265, 2.285111111111111 ], [ -53.829377177255523, 2.293904907080514 ], [ -53.818280833333333, 2.297403888888889 ], [ -53.805454166666664, 2.332421111111111 ], [ -53.770859712329937, 2.351290045921505 ], [ -53.764480555555558, 2.354769444444444 ], [ -53.735971388888892, 2.3538925 ], [ -53.724803333333334, 2.335000555555556 ], [ -53.717437885930494, 2.321299620513561 ], [ -53.69622833333333, 2.281846388888889 ], [ -53.674636388888892, 2.274436944444445 ], [ -53.532881111111109, 2.244768611111111 ], [ -53.519163820808579, 2.244344818902481 ], [ -53.506051666666664, 2.243939722222222 ], [ -53.4599925, 2.267808055555556 ], [ -53.444159309670034, 2.273218959657345 ], [ -53.416156944444445, 2.282788611111111 ], [ -53.378559722222221, 2.295635555555556 ], [ -53.376217216045283, 2.303938766280218 ], [ -53.374787222222224, 2.3090075 ], [ -53.374787124561273, 2.309007522018202 ], [ -53.315623055555555, 2.322346388888889 ], [ -53.235342222222222, 2.259148888888889 ], [ -53.231853377150038, 2.244109366667059 ], [ -53.220462222222224, 2.195005 ], [ -53.21558656914241, 2.195223144753222 ], [ -53.215290555555555, 2.195236388888889 ], [ -53.202686230899623, 2.195800937896983 ], [ -53.1743775, 2.197068888888889 ], [ -53.148483670050368, 2.198227795925355 ], [ -53.109532222222221, 2.199971111111111 ], [ -53.009876134744829, 2.168412525920507 ], [ -53.003168424595181, 2.166288362233672 ], [ -53.003168333333335, 2.166288333333333 ], [ -52.989390394896716, 2.164759853261409 ], [ -52.93961116334178, 2.159237505794302 ], [ -52.939611111111113, 2.1592375 ], [ -52.898364166666667, 2.18998 ], [ -52.883786145914875, 2.226619356971145 ], [ -52.883786111111114, 2.226619444444444 ], [ -52.850760833333332, 2.262676388888889 ], [ -52.85076083134161, 2.262676389555531 ], [ -52.786297222222224, 2.284252777777778 ], [ -52.676741944444444, 2.351611111111111 ], [ -52.652411388888886, 2.377818333333333 ], [ -52.652411380500645, 2.377818352081209 ], [ -52.639765833333335, 2.406081388888889 ], [ -52.639765817198864, 2.406081403144536 ], [ -52.612133055555553, 2.430496388888889 ], [ -52.60457, 2.457233888888889 ], [ -52.580689417166496, 2.472551436154934 ], [ -52.57201, 2.478118611111111 ], [ -52.561524170374938, 2.494468340356297 ], [ -52.556113888888888, 2.502904166666667 ], [ -52.553870285083285, 2.515356362657814 ], [ -52.547958611111113, 2.548166666666666 ], [ -52.535414444444442, 2.573057222222222 ], [ -52.535797722978415, 2.594431599639639 ], [ -52.536019444444442, 2.606796388888889 ], [ -52.530236111111108, 2.630216111111111 ], [ -52.50406231897886, 2.664174260579575 ], [ -52.493454722222225, 2.677936666666667 ], [ -52.484700833333335, 2.741724166666667 ], [ -52.462152577407601, 2.773435145207819 ], [ -52.449536388888887, 2.791178055555556 ], [ -52.445241594946886, 2.804269045451711 ], [ -52.430926111111113, 2.847904166666666 ], [ -52.412899787716519, 2.860798265924487 ], [ -52.3948325, 2.873721666666667 ], [ -52.379030555555559, 2.895130833333333 ], [ -52.367069452781521, 2.953752736917407 ], [ -52.367069444444446, 2.953752777777778 ], [ -52.328635590172468, 3.051980744860582 ], [ -52.328635555555557, 3.051980833333333 ], [ -52.328126609848674, 3.067767382284928 ], [ -52.328038337159619, 3.070505436871355 ], [ -52.328038333333332, 3.070505555555556 ], [ -52.341943599805994, 3.108041636149462 ], [ -52.341943611111112, 3.108041666666667 ], [ -52.331486944444443, 3.171766666666667 ], [ -52.303056777173524, 3.177931803594853 ], [ -52.297653055555557, 3.179103611111111 ], [ -52.293412992960228, 3.187433791576116 ], [ -52.283302222222225, 3.207297777777778 ], [ -52.272237281550808, 3.21943382274419 ], [ -52.251949444444442, 3.241685555555556 ], [ -52.238415, 3.244618611111111 ], [ -52.234697066822669, 3.239486472244236 ], [ -52.227160037395727, 3.229082551620094 ], [ -52.22716, 3.2290825 ], [ -52.223321512426772, 3.228957972794566 ], [ -52.218768888888889, 3.228810277777778 ], [ -52.206198243762614, 3.237981385378828 ], [ -52.2032825, 3.240108611111111 ], [ -52.188806531829265, 3.264359908823141 ], [ -52.158863055555557, 3.314523611111111 ], [ -52.106453888888886, 3.427441666666667 ], [ -52.106453831400216, 3.427441737059186 ], [ -52.043434444444443, 3.504606388888889 ], [ -52.002446944444443, 3.575742222222222 ], [ -51.972210574084123, 3.677537160075378 ], [ -51.9727, 3.6772 ], [ -51.931, 3.7209 ], [ -51.9079, 3.7606 ], [ -51.82509392081873, 3.820644218553241 ], [ -51.823498664824683, 3.821801980452839 ], [ -51.7846, 3.8795 ], [ -51.7711, 3.9296 ], [ -51.7551, 3.9561 ], [ -51.7357, 3.9824 ], [ -51.73536540358122, 3.982589378176106 ], [ -51.735288138737552, 3.982694331453561 ], [ -51.735288055555557, 3.982694444444444 ], [ -51.696220044442349, 4.004774855511794 ], [ -51.6477, 4.0502 ], [ -51.6295, 4.0917 ], [ -51.6076, 4.1921 ], [ -51.6059, 4.2647 ], [ -51.6045, 4.3195 ], [ -51.5999, 4.4606 ], [ -51.5169, 4.4305 ], [ -51.5313, 4.404 ], [ -51.546, 4.3169 ], [ -51.545877761031797, 4.316386508707044 ], [ -51.545708055555558, 4.3177825 ], [ -51.531851945907583, 4.397903246898825 ], [ -51.530745851994268, 4.404299058762768 ], [ -51.530745833333334, 4.404299166666667 ], [ -51.516473888888889, 4.430823333333334 ], [ -51.516473826655904, 4.430823331222024 ], [ -51.506232360022224, 4.430475880330914 ], [ -51.49462888888889, 4.430082222222222 ], [ -51.459181950909048, 4.410795822638176 ], [ -51.448384166666663, 4.404920833333334 ], [ -51.314583093914209, 4.284110590189937 ], [ -51.314583055555559, 4.284110555555555 ], [ -51.2597125, 4.216535277777778 ], [ -51.2151575, 4.142575555555555 ], [ -51.215157485863578, 4.142575523809602 ], [ -51.214679222823584, 4.141501495135147 ], [ -51.1839275, 4.072442777777778 ], [ -51.182854427392414, 4.067242697275955 ], [ -51.158338611111112, 3.948439722222222 ], [ -51.158179329130959, 3.94766798040826 ], [ -51.0828, 3.8952 ], [ -51.090327962782474, 3.890088909479262 ], [ -51.082376666666669, 3.895477777777778 ], [ -51.075604424581435, 3.888212919944498 ], [ -51.067781388888889, 3.879820833333333 ], [ -51.047449166666667, 3.835334166666667 ], [ -51.047449181184987, 3.835334087643031 ], [ -51.050968637453593, 3.816177586056681 ], [ -51.061903333333333, 3.756659722222222 ], [ -51.064793815823897, 3.671789953103924 ], [ -51.065341388888889, 3.655712222222223 ], [ -51.054746944444446, 3.522286666666667 ], [ -51.055528879316682, 3.506979490424542 ], [ -51.059728888888891, 3.42476 ], [ -51.059016944444444, 3.396101944444444 ], [ -51.004013611111112, 3.183710833333333 ], [ -51.004225053352762, 3.154941075235707 ], [ -51.004483888888892, 3.119722777777778 ], [ -50.995584332088747, 3.078134041629588 ], [ -50.988511111111109, 3.04508 ], [ -50.960285, 2.985188333333333 ], [ -50.953642222222221, 2.932755277777778 ], [ -50.9222275, 2.867708888888889 ], [ -50.920282521902095, 2.860645420171058 ], [ -50.907250277777777, 2.813316944444444 ], [ -50.881193442948131, 2.790294174687319 ], [ -50.879520277777779, 2.788815833333333 ], [ -50.877394784696385, 2.784711589190348 ], [ -50.865321388888887, 2.761398333333333 ], [ -50.859285284801174, 2.740988357081662 ], [ -50.859285277777779, 2.740988333333333 ], [ -50.859613916414474, 2.737044082547028 ], [ -50.86208388888889, 2.7074 ], [ -50.85975252809957, 2.701566181425317 ], [ -50.8597525, 2.701566111111111 ], [ -50.827983888888888, 2.622066388888889 ], [ -50.823817451902208, 2.595817802442346 ], [ -50.82106, 2.578445833333333 ], [ -50.820571961421635, 2.575369869181426 ], [ -50.819654166666666, 2.569585277777778 ], [ -50.796005, 2.523335555555556 ], [ -50.775228055555559, 2.491629722222222 ], [ -50.76786435515919, 2.480393410027028 ], [ -50.75765361111111, 2.464812777777778 ], [ -50.757653600663978, 2.464812698826621 ], [ -50.745568611111111, 2.373483888888889 ], [ -50.737492519867246, 2.354286381626647 ], [ -50.722086944444442, 2.317666111111111 ], [ -50.715947124826705, 2.303072255347672 ], [ -50.698876111111112, 2.262495833333333 ], [ -50.677730555555556, 2.191081388888889 ], [ -50.682244722222222, 2.155871944444444 ], [ -50.709573690763918, 2.141259633825489 ], [ -50.733896388888887, 2.128254722222222 ], [ -50.73862472222222, 2.125726666666667 ], [ -50.751133888888887, 2.102562222222222 ], [ -50.753760833333331, 2.082295833333333 ], [ -50.756454961225202, 2.061514225238319 ], [ -50.757872222222225, 2.050581944444445 ], [ -50.753228333333333, 2.038643333333333 ], [ -50.753228297034575, 2.038643325479006 ], [ -50.744551393965615, 2.036765816943137 ], [ -50.734896388888892, 2.034676666666666 ], [ -50.717325555818036, 2.109874998876662 ], [ -50.717325555555554, 2.109875 ], [ -50.663343055555558, 2.118208333333333 ], [ -50.66301138888889, 2.118134444444444 ], [ -50.662978736922256, 2.118073994181883 ], [ -50.662970277777781, 2.118058333333333 ], [ -50.636683888888889, 2.112283055555555 ], [ -50.621944600503859, 2.102739662786142 ], [ -50.603815, 2.091001111111111 ], [ -50.589333888888888, 2.072006388888889 ], [ -50.568954458039101, 1.977058118893395 ], [ -50.568954444444444, 1.977058055555555 ], [ -50.527574721956093, 1.932738384372677 ], [ -50.5170725, 1.92149 ], [ -50.517072487128395, 1.921489973834145 ], [ -50.48088222222222, 1.847921111111111 ], [ -50.454830555555553, 1.823503611111111 ], [ -50.423693971584584, 1.820645478692458 ], [ -50.397945555555559, 1.818281944444444 ], [ -50.365486150477921, 1.82483212956431 ], [ -50.34051, 1.829872222222222 ], [ -50.215338055555556, 1.808949722222222 ], [ -50.176396944444441, 1.819455833333333 ], [ -50.151031111111109, 1.825356111111111 ], [ -50.1143175, 1.819104444444444 ], [ -50.049645928065786, 1.781150573753531 ], [ -49.977673333333335, 1.738911944444445 ], [ -49.898464166666663, 1.647156388888889 ], [ -49.883354444444443, 1.596195277777778 ], [ -49.875773611111114, 1.365484444444445 ], [ -49.878282839550998, 1.354342589079738 ], [ -49.879475833333331, 1.349045277777778 ], [ -49.880185917016895, 1.348109612079899 ], [ -49.901701991704037, 1.250345328017616 ], [ -49.901314166666666, 1.250234722222222 ], [ -49.892907554653235, 1.229486540276091 ], [ -49.888883333333332, 1.219554444444444 ], [ -49.893300275584252, 1.201441665454997 ], [ -49.896616944444446, 1.187840833333333 ], [ -49.905238844919459, 1.177718014576352 ], [ -49.931485555555554, 1.146902222222222 ], [ -49.960079444444446, 1.092300555555556 ], [ -49.978316597720351, 1.078023819397035 ], [ -49.991052222222223, 1.068053888888889 ], [ -50.033539166666664, 1.050902777777778 ], [ -50.0513325, 1.024743333333333 ], [ -50.08282361111111, 0.978439444444444 ], [ -50.117035833333333, 0.957651944444444 ], [ -50.176086377907204, 0.923916193710823 ], [ -50.200751388888889, 0.909825 ], [ -50.231769166666666, 0.883881111111111 ], [ -50.248626107790194, 0.885307278423169 ], [ -50.263554403761013, 0.88657027433579 ], [ -50.263554444444445, 0.886570277777778 ], [ -50.273680601791696, 0.894831976360794 ], [ -50.297891388888885, 0.914585 ], [ -50.29789137722117, 0.914584919349519 ], [ -50.290033874624356, 0.860271680137775 ], [ -50.286884444444446, 0.838501944444444 ], [ -50.307709444444441, 0.763422777777778 ], [ -50.323056759509655, 0.745131714222467 ], [ -50.359993888888887, 0.701109722222222 ], [ -50.400814244948506, 0.676628426803399 ], [ -50.426668055555552, 0.661123055555556 ], [ -50.463217513022812, 0.625348034185849 ], [ -50.471660555555559, 0.617083888888889 ], [ -50.518701944444445, 0.507451111111111 ], [ -50.518701990501647, 0.50745103545871 ], [ -50.57703966042537, 0.411627045950397 ], [ -50.577039722222224, 0.411626944444444 ], [ -50.605627109904091, 0.379622901757433 ], [ -50.660447777777776, 0.318250277777778 ], [ -50.682752777777779, 0.302103888888889 ], [ -50.69667611111111, 0.279765277777778 ], [ -50.696676068303056, 0.279765248199905 ], [ -50.611434166666669, 0.220868055555556 ], [ -50.57744, 0.1909875 ], [ -50.577391147049049, 0.190971021822098 ], [ -50.57737, 0.190963888888889 ], [ -50.577171388888885, 0.191091944444444 ], [ -50.527371944444447, 0.174405555555556 ], [ -50.476301384708897, 0.150881513071542 ], [ -50.4529575, 0.140128888888889 ], [ -50.45288027777778, 0.140015277777778 ], [ -50.435303888888889, 0.114336944444444 ], [ -50.434783888888887, 0.114308888888889 ], [ -50.434783885021623, 0.114308885234171 ], [ -50.409169219797178, 0.090101994654918 ], [ -50.409169166666665, 0.090101944444444 ], [ -50.359136388888892, 0.0263025 ], [ -50.330475938312198, -0.022722355318095 ], [ -50.324077777777781, -0.033666666666667 ], [ -50.326956111111109, -0.076402777777778 ], [ -50.327118258849701, -0.078812130724716 ], [ -50.32725565255668, -0.080852238611024 ], [ -50.324337824669193, -0.081309014175931 ], [ -50.3214075, -0.081767777777778 ], [ -50.319831944444445, -0.082015 ], [ -50.313902028009323, -0.082943042477504 ], [ -50.313901944444446, -0.082943055555556 ], [ -50.311930270701282, -0.092684774427972 ], [ -50.308075277777775, -0.111731666666667 ], [ -50.296499722222222, -0.117134166666667 ], [ -50.276135833333335, -0.109340555555556 ], [ -50.185910555555559, -0.120506666666667 ], [ -50.08565, -0.146089166666667 ], [ -50.00617861111111, -0.166361944444444 ], [ -49.882631154301592, -0.18065667992014 ], [ -49.859389166666666, -0.183345833333333 ], [ -49.856502478483634, -0.183679867121319 ], [ -49.848046666666669, -0.184658333333333 ], [ -49.799245277777779, -0.193713055555556 ], [ -49.723156207566475, -0.229186356253499 ], [ -49.71022138888889, -0.235216666666667 ], [ -49.67006138888889, -0.253935833333333 ], [ -49.547025833333336, -0.234119444444444 ], [ -49.521823888888889, -0.229301388888889 ], [ -49.455928888888891, -0.216704444444444 ], [ -49.399366944444445, -0.231865833333333 ], [ -49.37884972222222, -0.210285555555556 ], [ -49.363851767372637, -0.194510667382034 ], [ -49.3543175, -0.1844825 ], [ -49.310035, -0.162294722222222 ], [ -49.209381990785204, -0.149403094733631 ], [ -49.203959722222223, -0.148708611111111 ], [ -49.203959688858617, -0.148708612124494 ], [ -49.17379861111111, -0.149624722222222 ], [ -49.104038055555556, -0.171906666666667 ], [ -49.03728120432735, -0.167673454243756 ], [ -48.99649251561835, -0.165086945434841 ], [ -48.9964925, -0.165086944444444 ], [ -48.966843611111109, -0.182785833333333 ], [ -48.966843554919684, -0.182785887451893 ], [ -48.954482581642473, -0.194690871781538 ], [ -48.932627250394098, -0.215739972867372 ], [ -48.932627222222223, -0.21574 ], [ -48.926097824542673, -0.217309871380307 ], [ -48.892667777777781, -0.2253475 ], [ -48.81314722222222, -0.202557222222222 ], [ -48.789381421742306, -0.210791581199295 ], [ -48.786593611111108, -0.2117575 ], [ -48.75212, -0.236311388888889 ], [ -48.747255673133104, -0.238575225830117 ], [ -48.714046666666668, -0.254030555555556 ], [ -48.713316213529218, -0.254370036496755 ], [ -48.712923611111108, -0.2545525 ], [ -48.710121533775038, -0.255856452432352 ], [ -48.705443611111114, -0.258033333333333 ], [ -48.674079722222224, -0.262175833333333 ], [ -48.61116472222222, -0.233848888888889 ], [ -48.61116459484802, -0.233848895807749 ], [ -48.573245833333331, -0.235908611111111 ], [ -48.536831388659515, -0.23788697597677 ], [ -48.523845277777781, -0.2385925 ], [ -48.50026657387091, -0.239873251173173 ], [ -48.472189722222225, -0.241398333333333 ], [ -48.461259549777104, -0.244833665824093 ], [ -48.419028055555557, -0.258106944444444 ], [ -48.384654444444443, -0.285995833333333 ], [ -48.077971388888891, -0.472898611111111 ], [ -47.86749833333333, -0.601662777777778 ], [ -47.86242456851884, -0.604679539006643 ], [ -47.852665334872164, -0.61048218827502 ], [ -47.852665277777781, -0.610482222222222 ], [ -47.854536104833457, -0.621911643757225 ], [ -47.8567625, -0.635513333333333 ], [ -47.862917550445076, -0.645778787959372 ], [ -47.881463055555557, -0.676709166666667 ], [ -47.880384187113933, -0.683073588268009 ], [ -47.87860638888889, -0.693561111111111 ], [ -47.865151111111111, -0.6922775 ], [ -47.835969166666665, -0.669657222222222 ], [ -47.824923055555558, -0.636447222222222 ], [ -47.819263068391642, -0.625920590904794 ], [ -47.814273055555553, -0.61664 ], [ -47.816280277777778, -0.571311666666667 ], [ -47.812721477270173, -0.56795910701269 ], [ -47.811103611111108, -0.566435 ], [ -47.794595, -0.575303611111111 ], [ -47.798593888888888, -0.596981666666667 ], [ -47.782085336086517, -0.605849135346481 ], [ -47.782085277777774, -0.605849166666667 ], [ -47.7679475, -0.638117222222222 ], [ -47.75966833333333, -0.641712222222222 ], [ -47.7526175, -0.630183888888889 ], [ -47.752146265585587, -0.614307065910184 ], [ -47.751026666666668, -0.576585555555556 ], [ -47.723417619623426, -0.550575946026782 ], [ -47.7234175, -0.550575833333333 ], [ -47.701483611111108, -0.546193055555556 ], [ -47.701483595641641, -0.546193159323326 ], [ -47.691695, -0.611854166666667 ], [ -47.691694999301284, -0.611854166571315 ], [ -47.686121966529399, -0.611093629535449 ], [ -47.681590833333331, -0.610475277777778 ], [ -47.667539166666664, -0.589096944444444 ], [ -47.650880929418591, -0.592938311176204 ], [ -47.650880833333332, -0.592938333333333 ], [ -47.641373333333334, -0.611654722222222 ], [ -47.638808611111109, -0.673034444444444 ], [ -47.638732636676238, -0.674850776112475 ], [ -47.638730833333334, -0.674893888888889 ], [ -47.64549569537904, -0.688807308710233 ], [ -47.654250833333336, -0.706814166666667 ], [ -47.661251379739241, -0.710596228421474 ], [ -47.686633333333333, -0.724308888888889 ], [ -47.6853025, -0.736080555555556 ], [ -47.6853024078804, -0.73608054988315 ], [ -47.670375277777779, -0.735161388888889 ], [ -47.64981539297856, -0.727056434302428 ], [ -47.649815277777776, -0.727056388888889 ], [ -47.641847891447007, -0.719990604265619 ], [ -47.620538055555556, -0.701092222222222 ], [ -47.608551388010888, -0.698466814254572 ], [ -47.593527222222221, -0.695176111111111 ], [ -47.593527225298274, -0.695176017877202 ], [ -47.594412777777777, -0.668335277777778 ], [ -47.577248611111109, -0.598451111111111 ], [ -47.553986666666667, -0.605836666666667 ], [ -47.53619888888889, -0.6281425 ], [ -47.533541804795988, -0.642604115756173 ], [ -47.531865277777776, -0.651728888888889 ], [ -47.53186522876949, -0.651728938732877 ], [ -47.521078972890493, -0.662699125266072 ], [ -47.49115722222222, -0.693131111111111 ], [ -47.469763888888892, -0.764124722222222 ], [ -47.451460327717612, -0.771312187382059 ], [ -47.428310277777776, -0.780402777777778 ], [ -47.428310241734039, -0.780402826956581 ], [ -47.405730277777778, -0.811211388888889 ], [ -47.398480419713927, -0.830362661544936 ], [ -47.394830597725019, -0.840004055271544 ], [ -47.394830555555558, -0.840004166666667 ], [ -47.391238938523571, -0.842193869082637 ], [ -47.383294722222224, -0.847037222222222 ], [ -47.381802678784567, -0.845630970531253 ], [ -47.376396111111113, -0.840535277777778 ], [ -47.378280833333335, -0.790225833333333 ], [ -47.383842353815034, -0.7834260872599 ], [ -47.39933111111111, -0.764488888888889 ], [ -47.405689372097626, -0.74622794278274 ], [ -47.411705555555557, -0.728949444444444 ], [ -47.424999751136987, -0.718166392375744 ], [ -47.439553888888888, -0.706361388888889 ], [ -47.44024222191991, -0.672833348058747 ], [ -47.440242222222224, -0.672833333333333 ], [ -47.454384166666664, -0.640587777777778 ], [ -47.448861388888886, -0.623995277777778 ], [ -47.443774230180061, -0.61989225287372 ], [ -47.436834444444443, -0.614295 ], [ -47.420225, -0.619806944444444 ], [ -47.420224995933175, -0.619806953206056 ], [ -47.412341944444442, -0.636790277777778 ], [ -47.414710277777779, -0.660175833333333 ], [ -47.40667025679474, -0.674499106418873 ], [ -47.405150277777778, -0.677206944444444 ], [ -47.376464166666665, -0.671341388888889 ], [ -47.368771866452995, -0.66438746815346 ], [ -47.33338361111111, -0.632396111111111 ], [ -47.30095, -0.613243611111111 ], [ -47.294054632438595, -0.614367797614704 ], [ -47.275912777777776, -0.617325555555556 ], [ -47.266993801799323, -0.64692956922328 ], [ -47.266749722222222, -0.647739722222222 ], [ -47.266749717660957, -0.647739726515886 ], [ -47.2520625, -0.661565277777778 ], [ -47.240353802333821, -0.66442977560896 ], [ -47.228750024577053, -0.667268605098408 ], [ -47.22875, -0.667268611111111 ], [ -47.209429722222225, -0.694624166666667 ], [ -47.209689592896076, -0.70345146543971 ], [ -47.209725277777778, -0.704663611111111 ], [ -47.231903888888887, -0.717416944444444 ], [ -47.228460335699829, -0.727471855566366 ], [ -47.227269477963276, -0.730949068794254 ], [ -47.227269444444445, -0.730949166666667 ], [ -47.197252777777777, -0.736842222222222 ], [ -47.197252711695931, -0.736842152224942 ], [ -47.19510581021602, -0.734568044178622 ], [ -47.169555277777775, -0.707503611111111 ], [ -47.15950117682236, -0.707794998095563 ], [ -47.159501111111112, -0.707795 ], [ -47.158251388888885, -0.714586666666667 ], [ -47.157823726655351, -0.716909410313443 ], [ -47.157305833333332, -0.719722222222222 ], [ -47.166295277777778, -0.767877777777778 ], [ -47.150786666666669, -0.804433888888889 ], [ -47.140723333333334, -0.807766111111111 ], [ -47.137199444444441, -0.807429722222222 ], [ -47.136033323241911, -0.791016457131284 ], [ -47.134454722222223, -0.7687975 ], [ -47.127479327556365, -0.755830887557741 ], [ -47.120263888888886, -0.742418055555556 ], [ -47.125837499335219, -0.703747782390108 ], [ -47.1258375, -0.703747777777778 ], [ -47.111941388888887, -0.694628611111111 ], [ -47.108007595376563, -0.694091302567187 ], [ -47.106029444444445, -0.693821111111111 ], [ -47.100707869469666, -0.696369673756203 ], [ -47.095557777777778, -0.698836111111111 ], [ -47.093899461743142, -0.702032424484151 ], [ -47.093655, -0.702503611111111 ], [ -47.087971944444448, -0.785205833333333 ], [ -47.077217777777776, -0.818998055555556 ], [ -47.087009166666668, -0.8672675 ], [ -47.087009156886282, -0.867267564206503 ], [ -47.087006576451664, -0.867284504303094 ], [ -47.084191666666669, -0.885763888888889 ], [ -47.082432568587102, -0.88514582560298 ], [ -47.0621625, -0.878023888888889 ], [ -47.046205014846777, -0.848348083165802 ], [ -47.046205, -0.848348055555556 ], [ -47.041417766899748, -0.845177835485507 ], [ -47.017131666666664, -0.829095 ], [ -47.016497502110496, -0.807351739028207 ], [ -47.0164975, -0.807351666666667 ], [ -46.987325277777778, -0.7847575 ], [ -46.984849179984842, -0.767202827946593 ], [ -46.980976673533682, -0.739748104240347 ], [ -46.980976666666663, -0.739748055555556 ], [ -46.9740775, -0.733252222222222 ], [ -46.964151112218886, -0.734961063946001 ], [ -46.96239527777778, -0.735263333333333 ], [ -46.9510575, -0.748980277777778 ], [ -46.954101944444446, -0.795755833333333 ], [ -46.941252165045384, -0.827262691056673 ], [ -46.930619722222225, -0.853332777777778 ], [ -46.932635, -0.864990277777778 ], [ -46.932635002757578, -0.86499028002721 ], [ -46.958404444444447, -0.886011111111111 ], [ -46.943708611111113, -0.899820277777778 ], [ -46.928065469040845, -0.894571824699407 ], [ -46.911528055555557, -0.889023333333333 ], [ -46.895086666666664, -0.842635555555556 ], [ -46.884646126977948, -0.833322731017879 ], [ -46.862369444444447, -0.813452222222222 ], [ -46.854019949926872, -0.774788180860949 ], [ -46.852673055555556, -0.768551111111111 ], [ -46.852673038275555, -0.768551111608545 ], [ -46.837590907100342, -0.768985275654273 ], [ -46.83759083333333, -0.768985277777778 ], [ -46.826640833333336, -0.796071111111111 ], [ -46.831511465265201, -0.815917902336568 ], [ -46.838058333333336, -0.842595 ], [ -46.830669971677352, -0.856814996016777 ], [ -46.822173611111111, -0.8731675 ], [ -46.82705801502923, -0.930801494674979 ], [ -46.827266111111108, -0.933256944444444 ], [ -46.827266106922551, -0.933256944563421 ], [ -46.813858888888888, -0.933637777777778 ], [ -46.79839, -0.920693333333333 ], [ -46.794311572048628, -0.909076857046087 ], [ -46.785594725425781, -0.884248898013508 ], [ -46.785594722222221, -0.884248888888889 ], [ -46.773669722222223, -0.877896944444444 ], [ -46.742167222222221, -0.890506111111111 ], [ -46.72991833333333, -0.931003055555556 ], [ -46.723947461204148, -0.931920228198897 ], [ -46.71656, -0.933055 ], [ -46.716559989043382, -0.933054952516286 ], [ -46.713965864670641, -0.921812556792104 ], [ -46.712725277777778, -0.916436111111111 ], [ -46.714937954003702, -0.909120429430137 ], [ -46.721911388888891, -0.886064444444444 ], [ -46.719365520786596, -0.867196880202887 ], [ -46.717639166666665, -0.854402777777778 ], [ -46.697431978978841, -0.851633893620955 ], [ -46.697431944444446, -0.851633888888889 ], [ -46.689526995567618, -0.861386196090303 ], [ -46.687716111111108, -0.863620277777778 ], [ -46.679703917941396, -0.868222318326963 ], [ -46.644820555555555, -0.888258611111111 ], [ -46.641075836252682, -0.894634121641463 ], [ -46.636828055555554, -0.901866111111111 ], [ -46.6662825, -0.934480833333333 ], [ -46.698654166666664, -0.951963333333333 ], [ -46.705791111111111, -0.966815555555555 ], [ -46.701003888888891, -0.975314722222222 ], [ -46.646749166666666, -0.955105555555556 ], [ -46.58838027777778, -0.966790555555556 ], [ -46.588380193606611, -0.966790476287853 ], [ -46.572864444444441, -0.952178611111111 ], [ -46.563185555555556, -0.9073025 ], [ -46.561088593751293, -0.907361989510593 ], [ -46.553129772925701, -0.907587776339351 ], [ -46.553129722222224, -0.907587777777778 ], [ -46.552964755057765, -0.917442892382029 ], [ -46.55251361111111, -0.944394166666667 ], [ -46.548257004115591, -0.945368524514015 ], [ -46.544181785820868, -0.946301497737073 ], [ -46.544181702586648, -0.946301380666632 ], [ -46.544181666666667, -0.946301388888889 ], [ -46.532353122726832, -0.929664268350599 ], [ -46.530197274867142, -0.926632018490744 ], [ -46.53019722222222, -0.926631944444444 ], [ -46.518887777777778, -0.883479166666667 ], [ -46.506770833333334, -0.870447222222222 ], [ -46.489781914025357, -0.873361628074579 ], [ -46.471722222222219, -0.876459722222222 ], [ -46.466990090334669, -0.872902943846429 ], [ -46.446004166666668, -0.857129444444444 ], [ -46.427569444444444, -0.857653333333333 ], [ -46.419673611111108, -0.874595277777778 ], [ -46.430939828422424, -0.88870607408752 ], [ -46.440555833333335, -0.90075 ], [ -46.442483965117113, -0.901643431846433 ], [ -46.471155555555555, -0.914928888888889 ], [ -46.478532777777779, -0.938126666666667 ], [ -46.478252933176833, -0.962687395322796 ], [ -46.478056388888888, -0.979937222222222 ], [ -46.483868774517013, -0.992670586014699 ], [ -46.492372777777781, -1.011300555555556 ], [ -46.504073959360632, -1.017241507988705 ], [ -46.511095277777777, -1.020806388888889 ], [ -46.527915867192462, -1.011156166491042 ], [ -46.532548055555559, -1.008498611111111 ], [ -46.532548108046733, -1.008498631199495 ], [ -46.537940467815062, -1.010562288408988 ], [ -46.552898333333331, -1.016286666666667 ], [ -46.554768554781752, -1.029598242858372 ], [ -46.555004431247767, -1.031277128292966 ], [ -46.555004444444442, -1.031277222222222 ], [ -46.547634359568093, -1.047079143613031 ], [ -46.54552167192292, -1.051608877619149 ], [ -46.545521666666666, -1.051608888888889 ], [ -46.544484647640033, -1.051786339571255 ], [ -46.533836944444445, -1.053608333333333 ], [ -46.50328833333333, -1.041088888888889 ], [ -46.476471987937295, -1.0418411098911 ], [ -46.476471944444441, -1.041841111111111 ], [ -46.470027869429558, -1.036129884727522 ], [ -46.4472175, -1.015913611111111 ], [ -46.426921734447355, -1.011458157934496 ], [ -46.420211126826089, -1.00998500344985 ], [ -46.420211111111108, -1.009985 ], [ -46.405652222222223, -1.028781666666667 ], [ -46.410667975509853, -1.036093752694135 ], [ -46.421403055555558, -1.051743611111111 ], [ -46.425373333333333, -1.073363888888889 ], [ -46.413736944444445, -1.077033055555556 ], [ -46.406197247565487, -1.071121586498275 ], [ -46.39315, -1.060891944444444 ], [ -46.380131111111112, -1.016125833333333 ], [ -46.366628055555559, -1.013161944444444 ], [ -46.363038462441587, -1.016193232173985 ], [ -46.358439444444443, -1.020076944444444 ], [ -46.355544353842703, -1.019918178194428 ], [ -46.338279722222225, -1.018971388888889 ], [ -46.330138888888889, -1.027556388888889 ], [ -46.331944166666666, -1.091016111111111 ], [ -46.326685057182246, -1.095455067786912 ], [ -46.323754166666667, -1.097928888888889 ], [ -46.323754102531147, -1.097928854713365 ], [ -46.311832228959325, -1.091576114701073 ], [ -46.311832222222222, -1.091576111111111 ], [ -46.31371166666667, -1.039715 ], [ -46.288241737354433, -0.999244946788572 ], [ -46.278571944444444, -0.983880277777778 ], [ -46.276129722222223, -0.957211666666667 ], [ -46.228053055555556, -0.918463055555555 ], [ -46.212874166666666, -0.915550277777778 ], [ -46.212874164663731, -0.915550304823738 ], [ -46.21058701917007, -0.946434060422218 ], [ -46.208038333333334, -0.980849444444444 ], [ -46.212566131868343, -0.991747547241087 ], [ -46.222448333333332, -1.015533333333333 ], [ -46.221723161180144, -1.034426190940177 ], [ -46.220522222222222, -1.065714166666667 ], [ -46.277707001271679, -1.166676713753445 ], [ -46.287611666666663, -1.184163888888889 ], [ -46.287611677730361, -1.184163953127601 ], [ -46.291621944444444, -1.207448611111111 ], [ -46.2784, -1.214498055555556 ], [ -46.266386666666669, -1.2048025 ], [ -46.223476388888891, -1.110745833333333 ], [ -46.179443888888891, -1.036786111111111 ], [ -46.160960833333334, -1.035632222222222 ], [ -46.158593845645427, -1.043433578128934 ], [ -46.15636, -1.050796111111111 ], [ -46.193875, -1.131617222222222 ], [ -46.195151498374599, -1.140312028019311 ], [ -46.198028051051708, -1.159905524877846 ], [ -46.198028055555554, -1.159905555555556 ], [ -46.19362660031927, -1.160577550218049 ], [ -46.184666388888886, -1.161945555555556 ], [ -46.169063888888886, -1.143998888888889 ], [ -46.13337, -1.0681425 ], [ -46.133369976834494, -1.068142482583594 ], [ -46.113027654969393, -1.052848618234277 ], [ -46.090521666666667, -1.035928055555555 ], [ -46.075081466847386, -1.039454354129075 ], [ -46.0738575, -1.039733888888889 ], [ -46.073972275730441, -1.040551438479343 ], [ -46.075959722222223, -1.054708055555555 ], [ -46.096515114447072, -1.07663270692524 ], [ -46.101905555555554, -1.082382222222222 ], [ -46.101448657344996, -1.086602261497875 ], [ -46.093924166666667, -1.156100555555555 ], [ -46.097665364138869, -1.161554837574977 ], [ -46.103853611111113, -1.170576666666667 ], [ -46.141147222222223, -1.224958333333333 ], [ -46.150508888888886, -1.259783611111111 ], [ -46.149671388888891, -1.289876388888889 ], [ -46.127206388888887, -1.360197222222222 ], [ -46.126791249904677, -1.364802405571259 ], [ -46.126770836727069, -1.365028925516737 ], [ -46.127910277777779, -1.377326666666667 ], [ -46.128780630259541, -1.386731617497921 ], [ -46.131303597966408, -1.413994580181717 ], [ -46.131303611111115, -1.413994722222222 ], [ -46.122990487943284, -1.402579114999025 ], [ -46.112578333333332, -1.388281111111111 ], [ -46.10855073599771, -1.380332346577369 ], [ -46.106365833333335, -1.376020277777778 ], [ -46.102935705161414, -1.365677578673365 ], [ -46.100009444444446, -1.356854166666667 ], [ -46.099766585853061, -1.35527450556207 ], [ -46.098323333333333, -1.345886944444444 ], [ -46.099196993714386, -1.340814674401504 ], [ -46.100133888888891, -1.335375277777778 ], [ -46.120348092991954, -1.303297012546485 ], [ -46.129510537050088, -1.28875697381109 ], [ -46.129510555555555, -1.288756944444444 ], [ -46.128118005002356, -1.275541107358447 ], [ -46.124947222222225, -1.245449166666667 ], [ -46.074936944444445, -1.196711111111111 ], [ -46.074733575591466, -1.194290479264376 ], [ -46.072416944444441, -1.166716388888889 ], [ -46.057961469855279, -1.134725655248126 ], [ -46.04558224241476, -1.107329766909386 ], [ -46.045582222222222, -1.107329722222222 ], [ -46.028277777777781, -1.101248611111111 ], [ -46.028277713803355, -1.101248634332617 ], [ -46.026196502516477, -1.10200407466212 ], [ -46.021919166666663, -1.103556666666667 ], [ -46.018585631733487, -1.111628477515841 ], [ -46.017671388888886, -1.113842222222222 ], [ -46.01746416666667, -1.115726944444444 ], [ -46.012140598381102, -1.164129644314841 ], [ -46.007987222222219, -1.201892777777778 ], [ -45.996301666666668, -1.203883611111111 ], [ -45.989410277777779, -1.197393055555556 ], [ -45.98367972222222, -1.172501666666667 ], [ -45.96812527777778, -1.156231388888889 ], [ -45.94997, -1.166750277777778 ], [ -45.949970010823918, -1.166750393300356 ], [ -45.95597541451685, -1.230845447365173 ], [ -45.957148323860125, -1.243363787782275 ], [ -45.957148333333336, -1.243363888888889 ], [ -45.955845, -1.256758055555556 ], [ -45.947603611111113, -1.261992777777778 ], [ -45.947603546643009, -1.261992717051864 ], [ -45.935544444444446, -1.250633611111111 ], [ -45.932923093541952, -1.205088308803283 ], [ -45.93228222222222, -1.193953333333333 ], [ -45.915885833333334, -1.147653611111111 ], [ -45.910094009912328, -1.14329866464567 ], [ -45.907318055555557, -1.141211388888889 ], [ -45.907318035648252, -1.141211391426558 ], [ -45.902615911264505, -1.141810791350494 ], [ -45.890604444444442, -1.143341944444444 ], [ -45.887580833333331, -1.155111666666667 ], [ -45.896757777777779, -1.183241111111111 ], [ -45.893685848499629, -1.193343283458323 ], [ -45.893685833333336, -1.193343333333333 ], [ -45.88588507134186, -1.180592695189098 ], [ -45.879622222222224, -1.170355833333333 ], [ -45.872918055555559, -1.170540555555555 ], [ -45.872918040626324, -1.170540663122421 ], [ -45.870126944444443, -1.190650833333333 ], [ -45.881163611111113, -1.225407222222222 ], [ -45.905095277777775, -1.2414475 ], [ -45.905095279393819, -1.241447557889943 ], [ -45.905095376723118, -1.241447623124759 ], [ -45.905215568349426, -1.24575655698853 ], [ -45.90537472222222, -1.251457777777778 ], [ -45.905374596339442, -1.25145779519071 ], [ -45.895586895728634, -1.252811694154033 ], [ -45.890335833333332, -1.253538055555556 ], [ -45.890335774647184, -1.253538023604456 ], [ -45.886231927432299, -1.251303724138888 ], [ -45.86989638888889, -1.24241 ], [ -45.866776666666667, -1.250841944444445 ], [ -45.883772271200634, -1.270831016393461 ], [ -45.90146027777778, -1.291634444444445 ], [ -45.916777682351565, -1.299566061697768 ], [ -45.916777777777774, -1.299566111111111 ], [ -45.917910982016629, -1.305345726644697 ], [ -45.918731388888887, -1.30953 ], [ -45.916043900918673, -1.312356156395094 ], [ -45.912211944444444, -1.316385833333333 ], [ -45.897264722222225, -1.3218 ], [ -45.886497327146728, -1.317674390046985 ], [ -45.876919166666667, -1.314004444444445 ], [ -45.834046388888886, -1.220018611111111 ], [ -45.816539444444444, -1.193789722222222 ], [ -45.810682750342202, -1.193950289762598 ], [ -45.804806666666664, -1.194111388888889 ], [ -45.796798888888887, -1.207683611111111 ], [ -45.781993888888891, -1.218103888888889 ], [ -45.784321111111112, -1.241406944444444 ], [ -45.79824138888889, -1.2593875 ], [ -45.798241389976774, -1.259387539118209 ], [ -45.798241436159508, -1.259387598771632 ], [ -45.798427043825455, -1.266059646221162 ], [ -45.798426938977684, -1.266059525648076 ], [ -45.798426944444444, -1.266059722222222 ], [ -45.789812265916879, -1.25615280355646 ], [ -45.782831111111108, -1.248124444444444 ], [ -45.740040833333332, -1.157500277777778 ], [ -45.717830277777779, -1.143091388888889 ], [ -45.701069444444443, -1.1435525 ], [ -45.685010555555557, -1.169023888888889 ], [ -45.718301388888889, -1.219843611111111 ], [ -45.727620277017508, -1.228617368731856 ], [ -45.740695555555554, -1.240927777777778 ], [ -45.740974166666668, -1.250934166666667 ], [ -45.696598055555555, -1.283847222222222 ], [ -45.692810378516832, -1.283608090991257 ], [ -45.678114444444446, -1.282680277777778 ], [ -45.662473954432521, -1.263082026573617 ], [ -45.66247388888889, -1.263081944444445 ], [ -45.637613333333334, -1.1536375 ], [ -45.634171541515748, -1.147241947749598 ], [ -45.632304444444443, -1.1437725 ], [ -45.632304401346076, -1.143772501185698 ], [ -45.631290804168458, -1.143800386687045 ], [ -45.620571944444443, -1.144095277777778 ], [ -45.620571840689969, -1.144095405171386 ], [ -45.616792494049726, -1.148735827791334 ], [ -45.610842777777776, -1.156041111111111 ], [ -45.609820555555558, -1.179425833333333 ], [ -45.61459807004826, -1.186647217012565 ], [ -45.632588055555559, -1.213839722222222 ], [ -45.628527409825523, -1.255473655107357 ], [ -45.627366944444447, -1.267371944444444 ], [ -45.637626833059812, -1.29132443860844 ], [ -45.650680833333332, -1.3218 ], [ -45.643311666666669, -1.358706111111111 ], [ -45.6502, -1.365194722222222 ], [ -45.657859600172493, -1.3649885075436 ], [ -45.668637777777775, -1.364698333333333 ], [ -45.671852746784154, -1.363805979278003 ], [ -45.675296944444447, -1.36285 ], [ -45.683126388888887, -1.342616111111111 ], [ -45.683126449705377, -1.342616099329509 ], [ -45.693137667624576, -1.340676688005965 ], [ -45.693137777777778, -1.340676666666667 ], [ -45.694268345961923, -1.349476753046046 ], [ -45.695274166666664, -1.357305833333333 ], [ -45.712403333333334, -1.370194444444444 ], [ -45.712549997527141, -1.370656860844383 ], [ -45.716076944444445, -1.381776944444445 ], [ -45.713860869319433, -1.38443907217569 ], [ -45.704709444444447, -1.3954325 ], [ -45.676305277777779, -1.399532222222222 ], [ -45.654193040007563, -1.39318283033247 ], [ -45.6391075, -1.388851111111111 ], [ -45.626777777777775, -1.367492777777778 ], [ -45.626983888888887, -1.314098333333333 ], [ -45.602779197830159, -1.288059477969422 ], [ -45.602779166666664, -1.288059444444444 ], [ -45.595642982763749, -1.291125052235435 ], [ -45.594490968592211, -1.291619941894619 ], [ -45.594490833333332, -1.29162 ], [ -45.60146479726923, -1.318677619096658 ], [ -45.603885277777778, -1.328068611111111 ], [ -45.603885239493373, -1.32806866487941 ], [ -45.594196388888889, -1.341676111111111 ], [ -45.594196388979256, -1.341676114396777 ], [ -45.594884166666667, -1.366682222222222 ], [ -45.588499444444444, -1.378531388888889 ], [ -45.573321944444444, -1.375601666666667 ], [ -45.578742217768415, -1.328746705167136 ], [ -45.578742222222225, -1.328746666666667 ], [ -45.578307011505458, -1.326634521654619 ], [ -45.57293111111111, -1.300544444444445 ], [ -45.557846111111111, -1.300952222222222 ], [ -45.547610947123459, -1.350694471198486 ], [ -45.547491688901722, -1.3512740586057 ], [ -45.547491666666666, -1.351274166666667 ], [ -45.540740555555558, -1.349787222222222 ], [ -45.537792829202331, -1.344569035229775 ], [ -45.523106111111112, -1.31857 ], [ -45.523106034801344, -1.318570091652294 ], [ -45.511741111111114, -1.33222 ], [ -45.513339980602417, -1.346550977449184 ], [ -45.5139675, -1.352175555555555 ], [ -45.513967540544812, -1.352175638196838 ], [ -45.514622160461435, -1.353509930551058 ], [ -45.522851666666668, -1.370283888888889 ], [ -45.518463611111109, -1.393752777777778 ], [ -45.552536303024795, -1.412857729632789 ], [ -45.552536388888889, -1.412857777777778 ], [ -45.551627667798037, -1.416938325578982 ], [ -45.551041736016934, -1.419569690487921 ], [ -45.55104167192836, -1.419569698594982 ], [ -45.55104166666667, -1.419569722222222 ], [ -45.534324722222223, -1.421684444444445 ], [ -45.526792716122969, -1.417613953289757 ], [ -45.501974722222222, -1.404201666666667 ], [ -45.485569471916037, -1.362884115531326 ], [ -45.480351678198723, -1.349742806821913 ], [ -45.480351666666664, -1.349742777777778 ], [ -45.474325397293427, -1.34648780585367 ], [ -45.44799888888889, -1.332268055555555 ], [ -45.439616517181427, -1.30795723629404 ], [ -45.438883333333337, -1.305830833333333 ], [ -45.438883329655923, -1.305830833128329 ], [ -45.429566976849244, -1.305311475148558 ], [ -45.418722777777781, -1.304706944444444 ], [ -45.414924137277751, -1.312103831857952 ], [ -45.409171111111114, -1.323306388888889 ], [ -45.41670083333333, -1.353118611111111 ], [ -45.449823844066842, -1.37672325314044 ], [ -45.466317478176563, -1.388477206670059 ], [ -45.4663175, -1.388477222222222 ], [ -45.475519166666665, -1.418250833333333 ], [ -45.489293333333336, -1.431225277777778 ], [ -45.485035833383023, -1.459691666334435 ], [ -45.485035833333335, -1.459691666666667 ], [ -45.518788888888892, -1.467133888888889 ], [ -45.515707801480396, -1.47722297794081 ], [ -45.515707777777777, -1.477223055555556 ], [ -45.482498888888891, -1.489778611111111 ], [ -45.471046391145968, -1.523615358543263 ], [ -45.465411944444448, -1.5402625 ], [ -45.463706548995305, -1.541605981048184 ], [ -45.458841111111113, -1.545438888888889 ], [ -45.458841071845136, -1.54543879840947 ], [ -45.45666020400126, -1.540413489656487 ], [ -45.455263333333335, -1.537194722222222 ], [ -45.455813047558721, -1.53068328159143 ], [ -45.461613055555553, -1.461981388888889 ], [ -45.449244444444446, -1.438963333333333 ], [ -45.449244385768537, -1.438963341782655 ], [ -45.439607042136899, -1.440351117757773 ], [ -45.420837777777777, -1.443053888888889 ], [ -45.42083773817231, -1.443054011919625 ], [ -45.410009444444448, -1.476691111111111 ], [ -45.396260093360326, -1.482984774822826 ], [ -45.386811666666667, -1.487309722222222 ], [ -45.386811655945372, -1.487309793804208 ], [ -45.386685657301925, -1.488151038396646 ], [ -45.382549448295961, -1.515766918729335 ], [ -45.382549444444443, -1.515766944444444 ], [ -45.360087820909627, -1.49460485951831 ], [ -45.356728611111109, -1.49144 ], [ -45.356728607097061, -1.491440000606654 ], [ -45.334030755022553, -1.494870387450141 ], [ -45.316631388888887, -1.4975 ], [ -45.301814722222225, -1.507893333333333 ], [ -45.308461126117123, -1.538899429075946 ], [ -45.311408611111112, -1.552649722222222 ], [ -45.346680277777779, -1.616743888888889 ], [ -45.352998888888891, -1.6649275 ], [ -45.367340555555558, -1.699566944444444 ], [ -45.370076111111111, -1.73951 ], [ -45.352118055555557, -1.758312222222222 ], [ -45.323461199745729, -1.758130426472293 ], [ -45.300099444444442, -1.757982222222222 ], [ -45.28020027777778, -1.766827777777778 ], [ -45.249382406382495, -1.830555716874856 ], [ -45.248371388888891, -1.832646388888889 ], [ -45.245958909603921, -1.844615865798981 ], [ -45.240943061805119, -1.869501913437337 ], [ -45.240943055555555, -1.869501944444445 ], [ -45.240734908077741, -1.869660183428313 ], [ -45.239808888888888, -1.870364166666666 ], [ -45.237273938299111, -1.908474395174347 ], [ -45.23462416666667, -1.948310833333333 ], [ -45.235971141865953, -2.007109975852406 ], [ -45.236889444444444, -2.047196388888889 ], [ -45.238522222222223, -2.101759166666667 ], [ -45.235120833333333, -2.193763611111111 ], [ -45.239334722222225, -2.314265833333333 ], [ -45.24619154189935, -2.377905540456521 ], [ -45.251594444444443, -2.428051111111111 ], [ -45.262887777777777, -2.525921666666667 ], [ -45.268638985338427, -2.577174067239958 ], [ -45.2751475, -2.635175277777778 ], [ -45.286955710663129, -2.710159587452814 ], [ -45.290928888888892, -2.73539 ], [ -45.312256944444442, -2.845916388888889 ], [ -45.333798333333334, -2.939407222222222 ], [ -45.348628055555558, -3.02145 ], [ -45.36177304457776, -3.065017345394161 ], [ -45.374803055555553, -3.108203611111111 ], [ -45.393898919681078, -3.163750359033239 ], [ -45.401114166666666, -3.184738333333333 ], [ -45.415998417902806, -3.218091734227958 ], [ -45.447578888888891, -3.288858888888889 ], [ -45.512142222222224, -3.404635833333333 ], [ -45.542438645850339, -3.452876626748865 ], [ -45.581346388888889, -3.514829166666666 ], [ -45.627375967732796, -3.581968329804891 ], [ -45.650678611111111, -3.615957777777777 ], [ -45.717262222222224, -3.745519722222222 ], [ -45.784281111111113, -3.846677222222222 ], [ -45.822178055555554, -3.908715833333333 ], [ -45.839409574196232, -3.936035251970263 ], [ -45.880178333333333, -4.000671388888889 ], [ -45.910248950157857, -4.041045215056676 ], [ -45.946234444444443, -4.089360555555555 ], [ -45.97700562435233, -4.133619061330418 ], [ -46.011066111111113, -4.182608611111111 ], [ -46.076857925345713, -4.267236765510098 ], [ -46.078295, -4.269085277777778 ], [ -46.078295010190693, -4.269085289647991 ], [ -46.082567982555965, -4.274062484501323 ], [ -46.154637777777779, -4.35801 ], [ -46.189957805850341, -4.401911805940012 ], [ -46.214062777777777, -4.431873611111111 ], [ -46.263087619126971, -4.483179425174572 ], [ -46.279305833333332, -4.500152222222222 ], [ -46.337688021728233, -4.563820310225122 ], [ -46.354619630767388, -4.582284900264876 ], [ -46.354619722222225, -4.582285 ], [ -46.365425451964633, -4.59059082847682 ], [ -46.425823888888885, -4.637016111111111 ], [ -46.447360277777776, -4.649906944444444 ], [ -46.48690361111111, -4.681333333333333 ], [ -46.562617777777781, -4.740718055555556 ], [ -46.656559444444447, -4.806116666666667 ], [ -46.737914608560864, -4.855920436779888 ], [ -46.742709166666664, -4.858855555555555 ], [ -46.830804444444446, -4.932169444444445 ], [ -46.923527222222219, -5.003293611111111 ], [ -46.947157302171263, -5.017200159040674 ], [ -46.981376666666669, -5.037338611111111 ], [ -47.004594224419662, -5.056665496581433 ], [ -47.010748333333332, -5.061788333333333 ], [ -47.029801447368769, -5.077293729829995 ], [ -47.075163333333336, -5.114209166666667 ], [ -47.099576384913561, -5.132072000468766 ], [ -47.137408333333333, -5.159753333333334 ], [ -47.17816078206841, -5.19542224971529 ], [ -47.219831944444444, -5.231895277777777 ], [ -47.265438707339598, -5.266904641282999 ], [ -47.268475555555554, -5.269235833333333 ], [ -47.272935036186219, -5.272812455318676 ], [ -47.319355, -5.3100425 ], [ -47.348974891133025, -5.333082127407462 ], [ -47.388357777777777, -5.363715833333333 ], [ -47.483591944444441, -5.425825833333334 ], [ -47.535626158413642, -5.459971718004198 ], [ -47.55502083333333, -5.472698888888889 ], [ -47.592516746755436, -5.500971487763798 ], [ -47.613885833333335, -5.517084166666667 ], [ -47.6896, -5.582320277777778 ], [ -47.736259044119421, -5.626350434848138 ], [ -47.783278055555556, -5.670720277777778 ], [ -47.818928969916556, -5.708011053399952 ], [ -47.858776944444443, -5.749691944444445 ], [ -47.926315, -5.825113611111111 ], [ -47.955408121747851, -5.859729413615065 ], [ -47.999400277777781, -5.9120725 ], [ -48.048853888888885, -5.972351111111111 ], [ -48.136378333333333, -6.0881625 ], [ -48.230704166666669, -6.209828611111111 ], [ -48.249226407893538, -6.233184593146145 ], [ -48.301493611111113, -6.299091944444444 ], [ -48.385795, -6.404610555555555 ], [ -48.441738611111113, -6.490217777777778 ], [ -48.515848333333331, -6.588728055555555 ], [ -48.605639332809645, -6.697607914365171 ], [ -48.618253611111108, -6.712903888888889 ], [ -48.68568, -6.8010275 ], [ -48.750599444444447, -6.901711944444444 ], [ -48.838083611111109, -7.027975277777778 ], [ -48.916530833333333, -7.146088611111111 ], [ -48.992695277777777, -7.264177777777777 ], [ -49.062116111111109, -7.37415 ], [ -49.125416944444446, -7.505795833333333 ], [ -49.195738611111111, -7.631845555555555 ], [ -49.205856099719703, -7.648671904675376 ], [ -49.252804722222223, -7.726751944444445 ], [ -49.324331388888886, -7.851699722222222 ], [ -49.38793583333333, -7.969650277777777 ], [ -49.420130489721338, -8.026976468180198 ], [ -49.44381222222222, -8.069144444444444 ], [ -49.485349117742253, -8.142978415151319 ], [ -49.495233611111111, -8.160548611111111 ], [ -49.534368611111113, -8.229974444444444 ], [ -49.557183077536898, -8.266252367545906 ], [ -49.590464722222222, -8.319174444444444 ], [ -49.626161616704103, -8.386406053663489 ], [ -49.627310277777781, -8.388569444444444 ], [ -49.629991540850718, -8.393932893408126 ], [ -49.674121388888892, -8.482207777777777 ], [ -49.704733231180015, -8.53747228630621 ], [ -49.731166944444446, -8.585193888888888 ], [ -49.767917777777775, -8.661476944444445 ], [ -49.778587308989628, -8.679685574192989 ], [ -49.819481944444448, -8.749476388888889 ], [ -49.862584601585098, -8.822370233896667 ], [ -49.884534444444448, -8.859491111111112 ], [ -49.943976111111112, -8.961390833333333 ], [ -49.99103, -9.045887777777779 ], [ -50.0128, -9.07551 ], [ -50.035683142661114, -9.106641718773217 ], [ -50.064416944444446, -9.145733055555555 ], [ -50.124677777777777, -9.270595833333333 ], [ -50.187296666666668, -9.394356944444445 ], [ -50.252393888888889, -9.510134166666667 ], [ -50.297946944444448, -9.619858888888889 ], [ -50.354718891848542, -9.732125759759532 ], [ -50.362878055555555, -9.748260555555555 ], [ -50.456163888888888, -9.913843055555555 ], [ -50.511137222222224, -10.019144444444445 ], [ -50.534567340056853, -10.066028382093247 ], [ -50.566055555555558, -10.129036666666666 ], [ -50.64953777777778, -10.2657825 ], [ -50.746433055555556, -10.436022222222222 ], [ -50.784390195716753, -10.497890641258426 ], [ -50.828909444444442, -10.570455 ], [ -50.918426944444441, -10.703848055555556 ], [ -51.030884444444446, -10.859398055555555 ], [ -51.097035088986821, -10.930790267843093 ], [ -51.147402222222219, -10.985148333333333 ], [ -51.233005475078215, -11.079086814397101 ], [ -51.279977222222222, -11.130632222222221 ], [ -51.32988658166196, -11.183311160734984 ], [ -51.371531666666669, -11.227267222222222 ], [ -51.4551, -11.316883055555556 ], [ -51.560707777777779, -11.414833611111112 ], [ -51.616152691144642, -11.469826621980273 ], [ -51.66169027777778, -11.514993055555555 ], [ -51.696041966369435, -11.553986095269437 ], [ -51.757945277777779, -11.624253333333334 ], [ -51.791914552320257, -11.657716766475422 ], [ -51.840675277777777, -11.705751388888888 ], [ -51.921342777777781, -11.77112611111111 ], [ -52.027207777777775, -11.872411388888889 ], [ -52.076702557991588, -11.915452998944755 ], [ -52.134417222222226, -11.965642777777777 ], [ -52.232511111111108, -12.047246944444444 ], [ -52.236265462519519, -12.049794699638868 ], [ -52.313491944444444, -12.102201666666666 ], [ -52.373524444444442, -12.154596944444444 ], [ -52.464916111111108, -12.222271388888888 ], [ -52.5797475, -12.28673 ], [ -52.707402222222221, -12.358173055555556 ], [ -52.888711388888886, -12.445030555555556 ], [ -53.002782777777774, -12.488638611111112 ], [ -53.143437777777777, -12.566908055555556 ], [ -53.25518, -12.619585555555556 ], [ -53.417104166666668, -12.689855 ], [ -53.579172777777778, -12.753135277777778 ], [ -53.726221944444447, -12.801279166666667 ], [ -53.903582222222219, -12.874806388888889 ], [ -54.03337777777778, -12.895095833333333 ], [ -54.131210466347824, -12.919852278172941 ], [ -54.17715, -12.931477222222222 ], [ -54.195851865597731, -12.93470252972257 ], [ -54.321023055555557, -12.956289444444444 ], [ -54.426731964546953, -12.977727492552766 ], [ -54.430978055555556, -12.97858861111111 ], [ -54.432999921058922, -12.978825563471187 ], [ -54.491835833333333, -12.985720833333334 ], [ -54.531632678089267, -12.995106233265954 ], [ -54.556176388888886, -13.000894444444445 ], [ -54.626430555555558, -13.0034325 ], [ -54.725959166666669, -13.007186388888888 ], [ -54.82900027777778, -13.012060277777778 ], [ -54.897392661752733, -13.010773738803314 ], [ -54.937919166666667, -13.01001138888889 ], [ -55.049171388888887, -13.011367777777778 ], [ -55.102942147504905, -13.009726119635134 ], [ -55.193225, -13.006969722222221 ], [ -55.306833888888889, -12.996729722222222 ], [ -55.423946944444445, -12.984144722222222 ], [ -55.46265823970846, -12.980929870135503 ], [ -55.493037777777779, -12.978406944444444 ], [ -55.548073333333335, -12.976101944444444 ], [ -55.672194166666664, -12.980634444444444 ], [ -55.834946944444447, -12.966681111111111 ], [ -55.988326388888886, -12.96068611111111 ], [ -56.033987550819553, -12.958585533703753 ], [ -56.066768333333336, -12.9570775 ], [ -56.108393006888477, -12.954373884109971 ], [ -56.121791666666667, -12.953503611111111 ], [ -56.137564291983253, -12.951398127428464 ], [ -56.244689166666667, -12.937098055555555 ], [ -56.421488477357762, -12.897844078228136 ], [ -56.42836916666667, -12.89631638888889 ], [ -56.580443055555556, -12.869325 ], [ -56.767583888888886, -12.839787777777778 ], [ -56.9453025, -12.806734722222222 ], [ -57.038897538513865, -12.795308256913751 ], [ -57.103165, -12.787462222222223 ], [ -57.214375957094738, -12.781521832549531 ], [ -57.249377222222222, -12.779652222222222 ], [ -57.34521, -12.762940555555556 ], [ -57.348708326610804, -12.76220361260274 ], [ -57.508756111111119, -12.728488611111111 ], [ -57.644296111111103, -12.707935555555556 ], [ -57.669612834928358, -12.706329268737425 ], [ -57.727304166666677, -12.702668888888889 ], [ -57.786057338957285, -12.697313354111378 ], [ -57.8383413888889, -12.6925475 ], [ -58.015969722222223, -12.674886666666668 ], [ -58.131727794513026, -12.673764718675896 ], [ -58.184375833333334, -12.673254444444444 ], [ -58.378606111111118, -12.680408333333334 ], [ -58.471123055555566, -12.690856388888889 ], [ -58.546164343311062, -12.696486244200273 ], [ -58.590533888888892, -12.699815 ], [ -58.658143738045638, -12.711366892023145 ], [ -58.71595416666667, -12.721244444444444 ], [ -58.882511111111121, -12.755830833333333 ], [ -59.020943888888887, -12.7838025 ], [ -59.160611388888881, -12.8139625 ], [ -59.32778, -12.881406944444445 ], [ -59.460589444444444, -12.916052222222222 ], [ -59.506827738281842, -12.93613350734881 ], [ -59.638620555555555, -12.993371111111111 ], [ -59.695354690158396, -13.012229840581687 ], [ -59.776413333333323, -13.039174166666667 ], [ -59.895639722222228, -13.092060833333333 ], [ -60.029349722222214, -13.165194166666666 ], [ -60.151195555555553, -13.225871111111111 ], [ -60.261846944444443, -13.310673333333334 ], [ -60.261847020202111, -13.310673364826332 ], [ -60.380095277777777, -13.35983 ], [ -60.380095346864742, -13.359830046776638 ], [ -60.400533654870131, -13.373668189584215 ], [ -60.501418888888892, -13.441974444444444 ], [ -60.616016388888895, -13.534443611111111 ], [ -60.636395267643231, -13.554819207780019 ], [ -60.698804722222221, -13.617218611111111 ], [ -60.722902187497517, -13.641762083863297 ], [ -60.737240555555552, -13.656365833333334 ], [ -60.740483883020794, -13.659761800646788 ], [ -60.756476111111105, -13.676506666666667 ], [ -60.775980334547206, -13.692250602889217 ], [ -60.783218849940823, -13.698093579671976 ], [ -60.783218888888889, -13.69809361111111 ], [ -60.787785, -13.6956725 ], [ -60.93181980785387, -13.596821709149426 ], [ -60.963581575816242, -13.575023673461574 ], [ -60.963581666666677, -13.575023611111112 ], [ -61.000062777777778, -13.516241388888888 ], [ -61.035630833333336, -13.510567222222223 ], [ -61.117331463077342, -13.531838860829856 ], [ -61.188330277777787, -13.550324166666666 ], [ -61.200294674008632, -13.548325726373644 ], [ -61.219101111111101, -13.545184444444445 ], [ -61.27130555555555, -13.523715833333334 ], [ -61.316879444444439, -13.534448055555556 ], [ -61.42349027777778, -13.581757222222222 ], [ -61.468344444444448, -13.5807775 ], [ -61.503323055555548, -13.560286666666666 ], [ -61.520660430126284, -13.559750655711783 ], [ -61.56193972222222, -13.558474444444444 ], [ -61.658766439907339, -13.568212785977909 ], [ -61.697557222222223, -13.572114166666667 ], [ -61.758003888888879, -13.571818055555555 ], [ -61.78510722222223, -13.563488611111111 ], [ -61.785107322848454, -13.563488512929364 ], [ -61.814356944444434, -13.534949444444445 ], [ -61.831444772659367, -13.508082599303071 ], [ -61.851982777777771, -13.475791111111111 ], [ -61.88981222606094, -13.444915975454757 ], [ -61.940542777777786, -13.403511388888889 ], [ -62.027892777777787, -13.2941125 ], [ -62.076584722222222, -13.186204166666666 ], [ -62.0765847720563, -13.186204145342259 ], [ -62.108471111111115, -13.172559722222223 ], [ -62.172174000406372, -13.180339029154098 ], [ -62.181496602708812, -13.181477492189556 ], [ -62.181496666666661, -13.1814775 ], [ -62.237755277777772, -13.171345 ], [ -62.28637333333333, -13.149971944444445 ], [ -62.323835833333327, -13.142652222222223 ], [ -62.396199166666669, -13.141525555555555 ], [ -62.503475277777781, -13.094773333333332 ], [ -62.557262025362853, -13.091421488143855 ], [ -62.575601666666664, -13.090278611111112 ], [ -62.597649722222215, -13.071656666666666 ], [ -62.616026005778643, -13.054323233529493 ], [ -62.629269985257899, -13.041830847238829 ], [ -62.62927, -13.041830833333334 ], [ -62.629908565918718, -13.041414380022429 ], [ -62.649095277777782, -13.028901388888888 ], [ -62.671079722222224, -13.022515 ], [ -62.769816111111112, -13.031374722222223 ], [ -62.775093899597714, -13.025818326558595 ], [ -62.806961111111114, -12.992268888888889 ], [ -62.85827472222222, -12.953540555555556 ], [ -62.901428611111108, -12.892415 ], [ -62.91626008114077, -12.886207503638641 ], [ -62.931218333333334, -12.879946944444445 ], [ -62.971418055555546, -12.850021666666667 ], [ -63.011859722222226, -12.785722777777778 ], [ -63.022271185804854, -12.7600624370624 ], [ -63.035482777777787, -12.727500833333334 ], [ -63.035482796542993, -12.727500811373629 ], [ -63.045998912656181, -12.715194484371183 ], [ -63.062611944444441, -12.695753333333334 ], [ -63.108339722222219, -12.684515 ], [ -63.142740833333342, -12.683998055555556 ], [ -63.142740852518294, -12.683998065500134 ], [ -63.2659125, -12.747844444444445 ], [ -63.290260277777783, -12.751283055555556 ], [ -63.361561111111101, -12.710954444444445 ], [ -63.413251666666667, -12.679874166666666 ], [ -63.462155, -12.596856666666667 ], [ -63.52171, -12.577550555555556 ], [ -63.548034126099758, -12.564779519287743 ], [ -63.557707777777786, -12.560086388888889 ], [ -63.565335105903642, -12.553290602028405 ], [ -63.607774444444438, -12.515478055555555 ], [ -63.632665823625146, -12.503924032069861 ], [ -63.64415, -12.498593333333334 ], [ -63.701683258031373, -12.490657850844205 ], [ -63.782605277777769, -12.479496388888888 ], [ -63.814360555555552, -12.489017222222222 ], [ -63.842645792297226, -12.499688040074371 ], [ -63.842645833333336, -12.499688055555556 ], [ -63.894738333333343, -12.555330555555555 ], [ -63.927187677840806, -12.561981420114435 ], [ -63.937535, -12.564102222222223 ], [ -63.962451011471749, -12.562815145022281 ], [ -63.99925666666666, -12.560913888888889 ], [ -64.080198333333328, -12.536010833333334 ], [ -64.09679777777778, -12.533308888888889 ], [ -64.141019166666666, -12.557301666666667 ], [ -64.194613551524512, -12.514155234179432 ], [ -64.19960694444444, -12.510135277777778 ], [ -64.205809048045182, -12.509384444263288 ], [ -64.230319166666661, -12.506417222222222 ], [ -64.268951388888894, -12.517134444444444 ], [ -64.273675417981664, -12.515939931574898 ], [ -64.358534722222217, -12.4944825 ], [ -64.418363611111104, -12.419305555555555 ], [ -64.45307020474128, -12.383634263123257 ], [ -64.4585275, -12.378025277777779 ], [ -64.460123456866015, -12.30887105127738 ], [ -64.460760555555552, -12.281265 ], [ -64.469875, -12.266849166666667 ], [ -64.499784444444444, -12.2339325 ], [ -64.6063425, -12.210190277777778 ], [ -64.623298115647827, -12.197835429847707 ], [ -64.639005277777784, -12.186390277777777 ], [ -64.677510555555557, -12.125661944444444 ], [ -64.677510567624779, -12.125661943624166 ], [ -64.694692761380509, -12.124494167781096 ], [ -64.694692777777774, -12.124494166666667 ], [ -64.711165833333339, -12.169561666666667 ], [ -64.718201666666673, -12.134515277777778 ], [ -64.754071388888889, -12.11384 ], [ -64.766864844294346, -12.091194076067248 ], [ -64.775942464853614, -12.075125617768807 ], [ -64.7759425, -12.075125555555555 ], [ -64.817443611111116, -12.044201944444444 ], [ -64.946292777777771, -12.016132777777777 ], [ -64.968480277777772, -12.003871111111112 ], [ -64.973277078584246, -11.999276208558381 ], [ -64.978373055555551, -11.994394722222221 ], [ -64.984141111111114, -11.948700833333334 ], [ -65.001227898842373, -11.930883988614996 ], [ -65.014645277777774, -11.916893333333332 ], [ -65.019242474565317, -11.883925800338 ], [ -65.020028055555557, -11.878292222222223 ], [ -65.023931731114487, -11.862294032990507 ], [ -65.046299444444443, -11.770625833333334 ], [ -65.107445555555557, -11.701448611111111 ], [ -65.133116944444438, -11.7280225 ], [ -65.138195555555555, -11.757489722222223 ], [ -65.153347195238467, -11.755063291950959 ], [ -65.16382194444445, -11.753385833333333 ], [ -65.178441111111113, -11.742942222222222 ], [ -65.178909243416356, -11.742375355478625 ], [ -65.189830833333332, -11.729150277777778 ], [ -65.171109722222226, -11.641810833333333 ], [ -65.193389294202134, -11.57919650266949 ], [ -65.209290825201521, -11.534506967298002 ], [ -65.209290833333327, -11.534506944444445 ], [ -65.228790815513534, -11.523490174273471 ], [ -65.297340833333337, -11.484761944444445 ], [ -65.326541111111112, -11.438033055555556 ], [ -65.327381868427167, -11.399473383216799 ], [ -65.327735555555549, -11.383252222222222 ], [ -65.308368333333334, -11.336481388888888 ], [ -65.349435450212582, -11.304264684987452 ], [ -65.361954166666663, -11.294443888888889 ], [ -65.361954202903448, -11.294443822455907 ], [ -65.378451098423042, -11.264200023261049 ], [ -65.378451111111104, -11.2642 ], [ -65.376849420953775, -11.258440669682576 ], [ -65.368438611111117, -11.228197222222223 ], [ -65.381213200418841, -11.200905586686821 ], [ -65.382930277777774, -11.197237222222222 ], [ -65.382930276584617, -11.197237210418859 ], [ -65.37710638888889, -11.139624166666668 ], [ -65.375106995822108, -11.137255621548338 ], [ -65.345319444444442, -11.101968333333334 ], [ -65.336820890926575, -11.076592235997452 ], [ -65.33446, -11.069542777777778 ], [ -65.2878625, -10.991411388888888 ], [ -65.288289722222217, -10.97315 ], [ -65.293836221533638, -10.943606374002272 ], [ -65.306501111111118, -10.876146388888889 ], [ -65.36837, -10.813104166666667 ], [ -65.371211246820664, -10.8076307881351 ], [ -65.38184, -10.787155555555556 ], [ -65.370767777777772, -10.70700861111111 ], [ -65.373315289450076, -10.69863071949786 ], [ -65.380369709650878, -10.675431152453976 ], [ -65.380369722222227, -10.675431111111111 ], [ -65.39162245237425, -10.662463996077371 ], [ -65.42152055555556, -10.628010833333333 ], [ -65.422723597062188, -10.614781097933573 ], [ -65.431219444444451, -10.521353055555556 ], [ -65.428713888888893, -10.485070277777778 ], [ -65.406873642677851, -10.451584051437043 ], [ -65.3924275, -10.429434722222222 ], [ -65.388416332379748, -10.413611933972051 ], [ -65.385402222222226, -10.401722222222222 ], [ -65.378607777777773, -10.377307777777778 ], [ -65.354600837943693, -10.348727910315661 ], [ -65.328425555555555, -10.317566666666666 ], [ -65.277411388888893, -10.219735833333333 ], [ -65.275635277777781, -10.169051388888889 ], [ -65.307474166666665, -10.032232222222222 ], [ -65.321208333333331, -9.976660277777778 ], [ -65.321221410047755, -9.969048467614188 ], [ -65.321233333333339, -9.962108055555555 ], [ -65.313777304832726, -9.905477384044286 ], [ -65.300949444444441, -9.808046111111111 ], [ -65.311761920728244, -9.787339779829789 ], [ -65.3192425, -9.773014166666666 ], [ -65.362859328890465, -9.711685817096601 ], [ -65.368943055473608, -9.703131666781891 ], [ -65.368943055555562, -9.703131666666666 ], [ -65.369074554530712, -9.703042411554717 ], [ -65.4164625, -9.670877777777777 ], [ -65.445202222222221, -9.6674325 ], [ -65.458021862381131, -9.681575192107685 ], [ -65.507707222222223, -9.736388333333334 ], [ -65.534543055555559, -9.781064722222222 ], [ -65.603020833333332, -9.805091111111111 ], [ -65.609921666666665, -9.806309444444445 ], [ -65.630107777777781, -9.776888888888889 ], [ -65.643466388888882, -9.772733333333333 ], [ -65.655568055555563, -9.775278055555555 ], [ -65.664262167303136, -9.788611413279872 ], [ -65.66697, -9.792764166666666 ], [ -65.68394444444445, -9.7916875 ], [ -65.693020555555549, -9.774560833333334 ], [ -65.686488611111116, -9.753457777777777 ], [ -65.695897222222229, -9.741276388888888 ], [ -65.722789667686911, -9.748127862824376 ], [ -65.732313003439657, -9.750554153388936 ], [ -65.732313055555551, -9.750554166666667 ], [ -65.746811666666673, -9.738050277777777 ], [ -65.765258055555549, -9.733570277777778 ], [ -65.782086388888885, -9.755666944444444 ], [ -65.791177879206032, -9.75564017752613 ], [ -65.809353055555562, -9.755586666666666 ], [ -65.822124384460082, -9.768008274991539 ], [ -65.822124444444441, -9.768008333333333 ], [ -65.846108055555561, -9.769787777777777 ], [ -65.850165683333103, -9.766109448046365 ], [ -65.863774166666673, -9.753773055555556 ], [ -65.867083055555554, -9.7540075 ], [ -65.937422222222224, -9.75899 ], [ -65.958684444444444, -9.770858611111111 ], [ -65.959693333333334, -9.785676944444445 ], [ -65.963919017951099, -9.788657460807162 ], [ -65.970438055555562, -9.793255555555556 ], [ -66.025206733059079, -9.788115191541477 ], [ -66.026336253262485, -9.788009179396006 ], [ -66.026336388888893, -9.788009166666667 ], [ -66.042295792664703, -9.772102818311209 ], [ -66.042295833333327, -9.772102777777778 ], [ -66.04736167875113, -9.774395138838395 ], [ -66.058870555555558, -9.779603055555556 ], [ -66.07747944444445, -9.788021666666667 ], [ -66.164456333724445, -9.800112707339954 ], [ -66.19108277777778, -9.803814166666667 ], [ -66.19108288161631, -9.803814216073757 ], [ -66.236917777777776, -9.825622777777777 ], [ -66.307651666666672, -9.837534722222221 ], [ -66.358479166666669, -9.857335555555556 ], [ -66.368636484093898, -9.860047623849788 ], [ -66.4279875, -9.875894722222222 ], [ -66.48535722222222, -9.867168611111111 ], [ -66.53222944444444, -9.878934722222223 ], [ -66.532229491502861, -9.878934760061771 ], [ -66.595930277777782, -9.930156388888889 ], [ -66.605215809825879, -9.937617479047212 ], [ -66.60998583333334, -9.941450277777777 ], [ -66.690775635027066, -9.993323647186536 ], [ -66.779856111111116, -10.050520277777778 ], [ -66.888521944444449, -10.13716638888889 ], [ -66.905533344530852, -10.159397360459815 ], [ -66.977235260843827, -10.253099422314675 ], [ -66.97723527777778, -10.253099444444445 ], [ -67.168158055555551, -10.3404425 ], [ -67.197283333333331, -10.318657777777778 ], [ -67.216139253675891, -10.319257500307842 ], [ -67.229816111111106, -10.3196925 ], [ -67.268671944444449, -10.336749722222223 ], [ -67.310517497665245, -10.376195853648118 ], [ -67.310953766492887, -10.376607106844403 ], [ -67.310953888888889, -10.376607222222223 ], [ -67.349598168097771, -10.37623174890949 ], [ -67.365588055555563, -10.376076388888889 ], [ -67.388547222222229, -10.385988055555556 ], [ -67.418499166666663, -10.443130555555555 ], [ -67.4412699850606, -10.459299573250297 ], [ -67.482056111111106, -10.488260833333333 ], [ -67.494381388888883, -10.497006666666667 ], [ -67.537604893140156, -10.558008712660849 ], [ -67.557636896617637, -10.586280210279019 ], [ -67.55763694444444, -10.586280277777778 ], [ -67.6229, -10.634244166666667 ], [ -67.627954444444441, -10.638659444444444 ], [ -67.648591912588898, -10.655747057649075 ], [ -67.6517110623235, -10.658329681826572 ], [ -67.651711111111112, -10.658329722222222 ], [ -67.657033055555559, -10.660567777777779 ], [ -67.68177, -10.670966666666667 ], [ -67.709620833333332, -10.677181388888888 ], [ -67.721084605117568, -10.672429981967882 ], [ -67.728201388888891, -10.669480277777778 ], [ -67.745012018195112, -10.661800941250814 ], [ -67.74972666666666, -10.659647222222222 ], [ -67.759159077450207, -10.658184808149255 ], [ -67.829155277777772, -10.6473325 ], [ -67.852026007993985, -10.648712708171711 ], [ -67.89102305555555, -10.651066111111112 ], [ -67.925679166666669, -10.656764166666667 ], [ -67.965872098779371, -10.671583744893715 ], [ -68.026103333333339, -10.693791666666666 ], [ -68.049365217096195, -10.74057233271877 ], [ -68.050526388888883, -10.7429075 ], [ -68.050526399265664, -10.74290750893392 ], [ -68.090940555555562, -10.777702222222223 ], [ -68.096076944444448, -10.786448611111112 ], [ -68.118670555555553, -10.82491 ], [ -68.163699722222219, -10.874106388888888 ], [ -68.199082222222216, -10.9519 ], [ -68.225556907860664, -10.982746901818951 ], [ -68.225556944444449, -10.982746944444445 ], [ -68.293938055555557, -11.002237777777777 ], [ -68.322813801336849, -11.031109701013822 ], [ -68.327511666666666, -11.035806944444445 ], [ -68.422488888888893, -11.045045 ], [ -68.422488918705398, -11.045045015316703 ], [ -68.447531666666663, -11.057909444444444 ], [ -68.466505124819435, -11.07671785810655 ], [ -68.473653055555559, -11.083803611111112 ], [ -68.47872, -11.088184722222222 ], [ -68.506099166666672, -11.087746944444444 ], [ -68.531951551759121, -11.102113173548913 ], [ -68.552800833333336, -11.113699166666667 ], [ -68.595351995758278, -11.119392316301729 ], [ -68.646382777777774, -11.12622 ], [ -68.668247152994141, -11.119602566714045 ], [ -68.689843055555556, -11.113066388888889 ], [ -68.701429166666671, -11.087609722222222 ], [ -68.716632777777775, -11.043863611111112 ], [ -68.775497222222228, -10.983824722222222 ], [ -68.831407777777784, -10.997545 ], [ -68.937164049559485, -10.970006315769615 ], [ -69.000723611111113, -10.953455555555555 ], [ -69.009490434876042, -10.953379841939 ], [ -69.02468555555555, -10.95324861111111 ], [ -69.057352733241558, -10.967270313141137 ], [ -69.060226666666665, -10.96850388888889 ], [ -69.1046125, -10.966714166666666 ], [ -69.235513888888889, -10.954946388888889 ], [ -69.292407777777782, -10.939089722222223 ], [ -69.29760910976691, -10.938918196146153 ], [ -69.401725277777771, -10.935484722222222 ], [ -69.468097960567761, -10.939981621337564 ], [ -69.4779425, -10.940648611111111 ], [ -69.513714444444446, -10.943064444444444 ], [ -69.553691237044291, -10.953884934809283 ], [ -69.558906944444445, -10.955296666666667 ], [ -69.562591345574617, -10.956292901898635 ], [ -69.597901666666672, -10.965840555555555 ], [ -69.684403055555549, -10.955765277777777 ], [ -69.738292588099682, -10.937683777795467 ], [ -69.7543225, -10.932305277777777 ], [ -69.8688775, -10.929766666666668 ], [ -70.003276879394335, -10.958194708462878 ], [ -70.003276944444451, -10.958194722222222 ], [ -70.032489166666664, -10.978670555555556 ], [ -70.051704184118805, -11.001649147768216 ], [ -70.055471111111117, -11.006153888888889 ], [ -70.055471173678086, -11.006153916119247 ], [ -70.07662881946284, -11.015362134276943 ], [ -70.124981388888884, -11.036406111111111 ], [ -70.211529722222224, -11.065248611111111 ], [ -70.325439722222228, -11.073926111111112 ], [ -70.365560277777774, -11.062532777777777 ], [ -70.493219398919564, -10.954037839354248 ], [ -70.49812277777778, -10.949870555555556 ], [ -70.511446547339531, -10.947623076352803 ], [ -70.541610277777778, -10.942535 ], [ -70.590255277777771, -10.949957777777778 ], [ -70.590255278338446, -10.949957756378105 ], [ -70.590898787730339, -10.925396405242273 ], [ -70.590937222222223, -10.923929444444445 ], [ -70.594347222222225, -10.563788611111111 ], [ -70.594406509693115, -10.558114033986438 ], [ -70.5946675, -10.533133888888889 ], [ -70.594667500898822, -10.533133810747797 ], [ -70.598999166666673, -10.156550833333334 ], [ -70.599094354378622, -10.118321175541418 ], [ -70.599338888888894, -10.020110277777778 ], [ -70.595728214355745, -10.018727686888209 ], [ -70.59227833333334, -10.017406666666666 ], [ -70.607254166666664, -9.972408611111112 ], [ -70.600393055555557, -9.95182638888889 ], [ -70.600393056331654, -9.951826302861015 ], [ -70.600489799951589, -9.941102542934738 ], [ -70.601551111111107, -9.823459166666666 ], [ -70.578035807985685, -9.807180654724485 ], [ -70.5675, -9.799887222222223 ], [ -70.524515561030313, -9.775540280878754 ], [ -70.524515555555553, -9.775540277777777 ], [ -70.522976562038679, -9.769770712811784 ], [ -70.509649722222221, -9.719809444444444 ], [ -70.510104987659417, -9.716554013306222 ], [ -70.516078611111112, -9.67383888888889 ], [ -70.538076666666669, -9.651064166666666 ], [ -70.538076691257359, -9.651064158804614 ], [ -70.544031996085678, -9.649160148624954 ], [ -70.551370471276272, -9.646813915834381 ], [ -70.55137055555555, -9.646813888888889 ], [ -70.564491944444441, -9.61984 ], [ -70.564491942027786, -9.619839980636508 ], [ -70.560871536245074, -9.590831459269356 ], [ -70.559471944444439, -9.579617222222222 ], [ -70.555729323593724, -9.572150837344612 ], [ -70.549272515048443, -9.559269752243289 ], [ -70.5492725, -9.559269722222222 ], [ -70.526977222222229, -9.557691944444445 ], [ -70.521230277777775, -9.550000833333334 ], [ -70.515617278642878, -9.532995881405979 ], [ -70.507626111111108, -9.50878611111111 ], [ -70.488573055555563, -9.484216111111111 ], [ -70.489782484960642, -9.462164067327832 ], [ -70.490630555555555, -9.446700833333333 ], [ -70.469194041066572, -9.426228995884307 ], [ -70.466909166666667, -9.424046944444445 ], [ -70.466909162068376, -9.424046926713983 ], [ -70.463405730266473, -9.410538123470149 ], [ -70.461547222222222, -9.403371944444444 ], [ -70.470120291754114, -9.408565247777132 ], [ -70.475885277777778, -9.4120575 ], [ -70.486676147009888, -9.413960349858323 ], [ -70.510003611111117, -9.418073888888889 ], [ -70.532326947645373, -9.422007006280376 ], [ -70.553694166666673, -9.425771666666666 ], [ -70.587026153235428, -9.448714827804579 ], [ -70.613291944444441, -9.466794166666666 ], [ -70.647493776177015, -9.503805222984644 ], [ -70.652579444444441, -9.509308611111111 ], [ -70.652579482465029, -9.509308633751067 ], [ -70.700988333333328, -9.538134444444445 ], [ -70.700988348204049, -9.538134476713877 ], [ -70.714088674806334, -9.566562150417884 ], [ -70.717612732293773, -9.574209345744283 ], [ -70.717612777777774, -9.574209444444444 ], [ -70.726293311425195, -9.582371734204813 ], [ -70.752755, -9.607253611111112 ], [ -70.78673311304992, -9.622734164651513 ], [ -70.80771138888889, -9.632291944444445 ], [ -70.858330833333326, -9.686833611111112 ], [ -70.85833084309138, -9.686833616204559 ], [ -70.900963877842514, -9.709086939253318 ], [ -70.931492777777777, -9.725022222222222 ], [ -70.955335444240745, -9.758916663594535 ], [ -70.987751666666668, -9.804999166666667 ], [ -71.000962231584708, -9.810774122882957 ], [ -71.016113611111109, -9.8173975 ], [ -71.086595, -9.823286666666666 ], [ -71.109998438646414, -9.832706217117513 ], [ -71.123717777777784, -9.838228055555556 ], [ -71.146268611111111, -9.846415 ], [ -71.175252994526176, -9.893600877865252 ], [ -71.189941111111111, -9.917512777777779 ], [ -71.189941159016954, -9.917512819674135 ], [ -71.232428055555559, -9.95467 ], [ -71.276214353101963, -9.974547799390436 ], [ -71.316868333333332, -9.993003611111112 ], [ -71.322898791657906, -9.995738803388194 ], [ -71.326660555555549, -9.997445 ], [ -71.397614166666671, -10.008025 ], [ -71.436194383528644, -10.008217740119134 ], [ -71.474511666666672, -10.008409166666667 ], [ -71.56455583333333, -10.002880555555556 ], [ -71.749450277777783, -10.007536111111111 ], [ -71.796735833333329, -10.003753888888889 ], [ -71.827602376475411, -10.00128173229697 ], [ -71.839346666666671, -10.00034111111111 ], [ -71.84897516069644, -10.003495832036947 ], [ -71.855182777777785, -10.005529722222223 ], [ -72.029361679449451, -10.003689000407721 ], [ -72.17775, -10.002120833333333 ], [ -72.180096666666671, -9.971305277777779 ], [ -72.168934162421849, -9.941503135154067 ], [ -72.15313888888889, -9.899332222222222 ], [ -72.15174298239387, -9.883722581699347 ], [ -72.150133333333329, -9.865722777777778 ], [ -72.16435064492893, -9.834486394491149 ], [ -72.172975248412001, -9.815537564518568 ], [ -72.17297527777778, -9.8155375 ], [ -72.190868250302898, -9.80599606382364 ], [ -72.212089166666672, -9.79468 ], [ -72.212089236673478, -9.794679904722072 ], [ -72.221169622827446, -9.782321672152827 ], [ -72.241018055555557, -9.755308333333334 ], [ -72.250305277777784, -9.686904166666666 ], [ -72.245843647429467, -9.682804140722615 ], [ -72.220936388888887, -9.659915555555555 ], [ -72.220552162050026, -9.651183945573107 ], [ -72.219240555555558, -9.6213775 ], [ -72.231042359936609, -9.608199743079663 ], [ -72.240986111111113, -9.597096666666667 ], [ -72.244518888888891, -9.579095277777778 ], [ -72.233948333333331, -9.536429166666666 ], [ -72.237965512831664, -9.522506697782607 ], [ -72.239180802883766, -9.518294827752257 ], [ -72.239180833333336, -9.518294722222223 ], [ -72.2503375, -9.509360277777779 ], [ -72.26755555555556, -9.511225833333333 ], [ -72.295210172390753, -9.534815187882765 ], [ -72.295210277777784, -9.534815277777778 ], [ -72.319501666666667, -9.500686666666667 ], [ -72.348557275623776, -9.493047352430308 ], [ -72.389513333333326, -9.482279166666666 ], [ -72.402931732905074, -9.483437524481195 ], [ -72.4187275, -9.484801111111111 ], [ -72.442532259058439, -9.494470260152928 ], [ -72.445258888888887, -9.495577777777777 ], [ -72.493245833333333, -9.498213055555556 ], [ -72.520215201460204, -9.483777881119238 ], [ -72.535586388888888, -9.475550555555555 ], [ -72.569663403915925, -9.469813411746857 ], [ -72.607843055555549, -9.463385555555556 ], [ -72.662235, -9.418881944444445 ], [ -72.690530555555554, -9.395737222222222 ], [ -72.700001639050114, -9.429129347076962 ], [ -72.700001666666665, -9.429129444444444 ], [ -72.740767777777776, -9.429041388888889 ], [ -72.753386944444443, -9.4290125 ], [ -73.199542777777779, -9.427739166666667 ], [ -73.199542765606125, -9.427739031833209 ], [ -73.199328579765194, -9.42536635245952 ], [ -73.198680833333327, -9.418190833333334 ], [ -73.178608222707027, -9.400098703172555 ], [ -73.157852777777777, -9.38139111111111 ], [ -73.112559163189133, -9.319155205366796 ], [ -73.076232222222217, -9.26924 ], [ -73.059690314075297, -9.257304765973815 ], [ -73.03617222222222, -9.240336111111111 ], [ -72.999649166666671, -9.212741388888888 ], [ -72.981890833333338, -9.18526138888889 ], [ -72.953900277777777, -9.099208055555556 ], [ -72.953867645013588, -9.098285438313351 ], [ -72.953616111111117, -9.091173888888889 ], [ -72.9515886111854, -9.033601668776461 ], [ -72.951588611111106, -9.033601666666666 ], [ -72.953949145317495, -9.027123785416451 ], [ -72.970843012544321, -8.980762895811113 ], [ -72.970843055555562, -8.980762777777779 ], [ -73.045912657253737, -8.896102313622327 ], [ -73.06857, -8.870550277777777 ], [ -73.124818333333337, -8.792470833333333 ], [ -73.148427245810296, -8.757208681987469 ], [ -73.165541111111111, -8.7316475 ], [ -73.246896704899044, -8.692842574318428 ], [ -73.281595555555555, -8.676291944444445 ], [ -73.281595631563775, -8.676291873228353 ], [ -73.289292168030173, -8.669080583499547 ], [ -73.322539166666672, -8.637929722222223 ], [ -73.329015690084304, -8.625622442277939 ], [ -73.331317476776434, -8.621248377464861 ], [ -73.333521356188271, -8.547441174656079 ], [ -73.332634041827902, -8.523210597303603 ], [ -73.332236559474069, -8.512321990190971 ], [ -73.334711759392619, -8.509021550750617 ], [ -73.339874166666661, -8.502137777777778 ], [ -73.349483554945735, -8.494513121797759 ], [ -73.351026111111111, -8.493289166666667 ], [ -73.36765696592866, -8.489066410385927 ], [ -73.3959675, -8.481878055555555 ], [ -73.438552222222228, -8.422653055555555 ], [ -73.520528333333331, -8.366878055555556 ], [ -73.525646486870315, -8.3607483069817 ], [ -73.539050277777775, -8.344695277777777 ], [ -73.546050833333339, -8.286612777777778 ], [ -73.57026611111111, -8.251225 ], [ -73.581301137539342, -8.224452848481596 ], [ -73.588620277777778, -8.206695833333333 ], [ -73.588961139422395, -8.201317357568506 ], [ -73.592283888888886, -8.1488875 ], [ -73.632351799640389, -8.070319619540047 ], [ -73.634633333333326, -8.065845833333332 ], [ -73.634633340551147, -8.065845824555224 ], [ -73.636615486380578, -8.063435194085804 ], [ -73.64025, -8.059015 ], [ -73.69480333333334, -7.992709166666666 ], [ -73.734518521710967, -7.98019613927833 ], [ -73.734518611111113, -7.980196111111112 ], [ -73.751376111111114, -7.958196388888889 ], [ -73.752894212863808, -7.950247933453165 ], [ -73.75848944444445, -7.9209525 ], [ -73.720829166666661, -7.8758175 ], [ -73.693700555555552, -7.855445555555556 ], [ -73.693700543182345, -7.855445506568747 ], [ -73.69060860861488, -7.843204221255516 ], [ -73.686175, -7.82565111111111 ], [ -73.69918422596119, -7.798686796975209 ], [ -73.702144722222229, -7.792550555555556 ], [ -73.715235230064934, -7.78153519967063 ], [ -73.729143888888885, -7.769831388888889 ], [ -73.752942169434007, -7.76575406538953 ], [ -73.777676388888892, -7.761516388888889 ], [ -73.796346243690536, -7.760159262511449 ], [ -73.804666666666662, -7.759554444444444 ], [ -73.822445555555561, -7.748686944444444 ], [ -73.830082595558551, -7.738391531890293 ], [ -73.849967222222219, -7.711585277777778 ], [ -73.87229111111111, -7.694012777777779 ], [ -73.885024166666668, -7.662783333333334 ], [ -73.907704241414891, -7.648790409109886 ], [ -73.931875, -7.633877777777778 ], [ -73.954087066940815, -7.60874962295658 ], [ -73.980046593521223, -7.579381809739514 ], [ -73.978510284056142, -7.560362629713504 ], [ -73.952063161548907, -7.529170133038426 ], [ -73.946655277777779, -7.522791944444445 ], [ -73.945199828254445, -7.512151882329754 ], [ -73.94255166666666, -7.4927925 ], [ -73.935807777777782, -7.493274722222222 ], [ -73.963443055555558, -7.4147775 ], [ -73.959015368082873, -7.402203114620765 ], [ -73.952490277777784, -7.383672222222224 ], [ -73.918324240693238, -7.390875601970833 ], [ -73.884133711907296, -7.398084145415353 ], [ -73.88413361111111, -7.398084166666667 ], [ -73.831050833333336, -7.369938333333334 ], [ -73.797685702720386, -7.3660698927637 ], [ -73.796836111111105, -7.365971388888889 ], [ -73.794505620093787, -7.366337641545826 ], [ -73.760002777777771, -7.37176 ], [ -73.738898611111111, -7.362075555555556 ], [ -73.721671666666666, -7.315402777777779 ], [ -73.74747757905638, -7.257654874975808 ], [ -73.793803611111116, -7.1539875 ], [ -73.788096109878396, -7.129337019125414 ], [ -73.783623888888883, -7.110021666666666 ], [ -73.772113548293561, -7.102021413418767 ], [ -73.758566111111108, -7.092605277777777 ], [ -73.749505, -7.062911944444444 ], [ -73.744186388888892, -7.057697222222222 ], [ -73.725813470623393, -7.038675684839597 ], [ -73.723948888888884, -7.036745277777777 ], [ -73.711530833333327, -7.007270555555555 ], [ -73.711530844726099, -7.007270502672248 ], [ -73.726536944444447, -6.937614722222222 ], [ -73.723766111111118, -6.923439722222223 ], [ -73.713850884747174, -6.904672923133506 ], [ -73.709928333333337, -6.897248611111111 ], [ -73.686470833333331, -6.878089166666666 ], [ -73.679787545143085, -6.862880537744257 ], [ -73.674208611111112, -6.850185 ], [ -73.649041871926244, -6.826355980731053 ], [ -73.639581944444444, -6.817398888888889 ], [ -73.603660833333336, -6.767118888888889 ], [ -73.570745367130556, -6.734186756064697 ], [ -73.570745277777775, -6.734186666666667 ], [ -73.558098262170859, -6.728306346022326 ], [ -73.528681666666671, -6.714628888888889 ], [ -73.492653333333337, -6.685072222222222 ], [ -73.443822504247592, -6.668323074766898 ], [ -73.398923333333329, -6.6529225 ], [ -73.360250833333339, -6.633091944444445 ], [ -73.284694677496958, -6.602796402100737 ], [ -73.25743694444445, -6.591866944444445 ], [ -73.241898249175051, -6.589651229519321 ], [ -73.195906111111114, -6.583093055555556 ], [ -73.174781181155709, -6.571670593429369 ], [ -73.174781111111116, -6.571670555555555 ], [ -73.150823055555549, -6.544423611111111 ], [ -73.127552835240849, -6.501186504338788 ], [ -73.113064602211324, -6.474266937583231 ], [ -73.094231049490872, -6.43923473306161 ], [ -73.087250197348354, -6.412467205504684 ], [ -73.093851895848758, -6.386427896051753 ], [ -73.093851925940214, -6.386427850765345 ], [ -73.093851944444438, -6.386427777777778 ], [ -73.130511388888891, -6.331256666666667 ], [ -73.137233549665865, -6.305561643851192 ], [ -73.141156944444447, -6.290564722222222 ], [ -73.184005719004816, -6.21432432155116 ], [ -73.222280277777784, -6.146222777777778 ], [ -73.22285110990282, -6.130190589491256 ], [ -73.222851111111112, -6.130190555555555 ], [ -73.21849038066604, -6.116780754695556 ], [ -73.1927725, -6.037695 ], [ -73.178589612120774, -6.014719752101581 ], [ -73.177556111111116, -6.013045555555555 ], [ -73.14867, -5.986040555555555 ], [ -73.14260184578329, -5.95741923632428 ], [ -73.126233611111118, -5.880216111111111 ], [ -72.990222777777774, -5.741241388888889 ], [ -72.966773943390706, -5.699682119352138 ], [ -72.950026666666673, -5.670000277777778 ], [ -72.944527809929511, -5.652275207773427 ], [ -72.939295277777774, -5.635408611111111 ], [ -72.934452816089902, -5.512313304553739 ], [ -72.934266666666673, -5.507581388888889 ], [ -72.933871032035583, -5.505955299944906 ], [ -72.922741944444439, -5.460213888888889 ], [ -72.891954827925844, -5.387710284526408 ], [ -72.890888888888895, -5.3852 ], [ -72.902614216111346, -5.333747447171972 ], [ -72.902726932533028, -5.333252830046881 ], [ -72.902726944444439, -5.333252777777778 ], [ -72.887951666666666, -5.313289444444444 ], [ -72.887951661831877, -5.313289443531249 ], [ -72.869945267187816, -5.309888391554002 ], [ -72.855511944444444, -5.307162222222222 ], [ -72.837890833333333, -5.295366388888889 ], [ -72.836464722222217, -5.273018333333333 ], [ -72.855365277777778, -5.225465833333334 ], [ -72.855125007810784, -5.209973431178413 ], [ -72.854819166666672, -5.190253055555556 ], [ -72.842823681806948, -5.167952380217824 ], [ -72.84144388888889, -5.165387222222222 ], [ -72.816715, -5.147574444444444 ], [ -72.803673173815582, -5.130325153912279 ], [ -72.794646944444438, -5.118386944444445 ], [ -72.780506111111109, -5.107974166666667 ], [ -72.771272340461536, -5.105984373619521 ], [ -72.727525, -5.096557222222223 ], [ -72.688637778084654, -5.070155532119152 ], [ -72.681753611111105, -5.065481666666667 ], [ -72.643939541433227, -5.063399188150807 ], [ -72.6242375, -5.062314166666667 ], [ -72.598442777777777, -5.054145 ], [ -72.585989444444451, -5.043616944444445 ], [ -72.57365993926075, -5.018237079153988 ], [ -72.564747243753928, -4.999890599877824 ], [ -72.564747222222223, -4.999890555555556 ], [ -72.561744526055463, -4.99792535876897 ], [ -72.548939444444443, -4.989544722222222 ], [ -72.499545120058556, -4.957352097849834 ], [ -72.49451055555555, -4.954070833333334 ], [ -72.474140047659034, -4.952446848193174 ], [ -72.44708555555556, -4.95029 ], [ -72.413732222222222, -4.900767222222222 ], [ -72.389276978484872, -4.891091179232284 ], [ -72.35675055555555, -4.878221666666667 ], [ -72.343579566202848, -4.8577428021764 ], [ -72.315843333333333, -4.814617222222222 ], [ -72.30434345282093, -4.811649205075408 ], [ -72.295304722222227, -4.809316388888889 ], [ -72.259122743838518, -4.812490928575649 ], [ -72.246694166666671, -4.813581388888889 ], [ -72.198954166666667, -4.776008888888889 ], [ -72.174805742839354, -4.774770951375578 ], [ -72.153936388888894, -4.773701111111111 ], [ -72.153322222222229, -4.773669166666667 ], [ -72.141714959386249, -4.769556204890733 ], [ -72.125783055555559, -4.763910833333333 ], [ -72.101574722222225, -4.725023611111111 ], [ -72.096417222222229, -4.694749166666667 ], [ -72.090704044859862, -4.688127188977759 ], [ -72.07652916666666, -4.6716975 ], [ -72.04751, -4.665214444444445 ], [ -72.044974478500308, -4.663280865708987 ], [ -72.014006388888887, -4.639664722222222 ], [ -71.992826527215342, -4.635579822270768 ], [ -71.974821388888884, -4.632107222222222 ], [ -71.961878941007555, -4.625307691572022 ], [ -71.94701805555556, -4.617500277777777 ], [ -71.918871157947251, -4.558609896930224 ], [ -71.912510833333329, -4.5453025 ], [ -71.880990833333328, -4.524434444444444 ], [ -71.805987015335617, -4.51219667322819 ], [ -71.746686666666662, -4.502521111111111 ], [ -71.689810954401295, -4.512554657067025 ], [ -71.681663611111105, -4.513991944444444 ], [ -71.62777916666667, -4.484584722222222 ], [ -71.615884684347989, -4.491076226118654 ], [ -71.611446213323234, -4.493498555328068 ], [ -71.611446111111107, -4.493498611111111 ], [ -71.618779907715791, -4.50435991128086 ], [ -71.626162777777779, -4.515293888888888 ], [ -71.62054944444445, -4.534931111111111 ], [ -71.613924445690472, -4.53416736600156 ], [ -71.591728888888895, -4.531608611111111 ], [ -71.569550859693351, -4.508372765571326 ], [ -71.559488055555562, -4.49783 ], [ -71.556535645318434, -4.497662487362432 ], [ -71.55561055555556, -4.49761 ], [ -71.550427548546523, -4.497315487574098 ], [ -71.50035583333333, -4.494470277777777 ], [ -71.493174788397525, -4.481473787477193 ], [ -71.489095277777778, -4.474090555555556 ], [ -71.503965794287652, -4.465392645733337 ], [ -71.504543055555558, -4.465055 ], [ -71.504838947865068, -4.464881942798654 ], [ -71.510284166666665, -4.461697222222222 ], [ -71.510284155107968, -4.461697194179402 ], [ -71.506379444444448, -4.452223888888889 ], [ -71.474661111111118, -4.457099722222222 ], [ -71.461098705339211, -4.453537989596403 ], [ -71.451072777777782, -4.450905 ], [ -71.449133365257168, -4.450395718467421 ], [ -71.443894444444439, -4.44902 ], [ -71.437172872168233, -4.451561751996284 ], [ -71.434001944444447, -4.452760833333334 ], [ -71.425019749289817, -4.472587995806947 ], [ -71.425019722222217, -4.472588055555556 ], [ -71.42018033623448, -4.473509250573158 ], [ -71.413357222222217, -4.474808055555555 ], [ -71.391302222222222, -4.442068888888889 ], [ -71.37274305555556, -4.441416666666667 ], [ -71.361443055555554, -4.450072222222222 ], [ -71.361443069985228, -4.450072291895032 ], [ -71.3683875, -4.483603055555555 ], [ -71.365393888888889, -4.490215277777778 ], [ -71.349921404273346, -4.491020040489431 ], [ -71.348603055555557, -4.491088611111111 ], [ -71.341094567914482, -4.487478863894998 ], [ -71.336485555555555, -4.485263055555555 ], [ -71.336485511859394, -4.485262984861395 ], [ -71.31425055555556, -4.44929 ], [ -71.289156666666671, -4.452205 ], [ -71.288612707119398, -4.452233146871909 ], [ -71.274045, -4.452986944444445 ], [ -71.26219292100383, -4.442784996790275 ], [ -71.261659287489451, -4.442325659556527 ], [ -71.261659166666661, -4.442325555555556 ], [ -71.259438333333335, -4.432751944444444 ], [ -71.276466166248653, -4.403535751763239 ], [ -71.2778725, -4.401122777777778 ], [ -71.275228529046956, -4.396255704009424 ], [ -71.27314166666666, -4.392414166666667 ], [ -71.269972420523459, -4.38657850111271 ], [ -71.268488055555551, -4.383845277777778 ], [ -71.268488009413701, -4.383845289673811 ], [ -71.254591084407153, -4.38742811688998 ], [ -71.214465555555549, -4.397773055555556 ], [ -71.213012853060846, -4.399551673096965 ], [ -71.207447777777773, -4.406365277777778 ], [ -71.209431885694244, -4.415462452738911 ], [ -71.211976111111113, -4.427127777777778 ], [ -71.209895705847899, -4.427054070354257 ], [ -71.193418055555554, -4.426470277777778 ], [ -71.193418026706937, -4.42647026064762 ], [ -71.171637286141731, -4.413536973569054 ], [ -71.153363055555559, -4.402685833333333 ], [ -71.144003879865409, -4.404820504374327 ], [ -71.135074166666669, -4.406857222222222 ], [ -71.130613130662496, -4.420932802474063 ], [ -71.129347777777781, -4.424925277777778 ], [ -71.129347732482913, -4.424925294902594 ], [ -71.119453365912193, -4.428666098793892 ], [ -71.11945333333334, -4.428666111111111 ], [ -71.115704748668051, -4.426091404981815 ], [ -71.110699166666663, -4.422653333333334 ], [ -71.107942777777779, -4.403404444444444 ], [ -71.105379513477303, -4.40075406422728 ], [ -71.099009446738464, -4.394167502371984 ], [ -71.099009444444448, -4.3941675 ], [ -71.096987408662244, -4.394617989117891 ], [ -71.070736666666662, -4.400466388888889 ], [ -71.062790762609026, -4.408106532525512 ], [ -71.054754444444441, -4.415833611111111 ], [ -71.037410980758139, -4.414239335013662 ], [ -71.020906944444448, -4.412722222222222 ], [ -71.019113755791665, -4.407633250400151 ], [ -71.007807777777771, -4.3755475 ], [ -71.007484674708564, -4.37463054498933 ], [ -71.006918055555559, -4.3730225 ], [ -70.991347496911317, -4.35878047047907 ], [ -70.990259166666661, -4.357785 ], [ -70.990259151578357, -4.357785002598664 ], [ -70.990104181608643, -4.357811693150784 ], [ -70.980540277777777, -4.359458888888889 ], [ -70.978213112652796, -4.359859688129866 ], [ -70.977575833333333, -4.359969444444444 ], [ -70.965570555555558, -4.386453888888889 ], [ -70.937540157682278, -4.384730167581634 ], [ -70.936850915687785, -4.384687782842141 ], [ -70.936850833333338, -4.384687777777778 ], [ -70.90980888888889, -4.351028055555555 ], [ -70.8844325, -4.319423333333333 ], [ -70.870288640103013, -4.287630629077569 ], [ -70.8633175, -4.271960833333333 ], [ -70.86331740668858, -4.271960794220456 ], [ -70.851583075767508, -4.267042173551966 ], [ -70.839199444444446, -4.261851388888889 ], [ -70.836549135111014, -4.25923022462251 ], [ -70.826746388888893, -4.249535277777778 ], [ -70.825465164615125, -4.23961530854642 ], [ -70.823839444444445, -4.227028055555555 ], [ -70.812386401574543, -4.217107449397448 ], [ -70.781455, -4.190314722222222 ], [ -70.756276111111106, -4.191573055555556 ], [ -70.70421833333333, -4.224934444444444 ], [ -70.69173943948698, -4.223852346872837 ], [ -70.680542276742813, -4.2228813936166 ], [ -70.680542222222229, -4.222881388888889 ], [ -70.662481396118579, -4.185227600734481 ], [ -70.659304166666672, -4.178603611111111 ], [ -70.650206111111117, -4.159623333333333 ], [ -70.650206109818356, -4.159623333207191 ], [ -70.647410094758285, -4.159350508185984 ], [ -70.628211944444445, -4.157477222222222 ], [ -70.616981666666661, -4.167753333333334 ], [ -70.627969444444446, -4.190081944444445 ], [ -70.628869258306892, -4.191910054360856 ], [ -70.630207222222225, -4.194628333333333 ], [ -70.627284722222228, -4.202871944444444 ], [ -70.604218997817568, -4.201258151185796 ], [ -70.586736666666667, -4.200035 ], [ -70.586736579064691, -4.200035079179858 ], [ -70.582406788213845, -4.203948600518 ], [ -70.565870277777776, -4.218895277777778 ], [ -70.554120555555556, -4.219481666666667 ], [ -70.551678860466581, -4.21666483006322 ], [ -70.548736388888884, -4.213270277777778 ], [ -70.550137499818163, -4.182021115166688 ], [ -70.5501375, -4.182021111111111 ], [ -70.537828888888882, -4.166825833333333 ], [ -70.537828797487805, -4.166825823288188 ], [ -70.532055344708255, -4.166191310265654 ], [ -70.527670833333332, -4.165709444444444 ], [ -70.510321111111111, -4.181155277777778 ], [ -70.510011913303956, -4.181430486544907 ], [ -70.508393081599053, -4.182871365708269 ], [ -70.508393055555558, -4.182871388888889 ], [ -70.506275162539382, -4.189762734829858 ], [ -70.499795, -4.210848333333334 ], [ -70.48468722222222, -4.211600833333334 ], [ -70.476033611111106, -4.207169444444444 ], [ -70.469675724601828, -4.191537483884472 ], [ -70.466341388888893, -4.183339444444444 ], [ -70.466341334491162, -4.183339428393984 ], [ -70.447530555555559, -4.177789166666667 ], [ -70.428448488649607, -4.161901917669046 ], [ -70.415058333333334, -4.150753611111111 ], [ -70.410207763563434, -4.146714151788767 ], [ -70.4052625, -4.142595833333333 ], [ -70.375392294032039, -4.150556647528377 ], [ -70.375392222222217, -4.150556666666667 ], [ -70.373704568760914, -4.156045043797972 ], [ -70.3698725, -4.168507222222222 ], [ -70.369566666666671, -4.169503055555555 ], [ -70.360273463038027, -4.199736860046213 ], [ -70.358181415561972, -4.206542968779384 ], [ -70.358181388888895, -4.206543055555556 ], [ -70.346489118934144, -4.203421213982556 ], [ -70.34281416666667, -4.20244 ], [ -70.332794021518083, -4.173065605081298 ], [ -70.330845555555555, -4.167353611111111 ], [ -70.2841025, -4.174529444444445 ], [ -70.274546944444438, -4.184735555555555 ], [ -70.269125833333334, -4.209338888888889 ], [ -70.271926944444445, -4.230290833333333 ], [ -70.281731111111114, -4.24698 ], [ -70.284963937051941, -4.252482972227881 ], [ -70.286742222222216, -4.25551 ], [ -70.286657451721766, -4.276987372288423 ], [ -70.28662694444445, -4.284716666666666 ], [ -70.268102181773997, -4.292023306063123 ], [ -70.253659166666665, -4.29772 ], [ -70.253659212679537, -4.297720096113151 ], [ -70.261245277777775, -4.313566111111111 ], [ -70.260737762463023, -4.320305489166762 ], [ -70.260264168201005, -4.326594424069889 ], [ -70.260264166666673, -4.326594444444445 ], [ -70.252131388888884, -4.33187 ], [ -70.236585, -4.324535555555555 ], [ -70.229729085649168, -4.313478366094429 ], [ -70.219995277777784, -4.297779722222222 ], [ -70.217846800670046, -4.298268148905186 ], [ -70.201702530581684, -4.301938326381007 ], [ -70.2017025, -4.301938333333333 ], [ -70.202313839335545, -4.316204159848025 ], [ -70.203616666666662, -4.346606111111111 ], [ -70.192020833333331, -4.372211666666667 ], [ -70.179880266604883, -4.372821491514299 ], [ -70.170193611111117, -4.373308055555555 ], [ -70.164430561814811, -4.363504999460656 ], [ -70.162778611111108, -4.360695 ], [ -70.16277861360679, -4.360694959105895 ], [ -70.164567222222217, -4.331386944444445 ], [ -70.159531944444439, -4.316184722222222 ], [ -70.159488095991861, -4.31605228492444 ], [ -70.154520277777777, -4.301047777777778 ], [ -70.121582777777775, -4.283208055555556 ], [ -70.074098333333339, -4.287055277777778 ], [ -70.069625277777774, -4.2874175 ], [ -70.0468, -4.306443888888889 ], [ -70.042368945828059, -4.310137694966001 ], [ -70.040617777777783, -4.3115975 ], [ -70.035293541499399, -4.330152415021245 ], [ -70.030688611111117, -4.346200555555556 ], [ -70.030688514335367, -4.346200588924844 ], [ -69.997151666666667, -4.357764444444444 ], [ -69.990721561978035, -4.359981821702115 ], [ -69.9811025, -4.363298888888889 ], [ -69.981102424541092, -4.363298766344562 ], [ -69.951545277777782, -4.315298333333334 ], [ -69.931454166666668, -4.225904722222222 ], [ -69.939554722222226, -4.184297777777778 ], [ -69.936256887251545, -4.176149257572453 ], [ -69.928579166666665, -4.157178611111111 ], [ -69.9124825, -4.117382777777777 ], [ -69.899347757499996, -4.049955456183429 ], [ -69.88889694444444, -3.996306111111111 ], [ -69.882634621485394, -3.964074960843785 ], [ -69.878146111111107, -3.940973333333333 ], [ -69.871509830611885, -3.90674627934333 ], [ -69.862096388888887, -3.858195833333333 ], [ -69.844853099830715, -3.816760106393461 ], [ -69.844853055555561, -3.81676 ], [ -69.851154686507797, -3.808336992181751 ], [ -69.851154722222219, -3.808336944444445 ], [ -69.841710684396446, -3.756931543753428 ], [ -69.814150833333329, -3.606918888888889 ], [ -69.800014322679402, -3.536587481297873 ], [ -69.79280277777778, -3.500708888888889 ], [ -69.763332895210866, -3.353011703511175 ], [ -69.710205833333333, -3.086749444444445 ], [ -69.685016944444442, -2.959534722222222 ], [ -69.678033611111104, -2.924185 ], [ -69.651125833333339, -2.787648611111111 ], [ -69.644275555555552, -2.752802777777778 ], [ -69.634362421939443, -2.696913820470916 ], [ -69.615070277777775, -2.588147222222222 ], [ -69.604506944444438, -2.577199722222222 ], [ -69.602308508106972, -2.562703100711584 ], [ -69.597398611111117, -2.530326944444445 ], [ -69.600837289571473, -2.522893046808218 ], [ -69.602, -2.520379444444445 ], [ -69.584719444444445, -2.431695833333333 ], [ -69.563069444444452, -2.320276388888889 ], [ -69.553296607839201, -2.27714427887363 ], [ -69.543365555555553, -2.233313888888889 ], [ -69.53204083333334, -2.183243333333333 ], [ -69.538608050090176, -2.179730836256509 ], [ -69.538608055555557, -2.179730833333333 ], [ -69.537270536913368, -2.170571062249045 ], [ -69.536302222222218, -2.163939722222222 ], [ -69.519682524407159, -2.074136242993668 ], [ -69.5196825, -2.074136111111111 ], [ -69.510718055555557, -2.027831944444444 ], [ -69.507800379364312, -2.012720919036244 ], [ -69.483030277777772, -1.884433333333333 ], [ -69.456161139673995, -1.744692546420313 ], [ -69.452851111111116, -1.727477777777778 ], [ -69.458775833333334, -1.707730277777778 ], [ -69.443740681984252, -1.67140158827043 ], [ -69.440205277777778, -1.662859166666667 ], [ -69.439318368999281, -1.657370424447652 ], [ -69.428883333333332, -1.592791944444444 ], [ -69.419223333333335, -1.532886944444444 ], [ -69.418906413139439, -1.530919485891199 ], [ -69.418009722222223, -1.525352777777778 ], [ -69.423184325049846, -1.520661771640698 ], [ -69.442323055555562, -1.503311666666667 ], [ -69.452475555555552, -1.462263333333333 ], [ -69.448060014501081, -1.407598258909151 ], [ -69.44605416666667, -1.382765555555556 ], [ -69.439830644514444, -1.355137943581314 ], [ -69.4278725, -1.302053055555556 ], [ -69.427945, -1.170245 ], [ -69.406468888888895, -1.137165555555556 ], [ -69.398091111111114, -1.137457777777778 ], [ -69.385985720061015, -1.111617565754218 ], [ -69.385335555555557, -1.110229722222222 ], [ -69.386529166666662, -1.097167222222222 ], [ -69.394366388888884, -1.082246388888889 ], [ -69.394366395735332, -1.082246384401041 ], [ -69.39913795500388, -1.079118629677339 ], [ -69.420575833333331, -1.065066111111111 ], [ -69.430453611111105, -1.014277222222222 ], [ -69.439364811682168, -0.995342962740285 ], [ -69.44757833333334, -0.977891111111111 ], [ -69.448387694146192, -0.976578584209004 ], [ -69.454152777777779, -0.967229444444444 ], [ -69.455238888888886, -0.9654675 ], [ -69.465003333333328, -0.949636944444444 ], [ -69.485312095555585, -0.933108765546834 ], [ -69.51714916666667, -0.907198333333333 ], [ -69.540642487030411, -0.860862525579896 ], [ -69.5406425, -0.8608625 ], [ -69.562244166666673, -0.833880277777778 ], [ -69.563983492815908, -0.831708504196114 ], [ -69.564726708872783, -0.830780444249666 ], [ -69.574797222222216, -0.8042225 ], [ -69.581592222222227, -0.78631 ], [ -69.590324271982908, -0.779743889852866 ], [ -69.611001111111108, -0.764195833333333 ], [ -69.616274315082592, -0.754975029026576 ], [ -69.62047861111111, -0.747623333333333 ], [ -69.617515811142695, -0.727946219974106 ], [ -69.616093611111111, -0.718500833333333 ], [ -69.594302071034448, -0.672443851923382 ], [ -69.57442416666666, -0.630431388888889 ], [ -69.576354049554112, -0.59763837362522 ], [ -69.576533611111117, -0.594587222222222 ], [ -69.586732021764831, -0.576590068787636 ], [ -69.592466111111108, -0.566471111111111 ], [ -69.606572777777771, -0.541585833333333 ], [ -69.65159361111111, -0.484871111111111 ], [ -69.686115277777773, -0.464269166666667 ], [ -69.721693333333334, -0.431782777777778 ], [ -69.750217431092167, -0.405750476406456 ], [ -69.769091111111109, -0.388525555555556 ], [ -69.821506388888892, -0.3511475 ], [ -69.847825833333332, -0.335709722222222 ], [ -69.900644584431177, -0.324015686064028 ], [ -69.916088611111107, -0.320596388888889 ], [ -69.982734722222219, -0.256853055555556 ], [ -70.03432, -0.193608055555556 ], [ -70.031361388888882, -0.102831944444444 ], [ -70.04078132698173, -0.084641788047609 ], [ -70.053628611111108, -0.059833333333333 ], [ -70.055579444444447, -0.015976388888889 ], [ -70.055164871163583, -0.01307777596138 ], [ -70.049110277777771, 0.029254722222222 ], [ -70.052400277777778, 0.084505 ], [ -70.032376668765679, 0.567225227175589 ], [ -70.032376666666664, 0.567225277777778 ], [ -70.007686944444444, 0.558518333333333 ], [ -69.993316371842866, 0.55871085433577 ], [ -69.967420555555549, 0.559057777777778 ], [ -69.939168055555555, 0.550181111111111 ], [ -69.913678016261912, 0.556637961435556 ], [ -69.898619166666663, 0.5604525 ], [ -69.879542932143949, 0.569052206080536 ], [ -69.868030846751566, 0.574241938395406 ], [ -69.868030833333336, 0.574241944444444 ], [ -69.861680349394703, 0.573274313646769 ], [ -69.816269444444444, 0.566355 ], [ -69.805517443855834, 0.563644852260579 ], [ -69.794625555555555, 0.560899444444444 ], [ -69.7693475, 0.565091388888889 ], [ -69.721458442328739, 0.58977144307632 ], [ -69.694436388888889, 0.6036975 ], [ -69.689782465458819, 0.607963686810466 ], [ -69.66342916666666, 0.632121388888889 ], [ -69.64303944444444, 0.64133 ], [ -69.624698333333328, 0.637590555555556 ], [ -69.605196411643803, 0.615936969709934 ], [ -69.605196388888885, 0.615936944444444 ], [ -69.596155171405812, 0.616278788524651 ], [ -69.58001168360137, 0.616889166026374 ], [ -69.580011666666664, 0.616889166666667 ], [ -69.57791802570074, 0.618255875968278 ], [ -69.568047322014166, 0.624699379301188 ], [ -69.568047222222219, 0.624699444444444 ], [ -69.555383611111111, 0.656880833333333 ], [ -69.514838611111117, 0.667187777777778 ], [ -69.476997222222224, 0.700342222222222 ], [ -69.440405555555557, 0.689614444444444 ], [ -69.40433113481609, 0.653687508463329 ], [ -69.383332777777781, 0.632775 ], [ -69.345444722222226, 0.608974722222222 ], [ -69.327522810545446, 0.605577657241763 ], [ -69.285396944444443, 0.597592777777778 ], [ -69.19757664493568, 0.595226141198638 ], [ -69.17814563127925, 0.59470250204065 ], [ -69.17814555555556, 0.5947025 ], [ -69.18596, 0.614458055555556 ], [ -69.171477222222222, 0.651533611111111 ], [ -69.154672264941453, 0.652713330334415 ], [ -69.154672222222217, 0.652713333333333 ], [ -69.125021666666669, 0.633999444444444 ], [ -69.114966388888888, 0.63373 ], [ -69.111022822571755, 0.639144149691797 ], [ -69.107982222222219, 0.643318611111111 ], [ -69.108896739402553, 0.651072429172203 ], [ -69.110681111111106, 0.666201388888889 ], [ -69.121077388271388, 0.679771892607652 ], [ -69.152723055555555, 0.721079722222222 ], [ -69.152523523886103, 0.721889571581356 ], [ -69.150245555555557, 0.731135277777778 ], [ -69.148159597548997, 0.739599988804019 ], [ -69.145145277777772, 0.751831944444444 ], [ -69.120538611111115, 0.791915833333333 ], [ -69.126195833333327, 0.829535 ], [ -69.11606408826394, 0.853776406404446 ], [ -69.110028091261782, 0.868218247901931 ], [ -69.11002805555556, 0.868218333333333 ], [ -69.11575404218415, 0.877065652626334 ], [ -69.11646189114343, 0.878159362088159 ], [ -69.116461944444438, 0.878159444444444 ], [ -69.127578860248718, 0.87908183755425 ], [ -69.144908611111106, 0.880519722222222 ], [ -69.152718973873405, 0.887380311560523 ], [ -69.156371111111113, 0.890588333333333 ], [ -69.154480936583738, 0.903875225183219 ], [ -69.150136944444441, 0.934411111111111 ], [ -69.158205812766028, 0.946018859301088 ], [ -69.158205833333326, 0.946018888888889 ], [ -69.165054505498503, 0.949254572501336 ], [ -69.194635, 0.96323 ], [ -69.210899803731351, 0.992234154778912 ], [ -69.229835, 1.026000277777778 ], [ -69.255622517858683, 1.038005693779018 ], [ -69.277873611111104, 1.048364722222222 ], [ -69.291981468231299, 1.058011987917833 ], [ -69.297638333333339, 1.061880277777778 ], [ -69.313865225538009, 1.06365592175823 ], [ -69.336101666666664, 1.066089166666667 ], [ -69.364899722222219, 1.055410833333333 ], [ -69.3907375, 1.030017222222222 ], [ -69.397144780603853, 1.029144691593931 ], [ -69.410937777777775, 1.027266388888889 ], [ -69.442217222222226, 1.049194444444445 ], [ -69.5395175, 1.048354444444444 ], [ -69.556751197208882, 1.057249003886068 ], [ -69.572605555555555, 1.065431666666667 ], [ -69.627814827936618, 1.054070866050552 ], [ -69.650182767279489, 1.04946805771586 ], [ -69.650182777777772, 1.049468055555556 ], [ -69.679704166666667, 1.074572777777778 ], [ -69.705963875248329, 1.077258965002592 ], [ -69.721520277777785, 1.078850277777778 ], [ -69.802794662215234, 1.049986410199829 ], [ -69.802794722222217, 1.049986388888889 ], [ -69.82365194444445, 1.094359166666667 ], [ -69.825449212461578, 1.402793506438512 ], [ -69.82554555555555, 1.419327222222222 ], [ -69.825566885180663, 1.422482561887442 ], [ -69.825873611111106, 1.467857222222222 ], [ -69.829574959419176, 1.492317409810577 ], [ -69.832701944444437, 1.512981944444444 ], [ -69.835985269532287, 1.53465161224713 ], [ -69.83598527777778, 1.534651666666667 ], [ -69.83136368682257, 1.536447862996716 ], [ -69.824131666666673, 1.539258611111111 ], [ -69.82796472222222, 1.659490833333333 ], [ -69.80224583333333, 1.678434444444444 ], [ -69.77809111111111, 1.666378333333333 ], [ -69.69671666666666, 1.680717222222222 ], [ -69.630877777777783, 1.682687777777778 ], [ -69.630877744189561, 1.682687798164266 ], [ -69.569310277777774, 1.720056388888889 ], [ -69.569310210672853, 1.720056397660665 ], [ -69.510364166666662, 1.727761666666667 ], [ -69.480622600364413, 1.722518842268285 ], [ -69.477893611111114, 1.722037777777778 ], [ -69.439997063483773, 1.700195782650596 ], [ -69.434241666666665, 1.696878611111111 ], [ -69.404368888888882, 1.691440833333333 ], [ -69.397313611111116, 1.6923025 ], [ -69.38751298997515, 1.693499176442608 ], [ -69.374188611111109, 1.695126111111111 ], [ -69.288500084222605, 1.694693065249912 ], [ -69.149051944444437, 1.693988333333333 ], [ -69.099359151063197, 1.69373303924145 ], [ -69.084006666666667, 1.693654166666667 ], [ -68.975073660121467, 1.693549761980554 ], [ -68.775342222222221, 1.693358333333333 ], [ -68.756970420928681, 1.693241427412666 ], [ -68.73264972222222, 1.693086666666667 ], [ -68.60079972222222, 1.692238611111111 ], [ -68.362725277777784, 1.690684444444444 ], [ -68.186438917697302, 1.696530832377927 ], [ -68.186438888888887, 1.696530833333333 ], [ -68.178343855786096, 1.708404327472309 ], [ -68.165846158630941, 1.726735485855223 ], [ -68.165846111111108, 1.726735555555555 ], [ -68.17339683703878, 1.744119422381847 ], [ -68.18467722222222, 1.77009 ], [ -68.209181129601689, 1.78394773090191 ], [ -68.21778472222222, 1.788813333333333 ], [ -68.21843455544527, 1.789550242673842 ], [ -68.247194444444446, 1.822163888888889 ], [ -68.250537277259198, 1.842743292478308 ], [ -68.253058333333328, 1.858263611111111 ], [ -68.232211944444444, 1.888877777777778 ], [ -68.217314632561809, 1.930437505436733 ], [ -68.210690277777772, 1.948917777777778 ], [ -68.198538888888891, 1.966647222222222 ], [ -68.176438611111109, 1.979258611111111 ], [ -68.176438599615679, 1.979258607731663 ], [ -68.153276864786449, 1.972449474201166 ], [ -68.146440555555557, 1.970439722222222 ], [ -68.135936139047971, 1.937240307621658 ], [ -68.119861944444438, 1.8864375 ], [ -68.092043888888895, 1.856381944444444 ], [ -68.092043841253869, 1.856381917234858 ], [ -68.087978210817354, 1.854059589979111 ], [ -68.01755138888889, 1.813831111111111 ], [ -67.981322777777777, 1.785201666666667 ], [ -67.962117172918269, 1.780676321516542 ], [ -67.942952222222218, 1.776160555555556 ], [ -67.93564565305698, 1.779884227960564 ], [ -67.893702777777776, 1.801259722222222 ], [ -67.865980833333339, 1.83831 ], [ -67.831556388888885, 1.875219722222222 ], [ -67.823209031371761, 1.888032724851707 ], [ -67.7863125, 1.944668055555556 ], [ -67.7589875, 1.965372222222223 ], [ -67.737035555555551, 1.971451388888889 ], [ -67.693582092524295, 1.958853496047471 ], [ -67.663706111111111, 1.950191944444444 ], [ -67.643337469184658, 1.954911616301623 ], [ -67.624908055555551, 1.959181944444445 ], [ -67.54184444444445, 2.068878888888889 ], [ -67.46835, 2.127996111111111 ], [ -67.467964548530958, 2.130551137811205 ], [ -67.466376666666662, 2.141076666666667 ], [ -67.452588907537717, 2.157189144873497 ], [ -67.452588888888883, 2.157189166666666 ], [ -67.442637307094429, 2.152057543765122 ], [ -67.442637222222217, 2.1520575 ], [ -67.383161421067712, 2.185257482037464 ], [ -67.383161388888894, 2.1852575 ], [ -67.382635647056347, 2.181691642481026 ], [ -67.381705277777783, 2.175381388888889 ], [ -67.3634775, 2.165150833333333 ], [ -67.3331, 2.098860833333333 ], [ -67.34156, 2.095759166666667 ], [ -67.341559974974587, 2.095759056472807 ], [ -67.333338144129939, 2.059556053110053 ], [ -67.318711111111114, 1.995149166666667 ], [ -67.297233333333338, 1.909324166666667 ], [ -67.252195, 1.827876666666666 ], [ -67.199565833333338, 1.783993611111111 ], [ -67.199565793572916, 1.783993612252347 ], [ -67.167668055555552, 1.784909166666667 ], [ -67.167667997524319, 1.784909122410166 ], [ -67.152164225410999, 1.773085442576403 ], [ -67.1300775, 1.756241388888889 ], [ -67.120010089237923, 1.748560621043517 ], [ -67.116606137379534, 1.745963631152181 ], [ -67.116606111111111, 1.745963611111111 ], [ -67.092782777777771, 1.691203333333333 ], [ -67.08742667487283, 1.658444111259755 ], [ -67.070941388888883, 1.557616111111111 ], [ -67.064856111111112, 1.532826944444444 ], [ -67.053202880495803, 1.529262809194037 ], [ -67.053202777777784, 1.529262777777778 ], [ -67.055527348375023, 1.483082884602331 ], [ -67.056589722222228, 1.461977777777778 ], [ -67.079945852032637, 1.359513793639686 ], [ -67.081171646040829, 1.354136201597226 ], [ -67.081171666666663, 1.354136111111111 ], [ -67.079624014050367, 1.330276484589862 ], [ -67.075194166666662, 1.261983055555556 ], [ -67.060122321072186, 1.20022209383716 ], [ -67.050987777777777, 1.162790833333333 ], [ -67.033078055555549, 1.142618611111111 ], [ -66.951611111111106, 1.178356666666667 ], [ -66.923925833333328, 1.185944722222222 ], [ -66.863748888888892, 1.202444166666667 ], [ -66.849717443895372, 1.202898822343731 ], [ -66.836847777777777, 1.203315833333333 ], [ -66.83521, 1.203369166666667 ], [ -66.835209983813272, 1.203369155901 ], [ -66.830681388888891, 1.200357222222222 ], [ -66.801429520014324, 1.180903123908754 ], [ -66.770936111111112, 1.160623333333333 ], [ -66.627984905938092, 1.031481642144791 ], [ -66.564668055555558, 0.974281388888889 ], [ -66.557574698778254, 0.968962320604219 ], [ -66.535090555555556, 0.952102222222222 ], [ -66.526528611111118, 0.958463055555556 ], [ -66.496191048728448, 0.924497128586156 ], [ -66.485860555555561, 0.912931111111111 ], [ -66.432163055555549, 0.85386 ], [ -66.418801666666667, 0.851856388888889 ], [ -66.286362777777782, 0.731304444444444 ], [ -66.286362714568412, 0.731304439611413 ], [ -66.282438551363498, 0.731004395410142 ], [ -66.269865555555555, 0.730043055555556 ], [ -66.25289166666667, 0.728745 ], [ -66.252891640028551, 0.728745015748407 ], [ -66.210243333333338, 0.753958611111111 ], [ -66.189655492289717, 0.753398967266925 ], [ -66.18510527777778, 0.753275277777778 ], [ -66.175426020250413, 0.749895077205366 ], [ -66.123661388888891, 0.731817777777778 ], [ -66.079947222222216, 0.735573055555556 ], [ -66.034181178909975, 0.752469141636419 ], [ -66.03418111111111, 0.752469166666667 ], [ -66.015319147507014, 0.76495918255098 ], [ -65.974353055555554, 0.792086111111111 ], [ -65.956451647931047, 0.805791712364959 ], [ -65.916065555555562, 0.836711944444444 ], [ -65.893376968637398, 0.862744694463363 ], [ -65.893376944444441, 0.862744722222222 ], [ -65.891918700198289, 0.864418210238674 ], [ -65.880521666666667, 0.8774975 ], [ -65.864072222222219, 0.896378611111111 ], [ -65.843499722222219, 0.912335 ], [ -65.825669718879396, 0.918806666568494 ], [ -65.809611388888882, 0.924635277777778 ], [ -65.723491944444447, 0.945454444444444 ], [ -65.671131837765216, 0.956631622392612 ], [ -65.634066281667643, 0.964543820518961 ], [ -65.60389827693551, 0.963740700642702 ], [ -65.528892237468909, 0.946871080925622 ], [ -65.502722053310436, 0.923034935065393 ], [ -65.489167547986639, 0.868133607159671 ], [ -65.500295601479976, 0.830423063909549 ], [ -65.528594531857451, 0.801754729975477 ], [ -65.532187314577129, 0.798115612592156 ], [ -65.540012222222217, 0.79019 ], [ -65.540232316162545, 0.782458820998299 ], [ -65.540435277777775, 0.775329444444444 ], [ -65.549480507360585, 0.763563702970941 ], [ -65.552666944444439, 0.759418888888889 ], [ -65.557853333333327, 0.752673333333333 ], [ -65.567793611111114, 0.698420833333333 ], [ -65.565041126717844, 0.691216438302947 ], [ -65.5537575, 0.6616825 ], [ -65.55729994787842, 0.655171206914602 ], [ -65.5573, 0.655171111111111 ], [ -65.530396936257162, 0.647295900198659 ], [ -65.507407777777772, 0.640566388888889 ], [ -65.480283618915564, 0.650880213004178 ], [ -65.434486944444444, 0.668294166666667 ], [ -65.410635277777772, 0.699570277777778 ], [ -65.410635264009514, 0.699570295835472 ], [ -65.404855833333329, 0.707150277777778 ], [ -65.387599444444447, 0.782725555555556 ], [ -65.369807222222221, 0.818612777777778 ], [ -65.322133055555554, 0.843773611111111 ], [ -65.298669447159156, 0.902672770963194 ], [ -65.298669444444442, 0.902672777777778 ], [ -65.297903669481414, 0.903077210489605 ], [ -65.286752777777778, 0.908966388888889 ], [ -65.256584444444442, 0.908153611111111 ], [ -65.213288055555552, 0.897061666666667 ], [ -65.164266944444449, 0.910628333333333 ], [ -65.14688811642894, 1.00978225697705 ], [ -65.14233, 1.035788333333333 ], [ -65.134299798446108, 1.060245342434585 ], [ -65.133173890373484, 1.06367443992293 ], [ -65.133173888888891, 1.063674444444444 ], [ -65.132984516229186, 1.06393891605577 ], [ -65.108753888888884, 1.097778611111111 ], [ -65.08334111111111, 1.107038611111111 ], [ -65.036055745687065, 1.088498796644427 ], [ -65.033557222222228, 1.087519166666667 ], [ -65.030730615041705, 1.087658655868911 ], [ -65.011722777777777, 1.088596666666667 ], [ -64.998106365283746, 1.096650272806413 ], [ -64.9929675, 1.099689722222222 ], [ -64.944270833333334, 1.162975277777778 ], [ -64.914414969255503, 1.171936662928195 ], [ -64.893535, 1.178203888888889 ], [ -64.797740216262881, 1.252342896346687 ], [ -64.794163055555558, 1.255111388888889 ], [ -64.781455500895134, 1.254781139135275 ], [ -64.765667500720483, 1.254370833352057 ], [ -64.7656675, 1.254370833333333 ], [ -64.743276666666674, 1.214026666666667 ], [ -64.734986388888885, 1.210495555555556 ], [ -64.714827222222226, 1.211625833333333 ], [ -64.678908888888884, 1.237199166666667 ], [ -64.632710833333334, 1.270798055555556 ], [ -64.629856865673759, 1.276922117197694 ], [ -64.627368888888896, 1.282260833333333 ], [ -64.60709878694702, 1.291050333588095 ], [ -64.59851611111111, 1.294771944444445 ], [ -64.545395, 1.336496111111111 ], [ -64.533306587384928, 1.35806304980258 ], [ -64.52249472222222, 1.3773525 ], [ -64.477059722222222, 1.445826944444444 ], [ -64.453878840335136, 1.464084459839826 ], [ -64.434230833333331, 1.479559444444444 ], [ -64.409115214121172, 1.491185002736286 ], [ -64.386680277777771, 1.501569722222222 ], [ -64.334318333333329, 1.515169722222222 ], [ -64.328276081465432, 1.511146984105897 ], [ -64.316183888888887, 1.503096388888889 ], [ -64.316183891308128, 1.503096297183754 ], [ -64.316665, 1.484859166666667 ], [ -64.346348333333339, 1.440826388888889 ], [ -64.353714722222222, 1.416133055555556 ], [ -64.353714699931473, 1.416132940727081 ], [ -64.340445555555561, 1.347778333333333 ], [ -64.339393055555561, 1.324526388888889 ], [ -64.339392998643703, 1.324526339405285 ], [ -64.339392994783182, 1.324526254122128 ], [ -64.3360954825866, 1.321659221656271 ], [ -64.329558611111111, 1.315975555555555 ], [ -64.317735277777771, 1.318986388888889 ], [ -64.296861944444444, 1.346648611111111 ], [ -64.283441388888889, 1.409349722222222 ], [ -64.271090613752975, 1.429229665134433 ], [ -64.264163611111115, 1.440379444444444 ], [ -64.257701879228762, 1.447954718402545 ], [ -64.2503125, 1.4566175 ], [ -64.199713055555549, 1.466938611111111 ], [ -64.187622504972538, 1.486150547654178 ], [ -64.1876225, 1.486150555555556 ], [ -64.16026279643421, 1.529638989259595 ], [ -64.152435833333328, 1.54208 ], [ -64.152435782906551, 1.542080032591513 ], [ -64.14508929441854, 1.546828167854664 ], [ -64.080761388888888, 1.588404166666667 ], [ -64.068346213846951, 1.60393698843631 ], [ -64.054746388888887, 1.620951944444444 ], [ -64.045154722222222, 1.667200833333333 ], [ -64.044943888888895, 1.740251111111111 ], [ -64.042612939351429, 1.748256276240478 ], [ -64.033903611111114, 1.778166666666667 ], [ -64.035209062854392, 1.802066251235183 ], [ -64.039624995926843, 1.882911036541732 ], [ -64.039625, 1.882911111111111 ], [ -64.002949839674372, 1.92189818522242 ], [ -63.986178140018758, 1.939727132434665 ], [ -63.986178055555555, 1.939727222222222 ], [ -63.961213818356775, 1.948031992790558 ], [ -63.911729166666674, 1.964493888888889 ], [ -63.859024694716148, 1.955726968976966 ], [ -63.818159722222227, 1.948929444444444 ], [ -63.808422041021707, 1.955019263647245 ], [ -63.807931514038508, 1.955326032844166 ], [ -63.807931388888889, 1.955326111111111 ], [ -63.750793055555562, 1.958918611111111 ], [ -63.737594059988751, 1.977042929570569 ], [ -63.72819916666667, 1.989943611111111 ], [ -63.714616944444444, 1.996261666666667 ], [ -63.69787476946447, 1.990979050609118 ], [ -63.674664444444439, 1.983655555555556 ], [ -63.664519166666665, 1.986733333333333 ], [ -63.646045931495557, 2.011213437916909 ], [ -63.635541666666661, 2.025133333333333 ], [ -63.626333611111114, 2.037336388888889 ], [ -63.62233165518969, 2.042669288144249 ], [ -63.605503611111104, 2.065093888888889 ], [ -63.5272425, 2.108098333333333 ], [ -63.527242482521089, 2.10809833042696 ], [ -63.515545277777775, 2.106153333333333 ], [ -63.496464764861841, 2.102980170105695 ], [ -63.480452222222212, 2.100317222222222 ], [ -63.433370833333328, 2.104169722222222 ], [ -63.431486666666657, 2.112441111111111 ], [ -63.393428449889072, 2.124389071361468 ], [ -63.377366111111108, 2.129431666666667 ], [ -63.377366089661493, 2.129431706708631 ], [ -63.367396338578033, 2.148043162976804 ], [ -63.3386525, 2.201701944444444 ], [ -63.340256308246786, 2.244963088711609 ], [ -63.34167750000001, 2.283298333333333 ], [ -63.338513681617485, 2.295636407934123 ], [ -63.333288055555549, 2.316015 ], [ -63.326836944444437, 2.341178888888889 ], [ -63.329544880196948, 2.373579829925305 ], [ -63.330738055555557, 2.387856388888889 ], [ -63.332260555555564, 2.391064444444444 ], [ -63.333918428705005, 2.39455862034526 ], [ -63.335528055555557, 2.397951111111111 ], [ -63.363641944444453, 2.415245277777778 ], [ -63.452605554283586, 2.400676389097188 ], [ -63.452605555555557, 2.400676388888889 ], [ -63.455943578467028, 2.402304398618116 ], [ -63.500276666666664, 2.423926388888889 ], [ -63.500276690811582, 2.423926389659186 ], [ -63.535740167951154, 2.425057784178193 ], [ -63.610436666666672, 2.427440833333333 ], [ -63.678443055555562, 2.4248175 ], [ -63.710802777777772, 2.420304166666666 ], [ -63.767978333333332, 2.421286944444444 ], [ -63.828880816602833, 2.432480116556144 ], [ -63.84480277777778, 2.435406388888889 ], [ -63.90320222222222, 2.447828055555556 ], [ -63.950149444444449, 2.453694166666667 ], [ -64.003906666666666, 2.451595 ], [ -64.004732522487799, 2.452319340799462 ], [ -64.025284444444438, 2.470345 ], [ -64.029182711452108, 2.479593996524998 ], [ -64.031643055555548, 2.485431388888889 ], [ -64.013240805413815, 2.513441982793652 ], [ -63.99819611111112, 2.536341944444445 ], [ -63.988185457621007, 2.551584836940438 ], [ -63.958552222222231, 2.596706388888889 ], [ -63.943635279919476, 2.661142768526342 ], [ -63.94363527777778, 2.661142777777778 ], [ -63.973994166666671, 2.728238611111111 ], [ -63.981298664885507, 2.762111815405698 ], [ -63.987665763761036, 2.79163839882725 ], [ -64.039317493532593, 2.884072607661581 ], [ -64.068248282720006, 2.919585952588434 ], [ -64.081690526358273, 2.936080746669008 ], [ -64.091622777777772, 2.948268611111111 ], [ -64.10370327121494, 2.978145518688651 ], [ -64.1187, 3.015234722222222 ], [ -64.152142232409602, 3.045130151830088 ], [ -64.192826388888889, 3.081499444444444 ], [ -64.203123622258147, 3.09996351564816 ], [ -64.210613611111114, 3.113393888888889 ], [ -64.195701388888892, 3.182785277777778 ], [ -64.19240647404871, 3.261724776265855 ], [ -64.192310277777779, 3.264029444444445 ], [ -64.19231028007556, 3.264029467068482 ], [ -64.192790893855758, 3.268761607164868 ], [ -64.197883333333337, 3.318901944444444 ], [ -64.209642473285697, 3.351376693033894 ], [ -64.210592777777777, 3.354001111111111 ], [ -64.210592777500395, 3.354001113507667 ], [ -64.209319722222219, 3.365000277777778 ], [ -64.208203495586815, 3.374651400995898 ], [ -64.20446444444444, 3.40698 ], [ -64.193508888888886, 3.449910277777778 ], [ -64.162503485094376, 3.4852142661465 ], [ -64.159117222222221, 3.48907 ], [ -64.156691154305989, 3.509832053055306 ], [ -64.155053861016555, 3.523843549863438 ], [ -64.155103769667491, 3.524455579488587 ], [ -64.156002291545349, 3.535567022745483 ], [ -64.156398333333328, 3.540465277777778 ], [ -64.174238055555548, 3.572339166666667 ], [ -64.20558305555555, 3.601146944444444 ], [ -64.235928161316153, 3.644385590268038 ], [ -64.248067222222218, 3.6616825 ], [ -64.246272610334927, 3.668230236993317 ], [ -64.244448055555551, 3.674887222222222 ], [ -64.274483611111108, 3.699556666666667 ], [ -64.28233673257742, 3.706004998485717 ], [ -64.28578829110603, 3.708839131993107 ], [ -64.285788333333329, 3.708839166666666 ], [ -64.305411717417101, 3.717813390921942 ], [ -64.384052222222223, 3.7537775 ], [ -64.397623093988386, 3.75695017371673 ], [ -64.42252527777778, 3.762771944444444 ], [ -64.456278413768928, 3.780750270858538 ], [ -64.474091062476788, 3.790238029650894 ], [ -64.474091111111107, 3.790238055555556 ], [ -64.479256856224225, 3.783700111654521 ], [ -64.479256944444444, 3.7837 ], [ -64.49395789491733, 3.801586228926148 ], [ -64.50553583333334, 3.815672777777778 ], [ -64.514075710025566, 3.831070675765979 ], [ -64.517887222222228, 3.837943055555555 ], [ -64.525214686423965, 3.851150223333642 ], [ -64.538043611111107, 3.874273333333334 ], [ -64.550620277777782, 3.887506111111111 ], [ -64.595737222222226, 3.934957222222222 ], [ -64.595584722222227, 3.943241666666667 ], [ -64.663591944444448, 3.992476944444444 ], [ -64.806924444444448, 4.155577777777777 ], [ -64.832723333333334, 4.218931666666666 ], [ -64.834339864243347, 4.236976141249968 ], [ -64.835546111111114, 4.250440833333333 ], [ -64.820051388888885, 4.271719444444445 ], [ -64.815532810056411, 4.273415524807942 ], [ -64.803129722505986, 4.278071111004597 ], [ -64.803129722222224, 4.278071111111111 ], [ -64.802987788942218, 4.278041658302457 ], [ -64.751195555555555, 4.267294166666667 ], [ -64.73343462590249, 4.240545574355869 ], [ -64.720060833333335, 4.220404166666667 ], [ -64.681665, 4.204861944444445 ], [ -64.648647635871455, 4.174115746047649 ], [ -64.64362083333333, 4.169434722222222 ], [ -64.64268481978776, 4.168281938886063 ], [ -64.58768944444445, 4.100550277777778 ], [ -64.578199373331685, 4.096434372147666 ], [ -64.560495555555562, 4.088756111111111 ], [ -64.546877645547795, 4.082848499058925 ], [ -64.535984166666665, 4.078122777777778 ], [ -64.512459166666673, 4.07772 ], [ -64.484894946320807, 4.084914204386426 ], [ -64.411126944444447, 4.1041675 ], [ -64.271532777777779, 4.108391944444445 ], [ -64.190070972696702, 4.095449685045882 ], [ -64.15420972222222, 4.089752222222222 ], [ -64.129145953591603, 4.076818928363201 ], [ -64.117578633599607, 4.070850011604409 ], [ -64.117578611111114, 4.07085 ], [ -64.080671944444447, 3.97724 ], [ -64.056270075976698, 3.943828889881162 ], [ -64.051185, 3.936866388888889 ], [ -64.043125439430753, 3.916257111914588 ], [ -64.022904722222222, 3.864550277777778 ], [ -64.019144166666663, 3.854929722222223 ], [ -63.986541754368588, 3.843228829737245 ], [ -63.955728333333333, 3.83217 ], [ -63.93441854117075, 3.857195738171043 ], [ -63.926494166666657, 3.866501944444444 ], [ -63.926494114033225, 3.866501986154702 ], [ -63.885534166666673, 3.898961388888889 ], [ -63.886297792636256, 3.902246772336762 ], [ -63.887085, 3.905633611111111 ], [ -63.866698917915123, 3.913920610980792 ], [ -63.83626944444444, 3.926290277777778 ], [ -63.821587014038485, 3.92601887542346 ], [ -63.811068611111111, 3.925824444444444 ], [ -63.776175555555554, 3.905241111111111 ], [ -63.767655003963448, 3.90423818677027 ], [ -63.742641111111112, 3.901293888888889 ], [ -63.713536926556934, 3.905859453887294 ], [ -63.688684444444448, 3.909758055555555 ], [ -63.688684423175985, 3.909758058892558 ], [ -63.675820555555561, 3.911776388888889 ], [ -63.639334058643229, 3.917500584292555 ], [ -63.619581666666676, 3.920599444444445 ], [ -63.584758333333333, 3.896673055555556 ], [ -63.573490555555566, 3.871523333333333 ], [ -63.527808039158835, 3.836889464954783 ], [ -63.485750555555562, 3.805003888888889 ] ], [ [ -60.143020555555559, 4.615834444444444 ], [ -60.0100859094862, 4.6976527309074 ], [ -60.010085833333342, 4.697652777777778 ], [ -60.143020555555559, 4.615834444444444 ] ], [ [ -60.212193715318087, 4.581657086793508 ], [ -60.283155833333325, 4.546595833333333 ], [ -60.212193715314221, 4.581657086795415 ], [ -60.143020555555559, 4.615834444444444 ], [ -60.212193715318087, 4.581657086793508 ] ], [ [ -60.682474199302717, 4.270735158689476 ], [ -60.763261944444444, 4.212621666666666 ], [ -60.682474199303492, 4.270735158688912 ], [ -60.659493333333323, 4.287266111111111 ], [ -60.682474199302717, 4.270735158689476 ] ], [ [ -60.969175555555559, 4.046058055555555 ], [ -60.879858890886332, 4.113310831799208 ], [ -60.879858888889018, 4.113310833333236 ], [ -60.969175555555559, 4.046058055555555 ] ], [ [ -60.979003962593993, 4.033990559378291 ], [ -61.023696388888879, 3.979116388888889 ], [ -60.979003962593637, 4.033990559378724 ], [ -60.969175601554724, 4.046057999076942 ], [ -60.979003962593993, 4.033990559378291 ] ], [ [ -61.12813988499019, 3.883271845818282 ], [ -61.164662222222226, 3.849336666666666 ], [ -61.128139884991356, 3.883271845817195 ], [ -61.095623333333336, 3.913485 ], [ -61.12813988499019, 3.883271845818282 ] ], [ [ -61.235341009507323, 3.76227234682852 ], [ -61.285190555555559, 3.702450555555556 ], [ -61.235341009507586, 3.76227234682819 ], [ -61.230656111111109, 3.767894444444444 ], [ -61.235341009507323, 3.76227234682852 ] ], [ [ -61.413186075145461, 3.531991448539632 ], [ -61.435716111111113, 3.500523333333333 ], [ -61.41318607514237, 3.531991448543947 ], [ -61.382693611111115, 3.574580833333334 ], [ -61.413186075145461, 3.531991448539632 ] ], [ [ -61.670925711064648, 2.915905464217409 ], [ -61.673184444444438, 2.898341666666667 ], [ -61.670925711064839, 2.915905464215841 ], [ -61.65944, 3.005217777777778 ], [ -61.670925711064648, 2.915905464217409 ] ], [ [ -61.676582457982548, 2.889514156773834 ], [ -61.6859925, 2.865068333333333 ], [ -61.682413611111109, 2.527446111111111 ], [ -61.6679125, 2.5232025 ], [ -61.668635711299267, 2.488035014591692 ], [ -61.669040277777775, 2.468362222222222 ], [ -61.668635711299267, 2.488035014591684 ], [ -61.667912372858254, 2.523202498364827 ], [ -61.682413569470761, 2.527446238001297 ], [ -61.685992415640591, 2.865068314776495 ], [ -61.676582457982519, 2.889514156773907 ], [ -61.673184444444438, 2.898341666666667 ], [ -61.676582457982548, 2.889514156773834 ] ], [ [ -61.583724241326806, 2.196364596529969 ], [ -61.583615000919849, 2.196075557599727 ], [ -61.583615, 2.196075555555555 ], [ -61.583724241324475, 2.196364596523805 ], [ -61.617366666666669, 2.285378888888889 ], [ -61.583724241326806, 2.196364596529969 ] ], [ [ -61.388484066062318, 1.84062905082831 ], [ -61.373456666666662, 1.807260277777778 ], [ -61.388484066062333, 1.840629050828351 ], [ -61.396822222222212, 1.859144166666667 ], [ -61.388484066062318, 1.84062905082831 ] ], [ [ -61.296536251598233, 1.714741219746519 ], [ -61.242650277777777, 1.654683333333333 ], [ -61.296536251597644, 1.714741219745868 ], [ -61.312390277777773, 1.732411111111111 ], [ -61.296536251598233, 1.714741219746519 ] ], [ [ -61.214665747390768, 1.628792653541696 ], [ -61.177328333333328, 1.594248888888889 ], [ -61.214665747391514, 1.628792653542396 ], [ -61.242650277777777, 1.654683333333333 ], [ -61.214665747390768, 1.628792653541696 ] ], [ [ -60.856807701050855, 1.37557755087215 ], [ -60.816345555555557, 1.3540475 ], [ -60.856807701049476, 1.375577550871424 ], [ -60.916317222222219, 1.407242777777778 ], [ -60.856807701050855, 1.37557755087215 ] ], [ [ -60.627991837884032, 1.260297137852995 ], [ -60.559984444444453, 1.234702222222222 ], [ -60.627991837882462, 1.260297137852407 ], [ -60.643964722222222, 1.266308611111111 ], [ -60.627991837884032, 1.260297137852995 ] ], [ [ -60.506820474177992, 1.219376474345105 ], [ -60.480368611111111, 1.211751111111111 ], [ -60.506820474178134, 1.219376474345148 ], [ -60.559984444444453, 1.234702222222222 ], [ -60.506820474177992, 1.219376474345105 ] ], [ [ -60.298516945332423, 1.158532551392181 ], [ -60.237198611111111, 1.144297222222222 ], [ -60.298516945331741, 1.158532551392023 ], [ -60.3298225, 1.165800277777778 ], [ -60.298516945332423, 1.158532551392181 ] ], [ [ -60.161169018649296, 1.141443334240619 ], [ -60.106979722222221, 1.128653055555556 ], [ -60.161169018648991, 1.141443334240549 ], [ -60.167763055555554, 1.142999722222222 ], [ -60.161169018649296, 1.141443334240619 ] ], [ [ -59.794861784932877, 1.120679119689773 ], [ -59.7872875, 1.120616111111111 ], [ -59.794861784932998, 1.120679119689774 ], [ -59.927599722222226, 1.121783333333333 ], [ -59.794861784932877, 1.120679119689773 ] ], [ [ -59.687132626852872, 1.138097471070781 ], [ -59.648461111111111, 1.139722777777778 ], [ -59.6871326268529, 1.138097471070781 ], [ -59.720779722222233, 1.136683333333333 ], [ -59.687132626852872, 1.138097471070781 ] ], [ [ -59.482665770540102, 1.172296093688295 ], [ -59.459023750261927, 1.169076130062983 ], [ -59.482665770540052, 1.172296093688289 ], [ -59.500985, 1.174791111111111 ], [ -59.482665770540102, 1.172296093688295 ] ], [ [ -59.198333116756388, 1.253031583535604 ], [ -59.172794444444442, 1.263870555555556 ], [ -59.198333116756352, 1.253031583535624 ], [ -59.200255833333337, 1.252215555555556 ], [ -59.198333116756388, 1.253031583535604 ] ], [ [ -49.113515271660781, -0.718546571570593 ], [ -49.113515271660781, -0.718546571570593 ], [ -48.955339134703223, -0.730897335963904 ], [ -49.113515271660781, -0.718546571570593 ] ], [ [ -49.957792616106303, 1.265789452268466 ], [ -49.96975472222222, 1.260848055555555 ], [ -50.009276111111113, 1.231835277777778 ], [ -50.015215448902765, 1.232709958336701 ], [ -50.034460555555555, 1.235544166666667 ], [ -50.058652532972708, 1.239107319865379 ], [ -50.067715833333331, 1.240442222222222 ], [ -50.07993017720019, 1.25090546973746 ], [ -50.100367777777777, 1.268413055555556 ], [ -50.127767222222225, 1.355111944444444 ], [ -50.127767237254226, 1.355111956835267 ], [ -50.130811438937947, 1.357621280807843 ], [ -50.149011944444446, 1.372623888888889 ], [ -50.168697772748743, 1.373258290685676 ], [ -50.1758275, 1.373488055555556 ], [ -50.197945354507837, 1.364525378554734 ], [ -50.248925, 1.343867222222222 ], [ -50.277278448416681, 1.323658397862025 ], [ -50.291853611111108, 1.31327 ], [ -50.291891519347168, 1.313191363822297 ], [ -50.2494, 1.3435 ], [ -50.1763, 1.3732 ], [ -50.1495, 1.3723 ], [ -50.1282, 1.3548 ], [ -50.1008, 1.2681 ], [ -50.0682, 1.2401 ], [ -50.0349, 1.2352 ], [ -50.0097, 1.2315 ], [ -49.9702, 1.2605 ], [ -49.9362, 1.2746 ], [ -49.93607934961954, 1.274758931606349 ], [ -49.957792616106303, 1.265789452268466 ] ], [ [ -50.29870018222897, 1.197076975873598 ], [ -50.348018333333336, 1.183789444444444 ], [ -50.366369209384345, 1.200156287147128 ], [ -50.367590833333331, 1.201245833333333 ], [ -50.382619166666665, 1.203409444444445 ], [ -50.399169437681067, 1.195027390292079 ], [ -50.420135, 1.184409166666667 ], [ -50.420304272534338, 1.184249835249268 ], [ -50.3831, 1.2031 ], [ -50.368, 1.2009 ], [ -50.3485, 1.1835 ], [ -50.2926, 1.1985 ], [ -50.292342691988971, 1.198789841207819 ], [ -50.29870018222897, 1.197076975873598 ] ], [ [ -50.512445151769761, 1.077932495995021 ], [ -50.512445277777779, 1.0779325 ], [ -50.5335875, 1.098806388888889 ], [ -50.558358171850664, 1.092688069566721 ], [ -50.575858310307446, 1.088365561242917 ], [ -50.575858333333336, 1.088365555555556 ], [ -50.596241547389766, 1.092229083572312 ], [ -50.629217222222223, 1.098479444444444 ], [ -50.629530303435899, 1.098067903833381 ], [ -50.5763, 1.088 ], [ -50.534, 1.0985 ], [ -50.5129, 1.0776 ], [ -50.4995, 1.0772 ], [ -50.499300576586236, 1.077514715074842 ], [ -50.512445151769761, 1.077932495995021 ] ], [ [ -50.625133946304175, 1.015851703772072 ], [ -50.62513388888889, 1.015851666666667 ], [ -50.616487777777778, 1.023996388888889 ], [ -50.616487775507245, 1.023996460331406 ], [ -50.61619070719938, 1.033343746616788 ], [ -50.615739444444444, 1.047542777777778 ], [ -50.608126211325803, 1.058944617347112 ], [ -50.607147978883475, 1.060409651872548 ], [ -50.6074, 1.0604 ], [ -50.6162, 1.0472 ], [ -50.6169, 1.0237 ], [ -50.625189060637709, 1.015887322157562 ], [ -50.625133946304175, 1.015851703772072 ] ], [ [ -50.507213962627638, 1.032311186317729 ], [ -50.507186944444442, 1.032313333333333 ], [ -50.469248333333333, 1.064776111111111 ], [ -50.469248319995572, 1.06477614455018 ], [ -50.466573761757495, 1.071481521407008 ], [ -50.447368888888889, 1.11963 ], [ -50.414811051792135, 1.152727581566914 ], [ -50.404268086255676, 1.163445328595481 ], [ -50.4045, 1.1634 ], [ -50.4478, 1.1193 ], [ -50.4697, 1.0644 ], [ -50.507238246118931, 1.032309256616005 ], [ -50.507213962627638, 1.032311186317729 ] ], [ [ -50.2709825, 1.179643333333333 ], [ -50.256008060571219, 1.216096256508751 ], [ -50.254605277777777, 1.219511111111111 ], [ -50.276392777777779, 1.272381388888889 ], [ -50.276968792091552, 1.283724883318516 ], [ -50.277419997045946, 1.292610497381092 ], [ -50.27742, 1.292610555555556 ], [ -50.263915643210694, 1.305314017745403 ], [ -50.264, 1.3053 ], [ -50.2779, 1.2923 ], [ -50.2768, 1.272 ], [ -50.255, 1.2192 ], [ -50.271319089514542, 1.179496849290833 ], [ -50.2709825, 1.179643333333333 ] ], [ [ -50.207918014467097, 1.327097238829203 ], [ -50.208, 1.3271 ], [ -50.220464677069536, 1.318044943115398 ], [ -50.207918014467097, 1.327097238829203 ] ], [ [ -49.966190833333336, 1.215309444444445 ], [ -49.921639849866601, 1.25558277106732 ], [ -49.9217, 1.2556 ], [ -49.966290851846644, 1.215279541537327 ], [ -49.966190833333336, 1.215309444444445 ] ], [ [ -50.389594143365017, 1.403934966642611 ], [ -50.389594143365017, 1.403934966642611 ], [ -50.389594044207378, 1.403934993038003 ], [ -50.389594143365017, 1.403934966642611 ] ], [ [ -50.375966074455818, 1.384425757338123 ], [ -50.375966074436029, 1.384425757309799 ], [ -50.389594044207378, 1.403934993038003 ], [ -50.375966074455818, 1.384425757338123 ] ], [ [ -50.406516708480169, 1.399430243121132 ], [ -50.406516668263073, 1.399430253826772 ], [ -50.406516668263073, 1.399430253826772 ], [ -50.406516708480169, 1.399430243121132 ] ], [ [ -51.572004329872861, 4.196491981716924 ], [ -51.571525833333332, 4.196780277777778 ], [ -51.569894641338252, 4.197790381115263 ], [ -51.572, 4.1965 ], [ -51.572004329872861, 4.196491981716924 ] ], [ [ -51.157323933819818, 3.543145842725862 ], [ -51.160210277777779, 3.6336525 ], [ -51.158682508322769, 3.649491971103955 ], [ -51.156075833333333, 3.676517222222222 ], [ -51.154221797771569, 3.695726642846959 ], [ -51.152434166666666, 3.714248055555556 ], [ -51.119440263123188, 3.845900523417947 ], [ -51.119364468184806, 3.846202960826625 ], [ -51.119364444444443, 3.846203055555556 ], [ -51.117099776020495, 3.850774061661391 ], [ -51.101318553421841, 3.882626876887274 ], [ -51.1018, 3.8823 ], [ -51.1198, 3.8459 ], [ -51.1529, 3.7139 ], [ -51.1565, 3.6762 ], [ -51.1607, 3.6333 ], [ -51.1558, 3.4799 ], [ -51.167407935852246, 3.426054784954256 ], [ -51.167259722222219, 3.425007222222222 ], [ -51.162638787516578, 3.446359861199061 ], [ -51.155316388888892, 3.480195555555555 ], [ -51.157323933819818, 3.543145842725862 ] ] ] ] } }
]
}
